source,page_source,text_content,datetime,location,url,disaster_type
X,phivolcs_dost,"#earthquakeph #earthquakesouthernleyte #ifelt_southernleyteearthquake earthquake information no.1 date and time: 30 august 2025 - 11:31 am magnitude = 2.9 depth = 002 km location = 10.33n, 125.28e - 003 km s 52 e of hinundayan (southern leyte) instrumental intensities:","August 30, 2025 11:31:00",SOUTHERN LEYTE (province),https://x.com/phivolcs_dost/status/1961635676358864990,earthquake
X,phivolcs_dost,"#earthquakeph #earthquakedavaooccidental earthquake information no.1 date and time: 30 august 2025 - 03:18 pm magnitude = 2.9 depth = 003 km location = 05.53n, 126.60e - 114 km s 68 e of jose abad santos (davao occidental)","August 30, 2025 15:18:00",DAVAO OCCIDENTAL (province),https://x.com/phivolcs_dost/status/1961693876387025299,earthquake
X,phivolcs_dost,"#earthquakeph #earthquakesarangani earthquake information no.1 date and time: 30 august 2025 - 03:10 pm magnitude = 2.0 depth = 030 km location = 06.47n, 125.22e - 012 km n 30 w of malungon (sarangani)","August 30, 2025 15:10:00",SARANGANI (province); MALUNGON (citymun),https://x.com/phivolcs_dost/status/1961690962616570186,earthquake
X,phivolcs_dost,"#earthquakeph #earthquakesouthernleyte #ifelt_southernleyteearthquake earthquake information no.2 date and time: 30 august 2025 - 09:37 am magnitude = 3.0 depth = 006 km location = 10.38n, 125.26e - 003 km n 04 e of hinundayan (southern leyte) reported intensities: intensity","August 30, 2025 09:37:00",SOUTHERN LEYTE (province),https://x.com/phivolcs_dost/status/1961686496207102411,earthquake
X,phivolcs_dost,"#earthquakeph #earthquakesouthernleyte #ifelt_southernleyteearthquake earthquake information no.2 date and time: 30 august 2025 - 11:31 am magnitude = 3.1 depth = 002 km location = 10.34n, 125.28e - 003 km s 61 e of hinundayan (southern leyte) reported intensities: intensity","August 30, 2025 11:31:00",SOUTHERN LEYTE (province); HINUNDAYAN (citymun),https://x.com/phivolcs_dost/status/1961680568854483235,earthquake
X,phivolcs_dost,"#earthquakeph #earthquakedavaooriental earthquake information no.1 date and time: 30 august 2025 - 12:23 pm magnitude = 3.2 depth = 048 km location = 06.40n, 126.27e - 036 km s 39 e of governor generoso (davao oriental)","August 30, 2025 12:23:00",DAVAO ORIENTAL (province),https://x.com/phivolcs_dost/status/1961648086637580301,earthquake
Facebook,PHIVOLCS,"#earthquakeph #earthquakecamarinessur earthquake information no.1 date and time: 30 august 2025 - 09:16 pm magnitude = 2.4 depth = 002 km location = 13.73n, 122.85e - 010 km s 42 w of lupi (camarines sur) #earthquakeph #earthquakecamarinessur earthquake information no.1 date and time: 30 august 2025 - 09:16 pm magnitude = 2.4 depth = 002 km location = 13.73n, 122.85e - 010 km s 42 w of lupi (camarines sur)","August 30, 2025 21:16:00",LUPI (citymun); CAMARINES SUR (province),https://www.facebook.com/PHIVOLCS/posts/pfbid02KYMjDgkBvBMJapd9m3rNRzVFvaBUWXPVKRbrLW4tm6ebshgNXuxUWtXrTgzgLUmGl?__cft__[0]=AZVQZjcAW6LqndOi4uq2gxQ8g-5Onqs5_NALMvusuNvqpC4CXePL_bP_43yjg0XPyFoaezS1EzXZrDsYJ25zmQzmz1SUwdb3c4EhC0nyVJ5PoAgNEbCqQihb3MXdayZGkGQsJO2Kd9YjU-M7vg4iHsIZ36IXKXkoe7O2enqC98GVzVnCvhYQXYZOynhcWH053NE&__tn__=%2CO%2CP-R,earthquake
Facebook,PHIVOLCS,"#earthquakeph #earthquakepangasinan earthquake information no.1 date and time: 30 august 2025 - 08:03 pm magnitude = 3.4 depth = 028 km location = 16.65n, 119.70e - 035 km n 36 w of bolinao (pangasinan) #earthquakeph #earthquakepangasinan earthquake information no.1 date and time: 30 august 2025 - 08:03 pm magnitude = 3.4 depth = 028 km location = 16.65n, 119.70e - 035 km n 36 w of bolinao (pangasinan)","August 30, 2025 20:03:00",BOLINAO (citymun); PANGASINAN (province),https://www.facebook.com/PHIVOLCS/posts/pfbid02DnipBmfobB7jJKZpPyWQGyXqAQDHk625zATbcwAatHjjhGp6DCJSB3Jf5Hi5tbMgl?__cft__[0]=AZU7lTqQy_dB0RGaZCO3VBZ4EBoJRM46ORxXO5q7z5OEpWbCqjQtqrSkH4Xozjs1YFCZA-lb2cAGHui84Uv7uXWrwLumWt_1Z1KEokkQOVpKNohKSp622V3dFTPICSbLOGp6pu7LHxkTBqYS0SZiO_WCpiBYFg-O6omkKR8zSchd9avmGBlU5ejXyFPjMsrwWwo&__tn__=%2CO%2CP-R,earthquake
X,phivolcs_dost,"#earthquakeph #earthquakecamarinessur earthquake information no.1 date and time: 31 august 2025 - 03:22 am magnitude = 1.7 depth = 034 km location = 13.63n, 122.76e - 021 km s 08 w of ragay (camarines sur)","August 31, 2025 03:22:00",CAMARINES SUR (province); RAGAY (citymun),https://x.com/phivolcs_dost/status/1961873871809995217,earthquake
X,phivolcs_dost,"#earthquakeph #earthquakecamarinessur earthquake information no.1 date and time: 31 august 2025 - 03:09 am magnitude = 2.4 depth = 031 km location = 13.75n, 122.82e - 008 km s 22 e of ragay (camarines sur)","August 31, 2025 03:09:00",CAMARINES SUR (province); RAGAY (citymun),https://x.com/phivolcs_dost/status/1961871972864045239,earthquake
X,phivolcs_dost,"#earthquakeph #earthquakebatangas earthquake information no.1 date and time: 31 august 2025 - 04:11 am magnitude = 1.7 depth = 113 km location = 14.06n, 120.47e - 017 km s 86 w of nasugbu (batangas)","August 31, 2025 04:11:00",BATANGAS (province); NASUGBU (citymun),https://x.com/phivolcs_dost/status/1961887949064425610,earthquake
X,phivolcs_dost,"#earthquakeph #earthquakeoccidentalmindoro earthquake information no.1 date and time: 31 august 2025 - 04:31 am magnitude = 1.6 depth = 035 km location = 13.08n, 120.12e - 053 km s 45 w of paluan (occidental mindoro)","August 31, 2025 04:31:00",Mindoro (barangay); PALUAN (citymun); OCCIDENTAL MINDORO (province),https://x.com/phivolcs_dost/status/1961891597244838335,earthquake
X,phivolcs_dost,"#earthquakeph #earthquakesurigaodelsur earthquake information no.1 date and time: 31 august 2025 - 04:31 am magnitude = 1.8 depth = 028 km location = 08.78n, 126.50e - 023 km s 84 e of marihatag (surigao del sur)","August 31, 2025 04:31:00",SURIGAO DEL SUR (province); MARIHATAG (citymun),https://x.com/phivolcs_dost/status/1961891470824312917,earthquake
X,phivolcs_dost,"#earthquakeph #earthquakenorthernsamar earthquake information no.1 date and time: 31 august 2025 - 04:27 am magnitude = 1.5 depth = 033 km location = 12.29n, 125.28e - 003 km s 36 w of lapinig (northern samar)","August 31, 2025 04:27:00",SAMAR (WESTERN SAMAR) (province); LAPINIG (citymun),https://x.com/phivolcs_dost/status/1961890019771355260,earthquake
Facebook,PHIVOLCS,"#earthquakeph #earthquakezamboangadelnorte earthquake information no.1 date and time: 31 august 2025 - 12:48 pm magnitude = 2.0 depth = 024 km location = 08.23n, 122.96e - 005 km s 78 w of sindangan (zamboanga del norte) #earthquakeph #earthquakezamboangadelnorte earthquake information no.1 date and time: 31 august 2025 - 12:48 pm magnitude = 2.0 depth = 024 km location = 08.23n, 122.96e - 005 km s 78 w of sindangan (zamboanga del norte)","August 31, 2025 12:48:00",ZAMBOANGA DEL NORTE (province); SINDANGAN (citymun),https://www.facebook.com/PHIVOLCS/posts/1095074002816563?__cft__[0]=AZWvVRRUrMXUZ7BthHGN4sn12d0ljqu_sLYoxP_7-ZjccFVWbe9UFbOkX1XUs1uDKD6fC5tBICgfuAGrewfuMytSXuxcv8xATFZPj4OL4RYNDdJkmaRjedGTDjq6VgirYV4A0GjKguox_WQ6oBfkODNqz-p0EhyriKxhiRXXZgHDBgK3qqVzgQzgKn9xkmy2xE4&__tn__=%2CO%2CP-R,earthquake
Facebook,PHIVOLCS,"#earthquakeph #earthquakebatangas earthquake information no.1 date and time: 31 august 2025 - 11:07 am magnitude = 3.6 depth = 066 km location = 13.87n, 120.52e - 012 km n 71 w of calatagan (batangas) #earthquakeph #earthquakebatangas earthquake information no.1 date and time: 31 august 2025 - 11:07 am magnitude = 3.6 depth = 066 km location = 13.87n, 120.52e - 012 km n 71 w of calatagan (batangas)","August 31, 2025 11:07:00",Batang (barangay); CALATAGAN (citymun); BATANGAS (province),https://www.facebook.com/PHIVOLCS/posts/1095014489489181?__cft__[0]=AZUgKNCoDDgdXsbeGgFCuyWJXbdOSkZq12qKA2ivTGC7EmJ9bljVWFxgNjeOHhh0Ykp0I-j2VHLc_d8WWwAbhLhKyjn0EGGFKrAiVYp_VNOkwz2CDeI5s-oMGamLW5o7b760tA_0EwnoE79oKEl4GFsMKp91LwcfPIu9CuDapTqlTvaFWNlxQQCaOGPsCFheXXg&__tn__=%2CO%2CP-R,earthquake
Facebook,PHIVOLCS,"#earthquakeph #earthquakeagusandelnorte earthquake information no.1 date and time: 31 august 2025 - 03:16 pm magnitude = 1.7 depth = 019 km location = 09.23n, 125.65e - 011 km s 70 e of santiago (agusan del norte) #earthquakeph #earthquakeagusandelnorte earthquake information no.1 date and time: 31 august 2025 - 03:16 pm magnitude = 1.7 depth = 019 km location = 09.23n, 125.65e - 011 km s 70 e of santiago (agusan del norte)","August 31, 2025 15:16:00",AGUSAN DEL NORTE (province); SANTIAGO (citymun),https://www.facebook.com/PHIVOLCS/posts/pfbid02kP4N3kVGegUyGVpcQYVKUzgJJTVoQrqTyFN5ne8XU1rcy1VcoV8jqhFi7QZPpKtql?__cft__[0]=AZXBRAoqseqaYr_bPWAXWJe5Dx_hZpdAKvnzhh2FX2sfNLSh-8LRKZt7BcE7rJiaeAGv8ojIvAA_mUNuAfVDcSZTZ1mrxIabQL886KnAQzQaPi8pfvIrOWEBIUh_VBS2omOvkmZihiYr7iWdSRZxWS-zqAneIZlzqWo8df5tVB7jzBqgM30FXWRjR4JS4MfhIWM&__tn__=%2CO%2CP-R,earthquake
Facebook,Philstar News,"magnitude 5.1 quake hits waters off tabina, zamboanga del sur a magnitude 5.1 tectonic earthquake struck the waters off tabina, zamboanga del sur at 3:49 p.m. sunday, phivolcs reported. instrumental intensity ii was recorded in parts of sultan kudarat and zamboanga del norte, while intensity i was felt in zamboanga del sur and nearby areas. no damage is expected, but aftershocks are possible, phivolcs added. magnitude 5.1 quake hits waters off tabina, zamboanga del sur a magnitude 5.1 tectonic earthquake struck the waters off tabina, zamboanga del sur at 3:49 p.m. sunday, phivolcs reported. instrumental intensity ii was recorded in parts of sultan kudarat and zamboanga del norte, while intensity i was felt in zamboanga del sur and nearby areas. no damage is expected, but aftershocks are possible, phivolcs added. uyog jud mi dris buug, zamboanga sibugay. keep safe sa tanan!","October 14, 2025 15:49:00",TABINA (citymun); ZAMBOANGA DEL SUR (province); SULTAN KUDARAT (province); ZAMBOANGA DEL NORTE (province); BUUG (citymun),https://www.facebook.com/philstarnews/posts/pfbid0266i2FJyKyC82ksBMkiETWNAC7YchKWx1KWWivTAc5uEtuvzvP4abeGynCazuo6mal?__cft__[0]=AZXh8cM5H6oxb_ntII0QO5NT7_sBj_7Lz1H5QK3WG8jbQcdV3o7FEyvjgvvJeuekgNjv2t2vzIlmnco9-xQJ0jezYEBfWS7wslYhW52ETVPslKOMIAJdkQIJ1fXxPGtTQB1K18634lJXMCDRoM051WvxWj5g5Jo9BgPpveEC0lnIM6YK6GjYeQWCNQ79iJN06rA&__tn__=%2CO%2CP-R,earthquake
Facebook,PHIVOLCS,"#earthquakeph #earthquakezamboangadelsur #ifelt_zamboangadelsurearthquake earthquake information no.2 date and time: 31 august 2025 - 03:49 pm magnitude = 4.7 depth = 004 km location = 07.33n, 123.59e - 024 km s 53 e of tabina (zamboanga del sur) reported intensities: intensity ii- kalamansig, lebak, and palimbang, sultan kudarat instrumental intensities: intensity ii - lebak, and palimbang, sultan kudarat; sindangan, zamboanga del norte intensity i - molave, and dumingag, zamboanga del sur; kalamansig, sultan kudarat #earthquakeph #earthquakezamboangadelsur #ifelt_zamboangadelsurearthquake earthquake information no.2 date and time: 31 august 2025 - 03:49 pm magnitude = 4.7 depth = 004 km location = 07.33n, 123.59e - 024 km s 53 e of tabina (zamboanga del sur) reported intensities: intensity ii- kalamansig, lebak, and palimbang, sultan kudarat instrumental intensities: intensity ii - lebak, and palimbang, sultan kudarat; sindangan, zamboanga del norte intensity i - molave, and dumingag, zamboanga del sur; kalamansig, sultan kudarat","August 31, 2025 15:49:00",ZAMBOANGA DEL SUR (province); TABINA (citymun); KALAMANSIG (citymun); LEBAK (citymun); PALIMBANG (citymun); SULTAN KUDARAT (province); SINDANGAN (citymun); ZAMBOANGA DEL NORTE (province); MOLAVE (citymun); DUMINGAG (citymun),https://www.facebook.com/PHIVOLCS/posts/pfbid02FWectStgtX8ST1CqiJvuseJ4oQxVeopXYiiUzY77Q4oFXrPGrkSz4UntCPDZemjjl?__cft__[0]=AZWom6NzstI_EXZ5vUDB0Uu07c40sbBFA6_l8LC3N8jhaOcx1pipOZhL_ukaCPegwXIWwh1RJH9tS6i3S6VkWwQJXKEmx1QA8-lOGYwGTTMpHdwVrHgUOf34A8PzFXUoN5-u4qAWRbSrWlG-RMjcIvZpUFeWNEsG1SOLZ7FxzIzKG5qM20ws4w3EuGpFuXFJZ3U&__tn__=%2CO%2CP-R,earthquake
Facebook,NDRRMC,"maging alerto, lalawigan ng #zamboangadelsur! ndrrmc(4:12pm, 31aug25) isang magnitude 5.1 na lindol ang naganap sa (tabina, zamboanga del sur) kaninang (03:49pm). aftershocks ay inaasahan. #ndrrmc #bawatsegundomahalaga #earthquakeph #earthquakezamboangadelsur maging alerto, lalawigan ng #zamboangadelsur! ndrrmc(4:12pm, 31aug25) isang magnitude 5.1 na lindol ang naganap sa (tabina, zamboanga del sur) kaninang (03:49pm). aftershocks ay inaasahan. #ndrrmc #bawatsegundomahalaga #earthquakeph #earthquakezamboangadelsur","August 31, 2025 16:12:00",TABINA (citymun); ZAMBOANGA DEL SUR (province),https://www.facebook.com/NDRRMC/posts/pfbid0MmSr2w2AMwpiAHF9V5vvDRcvAs5SQih1XBdmYFmUMnx3MEyu8kGmmFnMTkhFgHKil?__cft__[0]=AZWtMDN6CCrEMstnvd8Hb0TiVXy6nKNlPecdHKRz2-QYthDEfEJRACW7G5OOM_BcTHa5Vz6zhzxpIFwhEcjSDCn8YVoW073kOa568pHVgGncx4-dfJE1ICwnWhiQNM3QVVVhl6USwmaYeGO_4EGmJ9jRbOTaZLtMcu5mqhpFUC_1HzDfZ53_myl6rb81zCFBirs&__tn__=%2CO%2CP-R,earthquake
Facebook,phemergencyalerts,"breaking: magnitude 5.1 'linog' hits zamboanga del sur earthquake alert: a magnitude 5.1 offshore earthquake hits tabina, zamboanga del sur at 3:49 pm today, august 31, 2025. it had a depth of 10 km. instrumental intensities: intensity ii - lebak and palimbang, sultan kudarat; sindangan, zamboanga del norte intensity i - molave and dumingag, zamboanga del sur; kalamansig, sultan kudarat aftershocks are expected on this earthquake! #earthquakealert #earthquakeph #lindolph #linog breaking: magnitude 5.1 'linog' hits zamboanga del sur earthquake alert: a magnitude 5.1 offshore earthquake hits tabina, zamboanga del sur at 3:49 pm today, august 31, 2025. it had a depth of 10 km. instrumental intensities: intensity ii - lebak and palimbang, sultan kudarat; sindangan, zamboanga del norte intensity i - molave and dumingag, zamboanga del sur; kalamansig, sultan kudarat aftershocks are expected on this earthquake! #earthquakealert #earthquakeph #lindolph #linog","August 31, 2025 15:49:00",ZAMBOANGA DEL SUR (province); TABINA (citymun); LEBAK (citymun); PALIMBANG (citymun); SULTAN KUDARAT (province); SINDANGAN (citymun); ZAMBOANGA DEL NORTE (province); MOLAVE (citymun); DUMINGAG (citymun); KALAMANSIG (citymun),https://www.facebook.com/PHEmergencyAlerts/posts/pfbid02Hc6D8aWyPt7JtaA2xqXoREt2CrQFcZ8cHHQ1xWiUQvkULKqZRdAfjLHKp1SjVmo7l?__cft__[0]=AZXkvq0toFN52k5MBTl97CQ4q_K41pNg9KKFtLYnznIOhZy9TC_jxcWHZJq3hsQA-Y6dYNpOBDBLbTHTVRV5klXEsBBEYVIKicBwUi46EUDRmdi56NwwsetbuSI7Tzs2sZ9237D5te0IuDGoLbJ-UkmYbHA6qa9Lo_HsqkYmaKWGQQE9bt315ZE7G0qEbNLvRi4&__tn__=%2CO%2CP-R,earthquake
Facebook,PHIVOLCS,"#earthquakeph #earthquakecamarinessur earthquake information no.1 date and time: 31 august 2025 - 05:49 pm magnitude = 1.7 depth = 005 km location = 13.75n, 122.85e - 008 km s 54 w of lupi (camarines sur) #earthquakeph #earthquakecamarinessur earthquake information no.1 date and time: 31 august 2025 - 05:49 pm magnitude = 1.7 depth = 005 km location = 13.75n, 122.85e - 008 km s 54 w of lupi (camarines sur)","August 31, 2025 17:49:00",LUPI (citymun); CAMARINES SUR (province),https://www.facebook.com/PHIVOLCS/posts/pfbid0v8zBDCRYthZxZDnUrzFsDc9UvpEPXZEjj8tgyLY9S8bCV5BHPXbF6j59RrqSjTEUl?__cft__[0]=AZUiwabr4fqMmOmYRuSeMyOLFxvGGcR7abXkgZo8TypYaoy24pE7PjadLaaAEJOpp2mD9wrZZhOGC2ndXw0ap6HlDPgRPBe41DJ-LWqwQ-9gM5ZwMhpF4RUfHDVIou0UWj6lpRO4utaejKfKiGrvCR96FmNURnmT9i7PJfqjZzks4IdNgsRLJKKeHp2aY2ds_JI&__tn__=%2CO%2CP-R,earthquake
Facebook,PHIVOLCS,"#earthquakeph #earthquakesurigaodelsur earthquake information no.1 date and time: 01 september 2025 - 12:15 am magnitude = 1.9 depth = 024 km location = 09.12n, 126.48e - 027 km n 52 e of bayabas (surigao del sur) #earthquakeph #earthquakesurigaodelsur earthquake information no.1 date and time: 01 september 2025 - 12:15 am magnitude = 1.9 depth = 024 km location = 09.12n, 126.48e - 027 km n 52 e of bayabas (surigao del sur)","September 01, 2025 00:15:00",SURIGAO DEL SUR (province); BAYABAS (citymun),https://www.facebook.com/PHIVOLCS/posts/pfbid04ZvPVmGidgsHNqMMSaoggwYu2JdFugCZB3K7JvvKZvFsvMgfyfByAphtBJV1War1l?__cft__[0]=AZVNPNHWlcu5oWc5z2fM6UMeRLyGK-L2PCHRmWOuMT2ZBMqkf7gH4YluMQCn662wWrFz90t2JO49SW67BiQO59JFN_7OSNKmXSM0SVIhjFO_iXnV6KM163_cPFMZjP7xN9ww-26VzELQStpvF9ip0Dmm68yrWEK0Qg4xQaINtUOBtoJqLhxJ3u4_Gbkq_bMnlDE&__tn__=%2CO%2CP-R,earthquake
Facebook,PHIVOLCS,"#earthquakeph #earthquakezamboangadelsur #ifelt_zamboangadelsurearthquake earthquake information no.3 date and time: 31 august 2025 - 03:49 pm magnitude = 4.7 depth = 007 km location = 07.31n, 123.57e - 024 km s 47 e of tabina (zamboanga del sur) reported intensities: intensity v- dimataling, zamboanga del sur intensity iii - alicia and olutanga, zamboanga sibugay intensity ii- kalamansig, lebak, and palimbang, sultan kudarat instrumental intensities: intensity ii - lebak, and palimbang, sultan kudarat; sindangan, zamboanga del norte intensity i - molave, and dumingag, zamboanga del sur; kalamansig, sultan kudarat #earthquakeph #earthquakezamboangadelsur #ifelt_zamboangadelsurearthquake earthquake information no.3 date and time: 31 august 2025 - 03:49 pm magnitude = 4.7 depth = 007 km location = 07.31n, 123.57e - 024 km s 47 e of tabina (zamboanga del sur) reported intensities: intensity v- dimataling, zamboanga del sur intensity iii - alicia and olutanga, zamboanga sibugay intensity ii- kalamansig, lebak, and palimbang, sultan kudarat instrumental intensities: intensity ii - lebak, and palimbang, sultan kudarat; sindangan, zamboanga del norte intensity i - molave, and dumingag, zamboanga del sur; kalamansig, sultan kudarat","August 31, 2025 15:49:00",ZAMBOANGA DEL SUR (province); TABINA (citymun); KALAMANSIG (citymun); LEBAK (citymun); PALIMBANG (citymun); SULTAN KUDARAT (province); SINDANGAN (citymun); ZAMBOANGA DEL NORTE (province); MOLAVE (citymun); DUMINGAG (citymun),https://www.facebook.com/PHIVOLCS/posts/pfbid02mQ9A9PoLtybbQeQuV8ntqXK2WLESCBT6x3zHxAfo2fBC1X19bbGABxTk9oan7qDBl?__cft__[0]=AZUKYoUaVOe2ZPufDdu5VF9VapYaB4uffC8ATdSB5E3cHBojcf7QcKDTckcgp8cL4yzM15rPKUmbIAJsAaWevX9R_AuMuFhW0mADgGJ5mPLAH7p8tx1CRPIbT_eDKKX1a--N-dKduBy34QJSl1ItgbusNrJYOHbSIT2DmJi6bH3PcYEvuicmu7NYL1zGUtLxXV0&__tn__=%2CO%2CP-R,earthquake
Facebook,PHIVOLCS,"#earthquakeph #earthquakezamboangadelsur #ifelt_zamboangadelsurearthquake earthquake information no.1 date and time: 31 august 2025 - 03:49 pm magnitude = 5.1 depth = 010 km location = 07.30n, 123.56e - 024 km s 42 e of tabina (zamboanga del sur) instrumental intensities: intensity ii - lebak and palimbang, sultan kudarat; sindangan, zamboanga del norte intensity i - molave and dumingag, zamboanga del sur; kalamansig, sultan kudarat this is an automatic solution. #earthquakeph #earthquakezamboangadelsur #ifelt_zamboangadelsurearthquake earthquake information no.1 date and time: 31 august 2025 - 03:49 pm magnitude = 5.1 depth = 010 km location = 07.30n, 123.56e - 024 km s 42 e of tabina (zamboanga del sur) instrumental intensities: intensity ii - lebak and palimbang, sultan kudarat; sindangan, zamboanga del norte intensity i - molave and dumingag, zamboanga del sur; kalamansig, sultan kudarat this is an automatic solution.","August 31, 2025 15:49:00",ZAMBOANGA DEL SUR (province); TABINA (citymun); LEBAK (citymun); PALIMBANG (citymun); SULTAN KUDARAT (province); SINDANGAN (citymun); ZAMBOANGA DEL NORTE (province); MOLAVE (citymun); DUMINGAG (citymun); KALAMANSIG (citymun),https://www.facebook.com/PHIVOLCS/posts/pfbid02jxNqXwvCqdGjdFfBfxEuPRncXLmu77ovzHq9AzgDuwDJmeUjEfhvUJBAkNF1xhQZl?__cft__[0]=AZUfEdyeR2_Gn_SP6q_PLGhft_lVQshbLMmTHR0Q_v3NjWYadRASOcpcCwj13Ly5y1ot2oWncnaKo2amL6nn8bYAITcj_DF29tQDJ87Y_jTlmKxVUrsDyjT2ZrqEK-vBFQkbDL2fzloIu3ol_HfW_Ew3_M47VCiu0L9SDjD5eF2eMQXNaKB7XAxAn5JI1tkYq-Y&__tn__=%2CO%2CP-R,earthquake
X,phivolcs_dost,"#earthquakeph #earthquakezamboangadelsur #ifelt_zamboangadelsurearthquake earthquake information no.1 date and time: 31 august 2025 - 03:49 pm magnitude = 5.1 depth = 010 km location = 07.30n, 123.56e - 024 km s 42 e of tabina (zamboanga del sur) instrumental intensities:","August 31, 2025 15:49:00",ZAMBOANGA DEL SUR (province); Tabi (barangay),https://x.com/phivolcs_dost/status/1962063382749876461,earthquake
X,phivolcs_dost,"#earthquakeph #earthquakeagusandelnorte earthquake information no.1 date and time: 31 august 2025 - 03:16 pm magnitude = 1.7 depth = 019 km location = 09.23n, 125.65e - 011 km s 70 e of santiago (agusan del norte)","August 31, 2025 15:16:00",AGUSAN DEL NORTE (province); SANTIAGO (citymun),https://x.com/phivolcs_dost/status/1962054032400486682,earthquake
Facebook,themindanaotoday,"earthquake alert: a magnitude 5.1 earthquake hit tabina, zamboanga del sur at 3:49 pm today, sunday, august 31, according to phivolcs. felt in nearby areas: intensity ii lebak & palimbang, sultan kudarat; sindangan, zamboanga del norte intensity i molave & dumingag, zamboanga del sur; kalamansig, sultan kudarat stay safe and alert! for more updates, visit us: themindanaotoday.com #earthquakealert #themonitormindanaotoday #mindanaonews #mindanaotoday earthquake alert: a magnitude 5.1 earthquake hit tabina, zamboanga del sur at 3:49 pm today, sunday, august 31, according to phivolcs. felt in nearby areas: intensity ii lebak & palimbang, sultan kudarat; sindangan, zamboanga del norte intensity i molave & dumingag, zamboanga del sur; kalamansig, sultan kudarat stay safe and alert! for more updates, visit us: themindanaotoday.com #earthquakealert #themonitormindanaotoday #mindanaonews #mindanaotoday","October 14, 2025 15:49:00",TABINA (citymun); ZAMBOANGA DEL SUR (province); LEBAK (citymun); PALIMBANG (citymun); SULTAN KUDARAT (province); SINDANGAN (citymun); ZAMBOANGA DEL NORTE (province); MOLAVE (citymun); DUMINGAG (citymun); KALAMANSIG (citymun); mindanao (island_group),https://www.facebook.com/themindanaotoday/posts/pfbid02f7P11idBytRN5sQwr2s2vBFcBAc1Hz8XvbEV3rKWvzexEHk3GUhRRwXg5791YVZtl?__cft__[0]=AZW4EPVvcy5U9ZE1O4tm3sfwhEQA5nE1cjJLpo9cbWCUZJhk7LWyaI_8mIvCpDCnRDPceYpiJ4dPRuku61d4m-QtSX8_bs3e6Gv7K4hM_sb6rFaxZV39Uw_jnlqp6_A3Ui4nl_DC3d2gyIhj5jUlGoyeWz2H_9robAB66K7ieEYzUAF5acm3WNLqEUwfP4WtTQg&__tn__=%2CO%2CP-R,earthquake
Facebook,PHIVOLCS,"#earthquakeph #earthquakebatanes earthquake information no.1 date and time: 01 september 2025 - 01:03 am magnitude = 2.7 depth = 054 km location = 20.11n, 121.35e - 060 km s 66 w of sabtang (batanes) #earthquakeph #earthquakebatanes earthquake information no.1 date and time: 01 september 2025 - 01:03 am magnitude = 2.7 depth = 054 km location = 20.11n, 121.35e - 060 km s 66 w of sabtang (batanes)","September 01, 2025 01:03:00",Bata (barangay); SABTANG (citymun); BATANES (province),https://www.facebook.com/PHIVOLCS/posts/pfbid0PM5ECyF5GM3VH5gN2FP2JAe6JYLTiStU3BLumXEkV8mLsQrZt5MLfZhSrcv1n1SFl?__cft__[0]=AZV8Jo62baqmnKgMPr6LGDmY5i-yYy5twwTHzkjDTlcMg9BBe37P0ir4yC9plXHQNqLCmBGT9l7OC3XLc8t_TR9txAfwebRbMPcPS5rMfF7mkl9j8DENcW7iGQB5MX8RGhgpl-dJIIMi6hW1CT1S1977DLSpOvLhMD45hAX7TGIxSCXjl2yejch9G9A4MQtsDL8&__tn__=%2CO%2CP-R,earthquake
X,phivolcs_dost,"#earthquakeph #earthquakezamboangadelsur #ifelt_zamboangadelsurearthquake earthquake information no.2 date and time: 31 august 2025 - 03:49 pm magnitude = 4.7 depth = 004 km location = 07.33n, 123.59e - 024 km s 53 e of tabina (zamboanga del sur) reported intensities:","August 31, 2025 15:49:00",ZAMBOANGA DEL SUR (province); Tabi (barangay),https://x.com/phivolcs_dost/status/1962070303410167936,earthquake
Facebook,PHIVOLCS,"#earthquakeph #earthquakenorthernsamar earthquake information no.1 date and time: 01 september 2025 - 02:59 am magnitude = 1.8 depth = 060 km location = 12.86n, 124.50e - 025 km n 36 e of biri (northern samar) #earthquakeph #earthquakenorthernsamar earthquake information no.1 date and time: 01 september 2025 - 02:59 am magnitude = 1.8 depth = 060 km location = 12.86n, 124.50e - 025 km n 36 e of biri (northern samar)","September 01, 2025 02:59:00",SAMAR (WESTERN SAMAR) (province); BIRI (citymun); NORTHERN SAMAR (province),https://www.facebook.com/PHIVOLCS/posts/pfbid0G7bcrXJjPw6SoZqowipsLTnpEy6PWHokyymRW6Ht2kMVxWXKHzKzTcggBWeCjwz1l?__cft__[0]=AZVq-ubWPVMLDntm3EHFGesgJlfcgd1IZAHvFfeMkv1J7wQVFa93DK8XoioyoaSh25HYJOCEWdAPF9dG7cA7C0Lh6s1APic2at6LTiNGdn_Sedz-JsozQxZ_hxTVRDmz2iECSRu77DwaSmpY-cVGmtOV1rRWLEPowGS9ZnsDujXyXT1K2PKAsSuaPKFIaL4oLyM&__tn__=%2CO%2CP-R,earthquake
X,phivolcs_dost,"#earthquakeph #earthquakecamarinessur earthquake information no.1 date and time: 31 august 2025 - 05:47 pm magnitude = 1.8 depth = 002 km location = 13.75n, 122.86e - 007 km s 57 w of lupi (camarines sur)","August 31, 2025 17:47:00",CAMARINES SUR (province); LUPI (citymun),https://x.com/phivolcs_dost/status/1962093502638231793,earthquake
Facebook,PHIVOLCS,"#earthquakeph #earthquakeantique earthquake information no.1 date and time: 01 september 2025 - 03:29 am magnitude = 2.1 depth = 012 km location = 10.31n, 121.88e - 014 km s 22 w of anini-y (antique) #earthquakeph #earthquakeantique earthquake information no.1 date and time: 01 september 2025 - 03:29 am magnitude = 2.1 depth = 012 km location = 10.31n, 121.88e - 014 km s 22 w of anini-y (antique)","September 01, 2025 03:29:00",ANINI-Y (citymun),https://www.facebook.com/PHIVOLCS/posts/pfbid02whxVcoDenxWSmf6ABBsQvVJk5YToRjrutDUGctVJ7h7CZDZiquRTuesmGmS8YLril?__cft__[0]=AZVsAdvOQ8lO3N5qW465OYRZyIDklq9PKeCzcMx_jnOiRaA6myioqSYD8Hetu4prgc0mrxjaO7LSzAIlLPudA-fGCEfjRCFMMV8pVzfiayGEPtZvGg2DR7_aOG3hFwt9MShqOnYFgnK9F5cvPnbKuOLplNC0uqHv3mI6HE8KFTT03q6sFdtSO1TDCddVqsXGUVs&__tn__=%2CO%2CP-R,earthquake
X,phivolcs_dost,"#earthquakeph #earthquakecamarinessur earthquake information no.1 date and time: 31 august 2025 - 08:21 pm magnitude = 1.8 depth = 032 km location = 13.67n, 122.75e - 017 km s 16 w of ragay (camarines sur)","August 31, 2025 20:21:00",CAMARINES SUR (province); RAGAY (citymun),https://x.com/phivolcs_dost/status/1962132139803300208,earthquake
X,phivolcs_dost,"earthquake information no.1 date and time: 31 august 2025 - 08:05 pm magnitude = 1.7 depth = 036 km location = 13.67n, 122.77e - 017 km s 06 w of ragay (camarines sur)","August 31, 2025 20:05:00",CAMARINES SUR (province),https://x.com/phivolcs_dost/status/1962127534323314866,earthquake
X,phivolcs_dost,"earthquake information no.1 date and time: 31 august 2025 - 07:57 pm magnitude = 2.3 depth = 010 km location = 17.51n, 120.08e - 031 km s 74 w of santa catalina (ilocos sur)","August 31, 2025 19:57:00",SANTA CATALINA (citymun); ILOCOS SUR (province),https://x.com/phivolcs_dost/status/1962125492712325213,earthquake
X,phivolcs_dost,"#earthquakeph #earthquakedavaooccidental earthquake information no.1 date and time: 31 august 2025 - 07:46 pm magnitude = 2.7 depth = 047 km location = 06.02n, 126.23e - 062 km s 72 e of don marcelino (davao occidental)","August 31, 2025 19:46:00",DAVAO OCCIDENTAL (province); DON MARCELINO (citymun),https://x.com/phivolcs_dost/status/1962121811086409973,earthquake
Facebook,PHIVOLCS,"#earthquakeph #earthquakedavaooriental earthquake information no.1 date and time: 01 september 2025 - 04:49 am magnitude = 2.3 depth = 052 km location = 06.29n, 126.33e - 049 km s 35 e of governor generoso (davao oriental) #earthquakeph #earthquakedavaooriental earthquake information no.1 date and time: 01 september 2025 - 04:49 am magnitude = 2.3 depth = 052 km location = 06.29n, 126.33e - 049 km s 35 e of governor generoso (davao oriental)","September 01, 2025 04:49:00",DAVAO ORIENTAL (province),https://www.facebook.com/PHIVOLCS/posts/pfbid0M8CtVpf1nezjCFS5cwjT4K5xdaf7xT8Kceb2pFLh2RpUUWM2wPk2JyLxyvGgkBpvl?__cft__[0]=AZWUQvfzU9Krc4EwtWikBd1ZjrRzkBdI0d1OvTKxMWUVUMEcXPKwhX_nm0Wol-4G9oX0nnwcOxXJEh-kuQy8pnUKhjtj-aXm6Lv2HkSLvaqeufqJ5S0x0Vws1sKvGEXJko3k8VzduCY-cLrMsdnEJ88GtlxOTn1yBHLh-C8lKi37S8_WcEt6tC21bA6ysJz8-K4&__tn__=%2CO%2CP-R,earthquake
X,phivolcs_dost,"#earthquakeph #earthquakeilocosnorte earthquake information no.1 date and time: 31 august 2025 - 10:31 pm magnitude = 1.5 depth = 014 km location = 18.69n, 120.84e - 015 km n 22 e of pagudpud (ilocos norte)","August 31, 2025 22:31:00",ILOCOS NORTE (province); PAGUDPUD (citymun),https://x.com/phivolcs_dost/status/1962163074799915197,earthquake
Facebook,PHIVOLCS,"#earthquakeph #earthquakebatangas earthquake information no.1 date and time: 01 september 2025 - 05:18 am magnitude = 1.2 depth = 005 km location = 13.74n, 120.57e - 013 km s 34 w of calatagan (batangas) #earthquakeph #earthquakebatangas earthquake information no.1 date and time: 01 september 2025 - 05:18 am magnitude = 1.2 depth = 005 km location = 13.74n, 120.57e - 013 km s 34 w of calatagan (batangas)","September 01, 2025 05:18:00",Batang (barangay); CALATAGAN (citymun); BATANGAS (province),https://www.facebook.com/PHIVOLCS/posts/pfbid026Pk9xviAo31crekG4wuxKxVf9JKraJeTgKHcHTi95gvCtJ8mRas66g63ZSvgnpSBl?__cft__[0]=AZXN8ovw6CaXuThz21hyM6gU2NEEQoIHkiSV2UNmtPqOSBea2V8oSXRGqdmCGKbnPfZAvX2wPQ1Y6qGGYEkGkspz6dtpeTekAIsJCax53vSZgoF_Lr_sgpzfQLkD6KqDZXsmC7T592wqIpltD8lAHSfsYggEFuL8PpWZ0NaSj79ImnDMwD6gVp0DxdkAkoY6JxE&__tn__=%2CO%2CP-R,earthquake
X,phivolcs_dost,"#earthquakeph #earthquakedavaooriental earthquake information no.1 date and time: 31 august 2025 - 10:27 pm magnitude = 1.9 depth = 075 km location = 07.93n, 126.43e - 009 km n 37 e of boston (davao oriental)","August 31, 2025 22:27:00",DAVAO ORIENTAL (province); BOSTON (citymun),https://x.com/phivolcs_dost/status/1962163354287640889,earthquake
Facebook,PHIVOLCS,"#earthquakeph #earthquakeagusandelsur earthquake information no.1 date and time: 01 september 2025 - 06:08 am magnitude = 1.8 depth = 023 km location = 08.10n, 125.66e - 024 km s 68 w of loreto (agusan del sur) #earthquakeph #earthquakeagusandelsur earthquake information no.1 date and time: 01 september 2025 - 06:08 am magnitude = 1.8 depth = 023 km location = 08.10n, 125.66e - 024 km s 68 w of loreto (agusan del sur) ingat kayo mga dds diyan","September 01, 2025 06:08:00",AGUSAN DEL SUR (province); LORETO (citymun),https://www.facebook.com/PHIVOLCS/posts/pfbid0vQGzEoj6hsb3ynBjvdAtmax7XkKGqvqHGka13mZV9kZFZcqKh6PJrDj31AozpJW8l?__cft__[0]=AZX4fQx0n1K0hkDGvAZXRtEcLY6j5yxqgiiHvniBqNzDxEC65c1CAO6mmhVfZPse4e5kZ2NUAuGpOW7-UbABWwh9Mn9-Vdkwk6nsbJaGK60BYKfyb-fs3-yRwQ_Gb_iCDrbNErYw9LX73FNx4-JLOb2KmUhs0AVMgWueyYAbabaENTujX6in15HvW84SxM5uit0&__tn__=%2CO%2CP-R,earthquake
X,phivolcs_dost,"#earthquakeph #earthquakebatangas earthquake information no.1 date and time: 01 september 2025 - 01:46 am magnitude = 1.7 depth = 093 km location = 13.88n, 120.61e - 006 km n 28 w of calatagan (batangas)","September 01, 2025 01:46:00",BATANGAS (province); CALATAGAN (citymun),https://x.com/phivolcs_dost/status/1962211977067213128,earthquake
X,phivolcs_dost,"#earthquakeph #earthquakeisabela earthquake information no.1 date and time: 01 september 2025 - 01:26 am magnitude = 2.1 depth = 019 km location = 17.74n, 122.52e - 049 km n 38 e of maconacon (isabela)","September 01, 2025 01:26:00",ISABEL (citymun); MACONACON (citymun); ISABELA (province),https://x.com/phivolcs_dost/status/1962207725242458323,earthquake
X,phivolcs_dost,"#earthquakeph #earthquakesurigaodelsur earthquake information no.1 date and time: 01 september 2025 - 12:15 am magnitude = 1.9 depth = 024 km location = 09.12n, 126.48e - 027 km n 52 e of bayabas (surigao del sur)","September 01, 2025 00:15:00",SURIGAO DEL SUR (province); BAYABAS (citymun),https://x.com/phivolcs_dost/status/1962189107339444230,earthquake
X,phivolcs_dost,"#earthquakeph #earthquakeoccidentalmindoro earthquake information no.1 date and time: 31 august 2025 - 11:56 pm magnitude = 1.7 depth = 005 km location = 13.49n, 120.68e - 007 km n 47 w of abra de ilog (occidental mindoro)","August 31, 2025 23:56:00",Mindoro (barangay); ABRA DE ILOG (citymun),https://x.com/phivolcs_dost/status/1962186590224318736,earthquake
X,phivolcs_dost,"#earthquakeph #earthquakedavaooriental earthquake information no.1 date and time: 31 august 2025 - 11:19 pm magnitude = 1.9 depth = 004 km location = 06.51n, 126.55e - 056 km s 74 e of governor generoso (davao oriental)","August 31, 2025 23:19:00",DAVAO ORIENTAL (province),https://x.com/phivolcs_dost/status/1962175548605833223,earthquake
Facebook,PHIVOLCS,"#earthquakeph #earthquakesurigaodelsur earthquake information no.1 date and time: 01 september 2025 - 08:15 am magnitude = 1.8 depth = 034 km location = 08.82n, 126.23e - 008 km n 77 w of marihatag (surigao del sur) #earthquakeph #earthquakesurigaodelsur earthquake information no.1 date and time: 01 september 2025 - 08:15 am magnitude = 1.8 depth = 034 km location = 08.82n, 126.23e - 008 km n 77 w of marihatag (surigao del sur)","September 01, 2025 08:15:00",SURIGAO DEL SUR (province); MARIHATAG (citymun),https://www.facebook.com/PHIVOLCS/posts/pfbid02Z4huPiXm9fhQimusqYQZn9cHjkxqTmmfDXkiVwtTiW9WGh2NMBxRj7FDEJCft5vCl?__cft__[0]=AZV4W6R8iEqouYGHwJPjdElIyb43y1_EiJvz4I3gsVUOIbF9iyQ2RFdGF1pTx7IE3PXnUfdF-QgTWGdGALYh6gd0iDef5eghHxk7fCmaAfnxA10Fi2GLKaMl3jtH7-F8t5__egnNh0xe0uejd8Cg-npMJRimB6v2FzCnekFsA3Q-ag1o3lTuqoxDkq1dCgsrdsY&__tn__=%2CO%2CP-R,earthquake
X,phivolcs_dost,"#earthquakeph #earthquakedavaooriental earthquake information no.1 date and time: 01 september 2025 - 04:49 am magnitude = 2.3 depth = 052 km location = 06.29n, 126.33e - 049 km s 35 e of governor generoso (davao oriental)","September 01, 2025 04:49:00",DAVAO ORIENTAL (province),https://x.com/phivolcs_dost/status/1962258240856830414,earthquake
Facebook,PHIVOLCS,"#earthquakeph #earthquakezambales earthquake information no.1 date and time: 01 september 2025 - 11:18 am magnitude = 2.8 depth = 051 km location = 15.49n, 119.93e - 006 km s 28 w of masinloc (zambales) #earthquakeph #earthquakezambales earthquake information no.1 date and time: 01 september 2025 - 11:18 am magnitude = 2.8 depth = 051 km location = 15.49n, 119.93e - 006 km s 28 w of masinloc (zambales)","September 01, 2025 11:18:00",MASINLOC (citymun); ZAMBALES (province),https://web.facebook.com/PHIVOLCS/posts/pfbid02nFqEkqqu9U7EpoEvDd3Sua46AEnvEAnzcEmmWzJEFEQaLo17p2XgNvheiJe8yUeGl?__cft__[0]=AZXkqFJu4iPN68Z7sk09fyYlZmlDG5QZwfRPvhFwUZt_ASET9C0oj1-dK6Kg12E2Hepsqq4ZVL28qIO75mvNetERe7L7oBsGHmCa6LRuaSE7VIi4Dfsm9yIngXVBEw7-L84LTLzH0iBSg90_vwTG1p0cKK4e8oJo9TfXe32Dh935MQMh_HijnwIgEoxAfe6PTHc&__tn__=%2CO%2CP-R,earthquake
X,phivolcs_dost,"#earthquakeph #earthquakecamarinessur earthquake information no.1 date and time: 01 september 2025 - 04:58 am magnitude = 3.1 depth = 010 km location = 13.69n, 122.84e - 013 km s 35 w of lupi (camarines sur)","September 01, 2025 04:58:00",CAMARINES SUR (province); LUPI (citymun),https://x.com/phivolcs_dost/status/1962260595010617373,earthquake
X,phivolcs_dost,"#earthquakeph #earthquakeoccidentalmindoro earthquake information no.1 date and time: 01 september 2025 - 04:52 am magnitude = 1.7 depth = 007 km location = 13.55n, 120.34e - 021 km s 27 e of looc (occidental mindoro)","September 01, 2025 04:52:00",Mindoro (barangay); Loo (barangay); OCCIDENTAL MINDORO (province),https://x.com/phivolcs_dost/status/1962259727938970016,earthquake
Facebook,PHIVOLCS,"#earthquakeph #earthquakeagusandelnorte earthquake information no.1 date and time: 01 september 2025 - 12:13 pm magnitude = 2.0 depth = 033 km location = 09.28n, 125.68e - 014 km n 85 e of santiago (agusan del norte) #earthquakeph #earthquakeagusandelnorte earthquake information no.1 date and time: 01 september 2025 - 12:13 pm magnitude = 2.0 depth = 033 km location = 09.28n, 125.68e - 014 km n 85 e of santiago (agusan del norte)","September 01, 2025 12:13:00",AGUSAN DEL NORTE (province); SANTIAGO (citymun),https://web.facebook.com/PHIVOLCS/posts/pfbid0NxFQdr9H5RaQuEkWVFharHX1HxC9dk44mKiJvtdGqC67w4PEibwLQDwzM9QYnEN8l?__cft__[0]=AZUyY5y5Y01rJTiOCO9rQdeKOjjf5O8haznRYWUPaScsaF-YSYXi9lB24QGUtl8QiHkulMQNvN8JcDN4r1m7ttVDG4604zYtRhvojEoPwrW1kGD8Qg9_dy3bxuckUU9BdcDH8sAY3anDptcT_-uRwIjEsdTCKvfU3_2SCBGOVu2q0qfjkjMoRzqbHAzGh1UWy14&__tn__=%2CO%2CP-R,earthquake
Facebook,PHIVOLCS,"#earthquakeph #earthquakemasbate earthquake information no.1 date and time: 01 september 2025 - 04:14 pm magnitude = 1.5 depth = 006 km location = 12.46n, 123.66e - 011 km n 21 e of city of masbate (masbate) #earthquakeph #earthquakemasbate earthquake information no.1 date and time: 01 september 2025 - 04:14 pm magnitude = 1.5 depth = 006 km location = 12.46n, 123.66e - 011 km n 21 e of city of masbate (masbate) why naman po,","September 01, 2025 16:14:00",MASBATE (province); CITY OF MASBATE (Capital) (citymun),https://www.facebook.com/PHIVOLCS/posts/pfbid0316Y46qP5hWGqYF8hnF3g29akWChZ8N1T3keSSWZTtmEBw9HMkW7aSaZPe7pCvrSVl?__cft__[0]=AZWhPUDstsnWbgch-rDJEpraZ8ojtl730xF6MocMOPUx8atAqMqsvAH_bXEN_y_QsQ0OoNZ80ZWm-aBM9cPgi1i-zQ5_5OUh8tbSNu95TvLPEftV2NGA0sqLaikz-5YPyk3e3fHsxHlWL20U1MwSidQBkhSFErZw4Dy9Em95zomS8KSqPxjwLOMQ08D5L409ckk&__tn__=%2CO%2CP-R,earthquake
Facebook,PHIVOLCS,"earthquake update midsayap | sept 1, 2025 at around 2:01 pm today, a magnitude 3.0 earthquake was recorded near malingao, soccsksargenjust 7.5 km from midsayap. the tremor was light (intensity iii) and no damage has been reported. some may have felt a mild shake indoors. while todays quake was minor, its always best to stay earthquake-ready. here are quick #safetytips to keep in mind: drop, cover, and hold on drop low, take cover under a sturdy desk or table, and hold on until shaking stops. stay inside if you are indoors dont rush outside; protect yourself from falling objects first. move to open spaces if outdoors keep away from buildings, trees, or power lines. after the quake check for injuries, hazards, or damage. stay alert for aftershocks. stay informed follow phivolcs and trusted sources for official updates. todays tremor was a small reminder, not a disaster, but preparedness is always a winning move. lets keep calm, stay safe, and look out for one another. #earthquakeupdate #midsayap #staysafe earthquake update midsayap | sept 1, 2025 at around 2:01 pm today, a magnitude 3.0 earthquake was recorded near malingao, soccsksargenjust 7.5 km from midsayap. the tremor was light (intensity iii) and no damage has been reported. some may have felt a mild shake indoors. while todays quake was minor, its always best to stay earthquake-ready. here are quick #safetytips to keep in mind: drop, cover, and hold on drop low, take cover under a sturdy desk or table, and hold on until shaking stops. stay inside if you are indoors dont rush outside; protect yourself from falling objects first. move to open spaces if outdoors keep away from buildings, trees, or power lines. after the quake check for injuries, hazards, or damage. stay alert for aftershocks. stay informed follow phivolcs and trusted sources for official updates. todays tremor was a small reminder, not a disaster, but preparedness is always a winning move. lets keep calm, stay safe, and look out for one another. #earthquakeupdate #midsayap #staysafe #earthquakeph #earthquakecotabato #ifelt_cotabatoearthquake earthquake information no.1 date and time: 01 september 2025 - 02:01 pm magnitude = 3.0  #earthquakeph #earthquakecotabato #ifelt_cotabatoearthquake earthquake information no.1 date and time: 01 september 2025 - 02:01 pm magnitude = 3.0  #earthquakeph #earthquakecotabato #ifelt_cotabatoearthquake earthquake information no.1 date and time: 01 september 2025 - 02:01 pm magnitude = 3.0","September 01, 2025 14:01:00",MIDSAYAP (citymun); Malingao (barangay); REGION XII (SOCCSKSARGEN) (region),https://www.facebook.com/PHIVOLCS/posts/pfbid02ToMYWHw1GTGdFpUozRn58cmD9Zo8BjPUwW6iU4cVzkDYStLgQYEzd9d1MUrQrsCol?__cft__[0]=AZUDTncOxdM4VX4H-o0qcH0-5xipZexHCLqFeXgV1LBiFFCcpVDlk63CiBJRAmwHZyELixJa-2dZP9BhDvWaBSZ9tRtOT7USTPv-jp3vlsaWa0qA2EpW03xoaYnBrWypDDQcdgqcTNEeVheIWPC_4UP2uSt9Uf4btP5_fWzYjDf9jOa4MA9oZSLo56fIhwnUNJraL0JvgsVaBarRVs1mnkXHesP9mqQdTKCdEU56ATUr-w&__tn__=%2CO%2CP-y-R,earthquake
Facebook,PHIVOLCS,"#earthquakeph #earthquakesurigaodelsur earthquake information no.1 date and time: 01 september 2025 - 08:17 pm magnitude = 1.9 depth = 004 km location = 08.32n, 126.75e - 046 km s 84 e of hinatuan (surigao del sur) #earthquakeph #earthquakesurigaodelsur earthquake information no.1 date and time: 01 september 2025 - 08:17 pm magnitude = 1.9 depth = 004 km location = 08.32n, 126.75e - 046 km s 84 e of hinatuan (surigao del sur)","September 01, 2025 20:17:00",HINATUAN (citymun); SURIGAO DEL SUR (province),https://www.facebook.com/PHIVOLCS/posts/pfbid0zZju495uAieyMApXWHYkpT4dvuceccWv2vQ3fiNXSSwFPHPggL3GC2i24vUir9ryl?__cft__[0]=AZVM3oHQofuHd61l_lt6Px6u-RM2Rs33AaaORtdt8UTuU9qqRM6Y6EFGnkEJnK6XTIfK3aeqOugueEkM_WlQhdvnPzobdgZmjhUsEGiZ3IvGJN_jpuRBvgxboRvstkTWaUrXjvLaxwvhIRCIyHeyCaM62QEoy7M7XESeL5DxUi-Y6trq9aQ01E_zb6KtAKP92Pg&__tn__=%2CO%2CP-R,earthquake
X,phivolcs_dost,"#earthquakeph #earthquakezambales earthquake information no.1 date and time: 01 september 2025 - 11:18 am magnitude = 2.8 depth = 051 km location = 15.49n, 119.93e - 006 km s 28 w of masinloc (zambales)","September 01, 2025 11:18:00",MASINLOC (citymun); ZAMBALES (province),https://x.com/phivolcs_dost/status/1962357206588014879,earthquake
X,phivolcs_dost,"#earthquakeph #earthquakeoccidentalmindoro earthquake information no.1 date and time: 01 september 2025 - 10:38 am magnitude = 1.6 depth = 034 km location = 13.54n, 120.80e - 014 km n 38 e of abra de ilog (occidental mindoro)","September 01, 2025 10:38:00",Mindoro (barangay); ABRA DE ILOG (citymun),https://x.com/phivolcs_dost/status/1962345919766257922,earthquake
X,phivolcs_dost,"#earthquakeph #earthquakebohol earthquake information no.1 date and time: 01 september 2025 - 10:25 am magnitude = 1.5 depth = 034 km location = 09.95n, 123.76e - 013 km n 62 w of calape (bohol)","September 01, 2025 10:25:00",BOHOL (province),https://x.com/phivolcs_dost/status/1962344654327931269,earthquake
X,phivolcs_dost,"#earthquakeph #earthquakeoccidentalmindoro earthquake information no.1 date and time: 01 september 2025 - 10:02 am magnitude = 1.9 depth = 019 km location = 13.18n, 120.66e - 009 km s 54 e of mamburao (occidental mindoro)","September 01, 2025 10:02:00",Mindoro (barangay); MAMBURAO (Capital) (citymun); OCCIDENTAL MINDORO (province),https://x.com/phivolcs_dost/status/1962338782293963210,earthquake
Facebook,PHIVOLCS,"#earthquakeph #earthquakesurigaodelsur earthquake information no.1 date and time: 01 september 2025 - 10:53 pm magnitude = 2.1 depth = 031 km location = 08.79n, 126.33e - 003 km s 73 e of marihatag (surigao del sur) #earthquakeph #earthquakesurigaodelsur earthquake information no.1 date and time: 01 september 2025 - 10:53 pm magnitude = 2.1 depth = 031 km location = 08.79n, 126.33e - 003 km s 73 e of marihatag (surigao del sur)","September 01, 2025 22:53:00",SURIGAO DEL SUR (province); MARIHATAG (citymun),https://www.facebook.com/PHIVOLCS/posts/pfbid02FmPm13RN4DrnZW6AMiu8jqRYwSfRATTM5CgU8FSLXBAwq1265rzPeN2MsY6Mz3Pjl?__cft__[0]=AZV2HQ7p_aMyEE_0-vendrm5Hp0wvvgLgcnJ3wqDXvafaNbXoJhwcY56buMnfshqPY2cOo0U6bJr5Ta6vyvLfL0bbX9vCe-sIKjGWa34UMp9op6mkyihNVUV2UxiNPDMN_2X9nS8kk-9e65-h9xTNGNdtBSJWB5GDRvaKXfvPUxoqkrXw6P88vXFvYIk9POQyww&__tn__=%2CO%2CP-R,earthquake
X,phivolcs_dost,"#earthquakeph #earthquakecamarinessur earthquake information no.1 date and time: 01 september 2025 - 04:23 pm magnitude = 1.8 depth = 001 km location = 13.73n, 122.85e - 009 km s 46 w of lupi (camarines sur)","September 01, 2025 16:23:00",CAMARINES SUR (province); LUPI (citymun),https://x.com/phivolcs_dost/status/1962436557115469924,earthquake
X,phivolcs_dost,"#earthquakeph #earthquakeromblon earthquake information no.1 date and time: 01 september 2025 - 03:10 pm magnitude = 2.1 depth = 001 km location = 12.49n, 122.27e - 009 km s 01 w of romblon (romblon)","September 01, 2025 15:10:00",ROMBLON (province),https://x.com/phivolcs_dost/status/1962417582654603379,earthquake
X,phivolcs_dost,"earthquake information no.1 date and time: 01 september 2025 - 02:32 pm magnitude = 2.4 depth = 010 km location = 13.72n, 122.86e - 010 km s 32 w of lupi (camarines sur)","September 01, 2025 14:32:00",LUPI (citymun); CAMARINES SUR (province),https://x.com/phivolcs_dost/status/1962405833230405773,earthquake
X,phivolcs_dost,"#earthquakeph #earthquakecotabato earthquake information no.1 date and time: 01 september 2025 - 02:01 pm magnitude = 3.0 depth = 002 km location = 07.18n, 124.54e - 002 km s 34 e of midsayap (cotabato) reported intensities: instrumental intensity: intensity i - carmen,","September 01, 2025 14:01:00",COTABATO (NORTH COTABATO) (province),https://x.com/phivolcs_dost/status/1962399233228833190,earthquake
X,phivolcs_dost,"#earthquakeph #earthquakeagusandelnorte earthquake information no.1 date and time: 01 september 2025 - 12:13 pm magnitude = 2.0 depth = 033 km location = 09.28n, 125.68e - 014 km n 85 e of santiago (agusan del norte)","September 01, 2025 12:13:00",AGUSAN DEL NORTE (province); SANTIAGO (citymun),https://x.com/phivolcs_dost/status/1962370052814221457,earthquake
Facebook,PHIVOLCS,"#earthquakeph #earthquakecamarinessur earthquake information no.1 date and time: 02 september 2025 - 01:11 pm magnitude = 1.7 depth = 019 km location = 13.78n, 123.85e - 002 km west of caramoan (camarines sur) #earthquakeph #earthquakecamarinessur earthquake information no.1 date and time: 02 september 2025 - 01:11 pm magnitude = 1.7 depth = 019 km location = 13.78n, 123.85e - 002 km west of caramoan (camarines sur)","September 02, 2025 13:11:00",CARAMOAN (citymun); CAMARINES SUR (province),https://www.facebook.com/PHIVOLCS/posts/pfbid02iC3kiX1adjzv2ic21zRjvtLNiFtbmKP3W6bS78qN44d8AeFrsvUXpvkMsqvSH2bgl?__cft__[0]=AZVEaanoneFSOgWjVV1Ns2AUg9kVfqoordT2QTDrRqnWYFOkRk3UsXvrtt_U7ufTtyVmmv0s1EB2Slhme_Hy9nw28in1FDAju_QGKAkzXFiXJrrVDrLtqkQRX6Q0c4tZG0_5IUQ9oV7extGZ9ODQc6x0FPRnubhALPQZkARCyU9UtO1jEAITQMZ8WWICaywCa9E&__tn__=%2CO%2CP-R,earthquake
X,phivolcs_dost,"#earthquakeph #earthquakeoccidentalmindoro earthquake information no.1 date and time: 02 september 2025 - 12:56 pm magnitude = 1.8 depth = 001 km location = 13.61n, 120.36e - 017 km s 43 e of looc (occidental mindoro)","September 02, 2025 12:56:00",Mindoro (barangay); Loo (barangay); OCCIDENTAL MINDORO (province),https://x.com/phivolcs_dost/status/1962744607378452675,earthquake
X,phivolcs_dost,"#earthquakeph #earthquakesultankudarat earthquake information no.1 date and time: 02 september 2025 - 12:24 pm magnitude = 2.2 depth = 002 km location = 06.08n, 123.98e - 030 km s 70 w of palimbang (sultan kudarat)","September 02, 2025 12:24:00",SULTAN KUDARAT (province); PALIMBANG (citymun),https://x.com/phivolcs_dost/status/1962735773138161744,earthquake
X,phivolcs_dost,"#earthquakeph #earthquakeilocosnorte earthquake information no.1 date and time: 02 september 2025 - 10:51 am magnitude = 2.5 depth = 015 km location = 19.08n, 120.32e - 072 km n 29 w of burgos (ilocos norte)","September 02, 2025 10:51:00",ILOCOS NORTE (province); BURGOS (citymun),https://x.com/phivolcs_dost/status/1962711894911070508,earthquake
X,phivolcs_dost,"#earthquakeph #earthquakeilocosnorte earthquake information no.1 date and time: 02 september 2025 - 10:41 am magnitude = 2.9 depth = 011 km location = 19.13n, 120.33e - 076 km n 26 w of burgos (ilocos norte)","September 02, 2025 10:41:00",ILOCOS NORTE (province); BURGOS (citymun),https://x.com/phivolcs_dost/status/1962710504063017287,earthquake
X,phivolcs_dost,"#earthquakeph #earthquakeilocosnorte earthquake information no.1 date and time: 02 september 2025 - 10:29 am magnitude = 4.5 depth = 010 km location = 18.79n, 120.65e - 029 km n 30 w of pagudpud (ilocos norte)","September 02, 2025 10:29:00",ILOCOS NORTE (province); PAGUDPUD (citymun),https://x.com/phivolcs_dost/status/1962706786806571406,earthquake
Facebook,PHIVOLCS,"#earthquakeph #earthquakeoccidentalmindoro earthquake information no.1 date and time: 02 september 2025 - 11:07 pm magnitude = 1.8 depth = 032 km location = 13.23n, 120.73e - 014 km n 90 e of mamburao (occidental mindoro) #earthquakeph #earthquakeoccidentalmindoro earthquake information no.1 date and time: 02 september 2025 - 11:07 pm magnitude = 1.8 depth = 032 km location = 13.23n, 120.73e - 014 km n 90 e of mamburao (occidental mindoro)","September 02, 2025 23:07:00",MAMBURAO (Capital) (citymun); OCCIDENTAL MINDORO (province),https://www.facebook.com/PHIVOLCS/posts/pfbid02xP4Cy4LGfkR89wbpQHTER58Toe6y3mUpqCoxA11q5MxSrSSYGb3iJzDVES9cxjYkl?__cft__[0]=AZVdq_ZOiF3acVfC-nc36TjNAvSbcCxN6yqrQlmEwNz1NCZyTbkI7cou1tCcnmy8GNoYy7aBSwF4Bd9E-gOgY1Zy5BTwjs8jXYlxBcgVl3_9v1IbYqUPCi3IwPYgEU1_jNjBBAu3yGhFVk1Ju-RbG2Aw1z_Wt8tHv7zmkP4DFqZE1AZrW7c-9qClYVBbPsDa7r8&__tn__=%2CO%2CP-R,earthquake
Facebook,PHIVOLCS,"#earthquakeph #earthquakepangasinan earthquake information no.1 date and time: 02 september 2025 - 11:51 pm magnitude = 2.4 depth = 010 km location = 16.11n, 120.10e - 004 km n 5 e of sual (pangasinan) #earthquakeph #earthquakepangasinan earthquake information no.1 date and time: 02 september 2025 - 11:51 pm magnitude = 2.4 depth = 010 km location = 16.11n, 120.10e - 004 km n 5 e of sual (pangasinan)","September 02, 2025 23:51:00",PANGASINAN (province); SUAL (citymun),https://www.facebook.com/PHIVOLCS/posts/pfbid0rH7AmS8sFiDriQofyHxJGwjyJkcsKDqH7Ca1SZmWp6SxKwHvXCeu8QnrjUD5v5r9l?__cft__[0]=AZU9sq6ZOfQeGyc1Z6T4jUO_Ueu3V2HDIUWfcvzkL2q6H_2nOqlt7FcfUxdidmV-hFzWhBx67yvYBRBO4Px_--tpDXuFjwi40HzRXDzuXgt4Nu7pC2U-66uYeQ6yy13vhSLbxuECHQbvb6KSxeK16bxQ2HQD0xWBPmVsi7F6LyTAF-4MR5dkoSP0A0zxLXSMuQQ&__tn__=%2CO%2CP-R,earthquake
X,phivolcs_dost,"#earthquakeph #earthquakesurigaodelnorte earthquake information no.1 date and time: 03 september 2025 - 04:17 am magnitude = 2.4 depth = 016 km location = 10.34n, 126.23e - 039 km n 25 e of burgos (surigao del norte)","September 03, 2025 04:17:00",SURIGAO DEL NORTE (province); BURGOS (citymun),https://x.com/phivolcs_dost/status/1962976099962622213,earthquake
Facebook,PHIVOLCS,"#earthquakeph #earthquakealbay earthquake information no.1 date and time: 03 september 2025 - 07:11 am magnitude = 3.0 depth = 033 km location = 13.12n, 123.99e - 013 km s 88 e of manito (albay) #earthquakeph #earthquakealbay earthquake information no.1 date and time: 03 september 2025 - 07:11 am magnitude = 3.0 depth = 033 km location = 13.12n, 123.99e - 013 km s 88 e of manito (albay)","September 03, 2025 07:11:00",MANITO (citymun); ALBAY (province),https://www.facebook.com/PHIVOLCS/posts/pfbid02MsLuYMo8amgGrkK6nsiBsdZiV7xUH7AUhqcc5AERv3XZGYdktzC14v58oucxmdNZl?__cft__[0]=AZWdCU7VTfXSRDF70V1A595qoe-alAuNqmHArot7gGc3DC3tGa8Z2nx5XgP_SrL5VKaE4A7X9IkpCvGr0HU-nDqujlbok2Xpz9AKuQ0MHGSOr3AdvXYRAH5GmY-qM7V_Vi76o2qAbi9WnIE3ZAEdyru5-v_Mf7Z7EDjSPD6l3rAN5uV-ihdbKtp0-90at3XzdsU&__tn__=%2CO%2CP-R,earthquake
X,phivolcs_dost,"#earthquakeph #earthquakeoccidentalmindoro earthquake information no.1 date and time: 03 september 2025 - 04:48 am magnitude = 1.5 depth = 007 km location = 13.23n, 120.34e - 025 km s 34 w of paluan (occidental mindoro)","September 03, 2025 04:48:00",Mindoro (barangay); PALUAN (citymun); OCCIDENTAL MINDORO (province),https://x.com/phivolcs_dost/status/1962983299447718257,earthquake
X,phivolcs_dost,"#earthquakeph #earthquakesarangani earthquake information no.1 date and time: 03 september 2025 - 04:18 am magnitude = 1.3 depth = 021 km location = 05.99n, 124.84e - 022 km n 51 w of maasim (sarangani)","September 03, 2025 04:18:00",SARANGANI (province); MAASIM (citymun),https://x.com/phivolcs_dost/status/1962976258649948589,earthquake
Facebook,PHIVOLCS,"#earthquakeph #earthquakezamboangadelnorte earthquake information no.1 date and time: 03 september 2025 - 08:15 am magnitude = 2.3 depth = 017 km location = 07.75n, 122.10e - 006 km n 39 w of siocon (zamboanga del norte) #earthquakeph #earthquakezamboangadelnorte earthquake information no.1 date and time: 03 september 2025 - 08:15 am magnitude = 2.3 depth = 017 km location = 07.75n, 122.10e - 006 km n 39 w of siocon (zamboanga del norte)","September 03, 2025 08:15:00",ZAMBOANGA DEL NORTE (province); SIOCON (citymun),https://www.facebook.com/PHIVOLCS/posts/pfbid0VvYe5q6FRJnyRRJQ9bTF5L4BHfxJr4CeieeffEFro72vZFMstU5LDtHZCqD92Yu1l?__cft__[0]=AZWbMMOImH9927jLp_xJ9fC7JrdhTSCuk8CrDIbt9aQFLdCMXyF5BRA-De1n6UesUAopcWx39q5C2XmpIz6JlKsjzTapuDNx6M2_n4X-yU3NSKrIlqfp0vybCSak7xIYdLU1htyyU1kSzVOQSExcw9Wo39xNsUL5yIEbjgqxPllPg9hmCsM7QrAArsLq1uZe6Bw&__tn__=%2CO%2CP-R,earthquake
Facebook,PHIVOLCS,"#earthquakeph #earthquakeoccidentalmindoro earthquake information no.1 date and time: 03 september 2025 - 10:23 am magnitude = 3.0 depth = 148 km location = 13.58n, 120.71e - 015 km n 05 w of abra de ilog (occidental mindoro) #earthquakeph #earthquakeoccidentalmindoro earthquake information no.1 date and time: 03 september 2025 - 10:23 am magnitude = 3.0 depth = 148 km location = 13.58n, 120.71e - 015 km n 05 w of abra de ilog (occidental mindoro)","September 03, 2025 10:23:00",ABRA DE ILOG (citymun); OCCIDENTAL MINDORO (province),https://web.facebook.com/PHIVOLCS/posts/pfbid08wj7SUCFgjZJAGaCShMq6Qn9nWpgapenFfyFBPQxEKGbzkR6iJZ73Y4nNPtdAVd6l?__cft__[0]=AZXARMRjWFwLN20H0M9pIMdOUGKoS7VsMkew7-PhTk9AvPsWRGUzi_-vCaUu_LjjegS5ixOJvGCjlnZMARvuIdOFSFDmtbp7KVlE0T8hIJqKbpBMuPDcMTGnEKDIhcWEpkojO6Lg0IJ81SxkGiRJ7kR_6u3AqTcYiwJDEvZFQ5tukz_4glsH8eC7M-I7ZQ4Fc84&__tn__=%2CO%2CP-R,earthquake
Facebook,PHIVOLCS,"#earthquakeph #earthquakesurigaodelsur earthquake information no.1 date and time: 03 september 2025 - 12:44 pm magnitude = 1.5 depth = 030 km location = 08.73n, 126.43e - 016 km s 62 e of marihatag (surigao del sur) #earthquakeph #earthquakesurigaodelsur earthquake information no.1 date and time: 03 september 2025 - 12:44 pm magnitude = 1.5 depth = 030 km location = 08.73n, 126.43e - 016 km s 62 e of marihatag (surigao del sur)","September 03, 2025 12:44:00",SURIGAO DEL SUR (province); MARIHATAG (citymun),https://web.facebook.com/PHIVOLCS/posts/pfbid031D6BNharvGR4zgLEgjjk8csBMPYfJLH8at34d46iiFHEhFQTUUCJH8g2hacYcbTRl?__cft__[0]=AZUOcv5ydmRS5Yxq7lUUjF6KaW61a26-IT-HNzMzDO-H-WQk9ddHuP_rhtiX2tFsN9spZ3Y2q9jYRcWgEvNglbww4X9MrjAe8zJr29dlPb1OjOnjDXXoE9BSrvme9LCqnAxV0xmIuTP8eq6CG4NbNiNJQ6vq4zk5i6QPArDAJs9IaJWgwHhPCJwcuE_KsAM_lzY&__tn__=%2CO%2CP-R,earthquake
X,phivolcs_dost,"#earthquakeph #earthquakedavaooccidental earthquake information no.1 date and time: 03 september 2025 - 04:58 am magnitude = 2.0 depth = 152 km location = 06.22n, 125.56e - 015 km n 79 w of don marcelino (davao occidental)","September 03, 2025 04:58:00",DAVAO OCCIDENTAL (province); DON MARCELINO (citymun),https://x.com/phivolcs_dost/status/1962985351083131268,earthquake
Facebook,PHIVOLCS,"#earthquakeph #earthquakebatangas earthquake information no.1 date and time: 03 september 2025 - 07:10 pm magnitude = 1.4 depth = 066 km location = 13.68n, 120.61e - 017 km s 08 w of calatagan (batangas) #earthquakeph #earthquakebatangas earthquake information no.1 date and time: 03 september 2025 - 07:10 pm magnitude = 1.4 depth = 066 km location = 13.68n, 120.61e - 017 km s 08 w of calatagan (batangas)","September 03, 2025 19:10:00",Batang (barangay); CALATAGAN (citymun); BATANGAS (province),https://www.facebook.com/PHIVOLCS/posts/pfbid06HJa9tzvyGxnURSNHeowCwiMmkSMx3iJ5Gb1WSTtwjtU5bX5mpVMrtK1N1SfuBaNl?__cft__[0]=AZXIldXpvZMZRytkNnsJ_7zau0jCfw2Sd9oVLrQpREArmN4DLKRtEptEVRuIjoUXGQO8J4NcK9ViYENd5alXweEwuFLIMOquwcykiqXSaqEbvcs_sKdmiP-jiE_-CAmTkXS_b3YKJPXO0vIZhbjyTwBgym56JX0f0G8r7d8WLLd_zG---_RSwfv34vI3L6xdID0&__tn__=%2CO%2CP-R,earthquake
Facebook,PHIVOLCS,"#earthquakeph #earthquakedavaooccidental earthquake information no.1 date and time: 03 september 2025 - 08:38 pm magnitude = 2.0 depth = 100 km location = 05.74n, 125.83e - 028 km s 48 e of jose abad santos (davao occidental) #earthquakeph #earthquakedavaooccidental earthquake information no.1 date and time: 03 september 2025 - 08:38 pm magnitude = 2.0 depth = 100 km location = 05.74n, 125.83e - 028 km s 48 e of jose abad santos (davao occidental)","September 03, 2025 20:38:00",DAVAO OCCIDENTAL (province),https://www.facebook.com/PHIVOLCS/posts/pfbid0hFSmespdZXqWcfeLViRcmLWEYBsP7ER7CZo1tG1gKVDW4DxotdNmDyGCq2YDg4RAl?__cft__[0]=AZWk9gOPGDwKv6zA_MjHDK8NzPvpkK2A7i6ow8Puz8LJl6ndx2VGdP8w1Z_7VeUqJ31H7qjYvObfM7A7gNKxGzi32lBejJmpA_r2RTlycV-MsM_2b33xBSawPYT7OASP0ETAa-4zaN_eWoz6QQLq_b5OqD2a6pCk3_n2036hF5WAOzYBraNU8EWMd8gELZszdR0&__tn__=%2CO%2CP-R,earthquake
Facebook,PHIVOLCS,"#earthquakeph #earthquakebohol earthquake information no.1 date and time: 03 september 2025 - 07:57 pm magnitude = 2.5 depth = 011 km location = 09.78n, 123.84e - 004 km n 08 w of maribojoc (bohol) #earthquakeph #earthquakebohol earthquake information no.1 date and time: 03 september 2025 - 07:57 pm magnitude = 2.5 depth = 011 km location = 09.78n, 123.84e - 004 km n 08 w of maribojoc (bohol)","September 03, 2025 19:57:00",MARIBOJOC (citymun); BOHOL (province),https://www.facebook.com/PHIVOLCS/posts/pfbid0NW9cT7gSiPiHn373h9Zei5utPBh7PcSFbJcTTf2pzDsiFEYGaJkSQZAgsV4JoHuql?__cft__[0]=AZUpiFFn5nNLOUOlNpKmNzf_gqXJo0n5sE2mz2ghRGRRiGcpsdAtlC1gc6FHH0lH4uzhxVvUvyZ4gEiaDmFWeuN7bNbsLOFIwmEJpD-mljk_xgnmEy4H9xKrEYXQxQp1kYc6frZ2E02kN-vO3HZmWxQ8AqqGR9-971SqoQB1bnHNXxNyfUuApEhr8Zxgc6VdLkg&__tn__=%2CO%2CP-R,earthquake
X,phivolcs_dost,"#earthquakeph #earthquakealbay earthquake information no.1 date and time: 03 september 2025 - 07:11 am magnitude = 3.0 depth = 033 km location = 13.12n, 123.99e - 013 km s 88 e of manito (albay)","September 03, 2025 07:11:00",MANITO (citymun); ALBAY (province),https://x.com/phivolcs_dost/status/1963020077923762555,earthquake
X,phivolcs_dost,"#earthquakeph #earthquakecagayan earthquake information no.1 date and time: 03 september 2025 - 07:08 am magnitude = 2.4 depth = 006 km location = 19.12n, 121.21e - 002 km n 07 e of dalupiri island (calayan) (cagayan)","September 03, 2025 07:08:00",CALAYAN (citymun),https://x.com/phivolcs_dost/status/1963018347836276924,earthquake
X,phivolcs_dost,"#earthquakeph #earthquakedavaodeoro earthquake information no.1 date and time: 03 september 2025 - 05:42 am magnitude = 1.7 depth = 033 km location = 07.71n, 126.03e - 005 km n 86 e of montevista (davao de oro)","September 03, 2025 05:42:00",MONTEVISTA (citymun),https://x.com/phivolcs_dost/status/1962998191101772262,earthquake
Facebook,PHIVOLCS,"#earthquakeph #earthquakeilocosnorte earthquake information no.1 date and time: 03 september 2025 - 11:16 pm magnitude = 2.9 depth = 014 km location = 17.92n, 120.44e - 004 km s 77 w of badoc (ilocos norte) #earthquakeph #earthquakeilocosnorte earthquake information no.1 date and time: 03 september 2025 - 11:16 pm magnitude = 2.9 depth = 014 km location = 17.92n, 120.44e - 004 km s 77 w of badoc (ilocos norte)","September 03, 2025 23:16:00",ILOCOS NORTE (province); BADOC (citymun),https://www.facebook.com/PHIVOLCS/posts/pfbid02PXzgkxNn2YSkPEgTTb2z4fa7KtMK96sjJ63V5vGbMXAXVM6yi1SvRPSr1dLneiCVl?__cft__[0]=AZVQuC7y9MV3TeYLnHLx7kaoSHY_LxRK-YDP4gg7wSlMjWldg0Bco794fTayFJZQ2uBXRkjL9MWHU2ixMdP3nMEztohfdgez6iGZDfPfxM-EdAXCni61FfcDV4pD5nNjnAnoczG--cL5G2q8rR61la0e9XP-VoMhlXZ1mycknWzHShjHqD-NjwrGxvCDEaN6X4w&__tn__=%2CO%2CP-R,earthquake
X,phivolcs_dost,"#earthquakeph #earthquakezamboangadelnorte earthquake information no.1 date and time: 03 september 2025 - 08:15 am magnitude = 2.3 depth = 017 km location = 07.75n, 122.10e - 006 km n 39 w of siocon (zamboanga del norte)","September 03, 2025 08:15:00",ZAMBOANGA DEL NORTE (province); SIOCON (citymun),https://x.com/phivolcs_dost/status/1963034851088777310,earthquake
Facebook,PHIVOLCS,"#earthquakeph #earthquakeiloilo #ifelt_iloiloearthquake earthquake information no.2 date and time: 03 september 2025 - 11:25 pm magnitude = 4.0 depth = 026 km location = 11.18n, 122.37e - 018 km n 39 w of lambunao (iloilo) instrumental intensities: intensity ii - culasi, antique intensity i - malinao, aklan; sebaste, antique; tapaz, capiz #earthquakeph #earthquakeiloilo #ifelt_iloiloearthquake earthquake information no.2 date and time: 03 september 2025 - 11:25 pm magnitude = 4.0 depth = 026 km location = 11.18n, 122.37e - 018 km n 39 w of lambunao (iloilo) instrumental intensities: intensity ii - culasi, antique intensity i - malinao, aklan; sebaste, antique; tapaz, capiz","September 03, 2025 23:25:00",ILOILO (province); LAMBUNAO (citymun),https://www.facebook.com/PHIVOLCS/posts/pfbid0SRdiqGnzWKojG9U5Z5fABB7oPSYmFjxWBDayEjeVnum3xu9oCxnFqVs51SRj4pdHl?__cft__[0]=AZW4XK9h6X-jxowLYAVZO_tjWyMFmWNr0hUXzUFomFCB5Hqje0Xn51QKJRIEmMstt-1LH8oU8lT3ZUDhUeH2IQyQl_NCZK4EZe2QcVuKenwa15fzFOSg8ZFlvKziZvdq_QQaqzFiK_4LsTKYxGpiIRz8F8yuOEa6AaeUvAlairaOaJlbtTvEpRmqPxaJVsN_zlg&__tn__=%2CO%2CP-R,earthquake
Facebook,PHIVOLCS,"#earthquakeph #earthquakeiloilo earthquake information no.1 date and time: 03 september 2025 - 11:16 pm magnitude = 2.6 depth = 030 km location = 11.14n, 122.40e - 013 km n 41 w of lambunao (iloilo) #earthquakeph #earthquakeiloilo earthquake information no.1 date and time: 03 september 2025 - 11:16 pm magnitude = 2.6 depth = 030 km location = 11.14n, 122.40e - 013 km n 41 w of lambunao (iloilo)","September 03, 2025 23:16:00",LAMBUNAO (citymun); ILOILO (province),https://www.facebook.com/PHIVOLCS/posts/pfbid02PGhuAaiL4E9BnDxxLvjrGF39JNBoza3iKY3XMDLLDCHyaw9v2qBvCKCjQdzDif2yl?__cft__[0]=AZXevfkB9K4ZGakacnmU9dJoHoDT6iWtdWOI_Gi_-XxvxTmDo6NB6AguAx3qxkKBiCq7hhqC6lfFPOeztk_VlZ7K_RAEbEBr8sVuhXk6mI7FZBAnVE1chk_le7wYH-qJtg45PQnvFxK2l4-Mo0T0HzwmMqClaCndFHxQeBd8ORagHQSoP5j28mzTnf8bwR7GbuE&__tn__=%2CO%2CP-R,earthquake
X,phivolcs_dost,"#earthquakeph #earthquakeoccidentalmindoro earthquake information no.1 date and time: 03 september 2025 - 10:23 am magnitude = 3.0 depth = 148 km location = 13.58n, 120.71e - 015 km n 05 w of abra de ilog (occidental mindoro)","September 03, 2025 10:23:00",Mindoro (barangay); ABRA DE ILOG (citymun); OCCIDENTAL MINDORO (province),https://x.com/phivolcs_dost/status/1963068263845528053,earthquake
X,phivolcs_dost,"#earthquakeph #earthquakedavaooccidental earthquake information no.1 date and time: 03 september 2025 - 10:00 am magnitude = 3.3 depth = 116 km location = 06.00n, 126.13e - 053 km s 65 e of don marcelino (davao occidental)","September 03, 2025 10:00:00",DAVAO OCCIDENTAL (province); DON MARCELINO (citymun),https://x.com/phivolcs_dost/status/1963063145951379893,earthquake
X,phivolcs_dost,"#earthquakeph #earthquakebatangas earthquake information no.1 date and time: 03 september 2025 - 09:28 am magnitude = 1.3 depth = 090 km location = 13.92n, 120.53e - 015 km n 48 w of calatagan (batangas)","September 03, 2025 09:28:00",BATANGAS (province); CALATAGAN (citymun),https://x.com/phivolcs_dost/status/1963053274078314713,earthquake
Facebook,PHIVOLCS,"#earthquakeph #earthquakeiloilo earthquake information no.1 date and time: 04 september 2025 - 12:05 am magnitude = 2.3 depth = 024 km location = 11.15n, 122.37e - 016 km n 47 w of lambunao (iloilo) #earthquakeph #earthquakeiloilo earthquake information no.1 date and time: 04 september 2025 - 12:05 am magnitude = 2.3 depth = 024 km location = 11.15n, 122.37e - 016 km n 47 w of lambunao (iloilo)","September 04, 2025 00:05:00",LAMBUNAO (citymun); ILOILO (province),https://www.facebook.com/PHIVOLCS/posts/pfbid02Z8ChP9ExDLosg3TZiHi6KdXFkCcbvEqcuC9nSn2DF4Cn8rpGb1jR43i7wSbJ7a8Pl?__cft__[0]=AZXudAPMy9F6XtEr52r48x60KemiEXXD16tcBcPYt_2dPLpFMJgO2NIM8K6S1thblrsMR80oejYjm-jJlacNud88YlTJMPS9yo_zvxsTeQjDdP6ZbZiQAhyUNpwplSfxm59Q8ePuXekbOjLtzp_fOYrvw1I6n8njhp-ed_zSeBzGGfh2WOEF5ZDP9Qa5uu8Wk04&__tn__=%2CO%2CP-R,earthquake
X,phivolcs_dost,"#earthquakeph #earthquakesurigaodelsur earthquake information no.1 date and time: 03 september 2025 - 12:44 pm magnitude = 1.5 depth = 030 km location = 08.73n, 126.43e - 016 km s 62 e of marihatag (surigao del sur)","September 03, 2025 12:44:00",SURIGAO DEL SUR (province); MARIHATAG (citymun),https://x.com/phivolcs_dost/status/1963103406018773228,earthquake
X,phivolcs_dost,"#earthquakeph #earthquakequirino earthquake information no.1 date and time: 03 september 2025 - 12:04 pm magnitude = 2.3 depth = 027 km location = 16.31n, 121.58e - 010 km n 16 w of nagtipunan (quirino)","September 03, 2025 12:04:00",QUIRINO (province); NAGTIPUNAN (citymun),https://x.com/phivolcs_dost/status/1963093042359128168,earthquake
X,phivolcs_dost,"#earthquakeph #earthquakeaklan earthquake information no.1 date and time: 03 september 2025 - 11:09 am magnitude = 1.9 depth = 034 km location = 12.01n, 122.22e - 022 km n 17 e of ibajay (aklan)","September 03, 2025 11:09:00",IBAJAY (citymun); AKLAN (province),https://x.com/phivolcs_dost/status/1963079051914182993,earthquake
Facebook,PHIVOLCS,"#earthquakeph #earthquakekalinga earthquake information no.1 date and time: 04 september 2025 - 02:14 am magnitude = 2.8 depth = 019 km location = 17.38n, 121.30e - 013 km n 77 e of lubuagan (kalinga) #earthquakeph #earthquakekalinga earthquake information no.1 date and time: 04 september 2025 - 02:14 am magnitude = 2.8 depth = 019 km location = 17.38n, 121.30e - 013 km n 77 e of lubuagan (kalinga)","September 04, 2025 02:14:00",LUBUAGAN (citymun); KALINGA (province),https://www.facebook.com/PHIVOLCS/posts/pfbid0W3Y4232vfxHH7MkdJBFKCYBHCdBsqRuE3HohNg2XncdGxgo67RrNzuXfuemWZXoWl?__cft__[0]=AZXpCUbpjk73QQxyKFXtv0Dta0Vappz4acPw_omP9Ohe2AmDcNbvN-TlAok3V9wkQ6Lh65basS_g30Cz7p4MXsY9cMQVNJuYoA2l7O7BMRZ_p7W6lg5R67PxuAiFCwPOP5hAEjPD9j70ZDlN63fv6fdaMcghn5JNYXwkOqv-yLqn2JdEUYairgFdel-UZ0gJ6MA&__tn__=%2CO%2CP-R,earthquake
X,phivolcs_dost,"#earthquakeph #earthquakesurigaodelsur earthquake information no.1 date and time: 03 september 2025 - 03:20 pm magnitude = 1.7 depth = 033 km location = 08.31n, 126.53e - 021 km s 72 e of hinatuan (surigao del sur)","September 03, 2025 15:20:00",SURIGAO DEL SUR (province); HINATUAN (citymun),https://x.com/phivolcs_dost/status/1963143023279387075,earthquake
Facebook,PHIVOLCS,"#earthquakeph #earthquakenorthernsamar earthquake information no.1 date and time: 04 september 2025 - 03:24 am magnitude = 3.5 depth = 028 km location = 12.81n, 124.86e - 028 km n 15 w of pambujan (northern samar) #earthquakeph #earthquakenorthernsamar earthquake information no.1 date and time: 04 september 2025 - 03:24 am magnitude = 3.5 depth = 028 km location = 12.81n, 124.86e - 028 km n 15 w of pambujan (northern samar)","September 04, 2025 03:24:00",SAMAR (WESTERN SAMAR) (province); PAMBUJAN (citymun); NORTHERN SAMAR (province),https://www.facebook.com/PHIVOLCS/posts/pfbid0uS2xQ8xU7W4tzT1XbuJYKksP1fB6iwe2f3176EDEs9RLKTSu14hwQ7YJks1YQ3Xdl?__cft__[0]=AZWS7Q6zTEbPmzR3Yyo5UzbYdGj5GAU1lSR7woLKSwryVy2km90kLF888NkshnInBUb3iBCxJPtNvDy9dpNui1NBN_sPLVg2mjj5l2r0PB6q5PvLeJZAw52XvC5Q_or2Zz68_suDdhk9_PdMkMIo-94tkpeA0L_k3bUZb41vMXcp5_7ZNlrn1IYz3nXGvIJcEoQ&__tn__=%2CO%2CP-R,earthquake
Facebook,PHIVOLCS,"#earthquakeph #earthquakezambales earthquake information no.1 date and time: 04 september 2025 - 03:11 am magnitude = 2.5 depth = 048 km location = 15.10n, 119.97e - 011 km n 68 w of san felipe (zambales) #earthquakeph #earthquakezambales earthquake information no.1 date and time: 04 september 2025 - 03:11 am magnitude = 2.5 depth = 048 km location = 15.10n, 119.97e - 011 km n 68 w of san felipe (zambales)","September 04, 2025 03:11:00",SAN FELIPE (citymun); ZAMBALES (province),https://www.facebook.com/PHIVOLCS/posts/pfbid0SiLsqWucPSyo33Zh8BbryzBwLwqpT2KJm2KqmgV4m7nWmLBoxECUD7btj8nbPq6Cl?__cft__[0]=AZVJbilf_QYzhtzf-FhorOCWvDkzgauYwOmyUtMeVa55_jO0G5i_qDnaNeJ27jNaBGHukFqgJgC97-f6zOvzQgtqS_Qm11XEljlUN3QxHc4DJ9sF0EkODUqUOvCa8Lxtuh6wt2i558kGaR-GZGrPmqK0mpv7agToZKepyaS9jsgjcFzPGTfmDx-ix836staPtPc&__tn__=%2CO%2CP-R,earthquake
X,phivolcs_dost,"#earthquakeph #earthquakebatangas earthquake information no.1 date and time: 03 september 2025 - 07:09 pm magnitude = 1.4 depth = 098 km location = 13.65n, 120.67e - 021 km s 11 e of calatagan (batangas)","September 03, 2025 19:09:00",BATANGAS (province); CALATAGAN (citymun),https://x.com/phivolcs_dost/status/1963200562411012184,earthquake
X,phivolcs_dost,"#earthquakeph #earthquakesurigaodelsur earthquake information no.1 date and time: 03 september 2025 - 04:34 pm magnitude = 2.4 depth = 032 km location = 08.13n, 126.53e - 016 km n 53 e of lingig (surigao del sur)","September 03, 2025 16:34:00",SURIGAO DEL SUR (province); LINGIG (citymun),https://x.com/phivolcs_dost/status/1963161449049759770,earthquake
Facebook,PHIVOLCS,"#earthquakeph #earthquakesurigaodelnorte earthquake information no.1 date and time: 04 september 2025 - 03:55 am magnitude = 4.3 depth = 010 km location = 10.16n, 126.20e - 020 km n 41 e of burgos (surigao del norte) #earthquakeph #earthquakesurigaodelnorte earthquake information no.1 date and time: 04 september 2025 - 03:55 am magnitude = 4.3 depth = 010 km location = 10.16n, 126.20e - 020 km n 41 e of burgos (surigao del norte)","September 04, 2025 03:55:00",SURIGAO DEL NORTE (province); BURGOS (citymun),https://www.facebook.com/PHIVOLCS/posts/pfbid02vYgkz8Vz7ZhCn432GCVd6qFskJjwQtTJWJQ4qe2pp5MJB4ATZEVXsCRAKuYMXq33l?__cft__[0]=AZUOHLiAeSNhQdbpSvFwa_4Ps7fMQCYiNt3CsfcQh9cB-pxnIP6I68n1ZHM1TV9m2FPfGByJQV-Uf91DvTLJ-m761sBuxKt1_xuMlfGCyOPCC8cSW67Gs2EfsslDnQ9ytMrWvRz_-_6i4GC0ACr7pcxBv_0BnjzjSg8Hqx9TTE0AwLC3TdsE3IICMDbvYTdTJdM&__tn__=%2CO%2CP-R,earthquake
X,phivolcs_dost,"#earthquakeph #earthquakeilocosnorte earthquake information no.1 date and time: 03 september 2025 - 11:16 pm magnitude = 2.9 depth = 014 km location = 17.92n, 120.44e - 004 km s 77 w of badoc (ilocos norte)","September 03, 2025 23:16:00",ILOCOS NORTE (province); BADOC (citymun),https://x.com/phivolcs_dost/status/1963263592448614401,earthquake
X,phivolcs_dost,"#earthquakeph #earthquakedavaooccidental earthquake information no.1 date and time: 03 september 2025 - 08:38 pm magnitude = 2.0 depth = 100 km location = 05.74n, 125.83e - 028 km s 48 e of jose abad santos (davao occidental)","September 03, 2025 20:38:00",DAVAO OCCIDENTAL (province),https://x.com/phivolcs_dost/status/1963222790057976263,earthquake
X,phivolcs_dost,"#earthquakeph #earthquakebatanes earthquake information no.1 date and time: 03 september 2025 - 07:57 pm magnitude = 2.1 depth = 033 km location = 19.97n, 121.47e - 058 km s 47 w of sabtang (batanes)","September 03, 2025 19:57:00",BATANES (province); SABTANG (citymun),https://x.com/phivolcs_dost/status/1963213165434687956,earthquake
X,phivolcs_dost,"#earthquakeph #earthquakebohol earthquake information no.1 date and time: 03 september 2025 - 07:57 pm magnitude = 2.5 depth = 011 km location = 09.78n, 123.84e - 004 km n 08 w of maribojoc (bohol)","September 03, 2025 19:57:00",BOHOL (province); MARIBOJOC (citymun),https://x.com/phivolcs_dost/status/1963212760109744291,earthquake
X,phivolcs_dost,"#earthquakeph #earthquakebatangas earthquake information no.1 date and time: 03 september 2025 - 07:10 pm magnitude = 1.4 depth = 066 km location = 13.68n, 120.61e - 017 km s 08 w of calatagan (batangas)","September 03, 2025 19:10:00",BATANGAS (province); CALATAGAN (citymun),https://x.com/phivolcs_dost/status/1963200910999581011,earthquake
Facebook,PHIVOLCS,"#earthquakeph #earthquakepangasinan earthquake information no.1 date and time: 04 september 2025 - 04:18 am magnitude = 2.5 depth = 009 km location = 15.73n, 120.18e - 014 km s 62 w of mangatarem (pangasinan) #earthquakeph #earthquakepangasinan earthquake information no.1 date and time: 04 september 2025 - 04:18 am magnitude = 2.5 depth = 009 km location = 15.73n, 120.18e - 014 km s 62 w of mangatarem (pangasinan)","September 04, 2025 04:18:00",MANGATAREM (citymun); PANGASINAN (province),https://www.facebook.com/PHIVOLCS/posts/pfbid0Cw9H3A7njwDyBHsuUtkaSbmkwNa4zAVvLM9tVqnTb4KtguhyYUuuNhbggvjHCK59l?__cft__[0]=AZUktSaiNMhUFLobfaZD3oOBcE4UsDO6I9UoTQ1CnCFTPLC9Kqu8Jfpw4ptbqDirbbbsmlMudm8vl60JZC0B3wWm__qKe2fOG3_MMEPPTgTHdCcvYC0ijJdiP40QowuJ8kLkCHCVWfNUqe_hzPIBQczKKec2bv7OAtcQNmdX30p1WTqNioHh7h_cSBKH0S2Gudw&__tn__=%2CO%2CP-R,earthquake
X,phivolcs_dost,"#earthquakeph #earthquakebohol earthquake information no.2 date and time: 03 september 2025 - 07:57 pm magnitude = 2.6 depth = 012 km location = 09.77n, 123.84e - 003 km n 16 w of maribojoc (bohol)","September 03, 2025 19:57:00",BOHOL (province); MARIBOJOC (citymun),https://x.com/phivolcs_dost/status/1963276907870654493,earthquake
X,phivolcs_dost,"#earthquakeph #earthquakeiloilo earthquake information no.1 date and time: 04 september 2025 - 12:05 am magnitude = 2.3 depth = 024 km location = 11.15n, 122.37e - 016 km n 47 w of lambunao (iloilo)","September 04, 2025 00:05:00",ILOILO (province); LAMBUNAO (citymun),https://x.com/phivolcs_dost/status/1963276084549713993,earthquake
X,phivolcs_dost,"#earthquakeph #earthquakeiloilo #ifelt_iloiloearthquake earthquake information no.2 date and time: 03 september 2025 - 11:25 pm magnitude = 4.0 depth = 026 km location = 11.18n, 122.37e - 018 km n 39 w of lambunao (iloilo)","September 03, 2025 23:25:00",LAMBUNAO (citymun); ILOILO (province),https://x.com/phivolcs_dost/status/1963268776780271670,earthquake
X,phivolcs_dost,"#earthquakeph #earthquakeiloilo #ifelt_iloiloearthquake earthquake information no.1 date and time: 03 september 2025 - 11:25 pm magnitude = 3.9 depth = 010 km location = 11.17n, 122.38e - 016 km n 39 w of lambunao (iloilo)","September 03, 2025 23:25:00",LAMBUNAO (citymun); ILOILO (province),https://x.com/phivolcs_dost/status/1963263938843611240,earthquake
X,phivolcs_dost,"#earthquakeph #earthquakeiloilo earthquake information no.1 date and time: 03 september 2025 - 11:16 pm magnitude = 2.6 depth = 030 km location = 11.14n, 122.40e - 013 km n 41 w of lambunao (iloilo)","September 03, 2025 23:16:00",ILOILO (province); LAMBUNAO (citymun),https://x.com/phivolcs_dost/status/1963263682164756885,earthquake
Facebook,PHIVOLCS,"#earthquakeph #earthquakebatangas earthquake information no.1 date and time: 04 september 2025 - 04:36 am magnitude = 2.2 depth = 098 km location = 13.71n, 120.58e - 014 km s 24 w of calatagan (batangas) #earthquakeph #earthquakebatangas earthquake information no.1 date and time: 04 september 2025 - 04:36 am magnitude = 2.2 depth = 098 km location = 13.71n, 120.58e - 014 km s 24 w of calatagan (batangas)","September 04, 2025 04:36:00",Batang (barangay); CALATAGAN (citymun); BATANGAS (province),https://www.facebook.com/PHIVOLCS/posts/pfbid0N7sSMmiRKx5dGWGJtt2wRmA1rTqCDqqXG1nQ4Tz55TwZjnr6cNrPhdpjAMQHLxAYl?__cft__[0]=AZXeXi2EWHwImTvJGY4Ez_QB_p6UT3b4jnT4GmLPEdRASaLby7GZ0Xv34QoquJzRkgwQPx3-7bCkjbbQGI-uQEoSKvFBqNkFdjezMrJJCoTrr9_D7j5SDfv0yjLFYro-Ull8CW2a93PxlJNEjE5T4aAfQbLmplZAe8LxYkEPxByh_bo9E5FSxpEzf4TuppsjAew&__tn__=%2CO%2CP-R,earthquake
X,phivolcs_dost,"#earthquakeph #earthquakedavaooccidental earthquake information no.1 date and time: 04 september 2025 - 03:58 am magnitude = 2.8 depth = 082 km location = 06.31n, 125.91e - 026 km n 63 e of don marcelino (davao occidental)","September 04, 2025 03:58:00",DAVAO OCCIDENTAL (province); DON MARCELINO (citymun),https://x.com/phivolcs_dost/status/1963333436917326210,earthquake
X,phivolcs_dost,"#earthquakeph #earthquakesurigaodelsur earthquake information no.1 date and time: 04 september 2025 - 03:29 am magnitude = 2.9 depth = 025 km location = 08.66n, 126.48e - 025 km s 53 e of marihatag (surigao del sur)","September 04, 2025 03:29:00",SURIGAO DEL SUR (province); MARIHATAG (citymun),https://x.com/phivolcs_dost/status/1963325256661438872,earthquake
X,phivolcs_dost,"#earthquakeph #earthquakenorthernsamar earthquake information no.1 date and time: 04 september 2025 - 03:24 am magnitude = 3.5 depth = 028 km location = 12.81n, 124.86e - 028 km n 15 w of pambujan (northern samar)","September 04, 2025 03:24:00",SAMAR (WESTERN SAMAR) (province); PAMBUJAN (citymun),https://x.com/phivolcs_dost/status/1963323041741676739,earthquake
X,phivolcs_dost,"#earthquakeph #earthquakezambales earthquake information no.1 date and time: 04 september 2025 - 03:11 am magnitude = 2.5 depth = 048 km location = 15.10n, 119.97e - 011 km n 68 w of san felipe (zambales)","September 04, 2025 03:11:00",Zambal (barangay); SAN FELIPE (citymun); ZAMBALES (province),https://x.com/phivolcs_dost/status/1963321581419290980,earthquake
X,phivolcs_dost,"#earthquakeph #earthquakequezon earthquake information no.1 date and time: 04 september 2025 - 03:04 am magnitude = 1.5 depth = 007 km location = 15.03n, 121.66e - 019 km n 57 w of panukulan (quezon)","September 04, 2025 03:04:00",QUEZON (province); PANUKULAN (citymun),https://x.com/phivolcs_dost/status/1963321417547878813,earthquake
Facebook,peoplestonight.org,"earthquake alert: niyanig ng magnitude 3.8 na lindol ang san francisco, southern leyte, alas-8:43 ng umaga ngayong huwebes, setyembre 4, ayon sa philippine institute of volcanology and seismology (phivolcs). iniulat din ng ahensya na may lalim na 10 kilometro ang nasabing lindol. samantala, naitala ang instrumental intensity sa mga sumusunod na lugar: intensity ii - padre burgos, southern leyte intensity i - malitbog, southern leyte #pilipinastoday #earthquakealert #phivolcs #southernleyte #peoplestonight earthquake alert: niyanig ng magnitude 3.8 na lindol ang san francisco, southern leyte, alas-8:43 ng umaga ngayong huwebes, setyembre 4, ayon sa philippine institute of volcanology and seismology (phivolcs). iniulat din ng ahensya na may lalim na 10 kilometro ang nasabing lindol. samantala, naitala ang instrumental intensity sa mga sumusunod na lugar: intensity ii - padre burgos, southern leyte intensity i - malitbog, southern leyte #pilipinastoday #earthquakealert #phivolcs #southernleyte #peoplestonight","September 04, 2025 00:00:00",SAN FRANCISCO (AURORA) (citymun); SOUTHERN LEYTE (province); PADRE BURGOS (citymun); Philippines (country),https://www.facebook.com/peoplestonight.org/posts/pfbid02QqZwfCepTc8hGmrGhaJCBCdwVzTjnsnzYX1gHYnz9xu8SP9UG1LTXH3CSnxggokSl?__cft__[0]=AZWpQynn1pyYWdU0-HERT0YcKkh5eylRpMUTwtQgBBe8tcJ-zlBTzUmspWEXt30BQtKsMkYl-H0IPs7xd-e96un-xM3ZzzfoDcwi19w_26IUDXrXeGyl8g8SVOnG_8sTxlk1FWDHrNxX5cPw_WMlFcypMmqeenI188jm1TEc3m25o5e_ZBu51JqXeATkwQEPEvA&__tn__=%2CO%2CP-R,earthquake
Facebook,PHIVOLCS,"#earthquakeph #earthquakesouthernleyte #ifelt_southernleyteearthquake earthquake information no.1 date and time: 04 september 2025 - 08:43 am magnitude = 3.8 depth = 010 km location = 10.00n, 125.15e - 006 km s 7 w of san francisco (southern leyte) reported intensities: instrumental intensities: intensity ii - padre burgos, southern leyte intensity i - malitbog, southern leyte #earthquakeph #earthquakesouthernleyte #ifelt_southernleyteearthquake earthquake information no.1 date and time: 04 september 2025 - 08:43 am magnitude = 3.8 depth = 010 km location = 10.00n, 125.15e - 006 km s 7 w of san francisco (southern leyte) reported intensities: instrumental intensities: intensity ii - padre burgos, southern leyte intensity i - malitbog, southern leyte","September 04, 2025 08:43:00",SOUTHERN LEYTE (province); SAN FRANCISCO (AURORA) (citymun); PADRE BURGOS (citymun); MALITBOG (citymun); LEYTE (province),https://www.facebook.com/PHIVOLCS/posts/pfbid02vChaVok8PGu6psxbBTM8S2BG8p1ivA2EE6WciqoGt1DiRWhCKKVF1J6X2cMc3owul?__cft__[0]=AZU0kzIRdMg9ew7D-BcnoTEgglQyyRkbS1BwW5sr-RU9_Z_VX41AOqbeISIxyvWnS3fdRgSV1Q2ixailTajhznI7fU-5ZYkHaIGXCKCB1ga0DowU5XXdHEBAkWYkSrcZFbHSdK9nxN4bfyLnP8S2PhuGvlXlSYKyAzy5zed1bzo9XBGe8GKRXGut4Ov9xuvrVBk&__tn__=%2CO%2CP-R,earthquake
Facebook,PHIVOLCS,"#earthquakeph #earthquakezamboangadelnorte earthquake information no.1 date and time: 06 september 2025 - 02:45 am magnitude = 2.2 depth = 019 km location = 08.08n, 122.95e - 015 km n 53 e of godod (zamboanga del norte) #earthquakeph #earthquakezamboangadelnorte earthquake information no.1 date and time: 06 september 2025 - 02:45 am magnitude = 2.2 depth = 019 km location = 08.08n, 122.95e - 015 km n 53 e of godod (zamboanga del norte)","September 06, 2025 02:45:00",ZAMBOANGA DEL NORTE (province); GODOD (citymun),https://www.facebook.com/PHIVOLCS/posts/pfbid02ZJ9BXHqkDMSf9rEwLgP4WnEtTqLSENYcNdehq2U3WHoXsZKp3aTQNSdNAPrLaJzsl?__cft__[0]=AZU2nEXnYjWPZmvxxiqgyTk2ZPDrHZVixz1Yc7w3Viyvkg_O_zv8nO_k01aYjjuMWHV6sZFQa0UljHuhpaRMhmoylUjEXINn2tPNqMNFQympkAaoMBxgdo_Z-WEQpYGx_3JXE5udCHWffK1FfCq9ZeDdcLa-uK3szIDEpeOqhTtt_dUJgf27nGZKtVK0UqqIu14&__tn__=%2CO%2CP-R,earthquake
Facebook,PHIVOLCS,"#earthquakeph #earthquakedinagatislands earthquake information no.1 date and time: 06 september 2025 - 03:28 am magnitude = 3.0 depth = 025 km location = 10.21n, 125.81e - 029 km n 55 e of basilisa (dinagat islands) #earthquakeph #earthquakedinagatislands earthquake information no.1 date and time: 06 september 2025 - 03:28 am magnitude = 3.0 depth = 025 km location = 10.21n, 125.81e - 029 km n 55 e of basilisa (dinagat islands)","September 06, 2025 03:28:00",DINAGAT ISLANDS (province); BASILISA (RIZAL) (citymun),https://www.facebook.com/PHIVOLCS/posts/pfbid02DHM7h8mEaMCj17nw2GMnEoCP6g2pY4svzSfv1MGNwYiBYopQadzJ8nuJySQ3APEYl?__cft__[0]=AZVMmE1bH3dNLqkiksa9xpZxbrTIn-vE80kSKKxO9z1krknWFYv4aEsfOdg6oCLQ8KdIzUeeAsf4s95lIXcVeqvqV2RHEUG1muOMrFj3RWtHnNSwOuEhq8mFke9Dgv-cCIYibk5r6ghxk4MpA5OrhcHzzMk847b8JqSwnUuVc5AzSPrIniyOuqsmBkNfcZqUEzQ&__tn__=%2CO%2CP-R,earthquake
X,phivolcs_dost,"#earthquakeph #earthquakesurigaodelsur earthquake information no.1 date and time: 06 september 2025 - 05:49 am magnitude = 2.2 depth = 022 km location = 08.98n, 126.43e - 016 km n 86 e of bayabas (surigao del sur) earthquake.phivolcs.dost.gov.ph/2025_earthquak","September 06, 2025 05:49:00",SURIGAO DEL SUR (province); BAYABAS (citymun),https://x.com/phivolcs_dost/status/1964085552334221515,earthquake
Facebook,pioalbay2023,"#earthquakealert #rapurapu #albay #earthquakeinformationno1 niyanig ng magnitude 2.3 na lindol kaninang 4:11 pm ang lalawigan ng albay partikular na sa silangang bahagi ng rapu-rapu. ayon pa sa philippine institute of volcanology and seismology (phivolcs-dost), ito ay may lalim na 021 km. source: #earthquakealert #rapurapu #albay #earthquakeinformationno1 niyanig ng magnitude 2.3 na lindol kaninang 4:11 pm ang lalawigan ng albay partikular na sa silangang bahagi ng rapu-rapu. ayon pa sa philippine institute of volcanology and seismology (phivolcs-dost), ito ay may lalim na 021 km. source:","October 14, 2025 16:11:00",ALBAY (province); RAPU-RAPU (citymun),https://www.facebook.com/pioalbay2023/posts/pfbid029TsPN8AHqm4bXAzCYTCwafaiLyKt5Wn6ZQkg5ANFDZJkLiWZoLEb2F3CsTEyLG3zl?__cft__[0]=AZUyuFwIi8GzCe0ndaUa-1IPGpkNyyqh_QoQb7mL653f6Xp-SDP39T9Tht6DbjbY4X0ON7W37RbeR0MZeb9q27BkKEQAkODOqmbuERHC8sg_rJTB2vz0-fuE153VINyP-iRx9qAIcr2vpxJeElL7IrN8T_TEkL-iC5fPkJ6dz_78aY2Eo1cZJQqL3kbqWqlGztI&__tn__=%2CO%2CP-R,earthquake
X,phivolcs_dost,"#earthquakeph #earthquakecatanduanes earthquake information no.1 date and time: 06 september 2025 - 07:16 am magnitude = 4.4 depth = 010 km location = 14.98n, 124.65e - 116 km n 27 e of pandan (catanduanes) earthquake.phivolcs.dost.gov.ph/2025_earthquak","September 06, 2025 07:16:00",PANDAN (citymun); CATANDUANES (province),https://x.com/phivolcs_dost/status/1964106642657861839,earthquake
X,phivolcs_dost,"#earthquakeph #earthquakeapayao earthquake information no.1 date and time: 06 september 2025 - 06:18 am magnitude = 2.2 depth = 032 km location = 18.07n, 121.32e - 020 km s 34 w of flora (apayao) earthquake.phivolcs.dost.gov.ph/2025_earthquak","September 06, 2025 06:18:00",FLORA (citymun); APAYAO (province),https://x.com/phivolcs_dost/status/1964093839301644555,earthquake
X,phivolcs_dost,"#earthquakeph #earthquakeilocosnorte earthquake information no.1 date and time: 06 september 2025 - 06:16 am magnitude = 1.8 depth = 016 km location = 18.36n, 120.93e - 012 km s 15 e of adams (ilocos norte) earthquake.phivolcs.dost.gov.ph/2025_earthquak","September 06, 2025 06:16:00",ILOCOS NORTE (province); ADAMS (citymun),https://x.com/phivolcs_dost/status/1964093694707171733,earthquake
X,phivolcs_dost,"#earthquakeph #earthquakedavaooriental earthquake information no.1 date and time: 06 september 2025 - 06:10 am magnitude = 2.7 depth = 029 km location = 06.30n, 126.33e - 049 km s 36 e of governor generoso (davao oriental) earthquake.phivolcs.dost.gov.ph/2025_earthquak","September 06, 2025 06:10:00",DAVAO ORIENTAL (province),https://x.com/phivolcs_dost/status/1964092470486335817,earthquake
Facebook,PHIVOLCS,"#earthquakeph #earthquakeilocossur earthquake information no.1 date and time: 06 september 2025 - 06:14 pm magnitude = 1.6 depth = 025 km location = 17.39n, 120.33e - 014 km n 61 w of san esteban (ilocos sur) #earthquakeph #earthquakeilocossur earthquake information no.1 date and time: 06 september 2025 - 06:14 pm magnitude = 1.6 depth = 025 km location = 17.39n, 120.33e - 014 km n 61 w of san esteban (ilocos sur)","September 06, 2025 18:14:00",SAN ESTEBAN (citymun); ILOCOS SUR (province),https://www.facebook.com/PHIVOLCS/posts/1100020812321882?__cft__[0]=AZWe_VbW714jB-sLlom_J8kTZnDofYw-SdePC3USsh8IHNrTvmDwubwFwPm6Nbxk3lxBKONK-TwlCWleYUuN-UHlq1-L4pu6aLN1ZQ-M7GAiAp4Du6v_75lDPWMerBJd_Fp1FxetZyx__dv9tntle2EfsoHaUmXQn7l5nuM-Pps-JTselyPnasXnsjlW7_LRUfA&__tn__=%2CO%2CP-R,earthquake
X,phivolcs_dost,"#earthquakeph #earthquakecebu earthquake information no.1 date and time: 06 september 2025 - 07:18 am magnitude = 1.8 depth = 025 km location = 10.57n, 123.68e - 004 km s 88 w of asturias (cebu) earthquake.phivolcs.dost.gov.ph/2025_earthquak","September 06, 2025 07:18:00",CEBU (province); ASTURIAS (citymun),https://x.com/phivolcs_dost/status/1964107682060915181,earthquake
Facebook,PHIVOLCS,"#earthquakeph #earthquakebatanes earthquake information no.1 date and time: 06 september 2025 - 09:56 pm magnitude = 3.8 depth = 030 km location = 20.71n, 119.89e - 203 km s 87 w of itbayat (batanes) #earthquakeph #earthquakebatanes earthquake information no.1 date and time: 06 september 2025 - 09:56 pm magnitude = 3.8 depth = 030 km location = 20.71n, 119.89e - 203 km s 87 w of itbayat (batanes)","September 06, 2025 21:56:00",Bata (barangay); ITBAYAT (citymun); BATANES (province),https://www.facebook.com/PHIVOLCS/posts/1100147542309209?__cft__[0]=AZW0lF2cmL3A0B6yh0ebHobToqgcy9WL5vjCeRZ80QpaU1r5yw9h_Z2n7_XMz1h7IOG69Xme3lrPG0bOrgSx6S_iUlS0SG4dDCT-z9V-Lw-vkEBZwVdzTordeSLWOSsMUEHnlF5WU8wNlvOqXsNZ7aUox2DwFsykErrjH3b9EicXztw0fjAc5OJhbdvhZydHFeo&__tn__=%2CO%2CP-R,earthquake
X,phivolcs_dost,"#earthquakeph #earthquakezambales earthquake information no.1 date and time: 06 september 2025 - 10:56 am magnitude = 2.5 depth = 014 km location = 15.40n, 119.79e - 013 km s 74 w of palauig (zambales) earthquake.phivolcs.dost.gov.ph/2025_earthquak","September 06, 2025 10:56:00",Zambal (barangay); PALAUIG (citymun); ZAMBALES (province),https://x.com/phivolcs_dost/status/1964162861598744995,earthquake
Facebook,PHIVOLCS,"#earthquakeph #earthquakedavaooriental earthquake information no.1 date and time: 06 september 2025 - 10:48 pm magnitude = 2.3 depth = 125 km location = 06.25n, 126.17e - 046 km s 13 e of governor generoso (davao oriental) #earthquakeph #earthquakedavaooriental earthquake information no.1 date and time: 06 september 2025 - 10:48 pm magnitude = 2.3 depth = 125 km location = 06.25n, 126.17e - 046 km s 13 e of governor generoso (davao oriental)","September 06, 2025 22:48:00",DAVAO ORIENTAL (province),https://www.facebook.com/PHIVOLCS/posts/pfbid02KFKqrRQMVHM3AfCP9DzFmrFpKVvQDpuKDXkCkGZJBXyH5dYiwRTTbGfa3RdSQJGJl?__cft__[0]=AZXpMGSfwYdJVduHMsCGNr06upPBHS50P1cBxzSnTH4tgb3LCwyy7NL5f0qwPK5_qeic8YErGw9JeFVl_rMKJLBLO6hnGfLh8_Wr24NcwdD5rVV_9MN11UHRQqk9oIjFo6xZEWin65AzcvjE1kVMwYA-H-Ss9gDaYSPmQ_X1YoerCaYI3bC5gsUi1vDz1nURX_U&__tn__=%2CO%2CP-R,earthquake
X,phivolcs_dost,"#earthquakeph #earthquakedavaooccidental earthquake information no.1 date and time: 06 september 2025 - 01:09 pm magnitude = 2.9 depth = 038 km location = 05.04n, 126.11e - 086 km s 56 e of sarangani island (municipality of sarangani) (davao occidental)","September 06, 2025 13:09:00",DAVAO OCCIDENTAL (province),https://x.com/phivolcs_dost/status/1964196559236845994,earthquake
X,phivolcs_dost,"#earthquakeph #earthquakesurigaodelsur earthquake information no.1 date and time: 06 september 2025 - 12:40 pm magnitude = 2.0 depth = 002 km location = 09.52n, 126.34e - 031 km n 32 e of cortes (surigao del sur) earthquake.phivolcs.dost.gov.ph/2025_earthquak","September 06, 2025 12:40:00",SURIGAO DEL SUR (province); CORTES (citymun),https://x.com/phivolcs_dost/status/1964190476581687727,earthquake
X,phivolcs_dost,"#earthquakeph #earthquakecatanduanes earthquake information no.1 date and time: 06 september 2025 - 12:13 pm magnitude = 1.6 depth = 054 km location = 13.87n, 124.13e - 013 km s 03 w of caramoran (catanduanes) earthquake.phivolcs.dost.gov.ph/2025_earthquak","September 06, 2025 12:13:00",CARAMORAN (citymun),https://x.com/phivolcs_dost/status/1964184128703909968,earthquake
X,phivolcs_dost,"#earthquakeph #earthquakedinagatislands earthquake information no.1 date and time: 06 september 2025 - 11:24 am magnitude = 2.0 depth = 016 km location = 10.03n, 125.49e - 009 km n 85 w of san jose (dinagat islands) earthquake.phivolcs.dost.gov.ph/2025_earthquak","September 06, 2025 11:24:00",DINAGAT ISLANDS (province); SAN JOSE (citymun),https://x.com/phivolcs_dost/status/1964176228186804437,earthquake
X,phivolcs_dost,"#earthquakeph #earthquakebohol earthquake information no.1 date and time: 06 september 2025 - 11:25 am magnitude = 1.6 depth = 033 km location = 09.99n, 124.65e - 018 km s 36 e of president carlos p. garcia (bohol) earthquake.phivolcs.dost.gov.ph/2025_earthquak","September 06, 2025 11:25:00",BOHOL (province),https://x.com/phivolcs_dost/status/1964171159957893608,earthquake
Facebook,PHIVOLCS,"#earthquakeph #earthquakesurigaodelsur earthquake information no.1 date and time: 06 september 2025 - 11:01 pm magnitude = 1.5 depth = 028 km location = 09.12n, 126.31e - 014 km n 36 e of tago (surigao del sur) #earthquakeph #earthquakesurigaodelsur earthquake information no.1 date and time: 06 september 2025 - 11:01 pm magnitude = 1.5 depth = 028 km location = 09.12n, 126.31e - 014 km n 36 e of tago (surigao del sur)","September 06, 2025 23:01:00",TAGO (citymun); SURIGAO DEL SUR (province),https://www.facebook.com/PHIVOLCS/posts/pfbid02YWGrBQVW95dFMrJpDwgYMPKukTehyzTEkuuRGZsHjeXFUaFVDQEx5od1VT7LL8w8l?__cft__[0]=AZXsXyD5whZBiEz46nrMKeoQhYLJ_hAG0S1VMq9z3DiVeDlI3ILIQNECIJlDEUUow786bERl9BskaX2mrbSkJemuD6-jeR0VRyQl0gwkj1_-uxNwX5U4eYN198Wk9DwFzaixqtuipCGMZ6xNTjtH8_CDtqWuyOQMRIc_dTiuYBDrjJWhCSq65--qQwUlSLcUwWk&__tn__=%2CO%2CP-R,earthquake
Facebook,PHIVOLCS,"#earthquakeph #earthquakeeasternsamar #ifelt_easternsamarearthquake earthquake information no.1 date and time: 28 january 2023 - 04:25 am magnitude = 5.2 depth = 061 km location = 10.70n, 125.55e - 019 km s 76 w of homonhon island (guiuan) (eastern samar) reported intensities: instrumental intensities: intensity iv - quinapondan, eastern samar; baybay, abuyog, dulag, leyte intensity iii - alangalang, albuera, leyte; surigao city, surigao del norte intensity ii - talibon, bohol; calubian, palo, ormoc city, leyte; marabut, samar; maasin, southern leyte intensity i - argao city, bogo city, cebu; isabel, leyte; rosario, san roque, northern samar #earthquakeph #earthquakeeasternsamar #ifelt_easternsamarearthquake earthquake information no.1 date and time: 28 january 2023 - 04:25 am magnitude = 5.2 depth = 061 km location = 10.70n, 125.55e - 019 km s 76 w of homonhon island (guiuan) (eastern samar) reported intensities: instrumental intensities: intensity iv - quinapondan, eastern samar; baybay, abuyog, dulag, leyte intensity iii - alangalang, albuera, leyte; surigao city, surigao del norte intensity ii - talibon, bohol; calubian, palo, ormoc city, leyte; marabut, samar; maasin, southern leyte intensity i - argao city, bogo city, cebu; isabel, leyte; rosario, san roque, northern samar","January 28, 2023 04:25:00",SAMAR (WESTERN SAMAR) (province); QUINAPONDAN (citymun); EASTERN SAMAR (province); Baybay (barangay); ABUYOG (citymun); DULAG (citymun); LEYTE (province); ALANGALANG (citymun); ALBUERA (citymun); SURIGAO CITY (Capital) (citymun); SURIGAO DEL NORTE (province); TALIBON (citymun); BOHOL (province); CALUBIAN (citymun); PALO (citymun); ORMOC CITY (citymun); MARABUT (citymun); MAASIN (citymun); SOUTHERN LEYTE (province); ARGAO (citymun); CITY OF BOGO (citymun); CEBU (province); ISABEL (citymun); ROSARIO (citymun); SAN ROQUE (citymun); NORTHERN SAMAR (province); GUIUAN (citymun),https://www.facebook.com/PHIVOLCS/posts/pfbid02esjQD2m4p79fpCVMfzGYnjebjmMzxXbUgsE6whe2N4T9J7WZpZDBiKbbqSGUSDhtl?__cft__[0]=AZV-2Y0l8j9ROo519jWeb8eq8iozR7ZjlGMILYXNgD14fWCThiC9RtIbNXKagZlcZZ8udFzn7SdOADPDkqXQl__ftlEGQ0cKRkQhKLRGrEKNH9htyP09pGL59N6VDJu0_8ZeXSG7L5oUBQx0NSnuSBSlqArBkDCASrnQnjiGxQ_pgEJwTeTcY11OS0I9qFJ7hVs&__tn__=%2CO%2CP-R,earthquake
X,phivolcs_dost,"#earthquakeph #earthquakedavaooriental earthquake information no.1 date and time: 07 september 2025 - 03:42 am magnitude = 2.3 depth = 026 km location = 07.73n, 127.00e - 051 km n 71 e of baganga (davao oriental) earthquake.phivolcs.dost.gov.ph/2025_earthquak","September 07, 2025 03:42:00",DAVAO ORIENTAL (province); BAGANGA (citymun),https://x.com/phivolcs_dost/status/1964415633116057850,earthquake
Facebook,PHIVOLCS,"#earthquakeph #earthquakecebu earthquake information no.1 date and time: 07 september 2025 - 12:11 pm magnitude = 1.9 depth = 026 km location = 10.26n, 123.76e - 004 km n 76 w of minglanilla (cebu) #earthquakeph #earthquakecebu earthquake information no.1 date and time: 07 september 2025 - 12:11 pm magnitude = 1.9 depth = 026 km location = 10.26n, 123.76e - 004 km n 76 w of minglanilla (cebu)","September 07, 2025 12:11:00",CEBU (province),https://www.facebook.com/PHIVOLCS/posts/pfbid0jWwFj4inWtw96ksYnHxErWBAwGuvNT7zf6yqy39KimqQCjvjBBGuemC3fATDPN7gl?__cft__[0]=AZW-M3zpvrN6w0yWGceR8us15EPjeFHMyIHnyjbz3RjqM7kW1K0wTmbMSzje8AsOnUPgEPjKR6ZElDkJBIyolEyemLeJ7ULYzqAicsgxsBiJe7IDKMXu-eRYQaWdnPnbDWZjwRV_CM1_6C3JxTHcfbSMMxcjAGDHDHeuIB7mrNfXr4QW_xLx_ithLay0II5hAzk&__tn__=%2CO%2CP-R,earthquake
X,phivolcs_dost,"#earthquakeph #earthquakesurigaodelsur earthquake information no.1 date and time: 07 september 2025 - 04:06 am magnitude = 1.7 depth = 022 km location = 08.08n, 126.69e - 031 km n 81 e of lingig (surigao del sur) earthquake.phivolcs.dost.gov.ph/2025_earthquak","September 07, 2025 04:06:00",SURIGAO DEL SUR (province); LINGIG (citymun),https://x.com/phivolcs_dost/status/1964421502205579737,earthquake
Facebook,PHIVOLCS,"#earthquakeph #earthquakeilocosnorte earthquake information no.1 date and time: 07 september 2025 - 01:09 pm magnitude = 2.5 depth = 024 km location = 17.98n, 120.35e - 014 km n 67 w of badoc (ilocos norte) #earthquakeph #earthquakeilocosnorte earthquake information no.1 date and time: 07 september 2025 - 01:09 pm magnitude = 2.5 depth = 024 km location = 17.98n, 120.35e - 014 km n 67 w of badoc (ilocos norte)","September 07, 2025 13:09:00",ILOCOS NORTE (province); BADOC (citymun),https://www.facebook.com/PHIVOLCS/posts/pfbid03nAb1xo4CrLnq9cyRr3tSWkjZWqMx47YDjyUTqpvN5VaeJsAoyFfe2bxKvE3v2wsl?__cft__[0]=AZV_XplAxHwHEkKdH8XKB-LI8KWUWs1V2hdxYpdwA1ICsSyCbyB7ayf7NbLnQlJHILzGFCaC5Qi6N6ePuO4ZJTAMdPY0Dv0ADgLzsbj7rbb7UTmv02jTpnYavyruOMfwlErVVeFprT2Eh6U0KvU3-JeQFh_O0jPHn5kGS0cK8l1fDpIRMBwtqqHtFGC90FrnKGE&__tn__=%2CO%2CP-R,earthquake
X,phivolcs_dost,"#earthquakeph #earthquakesurigaodelsur earthquake information no.1 date and time: 07 september 2025 - 04:09 am magnitude = 1.6 depth = 021 km location = 08.82n, 126.44e - 016 km n 81 e of marihatag (surigao del sur) earthquake.phivolcs.dost.gov.ph/2025_earthquak","September 07, 2025 04:09:00",SURIGAO DEL SUR (province); MARIHATAG (citymun),https://x.com/phivolcs_dost/status/1964422427749876024,earthquake
Facebook,PHIVOLCS,"#earthquakeph #earthquakedavaooriental earthquake information no.1 date and time: 07 september 2025 - 01:35 pm magnitude = 2.5 depth = 043 km location = 06.66n, 126.59e - 046 km s 21 e of tarragona (davao oriental) #earthquakeph #earthquakedavaooriental earthquake information no.1 date and time: 07 september 2025 - 01:35 pm magnitude = 2.5 depth = 043 km location = 06.66n, 126.59e - 046 km s 21 e of tarragona (davao oriental)","September 07, 2025 13:35:00",TARRAGONA (citymun); DAVAO ORIENTAL (province),https://www.facebook.com/PHIVOLCS/posts/pfbid02u4dX5NKyvCkzBz5ggqUWJtY6Wa727t4oyqU5WytNzYESojhPbTCjXeGvL1a9rPHcl?__cft__[0]=AZWVQVV88xh5JVmD0gvSVNTm6ZPjf-xaKt1XgIFHN1l7lht3pph5dncA00pE9FTxj_OJFbK5LF4Q7QQdxYzQ6PK3IPkxjZUP7iSsoxltOnaVQ6Ls2KJVvjq8---menPA2-bF3HOLEZq2YN6bFBXYcqUfzVEG7THx5GppP6ba7pmpLCNedwy0AIK1-lWIHxeB244&__tn__=%2CO%2CP-R,earthquake
Facebook,loyellen2024,"agoy, amping mo taga bayabas #earthquakealert #emergencyalert agoy, amping mo taga bayabas #earthquakealert #emergencyalert","September 07, 2025 16:00:00",BAYABAS (citymun),https://www.facebook.com/loyellen2024/posts/pfbid0imFabzpwAm7DAdSayfmPPqKL7wJMx8gDTuLAzCjF6KGwprSnVdAYEfBabe1D5TWpl?__cft__[0]=AZV2UZwQMxjM5KqhfSmsiPNB51U_MY4L_f9s8IvD1lRVGH68sGvwT6vCyqffL8yYNRI3IbmrYcr0UYErvx8F5disOWbDHVjiEa73kHnUOdLnCB1hyTEBeLfAdgol-Kagck_NV-st8g7wKe6jdhThnd7Gr66iu1fkoFyp0uPG6lBJm4zdyl1DoathcbCZudUAV3I&__tn__=%2CO%2CP-R,earthquake
Facebook,NDRRMC,"maging alerto, lalawigan ng #surigaodelsur! ndrrmc (3:45pm, 7sept25) isang magnitude 5.2 na lindol ang naganap sa bayabas, surigao del sur kaninang 03:29pm. aftershocks ay inaasahan. #bawatsegundomahalaga #ndrrmc #earthquakeph #earthquakesurigaodelsur maging alerto, lalawigan ng #surigaodelsur! ndrrmc (3:45pm, 7sept25) isang magnitude 5.2 na lindol ang naganap sa bayabas, surigao del sur kaninang 03:29pm. aftershocks ay inaasahan. #bawatsegundomahalaga #ndrrmc #earthquakeph #earthquakesurigaodelsur ibahagi at ikomento ang kalagayan sa inyong lugar, mag ingat po tayong lahat!","October 14, 2025 15:45:00",BAYABAS (citymun); SURIGAO DEL SUR (province),https://www.facebook.com/NDRRMC/posts/pfbid0xjbF1nxffnztnstnbq3RDHT8WmgwtqjndPBDEn2d13kczXowxo2LU4GMwj57VtgTl?__cft__[0]=AZVHV2W88h9DZYFMictfz5YTexEw3a8tS5WH44UWRj0-7hivPtzkhFWs7Rs8hMUxjPOSXSzm-FaOdQFPRT3iBXsQKWhhy62B2GxKbYLOYRFVGvT70bW79AhK7R0owPUpMFYD1T8VPp2JEG8rKZZVzdWyvEhaxkLrKz87ELp4nmmKiVfoztZ4jhtAO_d4YVVNuNg&__tn__=%2CO%2CP-R,earthquake
Facebook,PHIVOLCS,"#earthquakeph #earthquakesurigaodelsur earthquake information no.2 date and time: 07 september 2025 - 03:29 pm magnitude = 5.1 depth = 022 km location = 09.20n, 127.01e - 084 km n 72 e of bayabas (surigao del sur) #earthquakeph #earthquakesurigaodelsur earthquake information no.2 date and time: 07 september 2025 - 03:29 pm magnitude = 5.1 depth = 022 km location = 09.20n, 127.01e - 084 km n 72 e of bayabas (surigao del sur)","September 07, 2025 15:29:00",SURIGAO DEL SUR (province); BAYABAS (citymun),https://www.facebook.com/PHIVOLCS/posts/pfbid0oJEKqFsLX8RjbycuYmiY54ZD5W5vPf7kBtgDGVmDD7xugW1Y7dCqJsrwkWmzuUpPl?__cft__[0]=AZXQL6bGNxbUjBiq6BymRe19b2lZtfVsIQbbzJWBZIJCZZwCT3vXZ6e2O9FfrMvb2w52A8F4uhUa-YkCE6wzT25yf2FkAZbfMoy0Pt29qfF2vucRsWYD60R8S2Uf5v-zjmzVclBJ9P7Md7k40wr-A49zhYiPLOUlQwYKRQ-1tFnKp_PgdFajhMF-mrUWWK4VzWw&__tn__=%2CO%2CP-R,earthquake
Facebook,ABS-CBN,"niyanig ng magnitude 5.2 na #lindol ang katubigang bahagi ng bayabas, surigao del sur, bandang 03:29 p.m., linggo, setyembre 7, ayon sa phivolcs. inaasahan ang aftershocks ngunit walang pinsala. #earthquakeph #lindolph niyanig ng magnitude 5.2 na #lindol ang katubigang bahagi ng bayabas, surigao del sur, bandang 03:29 p.m., linggo, setyembre 7, ayon sa phivolcs. inaasahan ang aftershocks ngunit walang pinsala. #earthquakeph #lindolph","September 07, 2025 00:00:00",BAYABAS (citymun); SURIGAO DEL SUR (province),https://www.facebook.com/abscbnNEWS/posts/pfbid02hXcJ1ppciyNNqbA4ttEeDmF41RehLLwmQAxPM1umK8b3jFrj5NziRpNGj5nVXpG8l?__cft__[0]=AZWOYMZm2UEhjxp2bInxt1YmZ-fhn8OQRI_aF9LthSbm0oOG0oYlJg9joQqOv8T2KmgoSAiBR7oUOgECYq6eTUC3EFVUfLb7ZVCcUgHkpXOdHpUeca-bFZjTmBLRgAzlCDiCh2j-9U5Us3g6MMrD7A0oUKiFnha6wDFxdMkx1tn5MBJWS-fQncg7VPcZK3NAxhA&__tn__=%2CO%2CP-R,earthquake
Facebook,PHIVOLCS,"#earthquakeph #earthquakesurigaodelsur earthquake information no.1 date and time: 07 september 2025 - 08:14 pm magnitude = 1.7 depth = 011 km location = 09.24n, 126.42e - 025 km s 82 e of cortes (surigao del sur) #earthquakeph #earthquakesurigaodelsur earthquake information no.1 date and time: 07 september 2025 - 08:14 pm magnitude = 1.7 depth = 011 km location = 09.24n, 126.42e - 025 km s 82 e of cortes (surigao del sur)","September 07, 2025 20:14:00",SURIGAO DEL SUR (province); CORTES (citymun),https://www.facebook.com/PHIVOLCS/posts/pfbid0n6LRQKCUXS6MCUR3Pz8pWxyDJVzvnaraLzperDMggapAHnEwcYrqwDSCCgDS1tFhl?__cft__[0]=AZVEJDW6yOYkHLR3C2Hf7YhTI3B6Z0rDqLLtEIPbeR-XchDzlk9sxG5oaFNVnCWf5AnYsCu3DROjDnKY3FFz9tbVnQW-Jej67b7MwaD44BYnEfsYvQ4n96p5uh9mtV1rtNTaJnN2ZDer4zs0XEbGfaD0WxU8hIYab3WIfRpfojFwqsvj8Q-pjfS8MiFXDgvEmFo&__tn__=%2CO%2CP-R,earthquake
Facebook,PHIVOLCS,"#earthquakeph #earthquakesurigaodelnorte earthquake information no.1 date and time: 07 september 2025 - 09:00 pm magnitude = 2.4 depth = 004 km location = 09.90n, 126.51e - 041 km n 71 e of general luna (surigao del norte) #earthquakeph #earthquakesurigaodelnorte earthquake information no.1 date and time: 07 september 2025 - 09:00 pm magnitude = 2.4 depth = 004 km location = 09.90n, 126.51e - 041 km n 71 e of general luna (surigao del norte)","September 07, 2025 21:00:00",SURIGAO DEL NORTE (province); GENERAL LUNA (citymun),https://www.facebook.com/PHIVOLCS/posts/pfbid02WumqpDWbVKsVE4mBmAZ9HYKXD24eBxpioHiSJEW3ZuovESW1LmqHJLKw8CnFKmCxl?__cft__[0]=AZVlbzknExUyZ7WVqsrlW6ze9a87XldIZ16OS6FsG4G6cm0t3Uu4NUNMPAnfn_hXHLtY3jnJccXtYgh1pFBkTi700Jy2OlrpWZn8UiWmLFw13PsuJXDnzV6eRbklzmZOImwF6FAk_GtaIQwefItU9uiAsW-vb1QrdAabJIjFXtmRj7qY0g8mY9XxUbnhKnBjUzQ&__tn__=%2CO%2CP-R,earthquake
X,phivolcs_dost,"#earthquakeph #earthquakepangasinan earthquake information no.1 date and time: 07 september 2025 - 06:15 am magnitude = 1.9 depth = 086 km location = 15.99n, 120.20e - 004 km n 30 w of bugallon (pangasinan) earthquake.phivolcs.dost.gov.ph/2025_earthquak","September 07, 2025 06:15:00",BUGALLON (citymun); PANGASINAN (province),https://x.com/phivolcs_dost/status/1964456056719102212,earthquake
X,phivolcs_dost,"#earthquakeph #earthquakemasbate earthquake information no.1 date and time: 07 september 2025 - 05:12 am magnitude = 2.0 depth = 023 km location = 11.88n, 124.12e - 007 km s 88 e of pio v. corpus (masbate) earthquake.phivolcs.dost.gov.ph/2025_earthquak","September 07, 2025 05:12:00",MASBATE (province),https://x.com/phivolcs_dost/status/1964441320652755434,earthquake
Facebook,PHIVOLCS,"#earthquakeph #earthquakedavaooccidental earthquake information no.1 date and time: 07 september 2025 - 10:08 pm magnitude = 2.5 depth = 056 km location = 06.42n, 125.89e - 031 km n 90 e of malita (davao occidental) #earthquakeph #earthquakedavaooccidental earthquake information no.1 date and time: 07 september 2025 - 10:08 pm magnitude = 2.5 depth = 056 km location = 06.42n, 125.89e - 031 km n 90 e of malita (davao occidental)","September 07, 2025 22:08:00",MALITA (citymun); DAVAO OCCIDENTAL (province),https://www.facebook.com/PHIVOLCS/posts/pfbid042344wHXwqsBpQPHBJSkxoSkYCwCkbmcYNzY7np2pz6oSUhhQ2oQugh8wuWUXaADl?__cft__[0]=AZWtkNcjn1kBLkB4LlSHyVII8lwmWtg61RRoSiHVpuNFGlw57zychuTRvX1eT0EZGIs2AIoIjMzapREhmJN77yqeQ2JphHX-5dF4WhK8ETgVNeQ6aCPx9oB6KhaYH5yFAkudZTSycmyOcOwDVFJKc-qCZszgP_Qn31drguBRpzmdmHqu3ylvjMlex8LuRCSGwPQ&__tn__=%2CO%2CP-R,earthquake
X,phivolcs_dost,"#earthquakeph #earthquakebiliran #ifelt_biliranearthquake earthquake information no.1 date and time: 07 september 2025 - 08:01 am magnitude = 2.2 depth = 006 km location = 11.69n, 124.28e - 009 km n 80 w of kawayan (biliran) earthquake.phivolcs.dost.gov.ph/2025_earthquak","September 07, 2025 08:01:00",KAWAYAN (citymun); BILIRAN (province),https://x.com/phivolcs_dost/status/1964482054483226769,earthquake
Facebook,PHIVOLCS,"#earthquakeph #earthquakecagayan earthquake information no.1 date and time: 07 september 2025 - 10:53 pm magnitude = 2.3 depth = 011 km location = 18.98n, 121.30e - 016 km n 29 w of fuga island (aparri) (cagayan) #earthquakeph #earthquakecagayan earthquake information no.1 date and time: 07 september 2025 - 10:53 pm magnitude = 2.3 depth = 011 km location = 18.98n, 121.30e - 016 km n 29 w of fuga island (aparri) (cagayan)","September 07, 2025 22:53:00",Fuga Island (barangay); Philippines (country),https://www.facebook.com/PHIVOLCS/posts/pfbid0YiHhCA3yXrWbJ7kVumnHsHST4abkVSVsELA1yTSyamEZPXBKqs89meiZV8cpN3Zyl?__cft__[0]=AZXpeetEEZw6PEsHT-osVBqlLmlTT8UBAGiFUZqhpNv5zHfA82ZDOlovf9lXjc3uB7dcvI-P4mBOGHt3pd6ZmAmqotWA1-qWRy9-5tfNZqPsHOAzRdS0lPowHPrMGDteBOC9PRYEgJS2dF932uTiCDwPSa_3leZowl14sarwHzu8jFw4eS1kFsOy5EydqaB8aDI&__tn__=%2CO%2CP-R,earthquake
Facebook,PHIVOLCS,"#earthquakeph #earthquakesurigaodelsur earthquake information no.1 date and time: 07 september 2025 - 10:47 pm magnitude = 1.7 depth = 025 km location = 08.95n, 126.57e - 030 km n 84 e of cagwait (surigao del sur) #earthquakeph #earthquakesurigaodelsur earthquake information no.1 date and time: 07 september 2025 - 10:47 pm magnitude = 1.7 depth = 025 km location = 08.95n, 126.57e - 030 km n 84 e of cagwait (surigao del sur)","September 07, 2025 22:47:00",SURIGAO DEL SUR (province); CAGWAIT (citymun),https://www.facebook.com/PHIVOLCS/posts/pfbid02gLhRTwapvgHk3zQbCLmv2iwLqM6QWkQCVCJcUjyYVxND3hoA2SqNTsttnQA4Fskzl?__cft__[0]=AZVQRNiRWugHxcRnQQmUqDZ6d5hYJNfxkORrs2zqlQZtdYvimElFKmQJAoyRsTjXx7o4Lfl8-s9hm5xwiIDkHkbkCjDuAVAjUGV7r_bBPwpO2XGdQ2sgeBSh4wD6JTXsWVKq64Fm3Xh-Pg9XLk4BgGC1R5xMmm0lDWhWlqsfTufamye4vO4yRXIxGQCwNdbFKQQ&__tn__=%2CO%2CP-R,earthquake
X,phivolcs_dost,"#earthquakeph #earthquakeoccidentalmindoro earthquake information no.1 date and time: 07 september 2025 - 09:15 am magnitude = 3.2 depth = 037 km location = 13.20n, 120.87e - 020 km n 52 e of santa cruz (occidental mindoro) earthquake.phivolcs.dost.gov.ph/2025_earthquak","September 07, 2025 09:15:00",OCCIDENTAL MINDORO (province); SANTA CRUZ (citymun),https://x.com/phivolcs_dost/status/1964498855900434832,earthquake
Facebook,PHIVOLCS,"#earthquakeph #earthquakedavaooriental earthquake information no.1 date and time: 07 september 2025 - 11:17 pm magnitude = 4.1 depth = 010 km location = 07.33n, 127.37e - 088 km n 89 e of caraga (davao oriental) #earthquakeph #earthquakedavaooriental earthquake information no.1 date and time: 07 september 2025 - 11:17 pm magnitude = 4.1 depth = 010 km location = 07.33n, 127.37e - 088 km n 89 e of caraga (davao oriental)","September 07, 2025 23:17:00",REGION XIII (Caraga) (region); DAVAO ORIENTAL (province),https://www.facebook.com/PHIVOLCS/posts/pfbid0wpQVb6QRZ1PTo9QZ7sYngurEMT5X7XUSz2CELEtL4Q5Q8hcX7KBvw9o7557Gm76Ql?__cft__[0]=AZXu8pOqB9789n9EDRjJZBPBxhVPVYXNqV4HG71xUsn5tTJkJc50fHKRTFbfjx9DOaW_cVkcpTpNzZSGxUwDBey453smG4yzBheT32j712xlyATrfQnm9d1NlAOCEhuNpqQp5FApTsh0j24pK-UPCW4snLCvCq3oiH5YoeeFOiZtfVBiewExNNxer1ny3gGUQHQ&__tn__=%2CO%2CP-R,earthquake
X,phivolcs_dost,"#earthquakeph #earthquakecebu earthquake information no.1 date and time: 07 september 2025 - 12:11 pm magnitude = 1.9 depth = 026 km location = 10.26n, 123.76e - 004 km n 76 w of minglanilla (cebu) earthquake.phivolcs.dost.gov.ph/2025_earthquak","September 07, 2025 12:11:00",CEBU (province),https://x.com/phivolcs_dost/status/1964544047307231482,earthquake
X,phivolcs_dost,"#earthquakeph #earthquakeilocossur earthquake information no.1 date and time: 07 september 2025 - 11:55 am magnitude = 2.8 depth = 002 km location = 17.59n, 120.45e - 006 km n 76 e of city of vigan (ilocos sur) earthquake.phivolcs.dost.gov.ph/2025_earthquak","September 07, 2025 11:55:00",ILOCOS SUR (province),https://x.com/phivolcs_dost/status/1964541931134079323,earthquake
X,phivolcs_dost,"#earthquakeph #earthquakedavaooccidental earthquake information no.1 date and time: 07 september 2025 - 11:46 am magnitude = 2.5 depth = 003 km location = 05.35n, 126.01e - 062 km s 78 e of sarangani island (municipality of sarangani) (davao occidental)","September 07, 2025 11:46:00",DAVAO OCCIDENTAL (province),https://x.com/phivolcs_dost/status/1964539482591445192,earthquake
X,phivolcs_dost,"#earthquakeph #earthquakeoccidentalmindoro earthquake information no.1 date and time: 07 september 2025 - 10:49 am magnitude = 1.4 depth = 032 km location = 13.60n, 120.40e - 021 km s 51 e of looc (occidental mindoro) earthquake.phivolcs.dost.gov.ph/2025_earthquak","September 07, 2025 10:49:00",Mindoro (barangay); Loo (barangay); OCCIDENTAL MINDORO (province),https://x.com/phivolcs_dost/status/1964523568835817803,earthquake
X,phivolcs_dost,"#earthquakeph #earthquakedavaooccidental earthquake information no.1 date and time: 07 september 2025 - 09:26 am magnitude = 2.2 depth = 058 km location = 06.30n, 125.62e - 012 km s 04 e of malita (davao occidental) earthquake.phivolcs.dost.gov.ph/2025_earthquak","September 07, 2025 09:26:00",DAVAO OCCIDENTAL (province); MALITA (citymun),https://x.com/phivolcs_dost/status/1964503139026960545,earthquake
Facebook,PHIVOLCS,"#earthquakeph #earthquakecagayan earthquake information no.1 date and time: 07 september 2025 - 11:52 pm magnitude = 2.6 depth = 009 km location = 18.43n, 121.38e - 005 km s 48 e of pamplona (cagayan) #earthquakeph #earthquakecagayan earthquake information no.1 date and time: 07 september 2025 - 11:52 pm magnitude = 2.6 depth = 009 km location = 18.43n, 121.38e - 005 km s 48 e of pamplona (cagayan)","September 07, 2025 23:52:00",PAMPLONA (citymun); CAGAYAN (province),https://www.facebook.com/PHIVOLCS/posts/pfbid033mj8YhyddLCY4fzS646LybqPdeY5vRrHKEA18GU59DoMiy7u5GCfnS7w3yTmeyjWl?__cft__[0]=AZWMAxa8oYadY9js5gYoxKfEJp-X5o5uomOsUQP5xs1KcnKjWEadoyIm7MMKgHhXlDGMQHwyIYwRUT4otmkzRFGMyCULzP9AYzX1MbfbSzBgRLAaCqO-AzigdW8OcPM7uALAGN6RGU3B_sthJqwkjRv-6n_oAUNyLvPeNGMxrIJc9hYxAIr1glwGhOjPyXyJRl0&__tn__=%2CO%2CP-R,earthquake
X,phivolcs_dost,"#earthquakeph #earthquakedavaooccidental earthquake information no.1 date and time: 07 september 2025 - 11:36 pm magnitude = 4.6 depth = 010 km location = 03.80n, 126.37e - 207 km s 30 e of sarangani (davao occidental) earthquake.phivolcs.dost.gov.ph/2025_earthquak","September 07, 2025 23:36:00",DAVAO OCCIDENTAL (province); SARANGANI (province),https://x.com/phivolcs_dost/status/1964716982865129909,earthquake
X,phivolcs_dost,"#earthquakeph #earthquakedavaooriental earthquake information no.1 date and time: 07 september 2025 - 11:17 pm magnitude = 4.1 depth = 010 km location = 07.33n, 127.37e - 088 km n 89 e of caraga (davao oriental) earthquake.phivolcs.dost.gov.ph/2025_earthquak","September 07, 2025 23:17:00",DAVAO ORIENTAL (province); REGION XIII (Caraga) (region),https://x.com/phivolcs_dost/status/1964711474477269354,earthquake
X,phivolcs_dost,"#earthquakeph #earthquakecagayan earthquake information no.1 date and time: 07 september 2025 - 10:53 pm magnitude = 2.3 depth = 011 km location = 18.98n, 121.30e - 016 km n 29 w of fuga island (aparri) (cagayan) earthquake.phivolcs.dost.gov.ph/2025_earthquak","September 07, 2025 22:53:00",Fuga Island (barangay); Philippines (country),https://x.com/phivolcs_dost/status/1964708383686283288,earthquake
X,phivolcs_dost,"#earthquakeph #earthquakeorientalmindoro earthquake information no.1 date and time: 08 september 2025 - 12:43 am magnitude = 1.5 depth = 022 km location = 13.28n, 121.51e - 017 km n 25 e of pola (oriental mindoro) earthquake.phivolcs.dost.gov.ph/2025_earthquak","September 08, 2025 00:43:00",ORIENTAL MINDORO (province); POLA (citymun),https://x.com/phivolcs_dost/status/1964733514340765806,earthquake
X,phivolcs_dost,"#earthquakeph #earthquakezamboangadelsur earthquake information no.1 date and time: 08 september 2025 - 12:36 am magnitude = 1.6 depth = 031 km location = 08.05n, 123.42e - 004 km n 72 e of sominot (zamboanga del sur) earthquake.phivolcs.dost.gov.ph/2025_earthquak","September 08, 2025 00:36:00",ZAMBOANGA DEL SUR (province); SOMINOT (DON MARIANO MARCOS) (citymun),https://x.com/phivolcs_dost/status/1964732230288163283,earthquake
X,phivolcs_dost,"#earthquakeph #earthquakesurigaodelsur earthquake information no.1 date and time: 07 september 2025 - 11:59 pm magnitude = 1.6 depth = 023 km location = 09.46n, 126.19e - 021 km n 01 w of cortes (surigao del sur) earthquake.phivolcs.dost.gov.ph/2025_earthquak","September 07, 2025 23:59:00",SURIGAO DEL SUR (province); CORTES (citymun),https://x.com/phivolcs_dost/status/1964722763492409511,earthquake
X,phivolcs_dost,"#earthquakeph #earthquakecagayan earthquake information no.1 date and time: 07 september 2025 - 11:52 pm magnitude = 2.6 depth = 009 km location = 18.43n, 121.38e - 005 km s 48 e of pamplona (cagayan) earthquake.phivolcs.dost.gov.ph/2025_earthquak","September 07, 2025 23:52:00",PAMPLONA (citymun),https://x.com/phivolcs_dost/status/1964720790999592994,earthquake
X,phivolcs_dost,"#earthquakeph #earthquakeleyte earthquake information no.1 date and time: 07 september 2025 - 11:48 pm magnitude = 1.5 depth = 031 km location = 10.90n, 124.85e - 009 km s 30 w of burauen (leyte) earthquake.phivolcs.dost.gov.ph/2025_earthquak","September 07, 2025 23:48:00",BURAUEN (citymun),https://x.com/phivolcs_dost/status/1964720747357900912,earthquake
Facebook,PHIVOLCS,"#earthquakeph #earthquakeoccidentalmindoro earthquake information no.1 date and time: 08 september 2025 - 07:44 am magnitude = 2.2 depth = 118 km location = 13.61n, 120.69e - 018 km n 14 w of abra de ilog (occidental mindoro) #earthquakeph #earthquakeoccidentalmindoro earthquake information no.1 date and time: 08 september 2025 - 07:44 am magnitude = 2.2 depth = 118 km location = 13.61n, 120.69e - 018 km n 14 w of abra de ilog (occidental mindoro)","September 08, 2025 07:44:00",ABRA DE ILOG (citymun); OCCIDENTAL MINDORO (province),https://www.facebook.com/PHIVOLCS/posts/pfbid0j2m4Q1e2qXAxfhVfmWgUzy17uCRzPuWEof3ABUUp7EkLW18RXi9jjB8vjiGkkTajl?__cft__[0]=AZV4vNBDzPDjTQ_aoed7nMBBOAy50IiFZ3fJye8zS-_SE06ZOJiHPq6QsbhTAysqUlbxGkARMQClOJOJfH6qJw_ktfhK1nqnBIlsDCM9n1qSF9NlmounkSjffh4KN4piHm4gCBg0PM4eZ2rlTMSIFSABn369zZ5gAyfx-rqblmheglZfzQDTlTJidmyvDbSVyeU&__tn__=%2CO%2CP-R,earthquake
X,phivolcs_dost,"#earthquakeph #earthquakesurigaodelnorte earthquake information no.1 date and time: 08 september 2025 - 01:21 am magnitude = 2.1 depth = 016 km location = 09.50n, 126.12e - 022 km s 52 e of socorro (surigao del norte) earthquake.phivolcs.dost.gov.ph/2025_earthquak","September 08, 2025 01:21:00",SURIGAO DEL NORTE (province); SOCORRO (citymun),https://x.com/phivolcs_dost/status/1964743762841854317,earthquake
Facebook,PHIVOLCS,"#earthquakeph #earthquakeabra earthquake information no.1 date and time: 08 september 2025 - 10:32 am magnitude = 2.4 depth = 003 km location = 17.81n, 120.80e - 010 km n 11 w of tineg (abra) #earthquakeph #earthquakeabra earthquake information no.1 date and time: 08 september 2025 - 10:32 am magnitude = 2.4 depth = 003 km location = 17.81n, 120.80e - 010 km n 11 w of tineg (abra) swarming of small quakes recently? is something about to make a shift?","September 08, 2025 10:32:00",TINEG (citymun),https://www.facebook.com/PHIVOLCS/posts/pfbid0QrzViUCeznaVu8UFWfah3CAumiWiKmdFV82DoRTjKKQ58FLDCoJ9iPh44hQPAfoFl?__cft__[0]=AZXK4SFtiQTvA8rPjC99iwHrA7BSeF8ujB90MTBdBvYmE_kffriscS_JCn__J6kGsGv8Q9gL3mreCVbnpcOduCccyHxP2cUG5iW4wb2VKlcWsoTpRrv-QjZ9aYvR7wI_EdOf2bVHKMTXJ2ezkTCuCFgizxVEny3DgaCb4QCz9ILBSdZrHn-9Ek0d9kDc8r8_0QU&__tn__=%2CO%2CP-R,earthquake
Facebook,PHIVOLCS,"#earthquakeph #earthquakedavaodeoro #ifelt_davaodeoroearthquake earthquake information no.1 date and time: 07 march 2023 - 02:02 pm magnitude = 6.2 depth = 034 km location = 07.43n, 126.09e - 013 km n 16 w of maragusan (davao de oro) reported intensities: intensity v - nabunturan, davao de oro intensity iv - city of tagum, davao del norte instrumental intensities: intensity v - nabunturan, davao de oro intensity iii - davao city, davao del sur; malungon, sarangani; tupi, south cotabato intensity ii - cabadbaran city, agusan del norte; talakag, malaybalay, bukidnon; magpet, kidapawan city, carmen, banisilan, cotabato; abuyog, leyte; alabel, sarangani; koronadal city, south cotabato; bislig city, surigao del sur intensity i - kadingilan, bukidnon; don marcelino, davao occidental; kapatagan, lanao del norte; baybay and dulag, leyte; cagayan de oro city, misamis oriental; kiamba, sarangani; norala, suralla, tantangan, banga and general santos city, south cotabato; esperanza, columbio, isulan and president quirino, sultan kudarat; surigao city, surigao del norte; tandag, surigao del sur #earthquakeph #earthquakedavaodeoro #ifelt_davaodeoroearthquake earthquake information no.1 date and time: 07 march 2023 - 02:02 pm magnitude = 6.2 depth = 034 km location = 07.43n, 126.09e - 013 km n 16 w of maragusan (davao de oro) reported intensities: intensity v - nabunturan, davao de oro intensity iv - city of tagum, davao del norte instrumental intensities: intensity v - nabunturan, davao de oro intensity iii - davao city, davao del sur; malungon, sarangani; tupi, south cotabato intensity ii - cabadbaran city, agusan del norte; talakag, malaybalay, bukidnon; magpet, kidapawan city, carmen, banisilan, cotabato; abuyog, leyte; alabel, sarangani; koronadal city, south cotabato; bislig city, surigao del sur intensity i - kadingilan, bukidnon; don marcelino, davao occidental; kapatagan, lanao del norte; baybay and dulag, leyte; cagayan de oro city, misamis oriental; kiamba, sarangani; norala, suralla, tantangan, banga and general santos city, south cotabato; esperanza, columbio, isulan and president quirino, sultan kudarat; surigao city, surigao del norte; tandag, surigao del sur","March 07, 2023 14:02:00",MARAGUSAN (SAN MARIANO) (citymun); NABUNTURAN (Capital) (citymun); GITAGUM (citymun); DAVAO DEL NORTE (province); DAVAO CITY (citymun); DAVAO DEL SUR (province); MALUNGON (citymun); SARANGANI (province); TUPI (citymun); SOUTH COTABATO (province); CITY OF CABADBARAN (citymun); AGUSAN DEL NORTE (province); TALAKAG (citymun); BUKIDNON (province); MAGPET (citymun); CITY OF KIDAPAWAN (Capital) (citymun); CARMEN (citymun); BANISILAN (citymun); COTABATO (NORTH COTABATO) (province); ABUYOG (citymun); LEYTE (province); ALABEL (Capital) (citymun); CITY OF KORONADAL (Capital) (citymun); CITY OF BISLIG (citymun); SURIGAO DEL SUR (province); KADINGILAN (citymun); DON MARCELINO (citymun); DAVAO OCCIDENTAL (province); KAPATAGAN (citymun); LANAO DEL NORTE (province); CAGAYAN DE ORO CITY (Capital) (citymun); MISAMIS ORIENTAL (province); KIAMBA (citymun); NORALA (citymun); TANTANGAN (citymun); BANGA (citymun); GENERAL SANTOS CITY (DADIANGAS) (citymun); ESPERANZA (citymun); COLUMBIO (citymun); SULTAN KUDARAT (province); SURIGAO CITY (Capital) (citymun); SURIGAO DEL NORTE (province),https://www.facebook.com/PHIVOLCS/posts/pfbid03vghkEwgJBo8EqZGGPy8eyXWJDipgUd6wYVZYPxpRgK6dLcZsL4a8ugyWeLqHo5nl?__cft__[0]=AZU0sadBvFG1HmbAj4N2VT1XuQMAppHivmJ-awX6Owu9JLrlTBMG2qDRigkuCt1ehlVh5QzWLT4_PHiIb8xUF-6rt-Ip2sBt22pTMpijc9nvEq9PFQ375WZPsOA08_pBVg-L4dEsVDvhhDxlh9siX7JjCKyF7iaQh7Yy3Tqca6YSLYHjgABvbQa6h5k-bJqrjgM&__tn__=%2CO%2CP-R,earthquake
X,phivolcs_dost,"#earthquakeph #earthquakesurigaodelsur earthquake information no.1 date and time: 08 september 2025 - 03:27 am magnitude = 1.5 depth = 014 km location = 08.75n, 126.52e - 025 km s 77 e of marihatag (surigao del sur) earthquake.phivolcs.dost.gov.ph/2025_earthquak","September 08, 2025 03:27:00",SURIGAO DEL SUR (province); MARIHATAG (citymun),https://x.com/phivolcs_dost/status/1964774921223192667,earthquake
Facebook,PHIVOLCS,"#earthquakeph #earthquakequezon earthquake information no.1 date and time: 08 september 2025 - 02:00 pm magnitude = 1.8 depth = 019 km location = 15.37n, 121.87e - 048 km n 07 e of panukulan (quezon) #earthquakeph #earthquakequezon earthquake information no.1 date and time: 08 september 2025 - 02:00 pm magnitude = 1.8 depth = 019 km location = 15.37n, 121.87e - 048 km n 07 e of panukulan (quezon)","September 08, 2025 14:00:00",PANUKULAN (citymun); QUEZON (province),https://www.facebook.com/PHIVOLCS/posts/pfbid0ZKg26HsA19jjwto7dtJHhp9GqZ2pmrKBAQAncukM6Kuv8qJY6amNyDPEfaQ8ea43l?__cft__[0]=AZXfGTMwCHrNNGLw20ILkV-6WYOpQJF7itbhr6-vyw7ZqnL_FVjVObm0G2qokfwu5nCGiVDzLr2hzbgd4sFOkO1EpTYQuGpMCC9T0VX_-ahMfDBchbS7MSx-EgkRuba4X5y8Q7l8s4IJSYWrkCtuuPX5POylAVsVD0vKO4AgDmW-XA1SEvMGTQfjgOinL2e36m8&__tn__=%2CO%2CP-R,earthquake
X,phivolcs_dost,"#earthquakeph #earthquakedavaooriental earthquake information no.1 date and time: 08 september 2025 - 03:47 am magnitude = 2.1 depth = 042 km location = 07.10n, 126.06e - 016 km n 21 e of banaybanay (davao oriental) earthquake.phivolcs.dost.gov.ph/2025_earthquak","September 08, 2025 03:47:00",DAVAO ORIENTAL (province); BANAYBANAY (citymun),https://x.com/phivolcs_dost/status/1964779887824130143,earthquake
Facebook,PHIVOLCS,"#earthquakeph #earthquakenorthernsamar earthquake information no.1 date and time: 08 september 2025 - 03:23 pm magnitude = 2.1 depth = 019 km location = 12.55n, 125.47e - 025 km n 70 e of mapanas (northern samar) #earthquakeph #earthquakenorthernsamar earthquake information no.1 date and time: 08 september 2025 - 03:23 pm magnitude = 2.1 depth = 019 km location = 12.55n, 125.47e - 025 km n 70 e of mapanas (northern samar)","September 08, 2025 15:23:00",SAMAR (WESTERN SAMAR) (province); MAPANAS (citymun); NORTHERN SAMAR (province),https://www.facebook.com/PHIVOLCS/posts/pfbid0phUxe3PfEHJvo9ufiPtxVo4aLxXihAQUcirate3pWfnLK4vEfyxQVc8cLHL9kK7xl?__cft__[0]=AZU38pkmds-AFqVhcWXLbYpQWI5w1nKm3i49P9dauj9S-gRWnzbDcpPcRARYBA6S1bociO2-jqwITgnn8Kq81mi7uwOITWwKP9_6VKzDAsHKPzSFbXYI-ZI9T9NS-MsJTrsosvkztYYDx_2rO_fw6SniFYrdIyLtu3Ia1ja7NPiL1XZjze_2oyryo6dKm9_a64k&__tn__=%2CO%2CP-R,earthquake
Facebook,PHIVOLCS,"#earthquakeph #earthquakedavaooccidental earthquake information no.1 date and time: 08 september 2025 - 04:23 pm magnitude = 2.6 depth = 023 km location = 06.48n, 125.86e - 029 km n 75 e of malita (davao occidental) #earthquakeph #earthquakedavaooccidental earthquake information no.1 date and time: 08 september 2025 - 04:23 pm magnitude = 2.6 depth = 023 km location = 06.48n, 125.86e - 029 km n 75 e of malita (davao occidental)","September 08, 2025 16:23:00",MALITA (citymun); DAVAO OCCIDENTAL (province),https://www.facebook.com/PHIVOLCS/posts/pfbid02A2rQiGedZrk34Lmu1PoNvtSxy5Pw8zSzf8rgQiLCYErSrvUvn7rqfm4LMGi6rtTol?__cft__[0]=AZXTbQrpWF_DC_kkrxUCbwFKMF0w6FY9-4qdmD9c32bxHFMn8baQeqDlpUdyF1e2JALJ_Z6lGTppscfHZTSQnCOyWSqVRO5V9Q9n77qFyYL3p5TMldRzvGnOTzFPY3dzg4VsRP5dBD7P5TNmBB2YveCFr97TJhYWXaZVLL20qkZeVC8vtvc3nPzZk04eNDby8pc&__tn__=%2CO%2CP-R,earthquake
Facebook,PHIVOLCS,"#earthquakeph #earthquakedavaooccidental #ifelt_davaooccidentalearthquake earthquake information no.1 date and time: 18 january 2023 - 02:06 pm magnitude = 7.3 depth = 064 km location = 02.69n, 127.05e - 352 km s 30 e of sarangani (davao occidental) instrumental intensities: intensity ii - don marcelino, davao occidental; nabunturan, davao de oro; glan and kiamba, sarangani; general santos city, tupi, santo nino, koronadal city, and t'boli, south cotabato intensity i - kidapawan city, cotabato; maitum and maasim, sarangani; tantangan, lake sebu, tampakan, suralla, and norala, south cotabato; zamboanga city, zamboanga del sur #earthquakeph #earthquakedavaooccidental #ifelt_davaooccidentalearthquake earthquake information no.1 date and time: 18 january 2023 - 02:06 pm magnitude = 7.3 depth = 064 km location = 02.69n, 127.05e - 352 km s 30 e of sarangani (davao occidental) instrumental intensities: intensity ii - don marcelino, davao occidental; nabunturan, davao de oro; glan and kiamba, sarangani; general santos city, tupi, santo nino, koronadal city, and t'boli, south cotabato intensity i - kidapawan city, cotabato; maitum and maasim, sarangani; tantangan, lake sebu, tampakan, suralla, and norala, south cotabato; zamboanga city, zamboanga del sur","January 18, 2023 14:06:00",DAVAO OCCIDENTAL (province); SARANGANI (province); NABUNTURAN (Capital) (citymun); GLAN (citymun); KIAMBA (citymun); GENERAL SANTOS CITY (DADIANGAS) (citymun); TUPI (citymun); SANTO NIÑO (FAIRE) (citymun); CITY OF KORONADAL (Capital) (citymun); T'BOLI (citymun); SOUTH COTABATO (province); CITY OF KIDAPAWAN (Capital) (citymun); COTABATO (NORTH COTABATO) (province); MAITUM (citymun); MAASIM (citymun); TANTANGAN (citymun); LAKE SEBU (citymun); TAMPAKAN (citymun); NORALA (citymun); ZAMBOANGA CITY (citymun); ZAMBOANGA DEL SUR (province),https://www.facebook.com/PHIVOLCS/posts/490782633245706?__cft__[0]=AZWpq2j4Sw1aZUKpAX4gCyK0zYuPS8hWB_pCEQqa2rYW1da5hXHS-bcKxC01Yhc4Opdr8d8irCyExMNHb4ILn-_x6smyfiv0mlTAePUxhMu_U3a3V7Kw0brgySb_wirZVdsJxEs2osH_4Q2KF7jWxjxmCZEVYdeTrBz9ONvh2EmanZi9sRW8APOeB04qx7NlVVY&__tn__=%2CO%2CP-R,earthquake
Facebook,PHIVOLCS,"#earthquakeph #earthquakeaurora #ifelt_auroraearthquake earthquake information no.1 date and time: 08 september 2025 - 04:55 pm magnitude = 3.6 depth = 015 km location = 16.33n, 122.14e - 006 km n 17 e of casiguran (aurora) instrumental intensity: intensity ii - casiguran, aurora #earthquakeph #earthquakeaurora #ifelt_auroraearthquake earthquake information no.1 date and time: 08 september 2025 - 04:55 pm magnitude = 3.6 depth = 015 km location = 16.33n, 122.14e - 006 km n 17 e of casiguran (aurora) instrumental intensity: intensity ii - casiguran, aurora","September 08, 2025 16:55:00",CASIGURAN (citymun); Ora (barangay),https://www.facebook.com/PHIVOLCS/posts/pfbid02MeTfrKrXkUERx8dw1xB7mD5JjdV9e3JtPWMhBcWSoikrP1vhRFVFxTYjvmPdMPXwl?__cft__[0]=AZXcHsUvdB2VSganqEwOM99jk8w2BYjBQUyEgvMvNTrFYUDVKEAlwmcQ_mHWZp-3nCl2mhdaNsV_rbQDtaL3YrW1QwaH03rMdMu5mJwkibuOAUyT-FfyZSi57BvggcEECjk8yzEfsSNIOBa3GiYPHQqTo_-R0MopfuxYPcqu9cxDKNy61D1Yk1Ttym3xzheK6YE&__tn__=%2CO%2CP-R,earthquake
Facebook,PHIVOLCS,"#earthquakeph #earthquakemountainprovince earthquake information no.1 date and time: 08 september 2025 - 06:10 pm magnitude = 2.7 depth = 019 km location = 17.15n, 121.50e - 011 km s 73 e of paracelis (mountain province) #earthquakeph #earthquakemountainprovince earthquake information no.1 date and time: 08 september 2025 - 06:10 pm magnitude = 2.7 depth = 019 km location = 17.15n, 121.50e - 011 km s 73 e of paracelis (mountain province)","September 08, 2025 18:10:00",Philippines (country); MOUNTAIN PROVINCE (province),https://www.facebook.com/PHIVOLCS/posts/pfbid0yECrBMypaidze1iYvyqiY1ti89pGma2S3UT6PR2Q3d2uMZx4D6faLeYsff6Zakq5l?__cft__[0]=AZX5Z6BZPHO1aljASgBYFaTSKxdvcR30uJlXw7vhHgkYWgAR8jpgmhtPm0F3wRjJhZoipM9KAtJ0Cj0wFeKzGg9z_WOts_T-R6uyzNirU0o3eDqRDDUpTGBkVWyg2qPMvtZdAEbqODBjm55nFD3ermJui_qvqqd22kaKz0mZMaZqCh2HTWRgo8ZtCceJLgptaa4&__tn__=%2CO%2CP-R,earthquake
X,phivolcs_dost,"#earthquakeph #earthquakeabra earthquake information no.1 date and time: 08 september 2025 - 06:52 am magnitude = 2.1 depth = 006 km location = 17.64n, 120.54e - 007 km n 19 w of langiden (abra) earthquake.phivolcs.dost.gov.ph/2025_earthquak","September 08, 2025 06:52:00",LANGIDEN (citymun),https://x.com/phivolcs_dost/status/1964826110568632417,earthquake
Facebook,PHIVOLCS,"#earthquakeph #earthquakedavaooriental earthquake information no.1 date and time: 08 september 2025 - 08:26 pm magnitude = 1.8 depth = 033 km location = 06.40n, 126.93e - 089 km s 36 e of tarragona (davao oriental) #earthquakeph #earthquakedavaooriental earthquake information no.1 date and time: 08 september 2025 - 08:26 pm magnitude = 1.8 depth = 033 km location = 06.40n, 126.93e - 089 km s 36 e of tarragona (davao oriental)","September 08, 2025 20:26:00",TARRAGONA (citymun); DAVAO ORIENTAL (province),https://www.facebook.com/PHIVOLCS/posts/pfbid0hg8UDKsQFS3HeYgftDrWaVQyhyGCshYqwb8PKKhfyo8J4XmQSdKWMuqXSdJXScNcl?__cft__[0]=AZUpkOrOzkM_sm6mAubj2sfFlD-z48eT88-ncF8vH5mzeQFx9SnO3h50UPoUNwNssQuQ97e-dsM0udHWxTSQEswAIDs8X0y1U-hSvKsoKaidkaxvTSLcU1oNPmYRHSuGD1x8C7A8uxbvvxNMrMMR63EHHoIP-yKeAav9kuIJOuA2qOou60ifcaBBcA5EPVtvaQ4&__tn__=%2CO%2CP-R,earthquake
Facebook,PHIVOLCS,"#earthquakeph #earthquakecamarinesnorte #ifelt_camarinesnorteearthquake earthquake information no.1 date and time: 17 january 2023 - 05:57 am magnitude = 5.3 depth = 010 km location = 14.42n, 122.99e - 008 km s 37 e of tinaga island (vinzons) (camarines norte) reported intensities: instrumental intensities: intensity v - daet, camarines norte intensity iii - jose panganiban, camarines norte; ragay, iriga city, camarines sur; san roque, northern samar; intensity ii - pili, pasacao, camarines sur; infanta, gumaca, mauban, guinayangan, mulanay, alabat, quezon intensity i - pulilan, bulacan; pasig city, marikina city, metro manila; calauag, quezon; taytay, rizal; this is an automatic solution. #earthquakeph #earthquakecamarinesnorte #ifelt_camarinesnorteearthquake earthquake information no.1 date and time: 17 january 2023 - 05:57 am magnitude = 5.3 depth = 010 km location = 14.42n, 122.99e - 008 km s 37 e of tinaga island (vinzons) (camarines norte) reported intensities: instrumental intensities: intensity v - daet, camarines norte intensity iii - jose panganiban, camarines norte; ragay, iriga city, camarines sur; san roque, northern samar; intensity ii - pili, pasacao, camarines sur; infanta, gumaca, mauban, guinayangan, mulanay, alabat, quezon intensity i - pulilan, bulacan; pasig city, marikina city, metro manila; calauag, quezon; taytay, rizal; this is an automatic solution.","January 17, 2023 05:57:00",CAMARINES NORTE (province); RAGAY (citymun); IRIGA CITY (citymun); CAMARINES SUR (province); SAN ROQUE (citymun); NORTHERN SAMAR (province); PILI (Capital) (citymun); PASACAO (citymun); INFANTA (citymun); GUMACA (citymun); MAUBAN (citymun); GUINAYANGAN (citymun); MULANAY (citymun); ALABAT (citymun); QUEZON (province); PULILAN (citymun); BULACAN (province); CITY OF PASIG (citymun); CITY OF MARIKINA (citymun); NATIONAL CAPITAL REGION (NCR) (region); CALAUAG (citymun); TAYTAY (citymun); RIZAL (province),https://www.facebook.com/PHIVOLCS/posts/pfbid0dhofsu8iKQGV2XKQv1xBbpKvXADCLwSEHDJiHbYnSV99sr1nruQrJawvWAdjKd52l?__cft__[0]=AZW6QXz-YBTxoTCMKV5NsVYJG15a2kKWoKw7-Lx3TLes0tnhlrd6Ds4FAY1kNEYvyBzDo6AwOzmYHanziYRXb0mrgow6NKZgWmrYlcMZA6fs_IpBoPFhfNqgAKEuQECc6LV1W_0_fWhh_Ieg0arsk5wh5kUOEmStRL9476WkXFvObnlGdt6SeQXhguuuQjhFfg4&__tn__=%2CO%2CP-R,earthquake
X,phivolcs_dost,"#earthquakeph #earthquakedavaodelsur #ifelt_davaodelsurearthquake earthquake information no.1 date and time: 08 september 2025 - 08:20 am magnitude = 2.8 depth = 017 km location = 06.74n, 125.16e - 001 km s 11 e of magsaysay (davao del sur) reported intensities: instrumental","September 08, 2025 08:20:00",DAVAO DEL SUR (province); MAGSAYSAY (citymun),https://x.com/phivolcs_dost/status/1964849620795981949,earthquake
X,phivolcs_dost,"#earthquakeph #earthquakeoccidentalmindoro earthquake information no.1 date and time: 08 september 2025 - 07:44 am magnitude = 2.2 depth = 118 km location = 13.61n, 120.69e - 018 km n 14 w of abra de ilog (occidental mindoro) earthquake.phivolcs.dost.gov.ph/2025_earthquak","September 08, 2025 07:44:00",OCCIDENTAL MINDORO (province); ABRA DE ILOG (citymun),https://x.com/phivolcs_dost/status/1964839478289416457,earthquake
X,phivolcs_dost,"#earthquakeph #earthquakedavaooccidental earthquake information no.1 date and time: 08 september 2025 - 10:23 am magnitude = 2.7 depth = 062 km location = 06.39n, 125.87e - 029 km n 42 e of don marcelino (davao occidental) earthquake.phivolcs.dost.gov.ph/2025_earthquak","September 08, 2025 10:23:00",DAVAO OCCIDENTAL (province); DON MARCELINO (citymun),https://x.com/phivolcs_dost/status/1964880617796997562,earthquake
X,phivolcs_dost,"#earthquakeph #earthquakeaurora earthquake information no.1 date and time: 08 september 2025 - 09:59 am magnitude = 1.6 depth = 003 km location = 15.84n, 121.93e - 034 km s 06 w of dinalungan (aurora) earthquake.phivolcs.dost.gov.ph/2025_earthquak","September 08, 2025 09:59:00",DINALUNGAN (citymun); Ora (barangay),https://x.com/phivolcs_dost/status/1964873559001678227,earthquake
X,phivolcs_dost,"#earthquakeph #earthquakeagusandelnorte earthquake information no.1 date and time: 08 september 2025 - 09:47 am magnitude = 1.5 depth = 026 km location = 09.18n, 125.66e - 014 km n 62 e of city of cabadbaran (agusan del norte) earthquake.phivolcs.dost.gov.ph/2025_earthquak","September 08, 2025 09:47:00",AGUSAN DEL NORTE (province); Cabadbaran (barangay),https://x.com/phivolcs_dost/status/1964870161594527980,earthquake
X,phivolcs_dost,"#earthquakeph #earthquakesurigaodelsur earthquake information no.1 date and time: 08 september 2025 - 09:09 am magnitude = 2.1 depth = 043 km location = 08.92n, 126.38e - 009 km n 86 e of cagwait (surigao del sur) earthquake.phivolcs.dost.gov.ph/2025_earthquak","September 08, 2025 09:09:00",SURIGAO DEL SUR (province); CAGWAIT (citymun),https://x.com/phivolcs_dost/status/1964861279866347541,earthquake
X,phivolcs_dost,"#earthquakeph #earthquakedavaooriental earthquake information no.1 date and time: 08 september 2025 - 08:32 am magnitude = 3.2 depth = 037 km location = 06.50n, 125.98e - 020 km s 32 w of governor generoso (davao oriental) earthquake.phivolcs.dost.gov.ph/2025_earthquak","September 08, 2025 08:32:00",DAVAO ORIENTAL (province),https://x.com/phivolcs_dost/status/1964852106126655748,earthquake
Facebook,Civil Defense Davao,"earthquake information no.1 date and time: 08 september 2025 - 08:51 pm magnitude = 4.8 depth = 163 km location = 05.68n, 125.98e - 045 km s 55 e of jose abad santos (davao occidental) instrumental intensities: intensity iii - malungon, sarangani intensity ii - alabel, sarangani intensity i - city of general santos; matanao and city of digos, davao del sur; polomolok and tupi, south cotabato source: phivolcs earthquake information no.1 date and time: 08 september 2025 - 08:51 pm magnitude = 4.8 depth = 163 km location = 05.68n, 125.98e - 045 km s 55 e of jose abad santos (davao occidental) instrumental intensities: intensity iii - malungon, sarangani intensity ii - alabel, sarangani intensity i - city of general santos; matanao and city of digos, davao del sur; polomolok and tupi, south cotabato source: phivolcs","September 08, 2025 20:51:00",DAVAO OCCIDENTAL (province); GENERAL SANTOS CITY (DADIANGAS) (citymun); MATANAO (citymun); CITY OF DIGOS (Capital) (citymun); DAVAO DEL SUR (province); POLOMOLOK (citymun); SOUTH COTABATO (province); TUPI (citymun),https://www.facebook.com/civildefensedavao/posts/pfbid02FXkEW4UYQTnAJ5MsMWN6Wd2XX8ukgeAnVQzGhSJNEpPsfTGXTkcpC3WK9Gwhqvool?__cft__[0]=AZWkkMPdkL96CaUH7eHFbNa2SRpyIp5wKEJYIsaAzwml8RjdM9LQfYucdDt4VEIGBinYa86dhcDdYZY-NkHBNtJ39qbOIBPShp9EaDMrw4Bae_7xtS3zdesw0PL1oX-mWW1iHG4XKf9y8vBj97XYZH0Yxzya6Nx0X_QiDJ31_TPFuI32Zhr9vo-aYUzKyMFej3A&__tn__=%2CO%2CP-R,earthquake
Facebook,PHIVOLCS,"#earthquakeph #earthquakepangasinan earthquake information no.1 date and time: 08 september 2025 - 09:03 pm magnitude = 2.7 depth = 033 km location = 17.17n, 119.00e - 128 km n 48 w of bolinao (pangasinan) #earthquakeph #earthquakepangasinan earthquake information no.1 date and time: 08 september 2025 - 09:03 pm magnitude = 2.7 depth = 033 km location = 17.17n, 119.00e - 128 km n 48 w of bolinao (pangasinan)","September 08, 2025 21:03:00",BOLINAO (citymun); PANGASINAN (province),https://www.facebook.com/PHIVOLCS/posts/pfbid0Yfzhb8qoski6xeq17MJ5h2SjkxkKgE3cTXPdH3sKJ3WU3aqTdpsDMuvaP1ohfJQ3l?__cft__[0]=AZWil0OJ5MW3kA8uT1OnJqn2JQQ4lfwSTy3X73Lr08803JkATGaVwXBZjmble128pptg-96R8oAjLDO0wsR4C_Ttzdyp-krTP66cgo8oJ3LP3PmjBvuDNIQ9SPBAPXhB-xKwzgUniSuqNap-iyTNdcMwpAeKoQVFGeqJwMNOVYU7dL4vvhptaDCV1UWms759ocY&__tn__=%2CO%2CP-R,earthquake
Facebook,PHIVOLCS,"#earthquakeph #earthquakedavaooccidental #ifelt_davaooccidentalearthquake earthquake information no.1 date and time: 08 september 2025 - 08:51 pm magnitude = 4.8 depth = 163 km location = 05.68n, 125.98e - 045 km s 55 e of jose abad santos (davao occidental) instrumental intensities: intensity iii - malungon, sarangani intensity ii - alabel, sarangani intensity i - city of general santos; matanao and city of digos, davao del sur; polomolok and tupi, south cotabato #earthquakeph #earthquakedavaooccidental #ifelt_davaooccidentalearthquake earthquake information no.1 date and time: 08 september 2025 - 08:51 pm magnitude = 4.8 depth = 163 km location = 05.68n, 125.98e - 045 km s 55 e of jose abad santos (davao occidental) instrumental intensities: intensity iii - malungon, sarangani intensity ii - alabel, sarangani intensity i - city of general santos; matanao and city of digos, davao del sur; polomolok and tupi, south cotabato","September 08, 2025 20:51:00",DAVAO OCCIDENTAL (province); GENERAL SANTOS CITY (DADIANGAS) (citymun); MATANAO (citymun); CITY OF DIGOS (Capital) (citymun); POLOMOLOK (citymun); TUPI (citymun); SOUTH COTABATO (province),https://www.facebook.com/PHIVOLCS/posts/pfbid0Vcrg7eJTuAGUNkUDNgGeFq3Uwh7bGJKn84ZHQiE87bcAekNTM1E5MHhU66wwpbFol?__cft__[0]=AZVeeRHzQs_bIjsjuB1hvfKCTRemsCYbyMp9GdvMAjmDURugV4RtlEvPXfVkgr20BWqVGxNAd8mwTB_v-wwSIB8j8AjAN_eDH1Zbv_AS7PwlKAzKqyRJbyNtztHWbd9Mxh0ljzsW1tRmVKfRgptEHKgb03N2H8ufIYOe3IuEhOxgZlYHl_Bb2FYCJZ-ycu33nKs&__tn__=%2CO%2CP-R,earthquake
Facebook,SunStar Davao,"#earthquakealert a strong earthquake rocked davao city on friday afternoon, november 17, 2023. more details to follow. keep safe, everyone. #allyouneedtoknow #earthquakealert a strong earthquake rocked davao city on friday afternoon, november 17, 2023. more details to follow. keep safe, everyone. #allyouneedtoknow","November 17, 2023 00:00:00",DAVAO CITY (citymun),https://www.facebook.com/sunstardavaonews/posts/pfbid0sJ5rPzT58WwZb4BDen3L6JtVEaBwUAADSg62ZYp4WtmgkwkxXJS9YBDAFkfQ17g3l?__cft__[0]=AZXFTHWiYANflGHM_Sx8h5sGCL6-XzfZs1APt2uS4GxGpt4hKPSPxg-xwzH-R4d_IpvCBkyLV2-Ew2F53JoCVPwULzasa3QyySD2oM2UIp-OUr-zqw8gGHFuiBXhJqKxThGvPjgUdYBksQZWr_asZYHIikCGTvQ2Lpen_2xHc2jL5aIdvHM-mpEodzaS5voOCxI&__tn__=%2CO%2CP-R,earthquake
X,phivolcs_dost,"#earthquakeph #earthquakecagayan earthquake information no.1 date and time: 09 september 2025 - 04:48 am magnitude = 2.1 depth = 003 km location = 18.56n, 121.42e - 014 km n 39 e of pamplona (cagayan) earthquake.phivolcs.dost.gov.ph/2025_earthquak","September 09, 2025 04:48:00",PAMPLONA (citymun),https://x.com/phivolcs_dost/status/1965157174944170234,earthquake
X,phivolcs_dost,"#earthquakeph #earthquakedavaooriental earthquake information no.1 date and time: 09 september 2025 - 04:45 am magnitude = 2.4 depth = 022 km location = 06.51n, 125.93e - 023 km s 45 w of governor generoso (davao oriental) earthquake.phivolcs.dost.gov.ph/2025_earthquak","September 09, 2025 04:45:00",DAVAO ORIENTAL (province),https://x.com/phivolcs_dost/status/1965156921150972085,earthquake
X,phivolcs_dost,"#earthquakeph #earthquakedavaooriental earthquake information no.1 date and time: 09 september 2025 - 04:36 am magnitude = 3.0 depth = 030 km location = 06.21n, 127.02e - 112 km s 35 e of tarragona (davao oriental) earthquake.phivolcs.dost.gov.ph/2025_earthquak","September 09, 2025 04:36:00",DAVAO ORIENTAL (province); TARRAGONA (citymun),https://x.com/phivolcs_dost/status/1965155440326857051,earthquake
X,phivolcs_dost,"#earthquakeph #earthquakepangasinan earthquake information no.1 date and time: 09 september 2025 - 04:00 am magnitude = 1.5 depth = 031 km location = 16.81n, 119.85e - 047 km n 06 w of bolinao (pangasinan) earthquake.phivolcs.dost.gov.ph/2025_earthquak","September 09, 2025 04:00:00",BOLINAO (citymun); PANGASINAN (province),https://x.com/phivolcs_dost/status/1965146445599969763,earthquake
X,phivolcs_dost,"#earthquakeph #earthquakedinagatislands #ifelt_dinagatislandsearthquake earthquake information no.2 date and time: 09 september 2025 - 02:52 am magnitude = 5.3 depth = 125 km location = 09.93n, 125.55e - 007 km s 72 w of dinagat (dinagat islands) instrumental intensities:","September 09, 2025 02:52:00",DINAGAT ISLANDS (province); DINAGAT (citymun),https://x.com/phivolcs_dost/status/1965142946023710811,earthquake
Facebook,rmngensan927,"#earthquakealert | pilipinas walay hulga sa tsunami nagpagula og abiso ang dost-phivolcs pagkumpirma nga walay hulga sa tsunami ang nasud human nga miigo ang 6.8 magnitude nga linog sa vanuatu region, usa ka nasud sa southwestern pacific ocean. sa datos, miigo ang linog sa maong nasud, alas 05:48 sa buntag, september 9, 2025 nga nagbaton og 010 kilometros nga gilawmon. via | dost-phivolcs #tatakrmn #rmngensan #earthquakealert | pilipinas walay hulga sa tsunami nagpagula og abiso ang dost-phivolcs pagkumpirma nga walay hulga sa tsunami ang nasud human nga miigo ang 6.8 magnitude nga linog sa vanuatu region, usa ka nasud sa southwestern pacific ocean. sa datos, miigo ang linog sa maong nasud, alas 05:48 sa buntag, september 9, 2025 nga nagbaton og 010 kilometros nga gilawmon. via | dost-phivolcs #tatakrmn #rmngensan","September 09, 2025 00:00:00",Philippines (country),https://www.facebook.com/RMNGensan927/posts/pfbid02JDf4Ajj6SjXW1aUVD22Rpvvip1wiUreEk1SuMMpuJSNHnRtaE6GKeM42qjkyVcxl?__cft__[0]=AZUxaqFO27cmnA_Bc6THxAFYX5XCmyyDg-a85iCNngRDmbxZxp0R-U8k1lw4UCNw2wb5s1OwNS7efsH6-fQ8GhDx1HYP0JFk3IyxHWQDujEuF-VSId_NdKrPRJrWwVXLlAdyfe_PZyFVUg0EndxcQBW9ok4F4GG-bMSERh3lx3NWALkxVlKwzaxy9DJejL2LIGI&__tn__=%2CO%2CP-R,earthquake
Facebook,PHIVOLCS,"#earthquakeph #earthquakeilocossur earthquake information no.1 date and time: 09 september 2025 - 11:31 am magnitude = 3.0 depth = 010 km location = 17.07n, 120.35e - 010 km s 82 w of santa cruz (ilocos sur) #earthquakeph #earthquakeilocossur earthquake information no.1 date and time: 09 september 2025 - 11:31 am magnitude = 3.0 depth = 010 km location = 17.07n, 120.35e - 010 km s 82 w of santa cruz (ilocos sur)","September 09, 2025 11:31:00",SANTA CRUZ (citymun); ILOCOS SUR (province),https://www.facebook.com/PHIVOLCS/posts/pfbid0FhaNRXJRPdLsd3HbhuAaGZGm19FcQvjkg4F3TSGp5AL6UNWAX5jkQvAYd21pcFjbl?__cft__[0]=AZXQ2q2Cxv93-nYStRHChGkfd6cWtwx4ox5HtYxnxadYN8HLIO9cgFijwFSE1om4OorxhnlmWwJloNUGx3ve_JmboTwwtjZrRMJtxUnkqGzxmqSWFPfc-S4H4oKDedVaUwE73zmqAAly1of-QQQ9Cuw-WwNsDgCYtA_Zpqy7dHLf2tqR0MX1iolRwE5numXUP0Y&__tn__=%2CO%2CP-R,earthquake
Facebook,#firealert,10-70 fire alarm sitio taup brgy cogon ramos cebu city #firetruck #cebufireupdates #firefighter #firealert 10-70 fire alarm sitio taup brgy cogon ramos cebu city #firetruck #cebufireupdates #firefighter #firealert,"August 30, 2025 21:00:00",CEBU CITY (Capital) (citymun),https://www.facebook.com/hashtag/FireAlert,fire
Facebook,#firealert,fire alert| reported house on fire at purok 12 bucana on going fire fighting #firealert #sunog #fcff89 #filipinochinesefirefightersproceesing #wecommittoservenotabuse fire alert| reported house on fire at purok 12 bucana on going fire fighting #firealert #sunog #fcff89 #filipinochinesefirefightersproceesing #wecommittoservenotabuse,"August 31, 2025 12:30:00",Purok (barangay),https://www.facebook.com/hashtag/FireAlert,fire
Facebook,davaodevupdates,"sunog sa bucana earlier | pipila ka mga hulagway sa miulbo nga dakong sunog sa prk. 12, brgy. 76-a bucana, davao city pasado alas-3 kaganihang kadlawon, agosto 31, 2025. sa karon, gideklara na kining fire out diin padayun pang gina-imbestigahan sa kabomberohan ang hinungdan, ug ang kantidad sa danyos sa maong sunog. #firealert #bucana #davaocity #davaoupdates sunog sa bucana earlier | pipila ka mga hulagway sa miulbo nga dakong sunog sa prk. 12, brgy. 76-a bucana, davao city pasado alas-3 kaganihang kadlawon, agosto 31, 2025. sa karon, gideklara na kining fire out diin padayun pang gina-imbestigahan sa kabomberohan ang hinungdan, ug ang kantidad sa danyos sa maong sunog. #firealert #bucana #davaocity #davaoupdates","August 31, 2025 00:00:00",Bucana (barangay); DAVAO CITY (citymun),https://www.facebook.com/DavaoDevUpdates/posts/pfbid02NocvVNypTqTerGjAmyncGfVXZaxtH14nDtSuiRP4hRqZNjyK9QtATNe9KxfK63f3l?__cft__[0]=AZWVjp4z3TzU9TAlXM-K4LMHnRfP3prK1syt2unPZixVdAfS2ADeESTngKIAeA-J2kmxWm_D_1DJUinUykdubsqyqMxy3m5Vea9wBLgmTYdK2nQsOAXbm6Rp1He1FEaiYCo8ZlTiCAkdotaXHguwHnq1gT7d82gsoMnWnd0A495qiHtK-Yk1VMxhmK-mH8oVL7k&__tn__=%2CO%2CP-R,fire
Facebook,jayson.migoc.macalawa,"thank you lord, sa safety thank you lord, sa safety sunog sa bucana earlier | pipila ka mga hulagway sa miulbo nga dakong sunog sa prk. 12, brgy. 76-a bucana, davao city pasado alas-3 kaganihang kadlawon, agosto 31, 2025. sa karon, gideklara na kining fire out diin padayun pang gina-imbestigahan sa kabomberohan ang hinungdan, ug ang kantidad sa danyos sa maong sunog. #firealert #bucana #davaocity #davaoupdates sunog sa bucana earlier | pipila ka mga hulagway sa miulbo nga dakong sunog sa prk. 12, brgy. 76-a bucana, davao city pasado alas-3 kaganihang kadlawon, agosto 31, 2025. sa karon, gideklara na kining fire out diin padayun pang gina-imbestigahan sa kabomberohan ang hinungdan, ug ang kantidad sa danyos sa maong sunog. #firealert #bucana #davaocity #davaoupdates sunog sa bucana earlier | pipila ka mga hulagway sa miulbo nga dakong sunog sa prk. 12, brgy. 76-a bucana, davao city pasado alas-3 kaganihang kadlawon, agosto 31, 2025. sa karon, gideklara na kining fire out diin padayun pang gina-imbestigahan sa kabomberohan ang hinungdan, ug ang kantidad sa danyos sa maong sunog. #firealert #bucana #davaocity #davaoupdates","August 31, 2025 00:00:00",Bucana (barangay); DAVAO CITY (citymun),https://www.facebook.com/jayson.migoc.macalawa/posts/pfbid03672xvhLVKZCeKNtsYh8Yqk4zv9GXAwx2gkzygtvQWgHYuoL9Lw1MheBgQkNeoi8al?__cft__[0]=AZX4ZawmnyRbsQdQohKpN1W57Ln_Kkmlm5T_ap-zqDDdVYqmd9NAnYpZPdBpfH9AKV3_bmfP544pUKiyFj5N-2KkCiVzyKxnujzt_MMLk4cs7kGDsv91b9XidRLwZ-P61l6GZ7q0jpV4LAzw1ckSqNDRy_YCE2hOH9z6y5NK7xXvkTVBhl-dnynRTR0hMnxL_v5AR0wETCyz22LQWQOIOu67wQbvjW79BMvZyBLBvDIBIQ&__tn__=%2CO%2CP-R,fire
Facebook,Davao City Disaster Radio,"cswdo in action: sunog sa brgy. 76-a, talomo a district agosto 31, 2025 | purok 12, st. john, barangay 76-a, talomo a district adlaw sa domingo, alas 7:10 sa buntag, miulbo ang sunog sa st.john bucana, nga nakaapekto sa gibana-banaan nga 25 ka mga pamilya ug 49 ka mga indibidwal. kasamtangan, ang mga naapektohan nagpasilong sa kasilak gym isip temporaryo nga evacuation site. dayon nga mitubag ang city government of davao pinaagi sa city social welfare and development office (cswdo) pinaagi sa mga serbisyo sama sa psychosocial first aid (pfa) sa mga naapektohan og mobile kitchen sa paghatag og hot meals. kasamtangan, anaa sa area ang cswdo talomo a direct service implementers (dsis) alang sa pag conduct og masterlisting ug validation sa mga pamilya ug indibidwal nga apektado. nagpabilin nga andam ug madasigon ang cswdo sa paghatod og dali nga tabang ug serbisyo para sa mga dabawenyong naapektohan sa sunog (cswdo-pircs) #cswdodavao #cswdocares #wecswdowecarefordabawenyos #cswdomaabtikon #cswdomasaligan #dabawenyodcplinado #disasterresponse #parasadabawenyo cswdo in action: sunog sa brgy. 76-a, talomo a district agosto 31, 2025 | purok 12, st. john, barangay 76-a, talomo a district adlaw sa domingo, alas 7:10 sa buntag, miulbo ang sunog sa st.john bucana, nga nakaapekto sa gibana-banaan nga 25 ka mga pamilya ug 49 ka mga indibidwal. kasamtangan, ang mga naapektohan nagpasilong sa kasilak gym isip temporaryo nga evacuation site. dayon nga mitubag ang city government of davao pinaagi sa city social welfare and development office (cswdo) pinaagi sa mga serbisyo sama sa psychosocial first aid (pfa) sa mga naapektohan og mobile kitchen sa paghatag og hot meals. kasamtangan, anaa sa area ang cswdo talomo a direct service implementers (dsis) alang sa pag conduct og masterlisting ug validation sa mga pamilya ug indibidwal nga apektado. nagpabilin nga andam ug madasigon ang cswdo sa paghatod og dali nga tabang ug serbisyo para sa mga dabawenyong naapektohan sa sunog (cswdo-pircs) #cswdodavao #cswdocares #wecswdowecarefordabawenyos #cswdomaabtikon #cswdomasaligan #dabawenyodcplinado #disasterresponse #parasadabawenyo cswdo in action: sunog sa brgy. 76-a, talomo a district agosto 31, 2025 | purok 12, st. john, barangay 76-a, talomo a district adlaw sa domingo, alas 7:10 sa buntag, miulbo ang sunog sa st.john bucana, nga nakaapekto sa gibana-banaan nga 25 ka mga pamilya ug 49 ka mga indibidwal. kasamtangan, ang mga naapektohan nagpasilong sa kasilak gym isip temporaryo nga evacuation site. dayon nga mitubag ang city government of davao pinaagi sa city social welfare and development office (cswdo) pinaagi sa mga serbisyo sama sa psychosocial first aid (pfa) sa mga naapektohan og mobile kitchen sa paghatag og hot meals. kasamtangan, anaa sa area ang cswdo talomo a direct service implementers (dsis) alang sa pag conduct og masterlisting ug validation sa mga pamilya ug indibidwal nga apektado. nagpabilin nga andam ug madasigon ang cswdo sa paghatod og dali nga tabang ug serbisyo para sa mga dabawenyong naapektohan sa sunog (cswdo-pircs) #cswdodavao #cswdocares #wecswdowecarefordabawenyos #cswdomaabtikon #cswdomasaligan #dabawenyodcplinado #disasterresponse #parasadabawenyo","August 31, 2025 00:00:00",Talomo (barangay); Barang (barangay); Kasilak (barangay),https://www.facebook.com/davaocitydisasterradio/posts/pfbid02QskZ1Yq1WYekNaV9cz1cdi63uy772DjEr8WPAmeA1A1g8vCHyB51tZFtUDazDmipl?__cft__[0]=AZXGC5-H2WSoBDH8OLAP4CbzMHnhWAPhgRbZXD5VNWYDCG9LIkRsUIm5A_Sa5A7meyPHvYzQgmSNeIsJLe4AuqYOOPnwBUY64Vp_GoyaQj5zbr7IncXykJLkGZNDzTiMXapYHvlDnrnLHYWf-B0XNy7gCwl-KyuiuOP922jNpkZP9bkhjwE24Svp8A-6RoZiFsyaaHP3JwUXDW6j89elp22J&__tn__=%2CO%2CP-R,fire
Facebook,BFPRHQ11,"bfp 11 on physical fitness bansalan fire station personnel recently held a tennis training session as part of their physical fitness activity. engaging in regular exercise is a key aspect of their commitment to public service, ensuring they maintain a physically, mentally, and emotionally healthy disposition. bfp 11 on physical fitness bansalan fire station personnel recently held a tennis training session as part of their physical fitness activity. engaging in regular exercise is a key aspect of their commitment to public service, ensuring they maintain a physically, mentally, and emotionally healthy disposition. bansalan fire station 09498218200 272-0364 in photos l physical fitness activity| 28 august 2025 the bansalan fire station personnel spearheaded by finsp david j miralles, acting municipal fire marshal with the supervision of fsupt jeanny s calvario, provincial fire marshal of davao del sur and under the leadership of fcsupt junito f maslang, dsc regional director r11, on duty personnel conducted physical fitness activity thru lawn tennis. physical fitness is a state of health and well-being that enables you to perform daily tasks, enjoy leisure activities, and meet unexpected demands. #publicsafety #firefightersduty #bfpdavsur ""sa pag-iwas sa sunog, hindi ka nag-iisa!"" in case of emergency call or message: bfp bansalan hotline tnt - 09498218200 tel.# - 272-0364 bfp rxi bansalan fire station bansalan fire station 09498218200 272-0364 in photos l physical fitness activity| 28 august 2025 the bansalan fire station personnel spearheaded by finsp david j miralles, acting municipal fire marshal with the supervision of fsupt jeanny s calvario, provincial fire marshal of davao del sur and under the leadership of fcsupt junito f maslang, dsc regional director r11, on duty personnel conducted physical fitness activity thru lawn tennis. physical fitness is a state of health and well-being that enables you to perform daily tasks, enjoy leisure activities, and meet unexpected demands. #publicsafety #firefightersduty #bfpdavsur ""sa pag-iwas sa sunog, hindi ka nag-iisa!"" in case of emergency call or message: bfp bansalan hotline tnt - 09498218200 tel.# - 272-0364 bfp rxi bansalan fire station bansalan fire station 09498218200 272-0364 in photos l physical fitness activity| 28 august 2025 the bansalan fire station personnel spearheaded by finsp david j miralles, acting municipal fire marshal with the supervision of fsupt jeanny s calvario, provincial fire marshal of davao del sur and under the leadership of fcsupt junito f maslang, dsc regional director r11, on duty personnel conducted physical fitness activity thru lawn tennis. physical fitness is a state of health and well-being that enables you to perform daily tasks, enjoy leisure activities, and meet unexpected demands. #publicsafety #firefightersduty #bfpdavsur ""sa pag-iwas sa sunog, hindi ka nag-iisa!"" in case of emergency call or message: bfp bansalan hotline tnt - 09498218200 tel.# - 272-0364 bfp rxi bansalan fire station","August 28, 2025 00:00:00",DAVAO DEL SUR (province),https://www.facebook.com/BFPRHQ11/posts/pfbid037SgbY2bMERssiF77e1eUfSdVBkBTVNBCgZ26KAXBzHxdHXKajPN2e7cdZDxS5q6xl?__cft__[0]=AZXmopaDaUmFxQpQDd2sTp7LeA3oRgJVlLChCGqTBJakzWdOwThI7wEmqylmCV7JkDwcuonf7Ws7h11Zsf0GQe5EVurHPpUSG-H25PAZ-YCbUL-zelGgdYfh62iTgRqSeQCwRS_e5jc5OXYccbAzSDEogEU51-6GClsAVXxxe0ZIMG2sHZ6NkUqOGkiHCdyAqTMiywG8ShgHFww4aycxsAX6MeV0rQ5GOegw8tl-1PiHIQ&__tn__=%2CO%2CP-R,fire
Facebook,#firealert,"sunog sa barangay labangon cebu city fire alert: fire hits a residential area at vicinity of sitio sta ana near paseo arcenas barangay labangon cebu city this monday early morning, september 01, 2025. mabolo smart engine are now on scene. status update positive alarm 1st alarm #firealert #residentialfire #mabolofirebrigade #mabolosmart sunog sa barangay labangon cebu city fire alert: fire hits a residential area at vicinity of sitio sta ana near paseo arcenas barangay labangon cebu city this monday early morning, september 01, 2025. mabolo smart engine are now on scene. status update positive alarm 1st alarm #firealert #residentialfire #mabolofirebrigade #mabolosmart","September 01, 2025 00:00:00",Labangon (barangay); CEBU CITY (Capital) (citymun),https://www.facebook.com/hashtag/FireAlert,fire
Facebook,#fireandrescueph,"fire alarm sept 1 2025 location: r arcenas street sitio sta ana, capaculan brgy. labangon,. cebu city #zerothreetwobumbero #txtfirephilippines #firealert #firealarm #residentialfire #commercialfire #firealertph #firealarmph #alarmapilipinas #fireandrescueph #fyp #farar fire alarm sept 1 2025 location: r arcenas street sitio sta ana, capaculan brgy. labangon,. cebu city #zerothreetwobumbero #txtfirephilippines #firealert #firealarm #residentialfire #commercialfire #firealertph #firealarmph #alarmapilipinas #fireandrescueph #fyp #farar","September 01, 2025 00:00:00",Capaculan (barangay); Labangon (barangay); CEBU CITY (Capital) (citymun),https://web.facebook.com/hashtag/FireandRescuePH?_rdc=1&_rdr#,fire
Facebook,#fireandrescueph,"fire alarm sept 1 2025 location: zone 7 acacia, carmen cagayan de oro city #zerothreetwobumbero #txtfirephilippines #firealert #firealarm #residentialfire #commercialfire #firealertph #firealarmph #alarmapilipinas #fireandrescueph #fyp #farar fire alarm sept 1 2025 location: zone 7 acacia, carmen cagayan de oro city #zerothreetwobumbero #txtfirephilippines #firealert #firealarm #residentialfire #commercialfire #firealertph #firealarmph #alarmapilipinas #fireandrescueph #fyp #farar","September 01, 2025 00:00:00",Acacia (barangay); CAGAYAN DE ORO CITY (Capital) (citymun); Philippines (country),https://web.facebook.com/hashtag/FireandRescuePH?_rdc=1&_rdr#,fire
Facebook,fcff89dragonbase,fire alert| reported factory on fire at matina pangi (infront of hardware) firefighters proceeding. #firealert #sunog #fcff89 #filipinochinesefirefightersproceesing #wecommittoservenotabuse fire alert| reported factory on fire at matina pangi (infront of hardware) firefighters proceeding. #firealert #sunog #fcff89 #filipinochinesefirefightersproceesing #wecommittoservenotabuse,"September 04, 2025 04:30:00",Matina Pangi (barangay),https://www.facebook.com/FCFF89DragonBase/posts/pfbid02kWht27WzqLpEDBpin8jn9uhWNC3DcbteidAQRWkpFvVSPFej5c5ThQJUfCB5qkmZl?__cft__[0]=AZVnkv9ZRNcv6Gdmhle95oWP_fi3bKvqchPLFpwgAAjTYF8JzP0B3dRShzq1u8rkLDEcRhQ64Q8EaJECVWef1tqqkCh1xHfPr5lZMC1TyEQzdNgV4cReVkITWQOisae52KcTgHirhsB59q_IVDPnebpV6jVCmAu7vhas3KDwJhUnU-EyAtwAq1iWj-riJVx6vLLzK1pWaR7ohIvMp0C8adxQ&__tn__=%2CO%2CP-R,fire
Facebook,SunStar Davao,"get well soonest, oddy oddy, the 13-year-old dog rescued from the fire on loyola street, obrero, davao city, on september 3, 2025, remains in critical condition and continues to receive oxygen support. according to the veterinarian overseeing the dogs care, its vital signs and oxygen saturation are currently stable, but it remains under close monitoring and is being force-fed. the vet noted that carbon monoxide poisoning is very dangerous but believes the treatment plan is on the right track. ronald lunar #allyouneedtoknow get well soonest, oddy oddy, the 13-year-old dog rescued from the fire on loyola street, obrero, davao city, on september 3, 2025, remains in critical condition and continues to receive oxygen support. according to the veterinarian overseeing the dogs care, its vital signs and oxygen saturation are currently stable, but it remains under close monitoring and is being force-fed. the vet noted that carbon monoxide poisoning is very dangerous but believes the treatment plan is on the right track. ronald lunar #allyouneedtoknow","September 03, 2025 00:00:00",Loyola (barangay); Obrero (barangay); DAVAO CITY (citymun),https://www.facebook.com/sunstardavaonews/posts/pfbid032VMT7kSi3rAdfpqn55qbRysVYVdQQ217hjtRD6LUbsKbP2QY6RSBRxR2WvzvDHdHl?__cft__[0]=AZVIX2AaddJAKR6aGNZmwsY5IZnWx3oLwobIwUteOVkqjcvKShaLW9tJbhMWj9yOT4FW5l1kGKlOAhrF8xWW40HUJB0NJ8Sk9HnHK_s_QxgZQKw2pXhMTfis1MGP3Q7P-OX-oqyDA9amt_SdNMTYTATvUQ2pyZc4zk3L_JsMiDxYmg68RpEUxHjtL8s_S0xxkaw&__tn__=%2CO%2CP-R,fire
Facebook,mindanaotimes,"#firealert: a fire broke out at a factory located in the arroyo compound, matina pangi, on wednesday afternoon, september 3. initial reports indicate that firefighters are currently on the scene. #firealert: a fire broke out at a factory located in the arroyo compound, matina pangi, on wednesday afternoon, september 3. initial reports indicate that firefighters are currently on the scene.","October 15, 2025 00:00:00",Matina Pangi (barangay),https://www.facebook.com/MindanaoTimes/posts/pfbid02B3c43trmzXM2vqygE3jAjJaVg6xYfvS3BPsnpX3JwE1waQB2AxgWp8Qn1a1ZgPSsl?__cft__[0]=AZWwsOj__bWluGLMlVItYiZnfUiR4gGqLb7Hgaqim5zeyeJmX5yvSqdp43Uv1YBGXb4A0rci0F2Xo3zdFMG5xfMfDVwSJxXoXtNBU1xgvOn6AN_EN0mk3wd0EAZK4fVxJQIXuab39mEI4QJA3RrnuzxvUbdzKLqibUjCITWXUbRZdHpi6myOoDUW7zN1i529v4E&__tn__=%2CO%2CP-R,fire
Facebook,davaodevupdates,"motorsiklo, nasunog sa diversion road look: usa ka motorsiklo ang misilaob sa c.p. garcia highway (diversion road), davao city karong buntag, setyembre 5, 2025. padayun pang ginapanubayan ang maong insidente. #firealert #diversionroad #davaoupdates | screengrab from cindy vlog, marc go tv/facebook motorsiklo, nasunog sa diversion road look: usa ka motorsiklo ang misilaob sa c.p. garcia highway (diversion road), davao city karong buntag, setyembre 5, 2025. padayun pang ginapanubayan ang maong insidente. #firealert #diversionroad #davaoupdates | screengrab from cindy vlog, marc go tv/facebook","September 05, 2025 00:00:00",DAVAO CITY (citymun),https://www.facebook.com/DavaoDevUpdates/posts/pfbid02S2hZHCKTdys9Q65CBwW9NrBaNBRBs161GNZcHqkRKcdfucH4AvTbeJipWC95nZLRl?__cft__[0]=AZUvk6Ws2zcQbluUbDA4KV4mj-s-gPk4hrcjCbjbqevoLrPyz_tbF5Gmk3pyZx-SL83JMU_c9Aag8JRNShJhC5zUcnSL0lMEKZMAuHzE9f0W1hXEfByTmevpUW00MrAK4DNoG8glJct71J2ArR5brwFx51-wyaOV-olMpO7LmfiWaBIZoJ_oynhxzBMrDcN36fk&__tn__=%2CO%2CP-R,fire
Facebook,#firealert,"#firealert watch: (updated)the bureau of fire protection (bfp) reported around p200,000 worth of damages due to the fire incident near bolton bridge along quimpo boulevard in davao city on saturday morning, january 15, 2022. read more: rj panares #allyouneedtoknow #firealert watch: (updated)the bureau of fire protection (bfp) reported around p200,000 worth of damages due to the fire incident near bolton bridge along quimpo boulevard in davao city on saturday morning, january 15, 2022. read more: rj panares #allyouneedtoknow","January 15, 2022 00:00:00",Bolton (barangay); DAVAO CITY (citymun),https://www.facebook.com/hashtag/FireAlert,fire
Facebook,ABS-CBN,"nasawi ang isang 4 anyos lalaki, habang sugatan naman ang kaniyang ina bunsod ng sunog na sumiklab sa pasig city. nasawi ang isang 4 anyos lalaki, habang sugatan naman ang kaniyang ina bunsod ng sunog na sumiklab sa pasig city. san po sa pasig yan ? anjie ansky cual pinagbuhatan.","September 06, 2025 23:00:00",CITY OF PASIG (citymun),https://www.facebook.com/abscbnNEWS/,fire
Facebook,ABS-CBN,"watch: firefighters respond to a fire, which started around 9 p.m. at the maharlika livelihood complex in baguio city on september 6, 2025. ( : chris pagulayan) watch: firefighters respond to a fire, which started around 9 p.m. at the maharlika livelihood complex in baguio city on september 6, 2025. ( : chris pagulayan) awwww kawawa naman mga stall owners","September 06, 2025 00:00:00",AMBAGUIO (citymun),https://www.facebook.com/abscbnNEWS/,fire
Facebook,ABS-CBN,"sumiklab ang sunog sa isang residential area sa isang village sa makati city, pasado alas-12 ng hapon nitong linggo, september 7. | via beatrice cuadra, abs-cbn news sumiklab ang sunog sa isang residential area sa isang village sa makati city, pasado alas-12 ng hapon nitong linggo, september 7. | via beatrice cuadra, abs-cbn news saan po banda","October 12, 2025 00:00:00",CITY OF MAKATI (citymun),https://www.facebook.com/abscbnNEWS/posts/pfbid02jTsqYAgw64EuBXmLe8rYJHitnEJ9XyuJcABqwZLSopcMKVz2XopQ2usfjjGjgWyEl?__cft__[0]=AZXUBK1qipRgAYbYbTQtD4xWwPadz2xY3TGUN-dHCzkKd6BdE3M9NG6ZR1rhYyaZuk3grAcmZbEFbozkMAO409tEiaxshfNsKxel3tfFE3jm0koNaE2mlvlYjWGl31hrLlokCm_MvoE3mI6Lr5EO_IYjOGQ_722YCaX25MPRiiM2l__1kesAm6Mi0ZNcTEPPhpg&__tn__=%2CO%2CP-R,fire
Facebook,ABS-CBN,"as of 2:04 p.m., fire out na ang sunog na sumiklab sa san lorenzo village sa makati city, ayon sa bfp. | via bea cuadra, abs-cbn news (contributed photos) as of 2:04 p.m., fire out na ang sunog na sumiklab sa san lorenzo village sa makati city, ayon sa bfp. | via bea cuadra, abs-cbn news (contributed photos)","October 14, 2025 14:04:00",SAN LORENZO (citymun); CITY OF MAKATI (citymun),https://www.facebook.com/abscbnNEWS/posts/pfbid02cTwferLeLjZNsB3h5BBGWXfUk8siPhFpZistmJB84udAQDBaKcPofVtp3YTRwBAXl?__cft__[0]=AZUhalKeI7Kx86dxObycbN0pwDaFdCjTxgy7vFZv2pl885D-xlYDguy6F-TwwzwqN3K_7X6suyHYuTCC1aegS497QJLsGf6SEZ-1pYLE1TrNMNT1lKGeoSPhfRKiPylfdVc1PJwPDXRXWsW3mmkfeOnzebiVz0dzzuSWOqKdXlFNdp1v7WleX-Df1JMnY0NWdy8&__tn__=%2CO%2CP-R,fire
Facebook,davaodevupdates,"sunog sa mall sa bajada update | girespondehan sa mga kabomberohan ang miulbo nga sunog sa usa ka dakong shopping mall sa may j.p. laurel avenue, bajada, davao city karong gabii, setyembre 6, 2025. sa karon, fire under control na ang sunog nga miulbo sulod sa bodega sa 3rd floor sa mall. #firealert #davaocity #davaoupdates screengrab from ronald amoguis delapena sunog sa mall sa bajada update | girespondehan sa mga kabomberohan ang miulbo nga sunog sa usa ka dakong shopping mall sa may j.p. laurel avenue, bajada, davao city karong gabii, setyembre 6, 2025. sa karon, fire under control na ang sunog nga miulbo sulod sa bodega sa 3rd floor sa mall. #firealert #davaocity #davaoupdates screengrab from ronald amoguis delapena","September 06, 2025 00:00:00",DAVAO CITY (citymun),https://www.facebook.com/DavaoDevUpdates/posts/pfbid0q1B5De23nTS2UnPBcwBuXiFTJtAGTUCZW1BEYgDYbP7jccrELkU3mNHxUKojtcc1l?__cft__[0]=AZWGK3yNvQY-8Cwgde5FZ-lQcvpS-wQ1PMgMUv4C7paqkbqBU6p6ke8pbChcUZaOtrBUm4DrGOBWDg_uVhV4stvZC4HvshDLKf8V8t3K4Se6FQu3bY55-wVGWHTfFVjK4-1Vn8b74UCAqIbrw1jAbN8cV-2yobp7SIT5_WBdSQMp-K0kFhd2iRDTOJdKzslZgjc&__tn__=%2CO%2CP-R,fire
Facebook,SunStar Davao,"a fire broke out on sunday evening, september 7, 2025, in purok 4, barangay 23-c, boulevard, davao city. authorities are currently investigating the cause of the blaze. more details to follow. ry llanes #allyouneedtoknow a fire broke out on sunday evening, september 7, 2025, in purok 4, barangay 23-c, boulevard, davao city. authorities are currently investigating the cause of the blaze. more details to follow. ry llanes #allyouneedtoknow","September 07, 2025 00:00:00",Purok (barangay); DAVAO CITY (citymun),https://www.facebook.com/sunstardavaonews/posts/pfbid031dzVq5rynVNBmHBDs2j4N2UTDN3Bb1N13FkzG3fKdYLVK4v3DSDq6saev4GCXfGyl?__cft__[0]=AZWW6XIjakj5JmBXoij9MMea6B4auvldh3IZMfUvS0rBBgRe8jbRi5ZB3gXedRNG7demvfgnA9NcDNT9mWAeHMNUo7G5Kg2zOkHz8rXLjC7c8AlInNNKAACES5KtQTbZJi6NI9tq8wSH_uIG75WjmkEAwxRlBfCVaRT7fLCZEL0XVDmxfC7iACx3_mt3C935u18&__tn__=%2CO%2CP-R,fire
Facebook,davaodevupdates,"sunog sa brgy. 23-c boulevard look: padayun ang mga kabomberohan sa pagpakgang sa dakong sunog sa purok 4, miniforest, brgy. 23-c, boulevard, davao city pasado alas-2 sa kadlawon, setyembre 8, 2025. sa kadako sa sunog sa lugar, niabot kini sa 2nd alarm. samtang ang mga nasunugan anaa na sa evacuation center sa barangay. dugang detalye, atangi! #sunog #firealert #boulevard #barangay23c #dvo #davao #davaocity #davaoupdates sunog sa brgy. 23-c boulevard look: padayun ang mga kabomberohan sa pagpakgang sa dakong sunog sa purok 4, miniforest, brgy. 23-c, boulevard, davao city pasado alas-2 sa kadlawon, setyembre 8, 2025. sa kadako sa sunog sa lugar, niabot kini sa 2nd alarm. samtang ang mga nasunugan anaa na sa evacuation center sa barangay. dugang detalye, atangi! #sunog #firealert #boulevard #barangay23c #dvo #davao #davaocity #davaoupdates","September 08, 2025 00:00:00",Purok (barangay); DAVAO CITY (citymun),https://www.facebook.com/DavaoDevUpdates/posts/pfbid0PXtZTPMmZsTgQcieWCYQaRgiAjFiSbxvtUth8RucD6xWz6KTdESxXYLeb93oYV8Vl?__cft__[0]=AZXTAH0xSDxHNEgQm4ApeMqWgVubrqu-DPtnYrAsi3T2AAWsliwel37mg1RphUhhRiS3XIjYNjJgEx6LOcqKdQTq2FhFJtcs2g3e1ivbbvAxKWC7iUWDMfSi-3saaTRqCH1I9xXYPZ6JTUovy9pb-JuPWtngBbPmFgCVZ-goOjRpY6Zq8pR1jr9bqfKkcOh0MWc&__tn__=%2CO%2CP-R,fire
Facebook,#firealert,fire alert brgy 23-c purok 4-b isla verde at the point 2:47am 08 sept. 2025 #highlighteveryone #firealert #davaocity fire alert brgy 23-c purok 4-b isla verde at the point 2:47am 08 sept. 2025 #highlighteveryone #firealert #davaocity,"September 08, 2025 00:00:00",DAVAO CITY (citymun),https://www.facebook.com/hashtag/FireAlert,fire
Facebook,BFPRHQ11,"bfp 11 flag raising ceremony highlights integrity and innovation | the bureau of fire protection region 11 held its flag-raising ceremony today with finsp jerick gorospe riquelman as the troop information and education speaker, attended by firefighters from the regional headquarters and davao city fire district (dcfd). in his message, finsp riquelman, a licensed civil engineer and firefighter, emphasized that both engineering and firefighting share the same missionto protect lives and build safer communities. he stressed that while tradition instills discipline, innovation brings progress, especially in addressing modern challenges such as high-rise fires, urban disasters, and climate change. he also reminded everyone that a public office is a public trust, underscoring the importance of integrity and accountability in public service. highlighting the honor code, he called on bfp personnel to embrace innovation with honesty, responsibility, and service at the core. bfp 11 flag raising ceremony highlights integrity and innovation | the bureau of fire protection region 11 held its flag-raising ceremony today with finsp jerick gorospe riquelman as the troop information and education speaker, attended by firefighters from the regional headquarters and davao city fire district (dcfd). in his message, finsp riquelman, a licensed civil engineer and firefighter, emphasized that both engineering and firefighting share the same missionto protect lives and build safer communities. he stressed that while tradition instills discipline, innovation brings progress, especially in addressing modern challenges such as high-rise fires, urban disasters, and climate change. he also reminded everyone that a public office is a public trust, underscoring the importance of integrity and accountability in public service. highlighting the honor code, he called on bfp personnel to embrace innovation with honesty, responsibility, and service at the core.","September 08, 2025 17:30:00",REGION XI (DAVAO REGION) (region),https://www.facebook.com/BFPRHQ11/posts/pfbid0224Zms9DXwVzgsWMJ1zwKuPE4yTCECKgC7spKkRfKn4q31vgAM8eSR2pseSTUPdDAl?__cft__[0]=AZUg92IBFYP3ALFmU8GxG33PPx2N5HmavF0_P-dN8iUYpGMpdl0rF9-d9SaUIC4LzkY7eN-ia9xJy2liHLKzGV3OBs7AzGh1sDkLHByFVevh4cIvu3hmUoMbdgZUEjDcSNCzOvvonckY2ST_-HWAlac6oDKj0_mcHRlLL00f13tIfFBfEpDuqd_NBtVKWhI9SyQmDvn8JArSjXcW1E4LeDyH&__tn__=%2CO%2CP-R,fire
Facebook,#fireandrescueph,"hindi na kinaya, dahil sa lakas ng sunog sa quezon city doble, ingat poh talaga tayo ngayon dahil sa sobrang init at paiba iba yung klima ng panahon ngayon #firealert #highlightseveryone #firealarm #fypviralvideos #forawareness #fireandrescueph #alarmapilipinas hindi na kinaya, dahil sa lakas ng sunog sa quezon city doble, ingat poh talaga tayo ngayon dahil sa sobrang init at paiba iba yung klima ng panahon ngayon #firealert #highlightseveryone #firealarm #fypviralvideos #forawareness #fireandrescueph #alarmapilipinas","September 08, 2025 21:30:00",QUEZON (citymun),https://www.facebook.com/hashtag/FireandRescuePH,fire
Facebook,davaodevupdates,"aftermath sa sunog sa brgy. 23-c boulevard look: ubay-ubay ka mga panimalay ang naugdaw human sa nahitabong sunog sa purok 4, miniforest, brgy. 23-c, boulevard, davao city pasado alas-2 kaganihang kadlawon, setyembre 8, 2025. sa karon, padayun ang imbestigasyon sa kabomberohan sa hinungdan, lakip ang kantidad sa danyos sa sunog. #sunog #firealert #boulevard #barangay23c #dvo #davao #davaocity #davaoupdates aftermath sa sunog sa brgy. 23-c boulevard look: ubay-ubay ka mga panimalay ang naugdaw human sa nahitabong sunog sa purok 4, miniforest, brgy. 23-c, boulevard, davao city pasado alas-2 kaganihang kadlawon, setyembre 8, 2025. sa karon, padayun ang imbestigasyon sa kabomberohan sa hinungdan, lakip ang kantidad sa danyos sa sunog. #sunog #firealert #boulevard #barangay23c #dvo #davao #davaocity #davaoupdates","September 08, 2025 00:00:00",Purok (barangay); DAVAO CITY (citymun),https://www.facebook.com/DavaoDevUpdates/posts/pfbid02ZpirSyj3Wu7peTQ1UrK2Bb1GhnzCytejp4bMkvZfUmdzQPJcbaGqhNNdFoybYjLal?__cft__[0]=AZWZJNTTJ09zyOH1JcpRqjknRyapUgJLidWyObylJk06TPlDfgsI-a3gwSkcCmu5NQ800akCY5HgzAmrc2fOOKbew3ebpeC_iIqfR-Rh10rff8H3-qOb4j9CGpYAdFjO8M_3huFvLGu2wDLUZ5MXrhSXiFRGfGZuXsQKj0iwptfz9zG9kNH22_uNyeIykZzveQk&__tn__=%2CO%2CP-R,fire
Facebook,davaodevupdates,"sunog sa brgy. 23-c boulevard breaking: dakong sunog, miulbo sa purok 4, miniforest, brgy. 23-c, boulevard, davao city pasado alas-2 sa kadlawon, setyembre 8, 2025. padayun ang pag-responde karon sa mga kabomberohan sa lugar. dugang detalye, atangi! #sunog #firealert #boulevard #barangay23c #dvo #davao #davaocity #davaoupdates sunog sa brgy. 23-c boulevard breaking: dakong sunog, miulbo sa purok 4, miniforest, brgy. 23-c, boulevard, davao city pasado alas-2 sa kadlawon, setyembre 8, 2025. padayun ang pag-responde karon sa mga kabomberohan sa lugar. dugang detalye, atangi! #sunog #firealert #boulevard #barangay23c #dvo #davao #davaocity #davaoupdates","September 08, 2025 00:00:00",Purok (barangay); DAVAO CITY (citymun),https://www.facebook.com/DavaoDevUpdates/posts/pfbid026MnQrsALKKkZH3o1fCXNUPg4zJ6hpeeE5eFtDUgsvjkLM3ai3eTq8myg2Lcr2kRcl?__cft__[0]=AZVtmnCijJ2c4J4XJfH34CXATE7zAheN30LMsEi6FgF2ol3FFt-Puk0xVPEx404tgUncFVvBinzojQ_opHFvWVi93pv_s2Dnm2pFSvPcAP0IjRdCewDkZc5T7sJ4TK53MZCIfoWbOi9og2ZdtYx_qjXfd5iEN9BSQOV43Nn98nV45q7P80Ei6cxUpe8OvQ2fXh8&__tn__=%2CO%2CP-R,fire
Facebook,#fireandrescueph,"fire alarm sept 08 2025 location: molave 8, barangay tayud liloan, cebu. involved residential #zerothreetwobumbero #txtfirephilippines #firealert #firealarm #residentialfire #commercialfire #firealertph #firealarmph #alarmapilipinas #fireandrescueph #fyp fire alarm sept 08 2025 location: molave 8, barangay tayud liloan, cebu. involved residential #zerothreetwobumbero #txtfirephilippines #firealert #firealarm #residentialfire #commercialfire #firealertph #firealarmph #alarmapilipinas #fireandrescueph #fyp","September 08, 2025 00:00:00",MOLAVE (citymun); CEBU (province),https://www.facebook.com/hashtag/FireandRescuePH,fire
Facebook,PHIVOLCS,"tingnan: pre-implementation site assessment (pisa) sa sitio candinuyan, brgy. golden valley, mabini, davao de oro dynaslope community, sabay-sabay nating i-welcome ang ating pinakabagong dynaslope site sitio candinuyan, brgy. golden valley, mabini, davao de oro! ito na ang ika-54 na site sa buong bansa at ikalawa sa davao de oro na pagtatatagan ng early warning system for landslides (ews-l) sa ilalim ng dynaslope project. noong august 1113, 2025, isinagawa ang pre-implementation site assessment (pisa) bilang unang hakbang sa pagtatatag ng ews-l. layunin nitong buuhin ang pagkakaisa ng mga stakeholder upang epektibong aksyunan ang panganib ng landslide sa sitio candinuyan. mga naging aktibidad: detailed landslide hazard survey & global system for mobile communications (gsm) signal survey pagmamapa ng landslide area rapid needs and capacities assessment pakikipagkwentuhan at konsultasyon sa mga residente community orientation pormal na pagpapakilala ng ews-l sa komunidad nagkaroon din ng courtesy call sa lgu mabini at sa pamunuan ng brgy. golden valley, kung saan ipinahayag ng mga opisyal ang buong suporta sa proyektong ito. abangan ang mga susunod na hakbang tungo sa kinabukasang #ligtassalandslide sa sitio candinuyan! #dynaslope #dynafieldnotes #cbewsl #iloiloready #ligtasathanda #handaangmayalam tingnan: pre-implementation site assessment (pisa) sa sitio candinuyan, brgy. golden valley, mabini, davao de oro dynaslope community, sabay-sabay nating i-welcome ang ating pinakabagong dynaslope site sitio candinuyan, brgy. golden valley, mabini, davao de oro! ito na ang ika-54 na site sa buong bansa at ikalawa sa davao de oro na pagtatatagan ng early warning system for landslides (ews-l) sa ilalim ng dynaslope project. noong august 1113, 2025, isinagawa ang pre-implementation site assessment (pisa) bilang unang hakbang sa pagtatatag ng ews-l. layunin nitong buuhin ang pagkakaisa ng mga stakeholder upang epektibong aksyunan ang panganib ng landslide sa sitio candinuyan. mga naging aktibidad: detailed landslide hazard survey & global system for mobile communications (gsm) signal survey pagmamapa ng landslide area rapid needs and capacities assessment pakikipagkwentuhan at konsultasyon sa mga residente community orientation pormal na pagpapakilala ng ews-l sa komunidad nagkaroon din ng courtesy call sa lgu mabini at sa pamunuan ng brgy. golden valley, kung saan ipinahayag ng mga opisyal ang buong suporta sa proyektong ito. abangan ang mga susunod na hakbang tungo sa kinabukasang #ligtassalandslide sa sitio candinuyan! #dynaslope #dynafieldnotes #cbewsl #iloiloready #ligtasathanda #handaangmayalam tingnan: pre-implementation site assessment (pisa) sa sitio candinuyan, brgy. golden valley, mabini, davao de oro dynaslope community, sabay-sabay nating i-welc  tingnan: pre-implementation site assessment (pisa) sa sitio candinuyan, brgy. golden valley, mabini, davao de oro dynaslope community, sabay-sabay nating i-welc  tingnan: pre-implementation site assessment (pisa) sa sitio candinuyan, brgy. golden valley, mabini, davao de oro dynaslope community, sabay-sabay nating i-welc","August 11, 2013 20:25:00",Golden Valley (Maraut) (barangay); MABINI (citymun); ILOILO (province),https://www.facebook.com/PHIVOLCS/posts/pfbid02Ea3dE45n4XpwscgLyTt358sJsGB3GidY5E3h5R5tzuZ1iyV1dS1nKowNzFAfmS5El?__cft__[0]=AZXIyXhGb-a9ioHTo4DAobQeEVYFnY_zlyQnHgMv5jRiY4ncvmWSXsY42VoP-IfbvXdqLtt37O1fEUrmvFufIPCVKmZVMnLM0EVWaa210mt-9n0pjPOtt_rqvGZZxG2IIfJG5qM4giXkRtOmJyJfZOwEuGvqygK2EL2ln-UntQcyylrZb22XNI6beIRYwKGdYeaORss0uKNE2rxtilvIlDgY73GKsBJ3g1WDS5KIy0En2A&__tn__=%2CO%2CP-R,landslide
Facebook,PHIVOLCS,"look | ldrrmo liloy deploys drone for landslide damage assessment in labason the remotely piloted aircraft (rpa) was used to capture high-resolution aerial footage of the affected site, which was then processed with the help of science-based software introduced by the dost-phivolcs-redas to produce an orthophoto, a vital tool for hazard assessment mapping and monitoring. #redas #rpa #handaangmayalam #onedost4u look | ldrrmo liloy deploys drone for landslide damage assessment in labason the remotely piloted aircraft (rpa) was used to capture high-resolution aerial footage of the affected site, which was then processed with the help of science-based software introduced by the dost-phivolcs-redas to produce an orthophoto, a vital tool for hazard assessment mapping and monitoring. #redas #rpa #handaangmayalam #onedost4u look | ldrrmo liloy deploys drone for landslide damage assessment in labason. local government unit of liloy, under the strong leadership and support of municipal mayor roberto lim uy jr., throught the local disaster risk reduction and management office headed by roy allan egoogan ldrrmo iii, provided technical support in the recent landslide incident at purok 3, brgy. ubay, labason, zamboanga del norte through the deployment of remotely piloted aircraft (rpa) or drone technology. the rpa was used to capture high-resolution aerial footage of the affected site, which was then processed with the help of science-based software introduced by the dost-phivolcs-redas to produce an orthophoto, a vital tool for hazard assessment mapping and monitoring. this geospatial data enables the incident management team (imt) to assess the situation on the ground more accurately, monitor ongoing risks, and plan the most effective course of action for response operations. with mayor uys continued commitment to innovation and disaster resilience, ldrrmo liloy remains dedicated to proactive, science-based and tech-driven disaster risk reduction efforts. #ldrrmoliloy #hazardassessment look | ldrrmo liloy deploys drone for landslide damage assessment in labason. local government unit of liloy, under the strong leadership and support of municipal mayor roberto lim uy jr., throught the local disaster risk reduction and management office headed by roy allan egoogan ldrrmo iii, provided technical support in the recent landslide incident at purok 3, brgy. ubay, labason, zamboanga del norte through the deployment of remotely piloted aircraft (rpa) or drone technology. the rpa was used to capture high-resolution aerial footage of the affected site, which was then processed with the help of science-based software introduced by the dost-phivolcs-redas to produce an orthophoto, a vital tool for hazard assessment mapping and monitoring. this geospatial data enables the incident management team (imt) to assess the situation on the ground more accurately, monitor ongoing risks, and plan the most effective course of action for response operations. with mayor uys continued commitment to innovation and disaster resilience, ldrrmo liloy remains dedicated to proactive, science-based and tech-driven disaster risk reduction efforts. #ldrrmoliloy #hazardassessment look | ldrrmo liloy deploys drone for landslide damage assessment in labason. local government unit of liloy, under the strong leadership and support of municipal mayor roberto lim uy jr., throught the local disaster risk reduction and management office headed by roy allan egoogan ldrrmo iii, provided technical support in the recent landslide incident at purok 3, brgy. ubay, labason, zamboanga del norte through the deployment of remotely piloted aircraft (rpa) or drone technology. the rpa was used to capture high-resolution aerial footage of the affected site, which was then processed with the help of science-based software introduced by the dost-phivolcs-redas to produce an orthophoto, a vital tool for hazard assessment mapping and monitoring. this geospatial data enables the incident management team (imt) to assess the situation on the ground more accurately, monitor ongoing risks, and plan the most effective course of action for response operations. with mayor uys continued commitment to innovation and disaster resilience, ldrrmo liloy remains dedicated to proactive, science-based and tech-driven disaster risk reduction efforts. #ldrrmoliloy #hazardassessment","September 08, 2025 15:30:00",LABASON (citymun); Purok 3 (Pob.) (barangay); UBAY (citymun); ZAMBOANGA DEL NORTE (province),https://www.facebook.com/PHIVOLCS/posts/pfbid01EjV6qBWatxUyNgZvwgc34FbsDGwY49tnQwsJuniz1V3LFQpeY9wtPYXZhPh9hQJl?__cft__[0]=AZX3eL9WtrxKLgcxRbLHxudWeNlM0GDO_GQBsLEyJPxKTsjaI5-1Hc-Ej9c50XMPKP4sWxGlg79MWSa2XmGw1wTx580Aw7GGmnQtqJrZaa56jFVhF2P6bRKZcvhObYfm3m5FiOMn44f8B4Bm9kGrI_RY4m5ht-aFPGsDCXEhAkiszNcimjFaCJ6AJ2W2hD_8nZXDbN7P05uFROQRjjB4eBY4ruXZyP8NPtN_lLkiS-ntbA&__tn__=%2CO%2CP-R,landslide
Facebook,maloucagalitan.balighot.5,"landslide temporarily closes""likuan sa bauhugan, dimiao road. nakakalungkot naman oh ang maganda naming kalsada sa likuan, dimiao karon dili muna maagian tungod sa landslide. ang lupa gikan sa bundok mibagsak ug nakabara sa dalan. para sa kaluwasan sa tanan, sa mga motorista ug biyahero, please take alternative routes muna samtang wala pa na-clear ang kalsada. amping kanunay sa inyong byahe! #dimiaoupdate #roadclosure #staysafe #landslidealert #alternativeroute landslide temporarily closes""likuan sa bauhugan, dimiao road. nakakalungkot naman oh ang maganda naming kalsada sa likuan, dimiao karon dili muna maagian tungod sa landslide. ang lupa gikan sa bundok mibagsak ug nakabara sa dalan. para sa kaluwasan sa tanan, sa mga motorista ug biyahero, please take alternative routes muna samtang wala pa na-clear ang kalsada. amping kanunay sa inyong byahe! #dimiaoupdate #roadclosure #staysafe #landslidealert #alternativeroute","September 08, 2025 17:30:00",Bauhugan (barangay); DIMIAO (citymun),https://www.facebook.com/maloucagalitan.balighot.5/posts/pfbid02cmdrY9tLR3sdWBbPyKs219FfBRRS8b1BHsJPG8Gh7Rwi4EfjrKH6Mza5GEB8fZwXl?__cft__[0]=AZVw1AuAyLcIULg63S673G0XKKC_N3Pgj68MeaDN-Cl95pzVHU7A5tIDge0ACudXD8zZFVZ6lz7C59SPSd3Vo47F0Tacalg6w9VeudWw4m2HcSlqhXq-uts71vp7BPpObk-jLSuzb4bI9cO9tludOhgwRgi3BSLi2idh76y_6yd8YAQYxOqabrM6c7jpETtdjvg&__tn__=%2CO%2CP-R,landslide
Facebook,lasacinc,"just in. naitala ang pagguho ng lupa sa bahagi ng national highway sa barangay laurel sa bayan ng taysan, batanga dahil sa patuloy na pagbuhos ng ulan. may ilang debris na kumalat sa kalsada na tinugunan naman ng mga otoridad. batay naman sa koordinasyon, passable pa rin ang lugar na patungo sa bayan ng lobo. pinag-iingat ang mga dadaang motorista kaugnay sa mga posible pang katulad na insidente sa lugar. : shared by marivic soriano #paengph #humanitarianmission #archdioceseoflipa #landslideph just in. naitala ang pagguho ng lupa sa bahagi ng national highway sa barangay laurel sa bayan ng taysan, batanga dahil sa patuloy na pagbuhos ng ulan. may ilang debris na kumalat sa kalsada na tinugunan naman ng mga otoridad. batay naman sa koordinasyon, passable pa rin ang lugar na patungo sa bayan ng lobo. pinag-iingat ang mga dadaang motorista kaugnay sa mga posible pang katulad na insidente sa lugar. : shared by marivic soriano #paengph #humanitarianmission #archdioceseoflipa #landslideph","September 09, 2025 13:00:00",LAUREL (citymun); TAYSAN (citymun); LOBO (citymun),https://www.facebook.com/LASACInc/posts/pfbid0no59VcdiKnohrLap7X2yW1UKL1Cfgj4UpJKRWHkx6WoPxkwmoECbz4ui2DPjjibpl?__cft__[0]=AZVjSwqa_Vmb6EKNjW4yJDlH3EQYA9xEifvUOWsBiK64wRfwMohlUuEZbOCvSXXhNNWqemEd7clAowV9Y5VT-zw0-1XUMTH7colS8NRboInh6wrQrVRtdGtxN8RRXFvBIxBFTquRSGWYfIzJ7lG-t0YwjLnEHgg5UzZ7nfGQRjxgpNFDeG8C6vfFXZdxVKBgRFI&__tn__=%2CO%2CP-R,landslide
X,dost_pagasa,"thunderstorm advisory no. 9 #ncr_prsd issued at: 9:45 pm, 29 august 2025(friday) moderate to heavy rainshowers with lightning and strong winds are expected over metro manila, cavite, laguna and pampanga within the next 2 hours. heavy to intense rainshowers with lightning and","August 29, 2025 21:45:00",NATIONAL CAPITAL REGION (NCR) (region); CAVITE (province); LAGUNA (province); PAMPANGA (province),https://x.com/dost_pagasa/status/1961425842414006408,rainfall / flood
Facebook,ABS-CBN,"dpwh secretary manuel bonoan has reassigned engineer gerald pacanan to the agency's central office, amid an ongoing investigation into alleged irregular and substandard flood control projects, particularly in oriental mindoro. dpwh secretary manuel bonoan has reassigned engineer gerald pacanan to the agency's central office, amid an ongoing investigation into alleged irregular and substandard flood control projects, particularly in oriental mindoro.","August 30, 2025 21:30:00",ORIENTAL MINDORO (province),https://www.facebook.com/abscbnNEWS/posts/pfbid0wwicT5wDXD57Jhagr6fGiB6UvyLbxvseCEu3zsJY6Y1u9RsWZboEA1JXTrCjbEUzl?__cft__[0]=AZUCTOAgoHEbHtIx7MYVFa3SzTXKTZVVMgHnpCFCKH_Amtk5cb_s5yyy2uo2OvLh2jYz4EWlm_Way8axzngrpfx8RG1Qnsj1dbfc3UK-4mJu5OvYUfTuQfHCV_kaaW8RJ9FLxvEhR5Jy2daLFZWPZC4B4NqcXG8Ta34IsHM_myd6-YHhI9SqEjI0KtS9z1xGPyE&__tn__=%2CO%2CP-R,rainfall / flood
Facebook,Civil Defense Davao,"rainfall advisory no. 11 #minprsd weather system: southwest monsoon (habagat) / low pressure area (lpa) issued at 07:30 pm 30 august 2025 light to moderate rains are expected over #bukidnon(baungon, manolofortich, libona, malitbog, sumilao, lantapan, cityofvalencia, impasugong, cityofmalaybalay), #misamisoriental(naawan, manticao, lugait, tagoloan, villanueva, jasaan, claveria), #zamboangadelnorte(sibuco, sirawai, siocon, gutalac, labason, baliguian, kalawit, sergioosmenasr.), #zamboangacity, #zamboangasibugay(titay, rosellerlim, tungawan, ipil, siay, naga, kabasalan, diplahan, malangas, imelda, payao, alicia, buug), #zamboangadelsur(kumalarang, lapuyan, sanmiguel, dinas, dimataling, margosatubig, vincenzoa.sagun, tabina, pitogo, sanpablo, guipos, dumalinao, midsalip, pagadiancity, tigbao, labangan, tukuran, sominot, dumingag, mahayag, ramonmagsaysay, molave, tambulig, josefina, aurora), #misamisoccidental(donvictorianochiongbian, bonifacio, tangubcity, tudela, sinacaban, jimenez), #lanaodelnorte(lala, kapatagan, baroy, sultannagadimaporo, sapad, salvador, nunungan, kolambugan, munai, tangcal, poonapiagapo, matungao, baloi, tagoloan), #lanaodelsur(calanogas, pualas, picong, malabang, marogong, ganassi, pagayawan, binidayan, tubaran, bayang, lumbacaunayan, lumbatan, sultandumalondong, lumbayanague and tagoloanii) within the next 2-3 hours. moderate to heavy rains affecting #misamisoriental(cityofelsalvador, alubijid, laguindingan, gitagum, initao, cagayandeorocity, opol, libertad), #lanaodelnorte(linamon, iligancity, kauswagan, maigo, bacolod), #bukidnon(talakag, kalilangan, pangantucan), #zamboangasibugay(talusan, mabuhay, olutanga), #misamisoccidental(clarin and ozamiscity) which may persist within 2-3 hours and may affect nearby areas. the public and the disaster risk reduction and management offices concerned are advised to monitor the weather condition and watch for the next warning to be issued at 11:00 pm today. /cjcn/cta rainfall advisory no. 11 #minprsd weather system: southwest monsoon (habagat) / low pressure area (lpa) issued at 07:30 pm 30 august 2025 light to moderate rains are expected over #bukidnon(baungon, manolofortich, libona, malitbog, sumilao, lantapan, cityofvalencia, impasugong, cityofmalaybalay), #misamisoriental(naawan, manticao, lugait, tagoloan, villanueva, jasaan, claveria), #zamboangadelnorte(sibuco, sirawai, siocon, gutalac, labason, baliguian, kalawit, sergioosmenasr.), #zamboangacity, #zamboangasibugay(titay, rosellerlim, tungawan, ipil, siay, naga, kabasalan, diplahan, malangas, imelda, payao, alicia, buug), #zamboangadelsur(kumalarang, lapuyan, sanmiguel, dinas, dimataling, margosatubig, vincenzoa.sagun, tabina, pitogo, sanpablo, guipos, dumalinao, midsalip, pagadiancity, tigbao, labangan, tukuran, sominot, dumingag, mahayag, ramonmagsaysay, molave, tambulig, josefina, aurora), #misamisoccidental(donvictorianochiongbian, bonifacio, tangubcity, tudela, sinacaban, jimenez), #lanaodelnorte(lala, kapatagan, baroy, sultannagadimaporo, sapad, salvador, nunungan, kolambugan, munai, tangcal, poonapiagapo, matungao, baloi, tagoloan), #lanaodelsur(calanogas, pualas, picong, malabang, marogong, ganassi, pagayawan, binidayan, tubaran, bayang, lumbacaunayan, lumbatan, sultandumalondong, lumbayanague and tagoloanii) within the next 2-3 hours. moderate to heavy rains affecting #misamisoriental(cityofelsalvador, alubijid, laguindingan, gitagum, initao, cagayandeorocity, opol, libertad), #lanaodelnorte(linamon, iligancity, kauswagan, maigo, bacolod), #bukidnon(talakag, kalilangan, pangantucan), #zamboangasibugay(talusan, mabuhay, olutanga), #misamisoccidental(clarin and ozamiscity) which may persist within 2-3 hours and may affect nearby areas. the public and the disaster risk reduction and management offices concerned are advised to monitor the weather condition and watch for the next warning to be issued at 11:00 pm today. /cjcn/cta","August 30, 2025 19:30:00",BUKIDNON (province); BAUNGON (citymun); LIBONA (citymun); MALITBOG (citymun); SUMILAO (citymun); LANTAPAN (citymun); MISAMIS ORIENTAL (province); NAAWAN (citymun); MANTICAO (citymun); LUGAIT (citymun); TAGOLOAN (citymun); VILLANUEVA (citymun); JASAAN (citymun); CLAVERIA (citymun); ZAMBOANGA DEL NORTE (province); SIRAWAI (citymun); SIOCON (citymun); GUTALAC (citymun); LABASON (citymun); BALIGUIAN (citymun); KALAWIT (citymun); ZAMBOANGA CITY (citymun); ZAMBOANGA SIBUGAY (province); TITAY (citymun); TUNGAWAN (citymun); IPIL (Capital) (citymun); SIAY (citymun); NAGA (citymun); KABASALAN (citymun); DIPLAHAN (citymun); MALANGAS (citymun); IMELDA (citymun); PAYAO (citymun); ALICIA (citymun); BUUG (citymun); ZAMBOANGA DEL SUR (province); KUMALARANG (citymun); LAPUYAN (citymun); DINAS (citymun); DIMATALING (citymun); MARGOSATUBIG (citymun); TABINA (citymun); PITOGO (citymun); GUIPOS (citymun); DUMALINAO (citymun); MIDSALIP (citymun); TIGBAO (citymun); LABANGAN (citymun); TUKURAN (citymun); SOMINOT (DON MARIANO MARCOS) (citymun); DUMINGAG (citymun); MAHAYAG (citymun); MOLAVE (citymun); TAMBULIG (citymun); JOSEFINA (citymun); AURORA (province); MISAMIS OCCIDENTAL (province); BONIFACIO (citymun); TUDELA (citymun); SINACABAN (citymun); JIMENEZ (citymun); LANAO DEL NORTE (province); LALA (citymun); KAPATAGAN (citymun); BAROY (citymun); SAPAD (citymun); SALVADOR (citymun); NUNUNGAN (citymun); KOLAMBUGAN (citymun); MUNAI (citymun); TANGCAL (citymun); MATUNGAO (citymun); BALOI (citymun); LANAO DEL SUR (province); CALANOGAS (citymun); PUALAS (citymun); PICONG (SULTAN GUMANDER) (citymun); MALABANG (citymun); MAROGONG (citymun); GANASSI (citymun); PAGAYAWAN (TATARIKAN) (citymun); BINIDAYAN (citymun); TUBARAN (citymun); BAYANG (citymun); LUMBATAN (citymun); LUMBAYANAGUE (citymun); ALUBIJID (citymun),https://www.facebook.com/civildefensedavao/posts/pfbid02ASYdZRkWwyCKGZZhps2Vw7AxurKJThvATwPvryjfuBECLAWvMLHSwSrvY3wkmV4Gl?__cft__[0]=AZV_NeSR58gQyATPc--rN1KCYCJhgXb70cIpujCNBMAvxkP27JiTH8-tehh4MGPw6sKZlxUe8FZsFoNwRzEAqhgkmF8KdwibalLeVwVCg25SwcAViKK0qBIEkm5M_vY4f93r4btyzyw18-KQbqO-xh2TstqQIz6mTj3MPVZ-FOxtIjajasmGH9MyhiXrjivoauw&__tn__=%2CO%2CP-R,rainfall / flood
Facebook,MPRSD CDO,"rainfall advisory no. 11 amendment #minprsd weather system: southwest monsoon (habagat) / low pressure area (lpa) issued at 08:07 pm 30 august 2025 light to moderate rains are expected over #tawitawi, #sulu, #basilan, #zamboangacity, #zamboangasibugay, #zamboangadelnorte(sibuco, sirawai, siocon, baliguian), #zamboangadelsur(margosatubig, vincenzoa.sagun, dimataling, pitogo, tabina, midsalip, sominot, ramonmagsaysay, aurora, tukuran, pagadiancity, labangan, dumalinao, sanpablo, tambulig), #lanaodelnorte(sultannagadimaporo, lala, kapatagan, sapad, iligancity, tagoloan, baloi, pantar, nunungan, munai, pantaoragat), #misamisoccidental(bonifacio, tangubcity, ozamiscity), #lanaodelsur(tagoloanii, maguing, marawicity, marantao, saguiaran, kapai, ditsaanramain, buadiposobuntong, mulondo, tamparan, poonabayabao, taraka, piagapo, balindong, tugaya, bacolodkalawi, madalum), #bukidnon(manolofortich, lantapan, cityofvalencia, sumilao, pangantucan), #misamisoriental(lugait, manticao, cityofelsalvador, opol, alubijid, naawan, initao, libertad, laguindingan, gitagum), #agusandelnorte(cityofcabadbaran, tubay and santiago) within the next 2-3 hours. moderate to occasionally heavy rains affecting #misamisoriental(jasaan, villanueva, tagoloan, claveria, cagayandeorocity), #bukidnon(talakag, baungon, libona, malitbog), #lanaodelsur(bubong, lumbabayabao and masiu) which may persist within 2-3 hours and may affect nearby areas. the public and the disaster risk reduction and management offices concerned are advised to monitor the weather condition and watch for the next warning to be issued at 11:00 pm today. rainfall advisory no. 11 amendment #minprsd weather system: southwest monsoon (habagat) / low pressure area (lpa) issued at 08:07 pm 30 august 2025 light to moderate rains are expected over #tawitawi, #sulu, #basilan, #zamboangacity, #zamboangasibugay, #zamboangadelnorte(sibuco, sirawai, siocon, baliguian), #zamboangadelsur(margosatubig, vincenzoa.sagun, dimataling, pitogo, tabina, midsalip, sominot, ramonmagsaysay, aurora, tukuran, pagadiancity, labangan, dumalinao, sanpablo, tambulig), #lanaodelnorte(sultannagadimaporo, lala, kapatagan, sapad, iligancity, tagoloan, baloi, pantar, nunungan, munai, pantaoragat), #misamisoccidental(bonifacio, tangubcity, ozamiscity), #lanaodelsur(tagoloanii, maguing, marawicity, marantao, saguiaran, kapai, ditsaanramain, buadiposobuntong, mulondo, tamparan, poonabayabao, taraka, piagapo, balindong, tugaya, bacolodkalawi, madalum), #bukidnon(manolofortich, lantapan, cityofvalencia, sumilao, pangantucan), #misamisoriental(lugait, manticao, cityofelsalvador, opol, alubijid, naawan, initao, libertad, laguindingan, gitagum), #agusandelnorte(cityofcabadbaran, tubay and santiago) within the next 2-3 hours. moderate to occasionally heavy rains affecting #misamisoriental(jasaan, villanueva, tagoloan, claveria, cagayandeorocity), #bukidnon(talakag, baungon, libona, malitbog), #lanaodelsur(bubong, lumbabayabao and masiu) which may persist within 2-3 hours and may affect nearby areas. the public and the disaster risk reduction and management offices concerned are advised to monitor the weather condition and watch for the next warning to be issued at 11:00 pm today.","August 30, 2025 20:07:00",SULU (province); BASILAN (province); ZAMBOANGA CITY (citymun); ZAMBOANGA SIBUGAY (province); ZAMBOANGA DEL NORTE (province); SIRAWAI (citymun); SIOCON (citymun); BALIGUIAN (citymun); ZAMBOANGA DEL SUR (province); MARGOSATUBIG (citymun); DIMATALING (citymun); PITOGO (citymun); TABINA (citymun); MIDSALIP (citymun); SOMINOT (DON MARIANO MARCOS) (citymun); AURORA (province); TUKURAN (citymun); LABANGAN (citymun); DUMALINAO (citymun); TAMBULIG (citymun); LANAO DEL NORTE (province); LALA (citymun); KAPATAGAN (citymun); SAPAD (citymun); TAGOLOAN (citymun); BALOI (citymun); PANTAR (citymun); NUNUNGAN (citymun); MUNAI (citymun); MISAMIS OCCIDENTAL (province); BONIFACIO (citymun); LANAO DEL SUR (province); MAGUING (citymun); MARANTAO (citymun); SAGUIARAN (citymun); KAPAI (citymun); MULONDO (citymun); Philippines (country); TARAKA (citymun); PIAGAPO (citymun); BALINDONG (WATU) (citymun); TUGAYA (citymun); MADALUM (citymun); BUKIDNON (province); LANTAPAN (citymun); SUMILAO (citymun); PANGANTUCAN (citymun); MISAMIS ORIENTAL (province); LUGAIT (citymun); MANTICAO (citymun); OPOL (citymun); ALUBIJID (citymun); NAAWAN (citymun); INITAO (citymun); LIBERTAD (citymun); LAGUINDINGAN (citymun); GITAGUM (citymun); AGUSAN DEL NORTE (province); TUBAY (citymun); SANTIAGO (citymun); JASAAN (citymun); VILLANUEVA (citymun); CLAVERIA (citymun); TALAKAG (citymun); BAUNGON (citymun); LIBONA (citymun); MALITBOG (citymun); BUBONG (citymun); MASIU (citymun),https://www.facebook.com/mprsdcdo/posts/pfbid0w4VuMGc1xDyEMDFreqMTxYnJU7yyTrVFYBWfDpwYtKXyLusHBiCT6ys5bZhHEAPVl?__cft__[0]=AZW7GZaOeMQ2_yPoYLfaSA32YBPwvOESGxIkAUzYPi0qutHfN2Llx9rz22yOXDyO5DW4650usOay6bgXu0sCFFHx1HMDHVvdFzihLMM3JSwN1kmE7rSckMh55aT0riJf2GdFFATiWqSQivURhZLtTe9gYSmtpIgfELEghCRneRm51Ryn4aoIbLP-xK9JpdP1QZk&__tn__=%2CO%2CP-R,rainfall / flood
Facebook,Rappler,"flooding along quezon city streets watch: people wade through floodwaters along maginhawa, makadios, v. luna, and cp garcia streets in quezon city amid heavy rain on saturday afternoon, august 30. videos from #lingapmaginhawa volunteers flooding along quezon city streets watch: people wade through floodwaters along maginhawa, makadios, v. luna, and cp garcia streets in quezon city amid heavy rain on saturday afternoon, august 30. videos from #lingapmaginhawa volunteers","August 30, 2025 00:00:00",QUEZON (citymun); Maginhawa (Pob.) (barangay),https://www.facebook.com/rapplerdotcom/,rainfall / flood
Facebook,#floodalert,"rain and flooding in manila august 30, 2025 #update #newsupdate #floodcontrol #floodalert #manila #quezoncity rain and flooding in manila august 30, 2025 #update #newsupdate #floodcontrol #floodalert #manila #quezoncity","August 30, 2025 00:00:00",Manila (barangay); QUEZON (citymun),https://www.facebook.com/hashtag/FloodAlert,rainfall / flood
Facebook,MPRSD CDO,"rainfall advisory no. 3 #minprsd weather system: southwest monsoon (habagat) issued at 08:00 am 31 august 2025 light to moderate rains are expected over #agusandelnorte, #surigaodelnorte(alegria, claver, gigaquit, tubod, mainit, bacuag, malimono, placer, sison, taganaan, sanfrancisco, surigaocity), #agusandelsur(santajosefa, veruela, loreto, lapaz, esperanza, sanluis, talacogon), #davaooriental, #davaodeoro, #davaodelnorte(kapalong, sanisidro, newcorella, cityoftagum, asuncion), #misamisoriental(gingoogcity, claveria, cagayandeorocity, opol, manticao, lugait, magsaysay), #bukidnon(impasugong, malitbog, manolofortich, sumilao, cityofmalaybalay, cabanglasan, cityofvalencia, lantapan, talakag, libona, baungon), #lanaodelnorte(iligancity, tagoloan), #lanaodelsur(tagoloanii, bubong, kapai and maguing) within the next 1-2 hours. moderate to occasionally heavy rains affecting #surigaodelsur, #surigaodelnorte(socorro, siargaoisland), #dinagatislands, #agusandelsur(trento, bunawan, rosario, cityofbayugan, sibagat, prosperidad and sanfrancisco) which may persist within 2-3 hours and may affect nearby areas. the public and the disaster risk reduction and management offices concerned are advised to monitor the weather condition and watch for the next warning to be issued at 11:00 am today. rainfall advisory no. 3 #minprsd weather system: southwest monsoon (habagat) issued at 08:00 am 31 august 2025 light to moderate rains are expected over #agusandelnorte, #surigaodelnorte(alegria, claver, gigaquit, tubod, mainit, bacuag, malimono, placer, sison, taganaan, sanfrancisco, surigaocity), #agusandelsur(santajosefa, veruela, loreto, lapaz, esperanza, sanluis, talacogon), #davaooriental, #davaodeoro, #davaodelnorte(kapalong, sanisidro, newcorella, cityoftagum, asuncion), #misamisoriental(gingoogcity, claveria, cagayandeorocity, opol, manticao, lugait, magsaysay), #bukidnon(impasugong, malitbog, manolofortich, sumilao, cityofmalaybalay, cabanglasan, cityofvalencia, lantapan, talakag, libona, baungon), #lanaodelnorte(iligancity, tagoloan), #lanaodelsur(tagoloanii, bubong, kapai and maguing) within the next 1-2 hours. moderate to occasionally heavy rains affecting #surigaodelsur, #surigaodelnorte(socorro, siargaoisland), #dinagatislands, #agusandelsur(trento, bunawan, rosario, cityofbayugan, sibagat, prosperidad and sanfrancisco) which may persist within 2-3 hours and may affect nearby areas. the public and the disaster risk reduction and management offices concerned are advised to monitor the weather condition and watch for the next warning to be issued at 11:00 am today.","August 31, 2025 08:00:00",AGUSAN DEL NORTE (province); SURIGAO DEL NORTE (province); ALEGRIA (citymun); CLAVER (citymun); GIGAQUIT (citymun); TUBOD (Capital) (citymun); MAINIT (citymun); BACUAG (citymun); MALIMONO (citymun); PLACER (citymun); SISON (citymun); AGUSAN DEL SUR (province); VERUELA (citymun); LORETO (citymun); Lapaz (barangay); ESPERANZA (citymun); TALACOGON (citymun); DAVAO ORIENTAL (province); DAVAO DEL NORTE (province); KAPALONG (citymun); ASUNCION (SAUG) (citymun); MISAMIS ORIENTAL (province); CLAVERIA (citymun); OPOL (citymun); MANTICAO (citymun); LUGAIT (citymun); MAGSAYSAY (citymun); BUKIDNON (province); MALITBOG (citymun); SUMILAO (citymun); CABANGLASAN (citymun); LANTAPAN (citymun); TALAKAG (citymun); LIBONA (citymun); BAUNGON (citymun); LANAO DEL NORTE (province); TAGOLOAN (citymun); LANAO DEL SUR (province); BUBONG (citymun); KAPAI (citymun); MAGUING (citymun); SURIGAO DEL SUR (province); SOCORRO (citymun); TRENTO (citymun); BUNAWAN (citymun); ROSARIO (citymun); SIBAGAT (citymun); PROSPERIDAD (Capital) (citymun),https://www.facebook.com/mprsdcdo/posts/pfbid0223UBgmGnFvGNuyK7XkMyRW29Z95kkVFuySdiMeZG1mGXg6iQ5QNt8TWMNAFWxDDkl?__cft__[0]=AZU62VDzMT5Qz0aBIDJAbE8eClsTWcaWmh-mRKsjm2lR-Hgzn2X-_DWsSpczmbUp4BzT6jheiDQtRFNcbr6ufAwUkaZOxskw3G586BM73toOiuWiVvCBgZUEOrK8qGNWACdd6St8TWvK5hiHCxud_hVJTAgG7PdnmpWZb6K0ujWox-iH3WixWAMjzqHFsB-nc4k&__tn__=%2CO%2CP-R,rainfall / flood
Facebook,Inquirer.net,"the quezon city government said the citys drainage system could not handle saturday afternoons downpour, which exceeded the one-hour rainfall recorded during typhoon ondoy in 2009, leaving many areas submerged. read more: the quezon city government said the citys drainage system could not handle saturday afternoons downpour, which exceeded the one-hour rainfall recorded during typhoon ondoy in 2009, leaving many areas submerged. read more:","October 14, 2009 00:00:00",QUEZON (citymun),https://www.facebook.com/inquirerdotnet/posts/pfbid0ZX8qVz5PFEESi379yMLVQKez4s7cwS2c4XWi5qRZ4sbAh4ywhgrMSkZBBTkuYuTkl?__cft__[0]=AZXRjRFv4wewVWJS81hK-06kxfI6W6q88-lOzdmgu0aD1cbO12vaB3pVKHNlsyHPIkb0I7Fzze6ho4YVNMg92Qsm1AbsuIVssFlLvdkGV_6vD4eFTXN17cECxGCMH7u255UA0L34DVkBB8fg0gxT5zH5E-HpI9_Ntp2M27Oe4xQXHPCei3rs4G8z39mY1BJVivw&__tn__=%2CO%2CP-R,rainfall / flood
X,dost_pagasa,"thunderstorm advisory no. 2 #ncr_prsd issued at: 11:50 am, 30 august 2025(saturday) moderate to heavy rainshowers with lightning and strong winds are expected over metro manila, rizal, bataan, pampanga, zambales, tarlac and quezon within the next 2 hours. the above conditions","August 30, 2025 11:50:00",NATIONAL CAPITAL REGION (NCR) (region); RIZAL (province); BATAAN (province); PAMPANGA (province); ZAMBALES (province); TARLAC (province); QUEZON (province),https://x.com/dost_pagasa/status/1961637960245485905,rainfall / flood
Facebook,Philstar News,"rising questions in qc flood projects in quezon city, some flood control projects in different locations were awarded to different contractors that submitted the exact same bid amounts, with some even up to the last centavo. these were among the initial findings of the local government in its ongoing assessment of the flood control projects implemented by the department of public works and highways in the city. check comments for stories rising questions in qc flood projects in quezon city, some flood control projects in different locations were awarded to different contractors that submitted the exact same bid amounts, with some even up to the last centavo. these were among the initial findings of the local government in its ongoing assessment of the flood control projects implemented by the department of public works and highways in the city. check comments for stories","August 31, 2025 11:30:00",QUEZON (citymun),https://www.facebook.com/philstarnews/posts/pfbid02adtx2wjaLUyW1WLYFDpchqpzLpTWyE4ErovcHgBibzkxDxdUPj8KsoFEeigFy7tDl?__cft__[0]=AZV2ORCqmD16dDRjPdg9TRn0dLlljZEOYkujpdiXbKtKn11coLrx83TvExOJtjtrr3v3o1RBf35mngbgIwImDag6oVBlH8DWnBjAB7B-3-n_u2Nfqgv_5qnDbaJ1STy2S_T7n5QYFsT2s9F1ZSeqAcdsfIBrnPFfLwn_1I47LyB065EMT0X3GmuIepXGupfzgAQ&__tn__=%2CO%2CP-R,rainfall / flood
Facebook,Storm Chasers PH,"sangkaterbang basura matapos ang malakas na pag-ulan at matinding pagbaha nitong sabado ng hapon, agosto 30, bumungad ang tambak ng basura na nakakalat sa bahagi ng west riverside street, brgy. san antonio, quezon city. agad namang sinimulan ng quezon city environmental team, kasama ang department of sanitation and cleanup works, ang operasyon sa paglilinis ng mga debris sa baha mula alas-6 ng gabi at magpapatuloy sa pag-flush at paghakot para maiwasan ang mga aksidente at higit pang pagbabara. daniel berroya sangkaterbang basura matapos ang malakas na pag-ulan at matinding pagbaha nitong sabado ng hapon, agosto 30, bumungad ang tambak ng basura na nakakalat sa bahagi ng west riverside street, brgy. san antonio, quezon city. agad namang sinimulan ng quezon city environmental team, kasama ang department of sanitation and cleanup works, ang operasyon sa paglilinis ng mga debris sa baha mula alas-6 ng gabi at magpapatuloy sa pag-flush at paghakot para maiwasan ang mga aksidente at higit pang pagbabara. daniel berroya deserve nyo ang baha","August 30, 2025 00:00:00",SAN ANTONIO (citymun); QUEZON (citymun),https://www.facebook.com/stormchasersPH/posts/pfbid02wuyFj6ErutHwAjn9dp49SmAJn5jdxrN8YMzaDZwsm9q33zodoXwjApoM2DqXhxjtl?__cft__[0]=AZXulRtR1s73AW6gN7xIBV9zHbWir4NTwwV2aGlVxXIQDjruMSuTDOjLD76vZEaGYc5ZnFpQ0TqbtCbmRB4o4AmoYsPMc7dDuWjPD6mSo5VK70WkY_SItSv89wYnrKe-KLTYurtnLzXeLNL6AYkyXxmSRAD5Cy10OtOLpJfP81xb4blknMpp6TmGb-Tr2Ka0vsg&__tn__=%2CO%2CP-R,rainfall / flood
X,dost_pagasa,"thunderstorm advisory no. 4 #ncr_prsd issued at: 2:10 pm, 30 august 2025(saturday) intense to torrential rainshowers with lightning and strong winds are expected over bataan, tarlac, nueva ecija and laguna within the next 2 hours. intense to torrential rainshowers with","August 30, 2025 14:10:00",BATAAN (province); TARLAC (province); NUEVA ECIJA (province); LAGUNA (province),https://x.com/dost_pagasa/status/1961674098838573190,rainfall / flood
X,dost_pagasa,"thunderstorm advisory no. 3 #ncr_prsd issued at: 12:52 pm, 30 august 2025(saturday) heavy to intense rainshowers with lightning and strong winds are expected over nueva ecija, tarlac, pampanga and metro manila within the next 2 hours. the above conditions are being experienced","August 30, 2025 12:52:00",NUEVA ECIJA (province); TARLAC (province); PAMPANGA (province); NATIONAL CAPITAL REGION (NCR) (region),https://x.com/dost_pagasa/status/1961653760318693724,rainfall / flood
Facebook,MPRSD CDO,"rainfall advisory no. 4 #minprsd weather system: southwest monsoon (habagat) issued at 11:00 am 31 august 2025 light to moderate rains are expected over #agusandelnorte(nasipit, buenavista, butuancity, magallanes, remediost.romualdez, cityofcabadbaran, santiago, tubay, jabonga, kitcharao, carmen), #surigaodelnorte(alegria, claver, gigaquit, tubod, mainit, bacuag, malimono, placer, sison, taganaan, sanfrancisco, surigaocity), #davaooriental, #davaodeoro, #misamisoriental(gingoogcity, claveria, cagayandeorocity, magsaysay, tagoloan, villanueva, jasaan, balingasag, salay, lagonglong, sugbongcogon, balingoan, kinoguitan, binuangan, talisayan, medina), #lanaodelnorte(iligancity, tagoloan, pantar, baloi, linamon, matungao, kauswagan, bacolod, maigo, kolambugan, tubod, magsaysay, salvador, sapad, tangcal, munai, poonapiagapo, pantaoragat), #lanaodelsur(tagoloanii, bubong, kapai, maguing), #bukidnon(damulog, kibawe, kadingilan, dangcagan, kitaotao, doncarlos, quezon, maramag, kalilangan, pangantucan, sanfernando, cityofvalencia, cabanglasan, lantapan, cityofmalaybalay, sumilao, baungon, libona, manolofortich, impasugong), #davaodelnorte(carmen, cityofpanabo, braulioe.dujali, cityoftagum, santotomas, newcorella, asuncion, sanisidro, talaingod, kapalong), #davaocity, #surigaodelsur(cityoftandag, carmen, lanuza, madrid, cortes, cantilan, carrascal), #agusandelsur(lapaz, rosario, sanluis, talacogon, prosperidad, sanfrancisco), #sarangani(maasim, kiamba, alabel, maitum, malungon), #southcotabato(t'boli, generalsantoscity, polomolok), #davaooccidental(joseabadsantos, donmarcelino and malita) within the next 1-2 hours. moderate to occasionally heavy rains affecting #agusandelnorte(lasnieves), #surigaodelnorte(socorro, siargaoisland), #dinagatislands, #misamisoriental(opol, manticao, lugait, laguindingan, gitagum, alubijid, cityofelsalvador, libertad, initao, naawan), #bukidnon(talakag, malitbog), #surigaodelsur(lingig, cityofbislig, tagbina, lianga, sanagustin, marihatag, cagwait, sanmiguel, tago, barobo, hinatuan, bayabas), #agusandelsur(santajosefa, veruela, trento, loreto, bunawan, cityofbayugan, sibagat, esperanza), #sarangani(glan, malapatan) and #davaooccidental(sarangani) which may persist within 2-3 hours and may affect nearby areas. the public and the disaster risk reduction and management offices concerned are advised to monitor the weather condition and watch for the next warning to be issued at 02:00 pm today. rainfall advisory no. 4 #minprsd weather system: southwest monsoon (habagat) issued at 11:00 am 31 august 2025 light to moderate rains are expected over #agusandelnorte(nasipit, buenavista, butuancity, magallanes, remediost.romualdez, cityofcabadbaran, santiago, tubay, jabonga, kitcharao, carmen), #surigaodelnorte(alegria, claver, gigaquit, tubod, mainit, bacuag, malimono, placer, sison, taganaan, sanfrancisco, surigaocity), #davaooriental, #davaodeoro, #misamisoriental(gingoogcity, claveria, cagayandeorocity, magsaysay, tagoloan, villanueva, jasaan, balingasag, salay, lagonglong, sugbongcogon, balingoan, kinoguitan, binuangan, talisayan, medina), #lanaodelnorte(iligancity, tagoloan, pantar, baloi, linamon, matungao, kauswagan, bacolod, maigo, kolambugan, tubod, magsaysay, salvador, sapad, tangcal, munai, poonapiagapo, pantaoragat), #lanaodelsur(tagoloanii, bubong, kapai, maguing), #bukidnon(damulog, kibawe, kadingilan, dangcagan, kitaotao, doncarlos, quezon, maramag, kalilangan, pangantucan, sanfernando, cityofvalencia, cabanglasan, lantapan, cityofmalaybalay, sumilao, baungon, libona, manolofortich, impasugong), #davaodelnorte(carmen, cityofpanabo, braulioe.dujali, cityoftagum, santotomas, newcorella, asuncion, sanisidro, talaingod, kapalong), #davaocity, #surigaodelsur(cityoftandag, carmen, lanuza, madrid, cortes, cantilan, carrascal), #agusandelsur(lapaz, rosario, sanluis, talacogon, prosperidad, sanfrancisco), #sarangani(maasim, kiamba, alabel, maitum, malungon), #southcotabato(t'boli, generalsantoscity, polomolok), #davaooccidental(joseabadsantos, donmarcelino and malita) within the next 1-2 hours. moderate to occasionally heavy rains affecting #agusandelnorte(lasnieves), #surigaodelnorte(socorro, siargaoisland), #dinagatislands, #misamisoriental(opol, manticao, lugait, laguindingan, gitagum, alubijid, cityofelsalvador, libertad, initao, naawan), #bukidnon(talakag, malitbog), #surigaodelsur(lingig, cityofbislig, tagbina, lianga, sanagustin, marihatag, cagwait, sanmiguel, tago, barobo, hinatuan, bayabas), #agusandelsur(santajosefa, veruela, trento, loreto, bunawan, cityofbayugan, sibagat, esperanza), #sarangani(glan, malapatan) and #davaooccidental(sarangani) which may persist within 2-3 hours and may affect nearby areas. the public and the disaster risk reduction and management offices concerned are advised to monitor the weather condition and watch for the next warning to be issued at 02:00 pm today.","August 31, 2025 11:00:00",AGUSAN DEL NORTE (province); NASIPIT (citymun); BUENAVISTA (citymun); MAGALLANES (citymun); SANTIAGO (citymun); TUBAY (citymun); JABONGA (citymun); KITCHARAO (citymun); CARMEN (citymun); SURIGAO DEL NORTE (province); ALEGRIA (citymun); CLAVER (citymun); GIGAQUIT (citymun); TUBOD (Capital) (citymun); MAINIT (citymun); BACUAG (citymun); MALIMONO (citymun); PLACER (citymun); SISON (citymun); DAVAO ORIENTAL (province); MISAMIS ORIENTAL (province); CLAVERIA (citymun); MAGSAYSAY (citymun); TAGOLOAN (citymun); VILLANUEVA (citymun); JASAAN (citymun); BALINGASAG (citymun); SALAY (citymun); LAGONGLONG (citymun); SUGBONGCOGON (citymun); BALINGOAN (citymun); KINOGUITAN (citymun); BINUANGAN (citymun); TALISAYAN (citymun); MEDINA (citymun); LANAO DEL NORTE (province); PANTAR (citymun); BALOI (citymun); LINAMON (citymun); MATUNGAO (citymun); KAUSWAGAN (citymun); BACOLOD (citymun); MAIGO (citymun); KOLAMBUGAN (citymun); SALVADOR (citymun); SAPAD (citymun); TANGCAL (citymun); MUNAI (citymun); LANAO DEL SUR (province); BUBONG (citymun); KAPAI (citymun); MAGUING (citymun); BUKIDNON (province); DAMULOG (citymun); KIBAWE (citymun); KADINGILAN (citymun); DANGCAGAN (citymun); KITAOTAO (citymun); QUEZON (province); MARAMAG (citymun); KALILANGAN (citymun); PANGANTUCAN (citymun); CABANGLASAN (citymun); LANTAPAN (citymun); SUMILAO (citymun); BAUNGON (citymun); LIBONA (citymun); DAVAO DEL NORTE (province); CORDILLERA ADMINISTRATIVE REGION (CAR) (region); ASUNCION (SAUG) (citymun); TALAINGOD (citymun); KAPALONG (citymun); DAVAO CITY (citymun); SURIGAO DEL SUR (province); LANUZA (citymun); MADRID (citymun); CORTES (citymun); CANTILAN (citymun); CARRASCAL (citymun); AGUSAN DEL SUR (province); Lapaz (barangay); ROSARIO (citymun); TALACOGON (citymun); PROSPERIDAD (Capital) (citymun),https://www.facebook.com/mprsdcdo/posts/pfbid0DU3jCLWWGdZn2WtdQndEt3BV6r5NLafvgDiqi5wPdMbeRavQQamNwPehdna4QCD7l?__cft__[0]=AZVK5WN-19tHVtpDdGVCr6l-V3dN3zAZ6IcfSUUrV6_w9_r9hjtubBrwH7rdTz8vBx4mzagcmN3znUCShJyX-lChIUtmvdjJ0ITGRbHFsOSFspCQQAUNr5pbTdIB7LdkwjwwpDLKECnF138PyuiorS_vtp1Hk5DGSxLAzDwp6LmZ6UiAU0HrFeovZbl94rpbfi4&__tn__=%2CO%2CP-R,rainfall / flood
Facebook,ABS-CBN,"covered court sa ibabaw, imbakan ng tubig-ulan sa ilalim. ito ang disenyo ng rainwater harvesting basin system sa bgy. tandang sora, quezon city. ayon sa qcdrrmo, nasa 160 identified areas ang paglalagyan ng kaparehong proyekto upang maibsan ang mga malawakang pagbaha sa lungsod. | #selfiepatrol ni jessie cruzat covered court sa ibabaw, imbakan ng tubig-ulan sa ilalim. ito ang disenyo ng rainwater harvesting basin system sa bgy. tandang sora, quezon city. ayon sa qcdrrmo, nasa 160 identified areas ang paglalagyan ng kaparehong proyekto upang maibsan ang mga malawakang pagbaha sa lungsod. | #selfiepatrol ni jessie cruzat flood control pa more","August 31, 2025 14:30:00",QUEZON (citymun),https://www.facebook.com/abscbnNEWS/,rainfall / flood
Facebook,PAGASA,"weather advisory no. 5 for: low pressure area (lpa) and southwest monsoon issued at: aug. 31, 2025, 11 a.m. heavy rainfall outlook due to low pressure area (lpa) today to tomorrow noon (september 1) (50-100 mm): quezon, camarines norte, camarines sur, catanduanes, albay, sorsogon, masbate, and northern samar tomorrow noon to tuesday noon (september 2) (50-100 mm): quezon, camarines norte, camarines sur, catanduanes, and albay heavy rainfall outlook due to southwest monsoon today to tomorrow noon (september 1) moderate to heavy (50-100 mm): occidental mindoro, antique, and negros occidental tomorrow noon to tuesday noon (september 2) moderate to heavy (50-100 mm): occidental mindoro, and antique tuesday noon to wednesday noon (september 3) moderate to heavy (50-100 mm): occidental mindoro forecast rainfall may be higher in mountainous and elevated areas. moreover, impacts in some areas may be worsened by significant antecedent rainfall. the public and disaster risk reduction and management offices concerned are advised to take all necessary measures to protect life and property. pagasa regional services divisions may issue heavy rainfall warnings, rainfall/thunderstorm advisories, and other severe weather information specific to their areas of responsibility as appropriate. unless significant changes occur, the next weather advisory will be issued at 5:00 pm today. for additional information: the key difference between a heavy rainfall warning and a weather advisory lies in their forecast period, coverage areas, and accuracy. a heavy rainfall warning provides forecasts for the next three hours and applies up to the municipal level. it is more precise as it utilizes doppler radar technology to track real-time rainfall intensity, making it highly effective for immediate decision-making in flood-prone areas. a weather advisory, on the other hand, covers a 24-hour period but is issued only at the provincial level. it provides a broader outlook on potential weather disturbances but lacks the short-term accuracy of heavy rainfall warnings. since a weather advisory is based on a 24-hour outlook, it should not be used as a basis for class suspensions or other official decisions. northern luzon prsd pagasa-national capital region prsd pagasa southern luzon pagasa visayas prsd mindanao prsd weather advisory no. 5 for: low pressure area (lpa) and southwest monsoon issued at: aug. 31, 2025, 11 a.m. heavy rainfall outlook due to low pressure area (lpa) today to tomorrow noon (september 1) (50-100 mm): quezon, camarines norte, camarines sur, catanduanes, albay, sorsogon, masbate, and northern samar tomorrow noon to tuesday noon (september 2) (50-100 mm): quezon, camarines norte, camarines sur, catanduanes, and albay heavy rainfall outlook due to southwest monsoon today to tomorrow noon (september 1) moderate to heavy (50-100 mm): occidental mindoro, antique, and negros occidental tomorrow noon to tuesday noon (september 2) moderate to heavy (50-100 mm): occidental mindoro, and antique tuesday noon to wednesday noon (september 3) moderate to heavy (50-100 mm): occidental mindoro forecast rainfall may be higher in mountainous and elevated areas. moreover, impacts in some areas may be worsened by significant antecedent rainfall. the public and disaster risk reduction and management offices concerned are advised to take all necessary measures to protect life and property. pagasa regional services divisions may issue heavy rainfall warnings, rainfall/thunderstorm advisories, and other severe weather information specific to their areas of responsibility as appropriate. unless significant changes occur, the next weather advisory will be issued at 5:00 pm today. for additional information: the key difference between a heavy rainfall warning and a weather advisory lies in their forecast period, coverage areas, and accuracy. a heavy rainfall warning provides forecasts for the next three hours and applies up to the municipal level. it is more precise as it utilizes doppler radar technology to track real-time rainfall intensity, making it highly effective for immediate decision-making in flood-prone areas. a weather advisory, on the other hand, covers a 24-hour period but is issued only at the provincial level. it provides a broader outlook on potential weather disturbances but lacks the short-term accuracy of heavy rainfall warnings. since a weather advisory is based on a 24-hour outlook, it should not be used as a basis for class suspensions or other official decisions. northern luzon prsd pagasa-national capital region prsd pagasa southern luzon pagasa visayas prsd mindanao prsd","August 31, 2025 17:00:00",QUEZON (province); CAMARINES NORTE (province); CAMARINES SUR (province); CATANDUANES (province); ALBAY (province); SORSOGON (province); MASBATE (province); NORTHERN SAMAR (province); OCCIDENTAL MINDORO (province); ANTIQUE (province); NEGROS OCCIDENTAL (province),https://www.facebook.com/PAGASA.DOST.GOV.PH/posts/pfbid02S9Mmaut1PcG6FZbQaNi2ebRbgBnihovMLjUs3L1Xn8fpGf33JsiMQ6NoSXVkvomql?__cft__[0]=AZWFfIrazodv-JF6Ix8NMgGXmTduLIEnpZTQc4b2UQNNnIjj-hOptz55m8NMMesU51_B-Xf49gVMtoTtY-yL5854Ck744yZ76n6XIOgYLu4WvCLZdIJvMeG7XYeF3ZhAtZzKJmcqhMEhJBHiDreB80wlHehqptd4YcSrEfxwwbqHiqnihgi_j-hLWN3BMoXJuKE&__tn__=%2CO%2CP-R,rainfall / flood
Facebook,ABS-CBN,"white out ulit ang kalangitan mula sa project 4, quezon city dahil sa tindi ng ulan lagpas 2:30 p.m. ng linggo, august 31. umiiral ang thunderstorm sa quezon city, marikina, pasig, mandaluyong, san juan, at buong rizal base sa 2:20 p.m. thunderstorm advisory ng pagasa. | via abs-cbn resident meteorologist ariel rojas white out ulit ang kalangitan mula sa project 4, quezon city dahil sa tindi ng ulan lagpas 2:30 p.m. ng linggo, august 31. umiiral ang thunderstorm sa quezon city, marikina, pasig, mandaluyong, san juan, at buong rizal base sa 2:20 p.m. thunderstorm advisory ng pagasa. | via abs-cbn resident meteorologist ariel rojas ayan araw arawin na dapat para hindi makalimutan ng taong bayan ang flood control.","October 14, 2025 14:30:00",QUEZON (citymun); Pasig (barangay); SAN JUAN (LAPOG) (citymun); RIZAL (province),https://www.facebook.com/abscbnNEWS/,rainfall / flood
Facebook,UNTV News Rescue,"panoorin: sitwasyon sa pinatag area sa rotc hunters st., brgy. tatalon, quezon city. tumaas ang tubig sa kalapit na san juan river dahilan ng pagbaha. kuha ang video alas-4:15 ng hapon, august 30, 2025. - untv nar courtesy: hannah carlon panoorin: sitwasyon sa pinatag area sa rotc hunters st., brgy. tatalon, quezon city. tumaas ang tubig sa kalapit na san juan river dahilan ng pagbaha. kuha ang video alas-4:15 ng hapon, august 30, 2025. - untv nar courtesy: hannah carlon natira p ako dati dyn","August 30, 2025 00:00:00",Tatalon (barangay); QUEZON (citymun); SAN JUAN (LAPOG) (citymun),https://www.facebook.com/UNTVNewsRescue/,rainfall / flood
X,dost_pagasa,"thunderstorm advisory no. 5 #ncr_prsd issued at: 4:10 pm, 30 august 2025(saturday) moderate to heavy rainshowers with lightning and strong winds are expected over bulacan and bataan within the next 2 hours. heavy to intense rainshowers with lightning and strong winds are being","August 30, 2025 16:10:00",BULACAN (province); BATAAN (province),https://x.com/dost_pagasa/status/1961703161196155135,rainfall / flood
Facebook,Rappler,"watch: president marcos has named hi-tone as among the top flood control contractors in the philippines. the firm was founded by former congressman christopher co, sibling of zaldy co and father of trending influencer claudine co. rappler's dwight de leon lays out the facts and computes the total value of contracts that the dpwh awarded to hi-tone in the last decade. subscribe: more videos on rappler: follow rappler for the latest news in the philippines and around the world. support independent journalism. you can help power our investigative fund by donating to our crowdfunding: watch: president marcos has named hi-tone as among the top flood control contractors in the philippines. the firm was founded by former congressman christopher co, sibling of zaldy co and father of trending influencer claudine co. rappler's dwight de leon lays out the facts and computes the total value of contracts that the dpwh awarded to hi-tone in the last decade. subscribe: more videos on rappler: follow rappler for the latest news in the philippines and around the world. support independent journalism. you can help power our investigative fund by donating to our crowdfunding: dapat seryosohin ng gobyerno ang paghabol sa mga tiwaling ito para madala at di na pamarisan ng mga susunod na pulitiko. sana kahit kaalyado pa yan o sino pa man dapat kasuhan at ikulong.","August 31, 2025 16:00:00",Philippines (country),https://www.facebook.com/rapplerdotcom/posts/pfbid0fBK4q148zgzhdkXSGXWuyiT1PaYNNcMuzf1zvpwiEvbwuZJCkbKLzBSB1xRdTGuJl?__cft__[0]=AZUJB_NCs51QcMWhFFM84vh-vW_ONegInhuK3niH8EdTZe0KBkTeUv8UHYRR4Orl8I8BLIGlQ3HkwP9jVN7bVl31bIRUaO-xY4CcwaTdaLZJw8p2fyRooyXIwh1qbjoFuEK0wioA7vOVQtDVnj6sOcv55szoc_hNxN9sMZCOfJHYx-aOsme9-4GUcln5pBirRXw&__tn__=%2CO%2CP-R,rainfall / flood
Facebook,MPRSD CDO,"rainfall advisory no. 5 amendment #minprsd weather system: southwest monsoon (habagat) issued at 03:30 pm 31 august 2025 light to moderate rains are expected over #zamboangadelnorte(sibuco, sirawai, gutalac, siocon, baliguian, labason, kalawit, tampilisan, godod, leonb.postigo, salug, liloy), #zamboangasibugay(tungawan, titay, rosellerlim, ipil, buug, diplahan, malangas, imelda, payao, alicia, olutanga, talusan, mabuhay), #zamboangadelsur(bayog, pagadiancity, dumalinao, lakewood, tigbao, guipos, kumalarang, lapuyan, sanmiguel, dinas, sanpablo, dimataling, pitogo, tabina, margosatubig, vincenzoa.sagun), #lanaodelsur(bumbaran), #northcotabato(alamada, banisilan, pigkawayan, libungan, carmen), #maguindanaodelnorte(barira, buldon, matanog, parang, sultanmastura, sultankudarat) and #cotabatocity within the next 1-2 hours. moderate to occasionally heavy rains affecting #zamboangacity, #zamboangasibugay(kabasalan, siay, naga), #lanaodelsur(wao), #bukidnon(pangantucan, kalilangan, kadingilan and doncarlos) which may persist within 2-3 hours and may affect nearby areas. the public and the disaster risk reduction and management offices concerned are advised to monitor the weather condition and watch for the next warning to be issued at 05:00 pm today. rainfall advisory no. 5 amendment #minprsd weather system: southwest monsoon (habagat) issued at 03:30 pm 31 august 2025 light to moderate rains are expected over #zamboangadelnorte(sibuco, sirawai, gutalac, siocon, baliguian, labason, kalawit, tampilisan, godod, leonb.postigo, salug, liloy), #zamboangasibugay(tungawan, titay, rosellerlim, ipil, buug, diplahan, malangas, imelda, payao, alicia, olutanga, talusan, mabuhay), #zamboangadelsur(bayog, pagadiancity, dumalinao, lakewood, tigbao, guipos, kumalarang, lapuyan, sanmiguel, dinas, sanpablo, dimataling, pitogo, tabina, margosatubig, vincenzoa.sagun), #lanaodelsur(bumbaran), #northcotabato(alamada, banisilan, pigkawayan, libungan, carmen), #maguindanaodelnorte(barira, buldon, matanog, parang, sultanmastura, sultankudarat) and #cotabatocity within the next 1-2 hours. moderate to occasionally heavy rains affecting #zamboangacity, #zamboangasibugay(kabasalan, siay, naga), #lanaodelsur(wao), #bukidnon(pangantucan, kalilangan, kadingilan and doncarlos) which may persist within 2-3 hours and may affect nearby areas. the public and the disaster risk reduction and management offices concerned are advised to monitor the weather condition and watch for the next warning to be issued at 05:00 pm today.","August 31, 2025 15:30:00",ZAMBOANGA DEL NORTE (province); SIBUCO (citymun); SIRAWAI (citymun); GUTALAC (citymun); SIOCON (citymun); BALIGUIAN (citymun); LABASON (citymun); KALAWIT (citymun); TAMPILISAN (citymun); GODOD (citymun); SALUG (citymun); LILOY (citymun); ZAMBOANGA SIBUGAY (province); TITAY (citymun); IPIL (Capital) (citymun); BUUG (citymun); DIPLAHAN (citymun); MALANGAS (citymun); IMELDA (citymun); PAYAO (citymun); ALICIA (citymun); OLUTANGA (citymun); TALUSAN (citymun); MABUHAY (citymun); ZAMBOANGA DEL SUR (province); BAYOG (citymun); DUMALINAO (citymun); LAKEWOOD (citymun); TIGBAO (citymun); GUIPOS (citymun); KUMALARANG (citymun); LAPUYAN (citymun); DINAS (citymun); DIMATALING (citymun); PITOGO (citymun); TABINA (citymun); MARGOSATUBIG (citymun); LANAO DEL SUR (province); BUMBARAN (citymun); BANISILAN (citymun); PIGKAWAYAN (citymun); LIBUNGAN (citymun); CARMEN (citymun); BARIRA (citymun); BULDON (citymun); MATANOG (citymun); Philippines (country); COTABATO CITY (citymun); ZAMBOANGA CITY (citymun); KABASALAN (citymun); SIAY (citymun); NAGA (citymun); BUKIDNON (province); PANGANTUCAN (citymun); KALILANGAN (citymun); KADINGILAN (citymun); TUNGAWAN (citymun),https://www.facebook.com/mprsdcdo/posts/pfbid0HBdSHdziiAStR1P8L6wrfAwPQsym7FCXK13VqBfkabfyXfZHUbYhaBmLhaQZbYx7l?__cft__[0]=AZUxO9hnV8EchI0LeizR5j1Ffgi_yRfPhR9ar9cZjvrerkgDSriThBJHv86VfyImKM4zsMNARMiqGqUxpFmC796NtL8PyLw9vdJgZhsdTXEIryt_BTWGqTnZoTScCPze-48AN-DkBtM0f17OQsINVypYGFTjHGk38QIPt4eOGzIERGuTbfiFpsqt5iJLIV-SCps&__tn__=%2CO%2CP-R,rainfall / flood
Facebook,PAGASA,"24-hour public weather forecast issued at 4:00 pm, 31 august 2025 synopsis: at 3:00 pm today, the low pressure area (lpa) was estimated based on all available at 675 km east of borongan city, eastern samar (12.5n, 131.6e). southwest monsoon affecting the western sections of southern luzon and visayas and the northern section of mindanao. forecast weather conditions area: bicol region, eastern visayas, aurora, nueva ejica, bulacan, quezon, and rizal weather condition: cloudy skies with scattered rains and thunderstorms caused by: lpa impacts: possible flash floods or landslides due to moderate to heavy rains area: metro manila, mimaropa, zamboanga peninsula, camiguin, surigao del norte, and dinagat islands, the rest of visayas, the rest of central luzon, and the rest of calabarzon weather condition: cloudy skies with scattered rains and thunderstorms caused by: southwest monsoon impacts: possible flash floods or landslides due to moderate to heavy rains area: the rest of northern mindanao and the rest of caraga weather condition: partly cloudy to cloudy skies with isolated rainshowers or thunderstorms caused by: southwest monsoon impacts: possible flash floods or landslides during severe thunderstorms area: the rest of the country weather condition: partly cloudy to cloudy skies with isolated rainshowers or thunderstorms caused by: localized thunderstorms impacts: possible flash floods or landslides during severe thunderstorms forecast wind and coastal water conditions area: the western section of luzon wind speed: moderate wind direction: southwest to southeast coastal waters: moderate / (1.2 to 1.5 meters) area: the eastern section of luzon and visayas wind speed: light to moderate wind direction: northeast to northwest coastal waters: slight to moderate / (0.6 to 1.5 meters) area: mindanao and the rest of visayas wind speed: light to moderate wind direction: south to southwest coastal waters: slight to moderate / (0.6 to 1.5 meters) area: the rest of luzon wind speed: light to moderate wind direction: northeast to east coastal waters: slight to moderate / (0.6 to 1.5 meters) extremes of temperature and relative humidity for the 24-hour period ending 4:00 pm today minimum temperature: 25.3 c 8:00 pm maximum temperature: 31.2 c 11:00 am minumum relative humidity: 66 % 11:00 am maximum relative humidity: 96 % 8:00 pm tides and astronomical information over metro manila sunrise tomorrow: 5:44am sunset today: 6:08pm moonrise tomorrow: 12:58pm illumination tomorrow: 62% for other information about weather, please log on to pagasa.dost.gov.ph or bagong.pagasa.dost.gov.ph or call at (02)927-1335/(02)926-4258 24-hour public weather forecast issued at 4:00 pm, 31 august 2025 synopsis: at 3:00 pm today, the low pressure area (lpa) was estimated based on all available at 675 km east of borongan city, eastern samar (12.5n, 131.6e). southwest monsoon affecting the western sections of southern luzon and visayas and the northern section of mindanao. forecast weather conditions area: bicol region, eastern visayas, aurora, nueva ejica, bulacan, quezon, and rizal weather condition: cloudy skies with scattered rains and thunderstorms caused by: lpa impacts: possible flash floods or landslides due to moderate to heavy rains area: metro manila, mimaropa, zamboanga peninsula, camiguin, surigao del norte, and dinagat islands, the rest of visayas, the rest of central luzon, and the rest of calabarzon weather condition: cloudy skies with scattered rains and thunderstorms caused by: southwest monsoon impacts: possible flash floods or landslides due to moderate to heavy rains area: the rest of northern mindanao and the rest of caraga weather condition: partly cloudy to cloudy skies with isolated rainshowers or thunderstorms caused by: southwest monsoon impacts: possible flash floods or landslides during severe thunderstorms area: the rest of the country weather condition: partly cloudy to cloudy skies with isolated rainshowers or thunderstorms caused by: localized thunderstorms impacts: possible flash floods or landslides during severe thunderstorms forecast wind and coastal water conditions area: the western section of luzon wind speed: moderate wind direction: southwest to southeast coastal waters: moderate / (1.2 to 1.5 meters) area: the eastern section of luzon and visayas wind speed: light to moderate wind direction: northeast to northwest coastal waters: slight to moderate / (0.6 to 1.5 meters) area: mindanao and the rest of visayas wind speed: light to moderate wind direction: south to southwest coastal waters: slight to moderate / (0.6 to 1.5 meters) area: the rest of luzon wind speed: light to moderate wind direction: northeast to east coastal waters: slight to moderate / (0.6 to 1.5 meters) extremes of temperature and relative humidity for the 24-hour period ending 4:00 pm today minimum temperature: 25.3 c 8:00 pm maximum temperature: 31.2 c 11:00 am minumum relative humidity: 66 % 11:00 a","August 31, 2025 16:00:00",CITY OF BORONGAN (Capital) (citymun); SAMAR (WESTERN SAMAR) (province); Luzon (island_group); REGION V (BICOL REGION) (region); Visaya (barangay); AURORA (province); BULACAN (province); QUEZON (province); RIZAL (province); NATIONAL CAPITAL REGION (NCR) (region); REGION IV-B (MIMAROPA) (region); REGION IX (ZAMBOANGA PENINSULA) (region); CAMIGUIN (province); SURIGAO DEL NORTE (province); REGION III (CENTRAL LUZON) (region); REGION XIII (Caraga) (region),https://www.facebook.com/PAGASA.DOST.GOV.PH/posts/pfbid0Z2dcb66CweAaX9ndHomvEojpQP9u2sPR2Yu31NY4HVYT2zaJwm3sekq5Auv1VBDRl?__cft__[0]=AZX1g2I_Rt0eBG1vEwiHnqpmA_ZihWhWOCiQBxPf1F0IObH0qHVCJ3Ln9etn2RMsl_xNuv6nsKdzoP66Sbl1ltZnq0Qz8vUU2mLmOlfs3GTNP5OvjmujauxTEHe7AVqixLyQXH_aoM8blK94gK6OSWOuwmzu_oeWDfBXAlQB4GIbd4d3C84imL7KUe6VsXd_Sd4&__tn__=%2CO%2CP-R,rainfall / flood
X,dost_pagasa,"thunderstorm advisory no. 6 #ncr_prsd issued at: 5:37 pm, 30 august 2025(saturday) moderate to heavy rainshowers with lightning and strong winds are expected over nueva ecija, zambales, bataan, pampanga, metro manila and cavite within the next 2 hours. the above conditions are","August 30, 2025 17:37:00",NUEVA ECIJA (province); ZAMBALES (province); BATAAN (province); PAMPANGA (province); NATIONAL CAPITAL REGION (NCR) (region); CAVITE (province),https://x.com/dost_pagasa/status/1961725122399879400,rainfall / flood
Facebook,Civil Defense Davao,"rainfall advisory no. 5 #minprsd weather system: southwest monsoon (habagat) issued at 02:00 pm 31 august 2025 light to moderate rains are expected over #davaooriental, #davaodeoro, #bukidnon(impasugong, cityofmalaybalay, lantapan, cityofvalencia, talakag, baungon, libona, doncarlos, pangantucan, kalilangan, malitbog, manolofortich, sumilao, maramag, cabanglasan, sanfernando), #lanaodelnorte(iligancity, tagoloan, pantar), #misamisoriental(cagayandeorocity, claveria), #lanaodelsur(wao, marogong, butig, sultandumalondong, lumbayanague, tagoloanii, marawicity, kapai, marantao, saguiaran, binidayan, pagayawan), #northcotabato(banisilan), #surigaodelnorte(alegria, claver, gigaquit, tubod, mainit, bacuag, malimono, placer, sison, taganaan, sanfrancisco), #agusandelnorte, #surigaodelsur, #agusandelsur, #davaodelnorte(kapalong, talaingod, cityofsamal), #basilan, #tawitawi, #davaooccidental, #sarangani, #southcotabato(generalsantoscity, polomolok and t'boli) within the next 1-2 hours. moderate to occasionally heavy rains affecting #dinagatislands, #surigaodelnorte(socorro, surigaocity and siargaoisland) which may persist within 2-3 hours and may affect nearby areas. the public and the disaster risk reduction and management offices concerned are advised to monitor the weather condition and watch for the next warning to be issued at 05:00 pm today. cedgc rainfall advisory no. 5 #minprsd weather system: southwest monsoon (habagat) issued at 02:00 pm 31 august 2025 light to moderate rains are expected over #davaooriental, #davaodeoro, #bukidnon(impasugong, cityofmalaybalay, lantapan, cityofvalencia, talakag, baungon, libona, doncarlos, pangantucan, kalilangan, malitbog, manolofortich, sumilao, maramag, cabanglasan, sanfernando), #lanaodelnorte(iligancity, tagoloan, pantar), #misamisoriental(cagayandeorocity, claveria), #lanaodelsur(wao, marogong, butig, sultandumalondong, lumbayanague, tagoloanii, marawicity, kapai, marantao, saguiaran, binidayan, pagayawan), #northcotabato(banisilan), #surigaodelnorte(alegria, claver, gigaquit, tubod, mainit, bacuag, malimono, placer, sison, taganaan, sanfrancisco), #agusandelnorte, #surigaodelsur, #agusandelsur, #davaodelnorte(kapalong, talaingod, cityofsamal), #basilan, #tawitawi, #davaooccidental, #sarangani, #southcotabato(generalsantoscity, polomolok and t'boli) within the next 1-2 hours. moderate to occasionally heavy rains affecting #dinagatislands, #surigaodelnorte(socorro, surigaocity and siargaoisland) which may persist within 2-3 hours and may affect nearby areas. the public and the disaster risk reduction and management offices concerned are advised to monitor the weather condition and watch for the next warning to be issued at 05:00 pm today. cedgc","August 31, 2025 14:00:00",DAVAO ORIENTAL (province); BUKIDNON (province); LANTAPAN (citymun); TALAKAG (citymun); BAUNGON (citymun); LIBONA (citymun); PANGANTUCAN (citymun); KALILANGAN (citymun); MALITBOG (citymun); SUMILAO (citymun); MARAMAG (citymun); CABANGLASAN (citymun); LANAO DEL NORTE (province); TAGOLOAN (citymun); PANTAR (citymun); MISAMIS ORIENTAL (province); CLAVERIA (citymun); LANAO DEL SUR (province); WAO (citymun); MAROGONG (citymun); BUTIG (citymun); LUMBAYANAGUE (citymun); KAPAI (citymun); MARANTAO (citymun); SAGUIARAN (citymun); BINIDAYAN (citymun); PAGAYAWAN (TATARIKAN) (citymun); BANISILAN (citymun); SURIGAO DEL NORTE (province); ALEGRIA (citymun); CLAVER (citymun); TUBOD (Capital) (citymun); MAINIT (citymun); BACUAG (citymun); MALIMONO (citymun); PLACER (citymun); SISON (citymun); AGUSAN DEL NORTE (province); SURIGAO DEL SUR (province); AGUSAN DEL SUR (province); DAVAO DEL NORTE (province); KAPALONG (citymun); TALAINGOD (citymun); BASILAN (province); DAVAO OCCIDENTAL (province); SARANGANI (province); SOUTH COTABATO (province); POLOMOLOK (citymun); T'BOLI (citymun),https://www.facebook.com/civildefensedavao/posts/pfbid036UL8aDWYMXhPjK32XbTRPS6wY5TjwaQTHPDm8aSfz9fa6rJRRPwXHrQtb72hc6u7l?__cft__[0]=AZUJYscppVRu_EDZnyR8n1TWUlKhij6r9E5KHjK9nfsc2dnKK9o1Tx9_dLagXabG7Ky0hpwmuXjicgRrjGVLdA34FEJl9nmccvoL0E5ux95LjLxRu0egGywbXtbmCOKUH1CrSSChdlcA4R37rIjXrPB3gKmvP25zOIhTPC_xTcg9lobf5s7cz6LyF8SwmbDlAKI&__tn__=%2CO%2CP-R,rainfall / flood
Facebook,MPRSD CDO,"rainfall advisory no. 6 #minprsd weather system: southwest monsoon (habagat) issued at 05:00 pm 31 august 2025 light to moderate rains are expected over #lanaodelsur(wao, bumbaran), #bukidnon(pangantucan, kalilangan, kadingilan, doncarlos, cityofvalencia, cityofmalaybalay, cabanglasan, sanfernando, maramag, quezon, kitaotao, lantapan, dangcagan, kibawe, damulog), #northcotabato(alamada, banisilan, pigkawayan, libungan, carmen, presidentroxas), #maguindanaodelnorte(barira, buldon, matanog, parang, sultanmastura, sultankudarat), #cotabatocity, #zamboangadelsur(dimataling, pitogo, tabina, margosatubig, vincenzoa.sagun, labangan, midsalip, sominot, tukuran, dumingag, mahayag, ramonmagsaysay, aurora), #zamboangasibugay(alicia, olutanga, talusan, mabuhay), #zamboangadelnorte(leonb.postigo, sindangan, siayan), #agusandelsur(bunawan, santajosefa, trento, sibagat, lapaz), #surigaodelsur(sanmiguel, tago, cityoftandag, cagwait, bayabas, marihatag, sanagustin, lianga), #agusandelnorte(butuancity, magallanes, remediost.romualdez, jabonga, santiago, tubay, cityofcabadbaran, kitcharao), #surigaodelnorte(alegria, surigaocity, sanfrancisco, malimono, sison, mainit, tubod, bacuag, taganaan, placer), #camiguin, #basilan and #tawitawi within the next 1-2 hours. moderate to occasionally heavy rains affecting #zamboangacity, #zamboangadelnorte(sibuco, sirawai, gutalac, siocon, baliguian, labason, kalawit, tampilisan, godod, salug, liloy), #zamboangasibugay(tungawan, siay, naga, titay, rosellerlim, ipil, buug, diplahan, malangas, imelda, payao, kabasalan), #zamboangadelsur(bayog, pagadiancity, dumalinao, lakewood, tigbao, guipos, kumalarang, lapuyan, sanmiguel, dinas, sanpablo), #agusandelsur(loreto, veruela), #surigaodelnorte(claver, gigaquit, siargaoisland, socorro), #surigaodelsur(carrascal, cantilan, madrid, lanuza, carmen, cortes) and #dinagatislands which may persist within 2-3 hours and may affect nearby areas. the public and the disaster risk reduction and management offices concerned are advised to monitor the weather condition and watch for the next warning to be issued at 08:00 pm today. rainfall advisory no. 6 #minprsd weather system: southwest monsoon (habagat) issued at 05:00 pm 31 august 2025 light to moderate rains are expected over #lanaodelsur(wao, bumbaran), #bukidnon(pangantucan, kalilangan, kadingilan, doncarlos, cityofvalencia, cityofmalaybalay, cabanglasan, sanfernando, maramag, quezon, kitaotao, lantapan, dangcagan, kibawe, damulog), #northcotabato(alamada, banisilan, pigkawayan, libungan, carmen, presidentroxas), #maguindanaodelnorte(barira, buldon, matanog, parang, sultanmastura, sultankudarat), #cotabatocity, #zamboangadelsur(dimataling, pitogo, tabina, margosatubig, vincenzoa.sagun, labangan, midsalip, sominot, tukuran, dumingag, mahayag, ramonmagsaysay, aurora), #zamboangasibugay(alicia, olutanga, talusan, mabuhay), #zamboangadelnorte(leonb.postigo, sindangan, siayan), #agusandelsur(bunawan, santajosefa, trento, sibagat, lapaz), #surigaodelsur(sanmiguel, tago, cityoftandag, cagwait, bayabas, marihatag, sanagustin, lianga), #agusandelnorte(butuancity, magallanes, remediost.romualdez, jabonga, santiago, tubay, cityofcabadbaran, kitcharao), #surigaodelnorte(alegria, surigaocity, sanfrancisco, malimono, sison, mainit, tubod, bacuag, taganaan, placer), #camiguin, #basilan and #tawitawi within the next 1-2 hours. moderate to occasionally heavy rains affecting #zamboangacity, #zamboangadelnorte(sibuco, sirawai, gutalac, siocon, baliguian, labason, kalawit, tampilisan, godod, salug, liloy), #zamboangasibugay(tungawan, siay, naga, titay, rosellerlim, ipil, buug, diplahan, malangas, imelda, payao, kabasalan), #zamboangadelsur(bayog, pagadiancity, dumalinao, lakewood, tigbao, guipos, kumalarang, lapuyan, sanmiguel, dinas, sanpablo), #agusandelsur(loreto, veruela), #surigaodelnorte(claver, gigaquit, siargaoisland, socorro), #surigaodelsur(carrascal, cantilan, madrid, lanuza, carmen, cortes) and #dinagatislands which may persist within 2-3 hours and may affect nearby areas. the public and the disaster risk reduction and management offices concerned are advised to monitor the weather condition and watch for the next warning to be issued at 08:00 pm today.","August 31, 2025 17:00:00",LANAO DEL SUR (province); WAO (citymun); BUMBARAN (citymun); BUKIDNON (province); KALILANGAN (citymun); KADINGILAN (citymun); CABANGLASAN (citymun); MARAMAG (citymun); QUEZON (province); KITAOTAO (citymun); LANTAPAN (citymun); DANGCAGAN (citymun); KIBAWE (citymun); DAMULOG (citymun); BANISILAN (citymun); PIGKAWAYAN (citymun); LIBUNGAN (citymun); CARMEN (citymun); BARIRA (citymun); BULDON (citymun); MATANOG (citymun); Philippines (country); COTABATO CITY (citymun); ZAMBOANGA DEL SUR (province); DIMATALING (citymun); PITOGO (citymun); TABINA (citymun); MARGOSATUBIG (citymun); LABANGAN (citymun); MIDSALIP (citymun); SOMINOT (DON MARIANO MARCOS) (citymun); TUKURAN (citymun); DUMINGAG (citymun); MAHAYAG (citymun); AURORA (province); ZAMBOANGA SIBUGAY (province); ALICIA (citymun); OLUTANGA (citymun); TALUSAN (citymun); MABUHAY (citymun); ZAMBOANGA DEL NORTE (province); SINDANGAN (citymun); SIAYAN (citymun); AGUSAN DEL SUR (province); BUNAWAN (citymun); TRENTO (citymun); SIBAGAT (citymun); Lapaz (barangay); SURIGAO DEL SUR (province); TAGO (citymun); CAGWAIT (citymun); BAYABAS (citymun); MARIHATAG (citymun); LIANGA (citymun); AGUSAN DEL NORTE (province); MAGALLANES (citymun); JABONGA (citymun); SANTIAGO (citymun); TUBAY (citymun); KITCHARAO (citymun); SURIGAO DEL NORTE (province); ALEGRIA (citymun); MALIMONO (citymun); SISON (citymun); MAINIT (citymun); TUBOD (Capital) (citymun); BACUAG (citymun); PLACER (citymun); CAMIGUIN (province); BASILAN (province); ZAMBOANGA CITY (citymun); SIBUCO (citymun); SIRAWAI (citymun); GUTALAC (citymun); SIOCON (citymun); BALIGUIAN (citymun); LABASON (citymun); KALAWIT (citymun); TAMPILISAN (citymun); GODOD (citymun); SALUG (citymun); LILOY (citymun); SIAY (citymun),https://www.facebook.com/mprsdcdo/posts/pfbid02H4Cendmt9bUnM8UVWPzPgNpKyTAZ4pq4DwzgUnTxrat3M3MoB9Nj3Q1JJpgWkqzRl?__cft__[0]=AZX4eDlSv17lSwBDS1pXHfUJVqCV57LKn3Wszp2l-sTleBYe62WlIEbrkXeedxfwxur-mK8x_M1qASx7CwuQsMBRBjfgN0w-gUibk-rtTJKo5Al8vr29ko4XSgmDMXzke_xRFecHWFOMWJJDkVwjYvYoheIoq-zOmkbRI04QTiG_FqumEdm0tmEWleIA_VCS_YE&__tn__=%2CO%2CP-R,rainfall / flood
X,dost_pagasa,"thunderstorm advisory no. 7 #ncr_prsd issued at: 7:10 pm, 30 august 2025(saturday) heavy to intense rainshowers with lightning and strong winds are expected over zambales, pampanga, bulacan, cavite, laguna, metro manila, rizal, batangas and bataan within the next 2 hours.","August 30, 2025 19:10:00",ZAMBALES (province); PAMPANGA (province); BULACAN (province); CAVITE (province); LAGUNA (province); NATIONAL CAPITAL REGION (NCR) (region); RIZAL (province); BATANGAS (province); BATAAN (province),https://x.com/dost_pagasa/status/1961748417039978838,rainfall / flood
Facebook,Civil Defense Davao,"mindanao weather forecast #minprsd issued at: 5:00 pm 31 august 2025 valid until: 5:00 pm tomorrow synopsis: at 3:00 pm today, the low pressure area (lpa) was estimated based on all available at 675 km east of borongan city, eastern samar (12.5n, 131.6e). southwest monsoon affecting the northern section of mindanao. forecast: zamboanga peninsula, camiguin, surigao del norte, and dinagat islands will have cloudy skies with scattered rains and thunderstorms due southwest monsoon. possible flash floods or landslides due to moderate to heavy rains. rest of northern mindanao will have partly cloudy to cloudy skies with isolated rainshowers or thunderstorms caused by southwest monsoon while the rest of mindanao will be partly cloudy to cloudy with isolated rainshowers or thunderstorms due to localized thunderstorms. light to moderate winds from south to southwest with slight to moderate seas (0.6 to 1.5 meters). kaugalingong dayalekto: ang zamboanga peninsula, camiguin, surigao del norte, ug ang dinagat islands makasinati sa mapanganuron nga kalangitan inubanan sa katag katag nga pag ulan, pagpangilat ug pagpanalugdog tungod sa habagat o southwest monsoon. posible ang pagbaha o pagdahili sa yuta tungod sa kasarangan ngadto na sa usahay kusog nga mga pag-ulan. ang ubang dapit sa amihanang mindanao makasinati sa panalagsang pagdag-um ngadto na sa mapanganuron nga kalangitan inubanan sa pat-ak pat-ak nga pag-ulan, kilat ug pagpanalugdog tungod sa habagat/southwest monsoon samtang ang ubang parte sa mindanao makasinati sa panalagsang pagdag-um ngadto na sa mapanganuron nga kalangitan inubanan sa pat-ak pat-ak nga pag-ulan, kilat ug pagpanalugdog tungod sa localized thunderstorms. hinay ngadto sa kasarangan nga hangin ang magagikan sa habagatan ngadto sa habagatang kasadpang direksyon ug ang kadagatan hapsay ngadto sa kasarangan ang pagbalud (0.6 to 1.5 meters). over laguindingan upper air and synoptic station, misamis oriental maximum temperature: 10:00 am today 30.8 c minimum temperature: 05:00 am today 23.4 c maximum relative humidity: 09:00 pm today 97 % minimum relative humidity: 09:00 am today 86 % astronomical information over el salvador city sunset today : 05:51 pm sunrise tomorrow : 05:34 am moonset today : 11:25 pm moonrise tomorrow : 12:29 pm mindanao weather forecast #minprsd issued at: 5:00 pm 31 august 2025 valid until: 5:00 pm tomorrow synopsis: at 3:00 pm today, the low pressure area (lpa) was estimated based on all available at 675 km east of borongan city, eastern samar (12.5n, 131.6e). southwest monsoon affecting the northern section of mindanao. forecast: zamboanga peninsula, camiguin, surigao del norte, and dinagat islands will have cloudy skies with scattered rains and thunderstorms due southwest monsoon. possible flash floods or landslides due to moderate to heavy rains. rest of northern mindanao will have partly cloudy to cloudy skies with isolated rainshowers or thunderstorms caused by southwest monsoon while the rest of mindanao will be partly cloudy to cloudy with isolated rainshowers or thunderstorms due to localized thunderstorms. light to moderate winds from south to southwest with slight to moderate seas (0.6 to 1.5 meters). kaugalingong dayalekto: ang zamboanga peninsula, camiguin, surigao del norte, ug ang dinagat islands makasinati sa mapanganuron nga kalangitan inubanan sa katag katag nga pag ulan, pagpangilat ug pagpanalugdog tungod sa habagat o southwest monsoon. posible ang pagbaha o pagdahili sa yuta tungod sa kasarangan ngadto na sa usahay kusog nga mga pag-ulan. ang ubang dapit sa amihanang mindanao makasinati sa panalagsang pagdag-um ngadto na sa mapanganuron nga kalangitan inubanan sa pat-ak pat-ak nga pag-ulan, kilat ug pagpanalugdog tungod sa habagat/southwest monsoon samtang ang ubang parte sa mindanao makasinati sa panalagsang pagdag-um ngadto na sa mapanganuron nga kalangitan inubanan sa pat-ak pat-ak nga pag-ulan, kilat ug pagpanalugdog tungod sa localized thunderstorms. hinay ngadto sa kasarangan nga hangin ang magagikan sa habagatan ngadto sa habagatang kasadpang direksyon ug ang kadagatan hapsay ngadto sa kasarangan ang pagbalud (0.6 to 1.5 meters). over laguindingan upper air and synoptic station, misamis oriental maximum temperature: 10:00 am today 30.8 c minimum temperature: 05:00 am today 23.4 c maximum relative humidity: 09:00 pm today 97 % minimum relative humidity: 09:00 am today 86 % astronomical information over el salvador city sunset today : 05:51 pm sunrise tomorrow : 05:34 am moonset today : 11:25 pm moonrise tomorrow : 12:29 pm","August 31, 2025 17:00:00",mindanao (island_group); CITY OF BORONGAN (Capital) (citymun); EASTERN SAMAR (province); REGION IX (ZAMBOANGA PENINSULA) (region); CAMIGUIN (province); SURIGAO DEL NORTE (province); DINAGAT ISLANDS (province),https://www.facebook.com/civildefensedavao/posts/pfbid02QnWVCaxj77HA72rEpfsE99eVHUTJ2tG8QHBmUGPjNWRyyw1tRLUuavLkBSPomQ8Cl?__cft__[0]=AZUnBPcB37VrslYsastsT2my2vAjeFXg4NdgPAyj-Q7UU_7M_iXnlEfgoH0pFUn77yYEzifHnPxwA2oRyKdhvoJCxl6dOF1HUEf2UVrRYB_t5LVlBApXjVP1Jvg6dr8KykZ8BTVxoe1jbuyZnEneIVkft9j5DeNP9jN8UneBljm2xiMdM4eGAg-46AWMyQ4CrO0&__tn__=%2CO%2CP-R,rainfall / flood
Facebook,Davao DRRMO,"cdrrmo-emergency opcen weather forecast: issued at: 05:00 pm, 31 august 2025 valid until: 05:00 pm tomorrow synopsis: at 3:00 pm today, the low pressure area (lpa) was estimated based on all available at 675 km east of borongan city, eastern samar (12.5n, 131.6e). southwest monsoon affecting mindanao. forecast: davao city will have partly cloudy to cloudy skies with isolated rain showers or thunderstorms due to the southwest monsoon. light to moderate winds from west to southwest with slight to moderate seas. source: dost-pagasa #weatherforecast #davaocitydrrmo cdrrmo-emergency opcen weather forecast: issued at: 05:00 pm, 31 august 2025 valid until: 05:00 pm tomorrow synopsis: at 3:00 pm today, the low pressure area (lpa) was estimated based on all available at 675 km east of borongan city, eastern samar (12.5n, 131.6e). southwest monsoon affecting mindanao. forecast: davao city will have partly cloudy to cloudy skies with isolated rain showers or thunderstorms due to the southwest monsoon. light to moderate winds from west to southwest with slight to moderate seas. source: dost-pagasa #weatherforecast #davaocitydrrmo","August 31, 2025 17:00:00",CITY OF BORONGAN (Capital) (citymun); EASTERN SAMAR (province); mindanao (island_group); DAVAO CITY (citymun),https://www.facebook.com/DavaoDRRMO/posts/pfbid02CsyRj7mm2Ran7VGg2cxrF7hPhhtAgWgcWSK5zhgZ5urjWPsgHEAc28oKQbz9zPnql?__cft__[0]=AZWVCnX7zIUCOqAkunuGzHxnYNfd2_S30x7YUn-qBbjqxLSVF5bez8takyCRXfCVNjUvuFVcnqgCt6AE34AkDXDOaG8IfZSDVZ6f2lRGOrw-DH_4z-q-8svQ9HMtXHNAUt5Nd-Hwy-b07HroLROBjFyKhLjjuP6fgh1yK1mDX5yyKthEc4v0edka8oh7izaY5lQ&__tn__=%2CO%2CP-R,rainfall / flood
Facebook,PAGASA,"weather advisory no. 6 for: low pressure area (lpa) and southwest monsoon issued at: 5 pm, 31 august 2025 heavy rainfall outlook due to lpa today to tomorrow afternoon (september 01) (50-100 mm): quezon, camarines norte, camarines sur, catanduanes, albay, sorsogon, masbate, and northern samar tomorrow afternoon to tuesday afternoon (september 02) (50-100 mm): quezon, camarines norte, camarines sur, catanduanes, and albay heavy rainfall outlook due to southwest monsoon today to tomorrow afternoon (september 01) (50-100 mm): occidental mindoro, antique, and negros occidental tomorrow afternoon to tuesday afternoon (september 02) (50-100 mm): palawan, occidental mindoro, and antique tuesday afternoon to wednesday afternoon (september 03) (50-100 mm): occidental mindoro forecast rainfall may be higher in mountainous and elevated areas. moreover, impacts in some areas may be worsened by significant antecedent rainfall. the public and disaster risk reduction and management offices concerned are advised to take all necessary measures to protect life and property. pagasa regional services divisions may issue heavy rainfall warnings, rainfall/thunderstorm advisories, and other severe weather information specific to their areas of responsibility as appropriate. unless significant changes occur, the next weather advisory will be issued at 11:00 pm today. for additional information: the key difference between a heavy rainfall warning and a weather advisory lies in their forecast period, coverage areas, and accuracy. a heavy rainfall warning provides forecasts for the next three hours and applies up to the municipal level. it is more precise as it utilizes doppler radar technology to track real-time rainfall intensity, making it highly effective for immediate decision-making in flood-prone areas. a weather advisory, on the other hand, covers a 24-hour period but is issued only at the provincial level. it provides a broader outlook on potential weather disturbances but lacks the short-term accuracy of heavy rainfall warnings. for class suspensions or other official decisions, please refer to heavy rainfall warnings issued by the respective pagasa regional services divisions: northern luzon prsd pagasa-national capital region prsd pagasa southern luzon pagasa visayas prsd mindanao prsd weather advisory no. 6 for: low pressure area (lpa) and southwest monsoon issued at: 5 pm, 31 august 2025 heavy rainfall outlook due to lpa today to tomorrow afternoon (september 01) (50-100 mm): quezon, camarines norte, camarines sur, catanduanes, albay, sorsogon, masbate, and northern samar tomorrow afternoon to tuesday afternoon (september 02) (50-100 mm): quezon, camarines norte, camarines sur, catanduanes, and albay heavy rainfall outlook due to southwest monsoon today to tomorrow afternoon (september 01) (50-100 mm): occidental mindoro, antique, and negros occidental tomorrow afternoon to tuesday afternoon (september 02) (50-100 mm): palawan, occidental mindoro, and antique tuesday afternoon to wednesday afternoon (september 03) (50-100 mm): occidental mindoro forecast rainfall may be higher in mountainous and elevated areas. moreover, impacts in some areas may be worsened by significant antecedent rainfall. the public and disaster risk reduction and management offices concerned are advised to take all necessary measures to protect life and property. pagasa regional services divisions may issue heavy rainfall warnings, rainfall/thunderstorm advisories, and other severe weather information specific to their areas of responsibility as appropriate. unless significant changes occur, the next weather advisory will be issued at 11:00 pm today. for additional information: the key difference between a heavy rainfall warning and a weather advisory lies in their forecast period, coverage areas, and accuracy. a heavy rainfall warning provides forecasts for the next three hours and applies up to the municipal level. it is more precise as it utilizes doppler radar technology to track real-time rainfall intensity, making it highly effective for immediate decision-making in flood-prone areas. a weather advisory, on the other hand, covers a 24-hour period but is issued only at the provincial level. it provides a broader outlook on potential weather disturbances but lacks the short-term accuracy of heavy rainfall warnings. for class suspensions or other official decisions, please refer to heavy rainfall warnings issued by the respective pagasa regional services divisions: northern luzon prsd pagasa-national capital region prsd pagasa southern luzon pagasa visayas prsd mindanao prsd","August 31, 2025 23:00:00",QUEZON (province); CAMARINES NORTE (province); CAMARINES SUR (province); CATANDUANES (province); ALBAY (province); SORSOGON (province); MASBATE (province); NORTHERN SAMAR (province); OCCIDENTAL MINDORO (province); ANTIQUE (province); NEGROS OCCIDENTAL (province); PALAWAN (province),https://www.facebook.com/PAGASA.DOST.GOV.PH/posts/pfbid02D5SWvQ26WDyiYeavrAfaQ3dk7H5YY38dZq3eu4qb1baT4xcQfkNNsmkjcqUKy14Jl?__cft__[0]=AZXdQjy2H5mwczz6qGP9Ks68N1nt92Hc_JLLXjFmkYxWvlY7HSaNBv7CiAj2oBlZWjfT1dCpR3E3mJsbXddw9dqoLXt8XXA8UrjfnYqSR7GqYp8h4jcrCwHINg1tdUggrwODkdriYwcE59vAnHMRdYrfA3c70iV-NvvLHflA-gAyEzC5YlNuQGSUXrklO9Y4J2E&__tn__=%2CO%2CP-R,rainfall / flood
Facebook,Weather Davao,"24-hour localized weather forecast for davao region issued at 4:00 pm august 31, 2025 valid until 4:00 pm tomorrow synopsis: at 3:00 am today, the low pressure area (lpa) was estimated based on all available at 90 km east northeast of daet, camarines norte (14.5n, 123.7e). meanwhile, another lpa was estimated based on all available data at 900 km east of eastern visayas (10.8n, 133.0e). southwest monsoon affecting western sections of southern luzon, visayas, davao region and the rest of mindanao. forecast: davao region will have partly cloudy to cloudy skies with isolated rainshowers or thunderstorms due to southwest monsoon . possible flash floods or landslides during severe thunderstorms light to moderate winds coming from west to southwest will prevail and the coastal waters will be slight to moderate (0.6 to 1.5 meters). kaugalingong pinulungan: ang syudad sa dabaw ug ubang dapit sa rehiyon sa dabaw makasinati sa panalagsang pagdag-um ngadto sa mapanganuron na kalangitan inubanan sa pat-ak pat-ak nga pag-ulan o kilat ug pagpanalugdug tungod sa southwest monsoon . posible ang pagbaha o pagdahili sa yuta sa panahon nga adunay kusog nga pagbundak sa ulan. hinay ngadto sa kasarangan nga hangin nga magagikan sa kasadpan ngadto sa habagatan-kasadpan direksyon ang mopasulabi, ug ang kadagatan hapsay ngadto sa kasarangan ang pagbalud (0.6 to 1.5 meters). forecast over davao city temperatura ugma: 25 c to 31 c sunset (salop) karon: 5:49 pm sunrise (sidlak) ugma: 5:34 am for more information and queries, please call telephone for local number (082)234-0890 and (088)555-0485 for regional or log on to bagong.pagasa.dost.gov.ph /regional /mindanao-prsd or join our facebook group at mindanao prsd (regional office) or pagasa davao (local). 24-hour localized weather forecast for davao region issued at 4:00 pm august 31, 2025 valid until 4:00 pm tomorrow synopsis: at 3:00 am today, the low pressure area (lpa) was estimated based on all available at 90 km east northeast of daet, camarines norte (14.5n, 123.7e). meanwhile, another lpa was estimated based on all available data at 900 km east of eastern visayas (10.8n, 133.0e). southwest monsoon affecting western sections of southern luzon, visayas, davao region and the rest of mindanao. forecast: davao region will have partly cloudy to cloudy skies with isolated rainshowers or thunderstorms due to southwest monsoon . possible flash floods or landslides during severe thunderstorms light to moderate winds coming from west to southwest will prevail and the coastal waters will be slight to moderate (0.6 to 1.5 meters). kaugalingong pinulungan: ang syudad sa dabaw ug ubang dapit sa rehiyon sa dabaw makasinati sa panalagsang pagdag-um ngadto sa mapanganuron na kalangitan inubanan sa pat-ak pat-ak nga pag-ulan o kilat ug pagpanalugdug tungod sa southwest monsoon . posible ang pagbaha o pagdahili sa yuta sa panahon nga adunay kusog nga pagbundak sa ulan. hinay ngadto sa kasarangan nga hangin nga magagikan sa kasadpan ngadto sa habagatan-kasadpan direksyon ang mopasulabi, ug ang kadagatan hapsay ngadto sa kasarangan ang pagbalud (0.6 to 1.5 meters). forecast over davao city temperatura ugma: 25 c to 31 c sunset (salop) karon: 5:49 pm sunrise (sidlak) ugma: 5:34 am for more information and queries, please call telephone for local number (082)234-0890 and (088)555-0485 for regional or log on to bagong.pagasa.dost.gov.ph /regional /mindanao-prsd or join our facebook group at mindanao prsd (regional office) or pagasa davao (local).","August 31, 2025 16:00:00",REGION XI (DAVAO REGION) (region); DAET (Capital) (citymun); CAMARINES NORTE (province); Visayas (island_group); DAVAO CITY (citymun),https://www.facebook.com/weather.davao/posts/pfbid0H5WirHjLioZEGGcoLh3kP6jVLLKH3XxqodwDMbfKuUKZarXcYBLVnX9B3eAcvPPRl?__cft__[0]=AZVQgsZpmWUIzCcjo-nSufX-9GV4VAXN6G4eoSDbqRTpXFQzE7BfTrUf-WVOJRndRtvunAZc7n2deSFZl8X0QZyl26bnTKNkKkwotg5JCSbDrB-uxWYoHA4FZT3kaUh1Gyyz2qgrHO3JOpOxH2HKc5MDME_p5pYW6tU6Cn5IIFczrfvZCdeduz5oQ54mRWa794Y&__tn__=%2CO%2CP-R,rainfall / flood
Facebook,Manila Bulletin,"the sudden flooding that struck parts of quezon city on saturday, aug. 30, was caused by severe thunderstorms that brought unusually heavy rainfall in a short period, the philippine atmospheric, geophysical and astronomical services administration (pagasa) said on sunday. aug. 31. the sudden flooding that struck parts of quezon city on saturday, aug. 30, was caused by severe thunderstorms that brought unusually heavy rainfall in a short period, the philippine atmospheric, geophysical and astronomical services administration (pagasa) said on sunday. aug. 31.","August 30, 2025 00:00:00",QUEZON (citymun),https://www.facebook.com/ManilaBulletin/posts/pfbid022yJxquzmnWgiKj1kCWNVAgt6EjTdTHREbMtAr7VGd2v164hVyBhP2ZcU6Usixw2xl?__cft__[0]=AZWJ3p4-G7SHyaAKQfDbph05QC1bD-2t6GSCTECWvR30J9HW7QXKOYg5bwrQ-4bTXCmnf6vP-9Xv13EJFvWqXsfNZ-BIt6y8bHMta3OHE-iEODuJd0h-b4U_Pk5yk73MmA76ugLfy-S_BNPaiGIcaLoQ3lwqpRTYG5QVDmiloenvggaZvFDXMFivntwYtgiplW8&__tn__=%2CO%2CP-R,rainfall / flood
Facebook,ABS-CBN,"tingnan: pahirapan sa pagbaybay ang mga motorista sa ilang kalye sa cebu city dahil sa baha na dulot ng pag-ulan, sabado, agosto 30. ayon sa pagasa, ang sama ng panahon ay epekto ng habagat. #floodpatrol tingnan: pahirapan sa pagbaybay ang mga motorista sa ilang kalye sa cebu city dahil sa baha na dulot ng pag-ulan, sabado, agosto 30. ayon sa pagasa, ang sama ng panahon ay epekto ng habagat. #floodpatrol yan napala nyo kakatanggap ng pera sa mga tonggressman at senatong gobernatong pag eleksyon, budget yun sa flood control barya lng binigay sa inyo","August 30, 2025 00:00:00",CEBU CITY (Capital) (citymun),https://www.facebook.com/abscbnNEWS/,rainfall / flood
Facebook,MPRSD CDO,"rainfall advisory no. 8 #minprsd weather system: southwest monsoon (habagat) issued at 11:00 pm 31 august 2025 light to moderate rains are expected over #basilan, #zamboangacity, #zamboangadelnorte(baliguian, gutalac), #sarangani(maitum), #southcotabato(lakesebu, surallah, banga, cityofkoronadal), #sultankudarat(columbio), #davaodelsur(magsaysay, matanao, bansalan), #misamisoriental(opol, cityofelsalvador, alubijid, laguindingan, gitagum, libertad, initao, gingoogcity, medina, binuangan, kinoguitan, balingoan, talisayan, sugbongcogon), #bukidnon(baungon, libona, manolofortich and malitbog) within the next 1-2 hours. moderate to occasionally heavy rains affecting #misamisoriental(claveria, villanueva, tagoloan, cagayandeorocity, balingasag, lagonglong, jasaan and salay) which may persist within 2-3 hours and may affect nearby areas. the public and the disaster risk reduction and management offices concerned are advised to monitor the weather condition and watch for the next warning to be issued at 02:00 am tomorrow. rainfall advisory no. 8 #minprsd weather system: southwest monsoon (habagat) issued at 11:00 pm 31 august 2025 light to moderate rains are expected over #basilan, #zamboangacity, #zamboangadelnorte(baliguian, gutalac), #sarangani(maitum), #southcotabato(lakesebu, surallah, banga, cityofkoronadal), #sultankudarat(columbio), #davaodelsur(magsaysay, matanao, bansalan), #misamisoriental(opol, cityofelsalvador, alubijid, laguindingan, gitagum, libertad, initao, gingoogcity, medina, binuangan, kinoguitan, balingoan, talisayan, sugbongcogon), #bukidnon(baungon, libona, manolofortich and malitbog) within the next 1-2 hours. moderate to occasionally heavy rains affecting #misamisoriental(claveria, villanueva, tagoloan, cagayandeorocity, balingasag, lagonglong, jasaan and salay) which may persist within 2-3 hours and may affect nearby areas. the public and the disaster risk reduction and management offices concerned are advised to monitor the weather condition and watch for the next warning to be issued at 02:00 am tomorrow.","August 31, 2025 23:00:00",BASILAN (province); ZAMBOANGA CITY (citymun); ZAMBOANGA DEL NORTE (province); BALIGUIAN (citymun); GUTALAC (citymun); SARANGANI (province); MAITUM (citymun); SOUTH COTABATO (province); SURALLAH (citymun); BANGA (citymun); SULTAN KUDARAT (province); COLUMBIO (citymun); DAVAO DEL SUR (province); MAGSAYSAY (citymun); MATANAO (citymun); BANSALAN (citymun); MISAMIS ORIENTAL (province); OPOL (citymun); ALUBIJID (citymun); LAGUINDINGAN (citymun); GITAGUM (citymun); LIBERTAD (citymun); INITAO (citymun); MEDINA (citymun); BINUANGAN (citymun); KINOGUITAN (citymun); BALINGOAN (citymun); TALISAYAN (citymun); SUGBONGCOGON (citymun); BUKIDNON (province); BAUNGON (citymun); LIBONA (citymun); MALITBOG (citymun); VILLANUEVA (citymun); TAGOLOAN (citymun); BALINGASAG (citymun); LAGONGLONG (citymun); JASAAN (citymun); SALAY (citymun),https://www.facebook.com/mprsdcdo/posts/pfbid02GkqYMeQpNtLCv3arRJcx75PxYc6TkbxN2WFSc4Y6XZE8amywxvJypZcWbXGBe26Ml?__cft__[0]=AZXjtZX7IoW_y3N7HYCC3pqxV9AvB7DYcgpBTWQ4qdkgSfEWdSFgzRcSpbUk4o-5eQ-n8OyUSlJVGfvBfu8ZsEQaLcJZaGXze6XSKDXkC1vq5tjMQ3mJkX7vmDDheWj0IwhluvDw22a4qrjBfrINIqguX_9dhiM7h-80H0P6CxcByVcQkxpN5OGYDDI0qYSoAH8&__tn__=%2CO%2CP-R,rainfall / flood
X,dost_pagasa,"thunderstorm advisory no. 11 #ncr_prsd issued at: 3:54 am, 31 august 2025(sunday) moderate to heavy rainshowers with lightning and strong winds are expected over quezon, bataan and pampanga within the next 3 hours. all are advised to take precautionary measures against the","August 31, 2025 03:54:00",QUEZON (province); BATAAN (province); PAMPANGA (province),https://x.com/dost_pagasa/status/1961880524924006728,rainfall / flood
Facebook,PAGASA,"weather advisory no. 7 for: low pressure area (lpa) and southwest monsoon issued at: aug. 31, 2025, 11 p.m. heavy rainfall outlook due to low pressure area (lpa) tonight to tomorrow evening (september 1) (50-100 mm): quezon, camarines norte, camarines sur, catanduanes, albay, sorsogon, masbate, and northern samar tomorrow evening to tuesday evening (september 2) (50-100 mm): quezon and camarines norte heavy rainfall outlook due to southwest monsoon tonight to tomorrow evening (september 1) moderate to heavy (50-100 mm): occidental mindoro, palawan, and, antique tomorrow evening to tuesday evening (september 2) moderate to heavy (50-100 mm): occidental mindoro and palawan tuesday evening to wednesday evening (september 3) moderate to heavy (50-100 mm): occidental mindoro forecast rainfall may be higher in mountainous and elevated areas. moreover, impacts in some areas may be worsened by significant antecedent rainfall. the public and disaster risk reduction and management offices concerned are advised to take all necessary measures to protect life and property. pagasa regional services divisions may issue heavy rainfall warnings, rainfall/thunderstorm advisories, and other severe weather information specific to their areas of responsibility as appropriate. unless significant changes occur, the next weather advisory will be issued at 5:00 am tomorrow. for additional information: the key difference between a heavy rainfall warning and a weather advisory lies in their forecast period, coverage areas, and accuracy. a heavy rainfall warning provides forecasts for the next three hours and applies up to the municipal level. it is more precise as it utilizes doppler radar technology to track real-time rainfall intensity, making it highly effective for immediate decision-making in flood-prone areas. a weather advisory, on the other hand, covers a 24-hour period but is issued only at the provincial level. it provides a broader outlook on potential weather disturbances but lacks the short-term accuracy of heavy rainfall warnings. since a weather advisory is based on a 24-hour outlook, it should not be used as a basis for class suspensions or other official decisions. northern luzon prsd pagasa-national capital region prsd pagasa southern luzon pagasa visayas prsd mindanao prsd weather advisory no. 7 for: low pressure area (lpa) and southwest monsoon issued at: aug. 31, 2025, 11 p.m. heavy rainfall outlook due to low pressure area (lpa) tonight to tomorrow evening (september 1) (50-100 mm): quezon, camarines norte, camarines sur, catanduanes, albay, sorsogon, masbate, and northern samar tomorrow evening to tuesday evening (september 2) (50-100 mm): quezon and camarines norte heavy rainfall outlook due to southwest monsoon tonight to tomorrow evening (september 1) moderate to heavy (50-100 mm): occidental mindoro, palawan, and, antique tomorrow evening to tuesday evening (september 2) moderate to heavy (50-100 mm): occidental mindoro and palawan tuesday evening to wednesday evening (september 3) moderate to heavy (50-100 mm): occidental mindoro forecast rainfall may be higher in mountainous and elevated areas. moreover, impacts in some areas may be worsened by significant antecedent rainfall. the public and disaster risk reduction and management offices concerned are advised to take all necessary measures to protect life and property. pagasa regional services divisions may issue heavy rainfall warnings, rainfall/thunderstorm advisories, and other severe weather information specific to their areas of responsibility as appropriate. unless significant changes occur, the next weather advisory will be issued at 5:00 am tomorrow. for additional information: the key difference between a heavy rainfall warning and a weather advisory lies in their forecast period, coverage areas, and accuracy. a heavy rainfall warning provides forecasts for the next three hours and applies up to the municipal level. it is more precise as it utilizes doppler radar technology to track real-time rainfall intensity, making it highly effective for immediate decision-making in flood-prone areas. a weather advisory, on the other hand, covers a 24-hour period but is issued only at the provincial level. it provides a broader outlook on potential weather disturbances but lacks the short-term accuracy of heavy rainfall warnings. since a weather advisory is based on a 24-hour outlook, it should not be used as a basis for class suspensions or other official decisions. northern luzon prsd pagasa-national capital region prsd pagasa southern luzon pagasa visayas prsd mindanao prsd","August 31, 2025 05:00:00",QUEZON (province); CAMARINES NORTE (province); CAMARINES SUR (province); CATANDUANES (province); ALBAY (province); SORSOGON (province); MASBATE (province); NORTHERN SAMAR (province); OCCIDENTAL MINDORO (province); PALAWAN (province); ANTIQUE (province); Luzon (island_group),https://www.facebook.com/PAGASA.DOST.GOV.PH/posts/pfbid027HQE2nhZuuAm83f3kJXedrY8DpevGzbJ99oBdeh3tDpNpSBdpDX4kiPUHrtsxXGel?__cft__[0]=AZXrl_quBk3eZP0e9LBSLZb5xsZqkPGPzuFcy7gxkNFWAlYPdTId-G-_Cskh9d5RlpB7WWEGL0q4JfY26CBTVfM498SEibiisPeyHfe1Qw8c-F67InH1q_v6v4JfhoR9L0yA1GErSjOrAWD5-At5Ub4WaJNqJD6CURyZ_cE-1fUTv9f20v6K8lxQKWlJKNUBKXA&__tn__=%2CO%2CP-R,rainfall / flood
Facebook,MPRSD CDO,"rainfall advisory no. 9 #minprsd weather system: southwest monsoon (habagat) issued at 02:00 am 01 september 2025 light to moderate rains are expected over #dinagatislands, #tawitawi, #sulu, #zamboangacity, #basilan(cityofisabela, hadjimuhtamad) and #surigaodelnorte(surigaocity) within the next 2-3 hours. the above conditions are being experienced in #bukidnon(cityofmalaybalay, impasugong, sumilao, manolofortich) and #southcotabato(tantangan) which may persist within 2-3 hours and may affect nearby areas. the public and the disaster risk reduction and management offices concerned are advised to monitor the weather condition and watch for the next warning to be issued at 05:00 am today. rainfall advisory no. 9 #minprsd weather system: southwest monsoon (habagat) issued at 02:00 am 01 september 2025 light to moderate rains are expected over #dinagatislands, #tawitawi, #sulu, #zamboangacity, #basilan(cityofisabela, hadjimuhtamad) and #surigaodelnorte(surigaocity) within the next 2-3 hours. the above conditions are being experienced in #bukidnon(cityofmalaybalay, impasugong, sumilao, manolofortich) and #southcotabato(tantangan) which may persist within 2-3 hours and may affect nearby areas. the public and the disaster risk reduction and management offices concerned are advised to monitor the weather condition and watch for the next warning to be issued at 05:00 am today.","September 01, 2025 02:00:00",SULU (province); ZAMBOANGA CITY (citymun); BASILAN (province); SURIGAO DEL NORTE (province); BUKIDNON (province); SUMILAO (citymun); SOUTH COTABATO (province); TANTANGAN (citymun),https://www.facebook.com/mprsdcdo/posts/pfbid06YoxCyFdHAhs4Q2roaE3qQJpL7jvcoVmbWt9nsBr9Q68V4KgL9C3yMPuNsz8bykgl?__cft__[0]=AZVHi2303Td_MYsem-Xj_Q7Aa03pMt-f2W3EtlmajmtEPOUSH8BXau7I2v6FMLKrgZFpd87ITKS2CLHgVN_Eeez-X7hR8Q-_c3GQjXQuawqQ3GJd_YAaiXTY7HRUa9ZqEiR5kZaRkZBv3xXsJMUToo43U_BsiSnkoOhWXQGrfWNnOj6D5YOU7tZb8QyEXKPvxTA&__tn__=%2CO%2CP-R,rainfall / flood
Facebook,Manila Bulletin,"manila 6th district rep. bienvenido ""benny"" abante jr. highlighted that davao city remains prone to heavy flooding despite the allocation of at least p51 billion worth of infrastructure funds there. manila 6th district rep. bienvenido ""benny"" abante jr. highlighted that davao city remains prone to heavy flooding despite the allocation of at least p51 billion worth of infrastructure funds there.","September 01, 2025 04:00:00",Manila (barangay); DAVAO CITY (citymun),https://www.facebook.com/ManilaBulletin/posts/pfbid0y7yXaDvZRrDKYBT1bqTyJpfE54iHE4YGFsDomzow1hPWF7hMtarhJbY2QE7jdEKgl?__cft__[0]=AZWrKEeMJRTYpvssIsU6UL1Botxv25Y-8WoTyOIuiDQp9G3z6GQDht3VC7i_4YuygO19DN0QFcgFsXdySyVJugzp-W0QxbHT-cDRgbTbC9ZnbgMjdcyQeHBsjNBWvHXCm_2kFvWD-JyFNW9_6NJ8VkMC2fWFeZwYPBlNVi31xI-27I56aHqMMNt1HpVzT8ahWyI&__tn__=%2CO%2CP-R,rainfall / flood
Facebook,PAGASA,"24-hour public weather forecast issued at 4:00 am, 01 september 2025 synopsis: at 3:00 am today, the low pressure area (lpa) was estimated based on all available at 570 km east northeast of virac, catanduanes or 695 km east of daet, camarines norte (14.6n, 129.4e). southwest monsoon affecting the western sections of central and southern luzon, visayas, and the northern section of mindanao. forecast weather conditions area: bicol region, aurora, bulacan, quezon, and rizal weather condition: cloudy skies with scattered rains and thunderstorms caused by: lpa impacts: possible flash floods or landslides due to moderate to heavy rains area: metro manila, visayas, mimaropa, the rest of central luzon, and the rest of calabarzon weather condition: cloudy skies with scattered rains and thunderstorms caused by: southwest monsoon impacts: possible flash floods or landslides due to moderate to heavy rains area: zamboanga peninsula, northern mindanao, and caraga weather condition: partly cloudy to cloudy skies with isolated rainshowers or thunderstorms caused by: southwest monsoon impacts: possible flash floods or landslides during severe thunderstorms area: the rest of the country weather condition: partly cloudy to cloudy skies with isolated rainshowers or thunderstorms caused by: localized thunderstorms impacts: possible flash floods or landslides during severe thunderstorms forecast wind and coastal water conditions area: mindanao and the western section of visayas wind speed: moderate wind direction: southwest to west coastal waters: moderate / (1.2 to 1.8 meters) area: the western section of luzon wind speed: moderate wind direction: southwest to southeast coastal waters: moderate / (1.2 to 1.8 meters) area: the eastern section of southern luzon and the rest of visayas wind speed: light to moderate wind direction: northwest and southwest coastal waters: slight to moderate / (0.6 to 1.5 meters) area: the rest of luzon wind speed: light to moderate wind direction: northeast to east coastal waters: slight to moderate / (0.6 to 1.5 meters) extremes of temperature and relative humidity for the 24-hour period ending 8:00 pm yesterday minimum temperature: 24.3 c 6:00 am maximum temperature: 29.2 c 11:00 am minumum relative humidity: 78 % 11:00 am maximum relative humidity: 87 % 5:00 am tides and astronomical information over metro manila sunrise today: 5:44am sunset today: 6:08pm moonrise today: 12:58pm illumination today: 62% for other information about weather, please log on to pagasa.dost.gov.ph or bagong.pagasa.dost.gov.ph or call at (02)927-1335/(02)926-4258 24-hour public weather forecast issued at 4:00 am, 01 september 2025 synopsis: at 3:00 am today, the low pressure area (lpa) was estimated based on all available at 570 km east northeast of virac, catanduanes or 695 km east of daet, camarines norte (14.6n, 129.4e). southwest monsoon affecting the western sections of central and southern luzon, visayas, and the northern section of mindanao. forecast weather conditions area: bicol region, aurora, bulacan, quezon, and rizal weather condition: cloudy skies with scattered rains and thunderstorms caused by: lpa impacts: possible flash floods or landslides due to moderate to heavy rains area: metro manila, visayas, mimaropa, the rest of central luzon, and the rest of calabarzon weather condition: cloudy skies with scattered rains and thunderstorms caused by: southwest monsoon impacts: possible flash floods or landslides due to moderate to heavy rains area: zamboanga peninsula, northern mindanao, and caraga weather condition: partly cloudy to cloudy skies with isolated rainshowers or thunderstorms caused by: southwest monsoon impacts: possible flash floods or landslides during severe thunderstorms area: the rest of the country weather condition: partly cloudy to cloudy skies with isolated rainshowers or thunderstorms caused by: localized thunderstorms impacts: possible flash floods or landslides during severe thunderstorms forecast wind and coastal water conditions area: mindanao and the western section of visayas wind speed: moderate wind direction: southwest to west coastal waters: moderate / (1.2 to 1.8 meters) area: the western section of luzon wind speed: moderate wind direction: southwest to southeast coastal waters: moderate / (1.2 to 1.8 meters) area: the eastern section of southern luzon and the rest of visayas wind speed: light to moderate wind direction: northwest and southwest coastal waters: slight to moderate / (0.6 to 1.5 meters) area: the rest of luzon wind speed: light to moderate wind direction: northeast to east coastal waters: slight to moderate / (0.6 to 1.5 meters) extremes of temperature and relative humidity for the 24-hour period ending 8:00 pm yesterday minimum temperature: 24.3 c 6:00 am maximum temperature: 29.2 c 11:00 am minumum relative humidity: 78 % 11:00 am maximum relative humidity: 87 % 5:00 am tides and astronomical information over metro manila","September 01, 2025 04:00:00",VIRAC (Capital) (citymun); CATANDUANES (province); CAMARINES NORTE (province); Luzon (island_group); REGION V (BICOL REGION) (region); AURORA (province); BULACAN (province); QUEZON (province); RIZAL (province); NATIONAL CAPITAL REGION (NCR) (region); REGION IV-B (MIMAROPA) (region); REGION III (CENTRAL LUZON) (region); REGION IX (ZAMBOANGA PENINSULA) (region); REGION XIII (Caraga) (region); Visaya (barangay),https://www.facebook.com/PAGASA.DOST.GOV.PH/posts/pfbid028pxHNDDs1jM1h6wV13NKpYiJJg8zTQvcB6WmYgc2LiAqwLzQ2J6f9L49cis5cNXul?__cft__[0]=AZXmSqal0DH5EQ8h0rDNW34pmLgBtBlwlvfqW-0h6dz-_We-exLb2BTW9CDZHiOsqApvBH9ETsrQULFnw9nxXF3SJfLXVMD8B6ojk8ric2-WLVOf7EJ5W7TBGHbTmtIgQfM22pB9xc9QZ7kls8-EFD4dsL9HRgbURWczjlI2MO8IJikO6ECuGUfZtsSTNvQtb1Y&__tn__=%2CO%2CP-R,rainfall / flood
Facebook,ABS-CBN,"several areas in quezon city experienced sudden flooding saturday afternoon, august 30, after a brief but intense thunderstorm with rainfall levels comparable to those seen during the peak hour of typhoon ondoy in 2009. #floodpatrol several areas in quezon city experienced sudden flooding saturday afternoon, august 30, after a brief but intense thunderstorm with rainfall levels comparable to those seen during the peak hour of typhoon ondoy in 2009. #floodpatrol","October 14, 2009 00:00:00",QUEZON (citymun),https://www.facebook.com/abscbnNEWS/posts/pfbid07GkJe2iBcYsYRJL4HJBewqxCR9cbTTk4RpnwXWVdmpXgxFTq3TpCpLTnaoiVsUjXl?__cft__[0]=AZWnkHr-MusBUfUvhlddE8gycjVmJn1xg2kX4Yk0CUCphob4XXUCivbFviXPvQ8BJFnL4eRWQJE_jHIO8HSr-juxD-kqVhKD5PS9TdP70Lw5-fwfyK1LoVvmDn3MSdtTB5pk2qFb19f9tOoIQlrZWSL790a-VBFtc_-unanBUyRmsmK575sksA9HNLBfHQJg_CI&__tn__=%2CO%2CP-R,rainfall / flood
Facebook,Civil Defense Davao,"rainfall advisory no. 7 #minprsd weather system: southwest monsoon (habagat) issued at 08:00 pm 31 august 2025 light to moderate rains are expected over #zamboangasibugay(alicia, payao, tungawan, malangas, imelda, rosellerlim, buug, siay, ipil, diplahan, titay, naga, kabasalan), #zamboangacity, #zamboangadelsur(vincenzoa.sagun, dimataling, margosatubig, dinas, sanpablo, sanmiguel, lapuyan, guipos, kumalarang, dumalinao, tigbao, labangan, pagadiancity, tukuran, lakewood, bayog, aurora, ramonmagsaysay, sominot, midsalip, tambulig, mahayag, dumingag, molave, josefina), #zamboangadelnorte, #lanaodelnorte(sultannagadimaporo, nunungan, sapad, kapatagan), #lanaodelsur(picong, calanogas, malabang, balabagan, kapatagan), #maguindanaodelnorte(matanog, barira, buldon, parang, sultankudarat, sultanmastura, upi, datublaht.sinsuat, datuodinsinsuat, kabuntalan), #cotabatocity, #northcotabato(pigkawayan), #maguindanaodelsur(southupi), #basilan, #sulu, #davaooccidental, #sarangani(glan, malapatan, malungon, alabel), #surigaodelnorte, #dinagatislands(dinagat, sanjose, basilisa, cagdianao, libjo), #davaooriental(manay, tarragona, lupon, banaybanay, cityofmati, sanisidro and governorgeneroso) within the next 1-2 hours. moderate to occasionally heavy rains affecting #zamboangasibugay(talusan, olutanga, mabuhay), #zamboangadelsur(tabina, pitogo), #dinagatislands(tubajon and loreto) which may persist within 2-3 hours and may affect nearby areas. the public and the disaster risk reduction and management offices concerned are advised to monitor the weather condition and watch for the next warning to be issued at 11:00 pm today./ebz/cta rainfall advisory no. 7 #minprsd weather system: southwest monsoon (habagat) issued at 08:00 pm 31 august 2025 light to moderate rains are expected over #zamboangasibugay(alicia, payao, tungawan, malangas, imelda, rosellerlim, buug, siay, ipil, diplahan, titay, naga, kabasalan), #zamboangacity, #zamboangadelsur(vincenzoa.sagun, dimataling, margosatubig, dinas, sanpablo, sanmiguel, lapuyan, guipos, kumalarang, dumalinao, tigbao, labangan, pagadiancity, tukuran, lakewood, bayog, aurora, ramonmagsaysay, sominot, midsalip, tambulig, mahayag, dumingag, molave, josefina), #zamboangadelnorte, #lanaodelnorte(sultannagadimaporo, nunungan, sapad, kapatagan), #lanaodelsur(picong, calanogas, malabang, balabagan, kapatagan), #maguindanaodelnorte(matanog, barira, buldon, parang, sultankudarat, sultanmastura, upi, datublaht.sinsuat, datuodinsinsuat, kabuntalan), #cotabatocity, #northcotabato(pigkawayan), #maguindanaodelsur(southupi), #basilan, #sulu, #davaooccidental, #sarangani(glan, malapatan, malungon, alabel), #surigaodelnorte, #dinagatislands(dinagat, sanjose, basilisa, cagdianao, libjo), #davaooriental(manay, tarragona, lupon, banaybanay, cityofmati, sanisidro and governorgeneroso) within the next 1-2 hours. moderate to occasionally heavy rains affecting #zamboangasibugay(talusan, olutanga, mabuhay), #zamboangadelsur(tabina, pitogo), #dinagatislands(tubajon and loreto) which may persist within 2-3 hours and may affect nearby areas. the public and the disaster risk reduction and management offices concerned are advised to monitor the weather condition and watch for the next warning to be issued at 11:00 pm today./ebz/cta","August 31, 2025 20:00:00",ZAMBOANGA SIBUGAY (province); ALICIA (citymun); PAYAO (citymun); TUNGAWAN (citymun); MALANGAS (citymun); IMELDA (citymun); BUUG (citymun); SIAY (citymun); IPIL (Capital) (citymun); DIPLAHAN (citymun); TITAY (citymun); NAGA (citymun); KABASALAN (citymun); ZAMBOANGA CITY (citymun); ZAMBOANGA DEL SUR (province); DIMATALING (citymun); MARGOSATUBIG (citymun); DINAS (citymun); LAPUYAN (citymun); GUIPOS (citymun); KUMALARANG (citymun); DUMALINAO (citymun); LABANGAN (citymun); TUKURAN (citymun); LAKEWOOD (citymun); BAYOG (citymun); AURORA (province); SOMINOT (DON MARIANO MARCOS) (citymun); MIDSALIP (citymun); TAMBULIG (citymun); MAHAYAG (citymun); DUMINGAG (citymun); MOLAVE (citymun); JOSEFINA (citymun); ZAMBOANGA DEL NORTE (province); LANAO DEL NORTE (province); NUNUNGAN (citymun); SAPAD (citymun); KAPATAGAN (citymun); LANAO DEL SUR (province); CALANOGAS (citymun); MALABANG (citymun); BALABAGAN (citymun); MATANOG (citymun); BARIRA (citymun); BULDON (citymun); Philippines (country); UPI (citymun); KABUNTALAN (TUMBAO) (citymun); COTABATO CITY (citymun); BASILAN (province); SULU (province); DAVAO OCCIDENTAL (province); SARANGANI (citymun); GLAN (citymun); MALAPATAN (citymun); MALUNGON (citymun); ALABEL (Capital) (citymun); SURIGAO DEL NORTE (province); DINAGAT ISLANDS (province); BASILISA (RIZAL) (citymun); CAGDIANAO (citymun); LIBJO (ALBOR) (citymun); DAVAO ORIENTAL (province); MANAY (citymun); TARRAGONA (citymun); LUPON (citymun); BANAYBANAY (citymun); TALUSAN (citymun); OLUTANGA (citymun); MABUHAY (citymun); TABINA (citymun); PITOGO (citymun); TUBAJON (citymun); LORETO (citymun),https://www.facebook.com/civildefensedavao/posts/pfbid0pT4bkwNQHaxsQtjM9JeeZuZdQeSxpZdfbRyD5n8JiiTYRd3dSy2yvpq6R5m6Af6Yl?__cft__[0]=AZXlu4Xqyfsv6OS0eJ3pCpN4AIfuX3lRP8dMPuhN5j4nvJ9E-4OAmf8BluO4wjKUaGgkiRuI_c7F0950wK5hNJW6kbeYtaB0UIloDSFOYau_W6OVvZA41uAcfzH4V-O5584r0II8zzUDQjTpXQ5hPz_iGm8dL_CFWYhBmfi4WkzTKdeguhAJfUgYOM2JxQyj0Uk&__tn__=%2CO%2CP-R,rainfall / flood
Facebook,PAGASA,"weather advisory no. 8 for: low pressure area (lpa) and southwest monsoon issued at: sept. 1, 2025, 5 a.m. heavy rainfall outlook due to low pressure area (lpa) today (50-100 mm): quezon, camarines norte, and camarines sur heavy rainfall outlook due to southwest monsoon today moderate to heavy (50-100 mm): occidental mindoro, palawan, and, antique tomorrow moderate to heavy (50-100 mm): occidental mindoro forecast rainfall may be higher in mountainous and elevated areas. moreover, impacts in some areas may be worsened by significant antecedent rainfall. the public and disaster risk reduction and management offices concerned are advised to take all necessary measures to protect life and property. pagasa regional services divisions may issue heavy rainfall warnings, rainfall/thunderstorm advisories, and other severe weather information specific to their areas of responsibility as appropriate. unless significant changes occur, the next weather advisory will be issued at 11:00 am today. for additional information: the key difference between a heavy rainfall warning and a weather advisory lies in their forecast period, coverage areas, and accuracy. a heavy rainfall warning provides forecasts for the next three hours and applies up to the municipal level. it is more precise as it utilizes doppler radar technology to track real-time rainfall intensity, making it highly effective for immediate decision-making in flood-prone areas. a weather advisory, on the other hand, covers a 24-hour period but is issued only at the provincial level. it provides a broader outlook on potential weather disturbances but lacks the short-term accuracy of heavy rainfall warnings. since a weather advisory is based on a 24-hour outlook, it should not be used as a basis for class suspensions or other official decisions. for class suspensions or other official decisions, please refer to heavy rainfall warnings issued by the respective pagasa regional services divisions: northern luzon prsd pagasa-national capital region prsd pagasa southern luzon pagasa visayas prsd mindanao prsd weather advisory no. 8 for: low pressure area (lpa) and southwest monsoon issued at: sept. 1, 2025, 5 a.m. heavy rainfall outlook due to low pressure area (lpa) today (50-100 mm): quezon, camarines norte, and camarines sur heavy rainfall outlook due to southwest monsoon today moderate to heavy (50-100 mm): occidental mindoro, palawan, and, antique tomorrow moderate to heavy (50-100 mm): occidental mindoro forecast rainfall may be higher in mountainous and elevated areas. moreover, impacts in some areas may be worsened by significant antecedent rainfall. the public and disaster risk reduction and management offices concerned are advised to take all necessary measures to protect life and property. pagasa regional services divisions may issue heavy rainfall warnings, rainfall/thunderstorm advisories, and other severe weather information specific to their areas of responsibility as appropriate. unless significant changes occur, the next weather advisory will be issued at 11:00 am today. for additional information: the key difference between a heavy rainfall warning and a weather advisory lies in their forecast period, coverage areas, and accuracy. a heavy rainfall warning provides forecasts for the next three hours and applies up to the municipal level. it is more precise as it utilizes doppler radar technology to track real-time rainfall intensity, making it highly effective for immediate decision-making in flood-prone areas. a weather advisory, on the other hand, covers a 24-hour period but is issued only at the provincial level. it provides a broader outlook on potential weather disturbances but lacks the short-term accuracy of heavy rainfall warnings. since a weather advisory is based on a 24-hour outlook, it should not be used as a basis for class suspensions or other official decisions. for class suspensions or other official decisions, please refer to heavy rainfall warnings issued by the respective pagasa regional services divisions: northern luzon prsd pagasa-national capital region prsd pagasa southern luzon pagasa visayas prsd mindanao prsd metro manila wala? kagabi pa umuulan ng malakas walang tigil","September 01, 2025 11:00:00",QUEZON (province); CAMARINES NORTE (province); CAMARINES SUR (province); OCCIDENTAL MINDORO (province); PALAWAN (province); Luzon (island_group),https://www.facebook.com/PAGASA.DOST.GOV.PH/posts/pfbid02gP6aQX54da5nLuk8RDYabkUtLdYe8TwzWZTtd5xngaoFeCcDtDuU25pCCckXkuXcl?__cft__[0]=AZXwVrNiyGgRgKgoVDZEahawfJ_kBZgh1f0sxCm7z4_c_jNwx3WGO8dwRF75TqyUg_jq8ckU0uGYkaNaNl7N7iVVtxDyNUWp4LkvEYMQrL_j0f3Z8RIkKmu0SGZO9wxvIW9REnkS6K5CcFAN3YlXTAxRyCCjUWTvIitOOcF0cJArIZuYflMbOwM-_sevXzUKL5I&__tn__=%2CO%2CP-R,rainfall / flood
Facebook,MPRSD CDO,"rainfall advisory no. 9 amendment #minprsd weather system: southwest monsoon (habagat) issued at 04:00 am 01 september 2025 light to moderate rains are expected over #dinagatislands, #surigaodelnorte(siargaoisland, socorro), #basilan(cityoflamitan, cityofisabela), #sulu and #tawitawi within the next 2-3 hours. the above conditions are being experienced in #misamisoriental(cagayandeorocity, tagoloan, villanueva), #bukidnon(libona, baungon, talakag, manolofortich), #lanaodelnorte(iligancity, tagoloan) and #lanaodelsur(tagoloanii) which may persist within 2-3 hours and may affect nearby areas. the public and the disaster risk reduction and management offices concerned are advised to monitor the weather condition and watch for the next warning to be issued at 05:00 am today. rainfall advisory no. 9 amendment #minprsd weather system: southwest monsoon (habagat) issued at 04:00 am 01 september 2025 light to moderate rains are expected over #dinagatislands, #surigaodelnorte(siargaoisland, socorro), #basilan(cityoflamitan, cityofisabela), #sulu and #tawitawi within the next 2-3 hours. the above conditions are being experienced in #misamisoriental(cagayandeorocity, tagoloan, villanueva), #bukidnon(libona, baungon, talakag, manolofortich), #lanaodelnorte(iligancity, tagoloan) and #lanaodelsur(tagoloanii) which may persist within 2-3 hours and may affect nearby areas. the public and the disaster risk reduction and management offices concerned are advised to monitor the weather condition and watch for the next warning to be issued at 05:00 am today.","September 01, 2025 04:00:00",Baga (barangay); SURIGAO DEL NORTE (province); SOCORRO (citymun); BASILAN (province); SULU (province); MISAMIS ORIENTAL (province); TAGOLOAN (citymun); VILLANUEVA (citymun); BUKIDNON (province); LIBONA (citymun); BAUNGON (citymun); TALAKAG (citymun); LANAO DEL NORTE (province); LANAO DEL SUR (province),https://www.facebook.com/mprsdcdo/posts/pfbid02oGUhKg8sgMxS54dNUELqCqJ15dKXY74eZR6ruLztZZ2WgzbSzj3ztPc5myqkgXGdl?__cft__[0]=AZWOaXGh_xxW3pj0aS_omApbjmzYr-I73fJJYSb9F9jiCAc1_4l1iNGNsYGRIFzSWMukXZIvszwlIvVEgFdjgfLefugjF1POlvtFuEZxdaHMruIAv-bXtUfzNj6WyzQ6WHysabAgLrJgQS5sf8-FTj9APqGeDAAOWhrjRkmOVbZxgzGKof4RjzIV8DeGHw86kvY&__tn__=%2CO%2CP-R,rainfall / flood
X,dost_pagasa,"thunderstorm advisory no. 12 #ncr_prsd issued at: 7:04 am, 31 august 2025(sunday) moderate to heavy rainshowers with lightning and strong winds are expected over bataan, zambales, quezon and bulacan within the next 2 hours. all are advised to take precautionary measures against","August 31, 2025 07:04:00",BATAAN (province); QUEZON (province); BULACAN (province),https://x.com/dost_pagasa/status/1961928067691249914,rainfall / flood
Facebook,Civil Defense Davao,"mindanao weather forecast #minprsd issued at: 5:00 am 01 september 2025 valid until: 5:00 am tomorrow synopsis: at 3:00 am today, the low pressure area (lpa) was estimated based on all available at 570 km east northeast of virac, catanduanes (14.5n, 123.7e). meanwhile, another lpa was estimated based on all available data at 900 km east of eastern visayas (10.8n, 133.0e). southwest monsoon affecting northern section of mindanao. forecast: zamboanga peninsula, caraga and northern mindanao will have cloudy skies with scattered rains and thunderstorms due to southwest monsoon. possible flash floods or landslides due to moderate to at times heavy rains. the rest of mindanao will have partly cloudy to cloudy skies with isolated rainshowers or thunderstorms due to the southwest monsoon. light to moderate winds from southwest to west with slight to moderate seas (0.6 to 1.5 meters). kaugalingong dayalekto: ang zamboanga peninsula, caraga ug ang northern mindanao makasinati sa mapanganuron nga kalangitan inubanan sa katag katag nga pag ulan, kilat ug pagpanalugdog tungod sa southwest monsoon o habagat. posible ang pagbaha o pagdahili say yuta tungod sa karangan ngadto na sa usahay kusog nga pag ulan. samtang ang ubang dapit sa mindanao makasinati sa panalagsang pagdag-um ngadto sa mapanganuron nga kalangitan inubanan sa pat-ak pat-ak nga pag-ulan, kilat ug pagpanalugdog tungod sa habagat. hinay ngadto sa kasarangan nga hangin ang magagikan sa habagatang kasadpang ngadto sa kasadpang nga direksyon ug ang kadagatan hapsay ngadto sa kasarangan ang pagbalud (0.6 to 1.5 meters). over laguindingan upper air and synoptic station, misamis oriental maximum temperature: 04:00 pm yesterday 27.2 c minimum temperature: 02:00 am today 24.0 c maximum relative humidity: 02:00 am today 92 % minimum relative humidity: 03:00 pm yesterday 85 % astronomical information over el salvador city sunrise today : 05:34 am sunset today : 05:50 pm moonrise today : 12:29 pm moonset today : mindanao weather forecast #minprsd issued at: 5:00 am 01 september 2025 valid until: 5:00 am tomorrow synopsis: at 3:00 am today, the low pressure area (lpa) was estimated based on all available at 570 km east northeast of virac, catanduanes (14.5n, 123.7e). meanwhile, another lpa was estimated based on all available data at 900 km east of eastern visayas (10.8n, 133.0e). southwest monsoon affecting northern section of mindanao. forecast: zamboanga peninsula, caraga and northern mindanao will have cloudy skies with scattered rains and thunderstorms due to southwest monsoon. possible flash floods or landslides due to moderate to at times heavy rains. the rest of mindanao will have partly cloudy to cloudy skies with isolated rainshowers or thunderstorms due to the southwest monsoon. light to moderate winds from southwest to west with slight to moderate seas (0.6 to 1.5 meters). kaugalingong dayalekto: ang zamboanga peninsula, caraga ug ang northern mindanao makasinati sa mapanganuron nga kalangitan inubanan sa katag katag nga pag ulan, kilat ug pagpanalugdog tungod sa southwest monsoon o habagat. posible ang pagbaha o pagdahili say yuta tungod sa karangan ngadto na sa usahay kusog nga pag ulan. samtang ang ubang dapit sa mindanao makasinati sa panalagsang pagdag-um ngadto sa mapanganuron nga kalangitan inubanan sa pat-ak pat-ak nga pag-ulan, kilat ug pagpanalugdog tungod sa habagat. hinay ngadto sa kasarangan nga hangin ang magagikan sa habagatang kasadpang ngadto sa kasadpang nga direksyon ug ang kadagatan hapsay ngadto sa kasarangan ang pagbalud (0.6 to 1.5 meters). over laguindingan upper air and synoptic station, misamis oriental maximum temperature: 04:00 pm yesterday 27.2 c minimum temperature: 02:00 am today 24.0 c maximum relative humidity: 02:00 am today 92 % minimum relative humidity: 03:00 pm yesterday 85 % astronomical information over el salvador city sunrise today : 05:34 am sunset today : 05:50 pm moonrise today : 12:29 pm moonset today :","September 01, 2025 05:00:00",mindanao (island_group); VIRAC (Capital) (citymun); CATANDUANES (province); REGION IX (ZAMBOANGA PENINSULA) (region); REGION XIII (Caraga) (region),https://www.facebook.com/civildefensedavao/posts/pfbid02NLD4qkBVHDLZpvC4vrNQJQKeRTKApHSJV1EzxrBk7wWQzPZaas2yRqvqtXDgP3tWl?__cft__[0]=AZXlA5Qdms53PmLHNEGrrjX5ZrUQNGqlP5nbOafLm8TMEOoWvwmvcvfXthUZwRwxdBT0NSJ3ro8-CLx0JQjexdRImf_obv9Kfh5QrRYwvPGihxH5RrOtd5mBvtPm8kHlU9KYQ3jA3c6S2C-m3kDjqDFkoA_NFR5fkdd9FG2Ocwk39f--OJVz4Q-vLArrfChZud4&__tn__=%2CO%2CP-R,rainfall / flood
Facebook,ABS-CBN,"state weather bureau pagasa says light to moderate rains are expected over metro manila and cavite due to habagat and the low pressure area, as of 7:00 a.m. on september 1, 2025. light to moderate rains are currently affecting rizal and parts of bulacan, laguna, quezon and nueva ecija, which may affect nearby areas. #weatherpatrol state weather bureau pagasa says light to moderate rains are expected over metro manila and cavite due to habagat and the low pressure area, as of 7:00 a.m. on september 1, 2025. light to moderate rains are currently affecting rizal and parts of bulacan, laguna, quezon and nueva ecija, which may affect nearby areas. #weatherpatrol malakas din po ulan dto batangas pero nsa school n po mga bata,","September 01, 2025 00:00:00",NATIONAL CAPITAL REGION (NCR) (region); CAVITE (province); RIZAL (province); BULACAN (province); LAGUNA (province); QUEZON (province); NUEVA ECIJA (province),https://www.facebook.com/abscbnNEWS/posts/pfbid02r7iKWK3tJdEFAUTzGDVxDy3Qic5NHFTBL6yRgoH8ZPMxSvqjMt7qxRoPhspw1N3Pl?__cft__[0]=AZWue6VsNBXQWVsHmy9a3Cdb1Q2JBZQujzSk-zYvNLU7ry0LKxFAr98XRPy2HYbBL-oxIB50KmOeKJHz51l5q9c_BxBro4oHqxcw2zc0gj9W0crUxxZC0oPG6lJy_k2E7FGpS1sIRhIz9G4v_5FDAENVPT-SLK9V77Yo4ujs61RM2b0gbOXspBigEtFnu6WpKvY&__tn__=%2CO%2CP-R,rainfall / flood
Facebook,Inquirer.net,floods hit villages near kanlaon volcano in negros occidental town floods hit villages near kanlaon volcano in negros occidental town,"September 01, 2025 07:30:00",NEGROS OCCIDENTAL (province),https://www.facebook.com/inquirerdotnet/posts/pfbid0qP83gVbwfsMDv8Di5F9PrQKi38zKb8hHyrojtbNvuKEF3mgpzmwUYyReRbKSHCmzl?__cft__[0]=AZX0WgY_3SjNnvZEL02fobjgBNsWD-Vewxt3fiWy9d3tK739tC0zTR9dVQFXiAIKRXy-gvUJPp0gewORG2DRQUiMtn9ltfmda_swfo1_5X-ySsECIcURBbTONj6z-ZElASzgQlrC6Z_raSL9WMBMmoo2sCb35n74bjFfRFRaXP6xMEtHwaBdwR7iVfAFHN4_WO8&__tn__=%2CO%2CP-R,rainfall / flood
X,dost_pagasa,"thunderstorm advisory no. 13 #ncr_prsd issued at: 9:33 am, 31 august 2025(sunday) moderate to heavy rainshowers with lightning and strong winds are expected over quezon, rizal and laguna within the next 2 hours. all are advised to take precautionary measures against the impacts","August 31, 2025 09:33:00",QUEZON (province); RIZAL (province); LAGUNA (province),https://x.com/dost_pagasa/status/1961965959775928445,rainfall / flood
Facebook,PAGASA,"quezon city flooding event flooding event in quezon city (august 30, 2025) a severe thunderstorm affected the northern portions of metro manila on august 30, 2025, between 1:00 pm and 4:00 pm. the science garden station recorded 134.2 mm of rainfall, which is nearly equivalent to one weeks worth of rain based on the monthly normal of 568.5 mm. this heavy downpour caused significant flooding in several areas of quezon city. quezon city flooding event flooding event in quezon city (august 30, 2025) a severe thunderstorm affected the northern portions of metro manila on august 30, 2025, between 1:00 pm and 4:00 pm. the science garden station recorded 134.2 mm of rainfall, which is nearly equivalent to one weeks worth of rain based on the monthly normal of 568.5 mm. this heavy downpour caused significant flooding in several areas of quezon city. kita mo yan quezon city government tapos bagal nyo pa mag suspend amber livaudais teh, radar imagery yan nung sabado","August 30, 2025 13:00:00",QUEZON (citymun); NATIONAL CAPITAL REGION (NCR) (region),https://www.facebook.com/PAGASA.DOST.GOV.PH/posts/pfbid0LHwCjUhjHf6rqspJNERidtcb8Dp7VWQyvtp3RUbtqi5eB7RJ1yPUDgS3pu1FgZJzl?__cft__[0]=AZUxv8y6ypfmrm3gpCglF5rJvtynPTg7NQvj4QpFRTyk8_k3kUaCAYyhJGlIviCSi4wCDqQi84gaD-ThbM6ypJTgdV3AFLedhAchYNK04Gl_3CoYXxoxihcgqLJzIXVpqJrzhMRYYh2rFt_nem8HB0zPcGe1NmFB495PDcsoDwokmF7ERyPsuoORPTonXtYe564&__tn__=%2CO%2CP-R,rainfall / flood
Facebook,Storm Chasers PH,ingat po sa mga may pasok! maulap at maulang panahon ang bumungad ngayong unang araw ng ber months sa ating mga kababayan sa halos buong #luzon at #visayas dahil sa pinagsamang epekto ng lpa at #habagat. pinag-iingat ang lahat sa banta ng mga biglaang pagbaha at mga pagguho ng lupa. pws/psu #weatherupdate #lpa #habagatph ingat po sa mga may pasok! maulap at maulang panahon ang bumungad ngayong unang araw ng ber months sa ating mga kababayan sa halos buong #luzon at #visayas dahil sa pinagsamang epekto ng lpa at #habagat. pinag-iingat ang lahat sa banta ng mga biglaang pagbaha at mga pagguho ng lupa. pws/psu #weatherupdate #lpa #habagatph umpisahan na yung ulan,"September 01, 2025 08:00:00",luzon (island_group),https://www.facebook.com/stormchasersPH/posts/pfbid02FuN9wqWuq1Yycw3hHU3vr3nybzWW2aAePGvBvioAimhY2xPvo2fxfpaDj8Y2wbRbl?__cft__[0]=AZUFFvTkUKXTtGo5MY76Ks6vOWw8ifXgVEgV1oqKJ65y5F8EM9V2NZLvA8HmLqUZCSxgrbI666zrsOxvnmrkKZ03SHp8NUGFskjHIjJNHf8V2jpzEyh_pUodb8Ln8oSQVmfUBz4UdeAMGctAVMP9amgGdZJTOpvpWMuMchMgUOEqdpKCudUJ44LxdExUQ60vDTQ&__tn__=%2CO%2CP-R,rainfall / flood
X,dost_pagasa,"thunderstorm advisory no. 16 #ncr_prsd issued at: 2:20 pm, 31 august 2025(sunday) heavy to intense rainshowers with lightning and strong winds are expected over bataan within the next 2 hours. intense to torrential rainshowers with lightning and strong winds are being","August 31, 2025 14:20:00",BATAAN (province),https://x.com/dost_pagasa/status/1962038183128125518,rainfall / flood
X,dost_pagasa,"thunderstorm advisory no. 15 #ncr_prsd issued at: 12:30 pm, 31 august 2025(sunday) moderate to heavy rainshowers with lightning and strong winds are expected over batangas, cavite, rizal, bulacan, zambales, bataan, nueva ecija, metro manila, laguna, tarlac and pampanga within","August 31, 2025 12:30:00",BATANGAS (province); CAVITE (province); RIZAL (province); BULACAN (province); BATAAN (province); NUEVA ECIJA (province); NATIONAL CAPITAL REGION (NCR) (region); LAGUNA (province); TARLAC (province); PAMPANGA (province),https://x.com/dost_pagasa/status/1962010505746497566,rainfall / flood
X,dost_pagasa,"thunderstorm advisory no. 14 #ncr_prsd issued at: 10:27 am, 31 august 2025(sunday) moderate to heavy rainshowers with lightning and strong winds are expected over rizal, laguna, cavite, bulacan, pampanga, bataan and zambales within the next 2 hours. the above conditions are","August 31, 2025 10:27:00",RIZAL (province); LAGUNA (province); CAVITE (province); BULACAN (province); PAMPANGA (province); BATAAN (province),https://x.com/dost_pagasa/status/1961979513065312753,rainfall / flood
Facebook,Atenews,"breaking: the philippine center for investigative journalism (pcij) has released a list of contractors involved in flood-control projects in the philippines. as of august 2025, reports about ghost projects, substandard construction quality, and the alleged misuse of flood-control funds have been uncovered due to lack of visible implementation and the ineffectiveness of the flood-control measures during recent storms and floods across the nation. to further investigate these allegations, the house of representatives has formally invited the department of public works and highways (dpwh) and 15 contractors responsible for 20% of nearly 10,000 projects undertaken since 2022, for a hearing scheduled on september 2, 2025. read more here: breaking: the philippine center for investigative journalism (pcij) has released a list of contractors involved in flood-control projects in the philippines. as of august 2025, reports about ghost projects, substandard construction quality, and the alleged misuse of flood-control funds have been uncovered due to lack of visible implementation and the ineffectiveness of the flood-control measures during recent storms and floods across the nation. to further investigate these allegations, the house of representatives has formally invited the department of public works and highways (dpwh) and 15 contractors responsible for 20% of nearly 10,000 projects undertaken since 2022, for a hearing scheduled on september 2, 2025. read more here:","August 14, 2025 00:00:00",Philippines (country),https://www.facebook.com/atenews/posts/pfbid0MnyYq1E7CRxsU7K4Lui12SSxnLUk2GaUprhi5NLGCybfvvhm9TTk4nK8r86UvRt3l?__cft__[0]=AZWLB7CGRwtfipWJoB6fcUIPT1xWEeahXBPKdBwPRUh-pxHNnqMfofRNH5prI7H0I4U5E60WNGRp_4Zl6dH_NiGzYbSuJvWI_P8A8QMp5XqBmYLOTGnqQXyMEDe4cIqc-8shKQ-DqEhM4_xxlnXhdi_OL0XAAXkv1oVAjiB1CXVvF_b0-arVyx3RUy16jWkvjNA&__tn__=%2CO%2CP-R,rainfall / flood
Facebook,Weather Davao,"24 hr. localized weather forecast for davao region issued at 5:00 am september 01, 2025 valid until 5:00 am tomorrow synopsis: at 3:00 am today, the low pressure area (lpa) was estimated based on all available at 570 km east northeast of virac, catanduanes or 695 km east of daet, camarines norte (14.6n, 129.4e). southwest monsoon affecting the western sections of central and southern luzon, visayas, and the northern section of mindanao. localized thunderstorms affecting davao region. forecast: davao region will experience partly cloudy to cloudy skies with isolated rainshowers and thunderstorms due localized thunderstorms. possible flashfloods or landslides during severe thunderstorms. moderate winds coming from the southwest to west will prevail and the coastal waters will be moderate. (1.2 to 1.8 meters wave height) kaugalingong pinulungan: ang dakbayan sa davao ug ubang dapit sa davao region makasinati sa panalagsa nga pagdag.um ngadto sa mapanganurun nga kalangitan inubanan sa pat-ak pat-ak nga pag-ulan, kilat ug pagpanalugdug tungod sa localized thunderstorms. posible ang mga pagbaha og landslides kung dunay kusog nga pag ulan. kasarangan nga huyop sa hangin nga magagikan sa habagatang kasadpan ngadto sa kasadpan nga direksyon ang mupasulabi, ug ang kadagatan mahimong kasarangan ang balod. (1.2 to 1.8 meters wave height). over davao city: temperature today: 25 c to 30 c sunrise (sidlak) today: 5:34 am sunset (salop) today: 5:49 pm for more information and queries, please call telephone for local number (082)234-0890 and (088)555-0485 for regional or log on to bagong.pagasa.dost.gov.ph /regional /mindanao-prsd or join our facebook group at mindanao prsd (regional office) or pagasa davao (local). 24 hr. localized weather forecast for davao region issued at 5:00 am september 01, 2025 valid until 5:00 am tomorrow synopsis: at 3:00 am today, the low pressure area (lpa) was estimated based on all available at 570 km east northeast of virac, catanduanes or 695 km east of daet, camarines norte (14.6n, 129.4e). southwest monsoon affecting the western sections of central and southern luzon, visayas, and the northern section of mindanao. localized thunderstorms affecting davao region. forecast: davao region will experience partly cloudy to cloudy skies with isolated rainshowers and thunderstorms due localized thunderstorms. possible flashfloods or landslides during severe thunderstorms. moderate winds coming from the southwest to west will prevail and the coastal waters will be moderate. (1.2 to 1.8 meters wave height) kaugalingong pinulungan: ang dakbayan sa davao ug ubang dapit sa davao region makasinati sa panalagsa nga pagdag.um ngadto sa mapanganurun nga kalangitan inubanan sa pat-ak pat-ak nga pag-ulan, kilat ug pagpanalugdug tungod sa localized thunderstorms. posible ang mga pagbaha og landslides kung dunay kusog nga pag ulan. kasarangan nga huyop sa hangin nga magagikan sa habagatang kasadpan ngadto sa kasadpan nga direksyon ang mupasulabi, ug ang kadagatan mahimong kasarangan ang balod. (1.2 to 1.8 meters wave height). over davao city: temperature today: 25 c to 30 c sunrise (sidlak) today: 5:34 am sunset (salop) today: 5:49 pm for more information and queries, please call telephone for local number (082)234-0890 and (088)555-0485 for regional or log on to bagong.pagasa.dost.gov.ph /regional /mindanao-prsd or join our facebook group at mindanao prsd (regional office) or pagasa davao (local).","September 01, 2025 05:00:00",REGION XI (DAVAO REGION) (region); CATANDUANES (province); DAET (Capital) (citymun); CAMARINES NORTE (province); Central (barangay); Luzon (island_group); DAVAO CITY (citymun),https://www.facebook.com/weather.davao/posts/pfbid0TPz649KQ2WfG8n6P8mCaVc2osZoP8mXZyXjLgT8HJj4hMzhUhaczzat2G9uJ2Fz4l?__cft__[0]=AZVyauFTog4QMwK0F3oDHvrXIn2Nz5jT4OsX2cJMu6tQwjOTr7QoWibqe-LmaWgewmyPDDIdXYi6ErKkbNaMNWC4NnZ0RuUym_TIwfvCVduO4mx3_ekqtfXTxKgtCOqKO2MucwUp1B86VHLX89XWafZgCN4t6W_TYBwOFk7s16DS0XyGOoqFWa5i4BRsTapX-T4&__tn__=%2CO%2CP-R,rainfall / flood
X,dost_pagasa,"thunderstorm advisory no. 20 #ncr_prsd issued at: 10:27 pm, 31 august 2025(sunday) moderate to heavy rainshowers with lightning and strong winds are expected over nueva ecija, pampanga, bataan and bulacan within the next 2 hours. all are advised to take precautionary measures","August 31, 2025 22:27:00",NUEVA ECIJA (province); PAMPANGA (province); BATAAN (province); BULACAN (province),https://x.com/dost_pagasa/status/1962160655139778602,rainfall / flood
X,dost_pagasa,"thunderstorm advisory no. 19 #ncr_prsd issued at: 7:51 pm, 31 august 2025(sunday) moderate to heavy rainshowers with lightning and strong winds are expected over quezon, bataan, zambales and bulacan within the next 2 hours. the above conditions are being experienced in nueva","August 31, 2025 19:51:00",QUEZON (province); BATAAN (province); ZAMBALES (province); BULACAN (province); Nueva (barangay),https://x.com/dost_pagasa/status/1962121532458877217,rainfall / flood
X,dost_pagasa,"thunderstorm advisory no. 18 #ncr_prsd issued at: 6:00 pm, 31 august 2025(sunday) moderate to heavy rainshowers with lightning and strong winds are expected over bataan, pampanga, batangas, cavite, laguna, rizal, metro manila, bulacan and nueva ecija within the next 2 hours.","August 31, 2025 18:00:00",BATAAN (province); PAMPANGA (province); BATANGAS (province); CAVITE (province); LAGUNA (province); RIZAL (province); NATIONAL CAPITAL REGION (NCR) (region); BULACAN (province); NUEVA ECIJA (province),https://x.com/dost_pagasa/status/1962093839906378132,rainfall / flood
X,dost_pagasa,"thunderstorm advisory no. 17 #ncr_prsd issued at: 4:17 pm, 31 august 2025(sunday) heavy to intense rainshowers with lightning and strong winds are expected over bataan, metro manila, rizal, laguna and batangas within the next 2 hours. the above conditions are being experienced","August 31, 2025 16:17:00",BATAAN (province); NATIONAL CAPITAL REGION (NCR) (region); RIZAL (province); LAGUNA (province); BATANGAS (province),https://x.com/dost_pagasa/status/1962067803051307515,rainfall / flood
Facebook,PAGASA,"weather advisory no. 9 for: low pressure area (lpa) and southwest monsoon issued at: sept. 1, 2025, 11 a.m. heavy rainfall outlook due to low pressure area (lpa) today to tomorrow noon (september 2) (50-100 mm): quezon, camarines norte heavy rainfall outlook due to southwest monsoon today to tomorrow noon (september 2) moderate to heavy (50-100 mm): occidental mindoro, palawan tomorrow noon to wednesday noon (september 3) moderate to heavy (50-100 mm): occidental mindoro forecast rainfall may be higher in mountainous and elevated areas. moreover, impacts in some areas may be worsened by significant antecedent rainfall. the public and disaster risk reduction and management offices concerned are advised to take all necessary measures to protect life and property. pagasa regional services divisions may issue heavy rainfall warnings, rainfall/thunderstorm advisories, and other severe weather information specific to their areas of responsibility as appropriate. unless significant changes occur, the next weather advisory will be issued at 5:00 pm today. for additional information: the key difference between a heavy rainfall warning and a weather advisory lies in their forecast period, coverage areas, and accuracy. a heavy rainfall warning provides forecasts for the next three hours and applies up to the municipal level. it is more precise as it utilizes doppler radar technology to track real-time rainfall intensity, making it highly effective for immediate decision-making in flood-prone areas. a weather advisory, on the other hand, covers a 24-hour period but is issued only at the provincial level. it provides a broader outlook on potential weather disturbances but lacks the short-term accuracy of heavy rainfall warnings. since a weather advisory is based on a 24-hour outlook, it should not be used as a basis for class suspensions or other official decisions. for class suspensions or other official decisions, please refer to heavy rainfall warnings issued by the respective pagasa regional services divisions: northern luzon prsd pagasa-national capital region prsd pagasa southern luzon pagasa visayas prsd mindanao prsd weather advisory no. 9 for: low pressure area (lpa) and southwest monsoon issued at: sept. 1, 2025, 11 a.m. heavy rainfall outlook due to low pressure area (lpa) today to tomorrow noon (september 2) (50-100 mm): quezon, camarines norte heavy rainfall outlook due to southwest monsoon today to tomorrow noon (september 2) moderate to heavy (50-100 mm): occidental mindoro, palawan tomorrow noon to wednesday noon (september 3) moderate to heavy (50-100 mm): occidental mindoro forecast rainfall may be higher in mountainous and elevated areas. moreover, impacts in some areas may be worsened by significant antecedent rainfall. the public and disaster risk reduction and management offices concerned are advised to take all necessary measures to protect life and property. pagasa regional services divisions may issue heavy rainfall warnings, rainfall/thunderstorm advisories, and other severe weather information specific to their areas of responsibility as appropriate. unless significant changes occur, the next weather advisory will be issued at 5:00 pm today. for additional information: the key difference between a heavy rainfall warning and a weather advisory lies in their forecast period, coverage areas, and accuracy. a heavy rainfall warning provides forecasts for the next three hours and applies up to the municipal level. it is more precise as it utilizes doppler radar technology to track real-time rainfall intensity, making it highly effective for immediate decision-making in flood-prone areas. a weather advisory, on the other hand, covers a 24-hour period but is issued only at the provincial level. it provides a broader outlook on potential weather disturbances but lacks the short-term accuracy of heavy rainfall warnings. since a weather advisory is based on a 24-hour outlook, it should not be used as a basis for class suspensions or other official decisions. for class suspensions or other official decisions, please refer to heavy rainfall warnings issued by the respective pagasa regional services divisions: northern luzon prsd pagasa-national capital region prsd pagasa southern luzon pagasa visayas prsd mindanao prsd","September 01, 2025 17:00:00",QUEZON (province); CAMARINES NORTE (province); OCCIDENTAL MINDORO (province); PALAWAN (province); Luzon (island_group),https://web.facebook.com/PAGASA.DOST.GOV.PH/posts/pfbid09hJQJs48RcsP9FC9PpRdiHUU7i37yYHgL1SBj94yyRRetteK6b7cJuiJJaqabLfgl?__cft__[0]=AZVarDj-jxOHqOYrWorv5iodLxaUZrlNo6AVa8Osq9VJXEHb8cVzLfLNaqvFHdg_mJVATh977sRTQ6W-wXA7ZX2JHnI9V0SmfZsurbFW54-9zXpxRIMk-WNc_c_r8vnhrgkxKceXwuoMWSo6kzDYZLzzfwfrq3_EY-hfG4iaMrzfkUUv9A3t5rahYpzfQiCtEmA&__tn__=%2CO%2CP-R,rainfall / flood
Facebook,MPRSD CDO,rainfall advisory no. 10 final #minprsd weather system: southwest monsoon (habagat) issued at 05:00 am 01 september 2025 all rainfall advisories over forecast areas are now terminated. the public and the disaster risk reduction and management offices concerned are still advised to monitor the weather condition. rainfall advisory no. 10 final #minprsd weather system: southwest monsoon (habagat) issued at 05:00 am 01 september 2025 all rainfall advisories over forecast areas are now terminated. the public and the disaster risk reduction and management offices concerned are still advised to monitor the weather condition.,"September 01, 2025 05:00:00",Baga (barangay),https://web.facebook.com/mprsdcdo/posts/pfbid035anRKnv219trd15U1FtJFifdBJZRksDc3WonEF42afk9ToGVe1THfDKbi4wy7Tvtl?__cft__[0]=AZUkRNpU5dZnIhB1XWdS8-h3jj0tccVrjo_iP2J49XC7Adt9Sa8xCW6kle3x8G5SHvf4ti-R5pIow2j8vSbM4CCSy5fQCkfEQmUjVaji19qv9ExmH_gV71r3-jUP5YR72VW5bAV0hxXdrtRKnEtovNEGmTwqru9WmnXCKgWkHymnPhoW0MfA5il6_PcWfNRGSrg&__tn__=%2CO%2CP-R,rainfall / flood
Facebook,Civil Defense Davao,"thunderstorm advisory no. 3 #minprsd issued at 05:00 pm 01 september 2025 light to moderate rainshowers with lightning and strong winds are expected over #misamisoriental(opol, claveria, cityofelsalvador, alubijid, balingasag, salay, lagonglong), #bukidnon(impasugong, malitbog, talakag, sumilao, cityofvalencia, lantapan), #davaooccidental(joseabadsantos), #misamisoccidental(donvictorianochiongbian, bonifacio), #agusandelnorte(lasnieves, cityofcabadbaran, butuancity), #lanaodelsur(kapai, marawicity, marantao, picong, marogong, balabagan, malabang), #lanaodelnorte(baloi, pantar, sultannagadimaporo), #tawitawi, #sulu, #sarangani(glan, malungon, maitum, kiamba), #surigaodelsur(cityoftandag, cortes, lanuza, carmen, tagbina, hinatuan), #southcotabato(t'boli, generalsantoscity, polomolok), #sultankudarat(sen.ninoyaquino, bagumbayan, lutayan, isulan, cityoftacurong, columbio, esperanza, presidentquirino, lambayong), #davaodelsur, #zamboangadelsur(vincenzoa.sagun, margosatubig, dinas, sanpablo, sanmiguel, lapuyan, guipos, dumalinao), #zamboangasibugay(malangas, imelda, siay, titay, naga, kabasalan), #basilan, #maguindanaodelnorte(upi, datublaht.sinsuat), #maguindanaodelsur(talayan, datuhofferampatuan, datuabdullahsangki), #zamboangadelnorte(baliguian, tampilisan, kalawit, gutalac, godod, labason, salug, liloy, leonb.postigo, siayan, sergioosmenasr., sindangan, mutia, josedalman, sibutad, manukan, pres.manuela.roxas, katipunan, dipologcity, polanco, pinan, dapitancity, lalibertad, rizal), #agusandelsur(rosario and lapaz) within the next 1-2 hours. moderate to occasionally heavy rainshowers with lightning and strong winds are being experienced in #zamboangacity, #davaooccidental(sarangani), #agusandelsur(sanluis, esperanza, talacogon, cityofbayugan, prosperidad, sanfrancisco, sibagat), #surigaodelsur(lianga, sanagustin, marihatag, cagwait, barobo, bayabas, tago, sanmiguel), #bukidnon(libona, cityofmalaybalay, baungon, manolofortich), #lanaodelnorte(iligancity, tagoloan), #lanaodelsur(tagoloanii), #misamisoriental(cagayandeorocity, tagoloan, villanueva, jasaan, lugait, manticao), #southcotabato(lakesebu, surallah, tupi, santonino, banga, tampakan, cityofkoronadal, norala, tantangan), #zamboangadelsur(kumalarang, tigbao, labangan, pagadiancity, tukuran, lakewood, bayog, aurora, ramonmagsaysay, sominot, midsalip, tambulig, mahayag, dumingag, molave, josefina), #zamboangasibugay(talusan, olutanga, mabuhay, alicia, payao, tungawan, rosellerlim, buug, ipil, diplahan), #sultankudarat(lebak, kalamansig, palimbang), #maguindanaodelsur(southupi, ampatuan), #zamboangadelnorte(sibuco, sirawai and siocon) which may persist within 1-2 hours and may affect nearby areas. all are advised to take precautionary measures against the impacts associated with these hazards which include flash floods and landslides. source: mindanao prsd thunderstorm advisory no. 3 #minprsd issued at 05:00 pm 01 september 2025 light to moderate rainshowers with lightning and strong winds are expected over #misamisoriental(opol, claveria, cityofelsalvador, alubijid, balingasag, salay, lagonglong), #bukidnon(impasugong, malitbog, talakag, sumilao, cityofvalencia, lantapan), #davaooccidental(joseabadsantos), #misamisoccidental(donvictorianochiongbian, bonifacio), #agusandelnorte(lasnieves, cityofcabadbaran, butuancity), #lanaodelsur(kapai, marawicity, marantao, picong, marogong, balabagan, malabang), #lanaodelnorte(baloi, pantar, sultannagadimaporo), #tawitawi, #sulu, #sarangani(glan, malungon, maitum, kiamba), #surigaodelsur(cityoftandag, cortes, lanuza, carmen, tagbina, hinatuan), #southcotabato(t'boli, generalsantoscity, polomolok), #sultankudarat(sen.ninoyaquino, bagumbayan, lutayan, isulan, cityoftacurong, columbio, esperanza, presidentquirino, lambayong), #davaodelsur, #zamboangadelsur(vincenzoa.sagun, margosatubig, dinas, sanpablo, sanmiguel, lapuyan, guipos, dumalinao), #zamboangasibugay(malangas, imelda, siay, titay, naga, kabasalan), #basilan, #maguindanaodelnorte(upi, datublaht.sinsuat), #maguindanaodelsur(talayan, datuhofferampatuan, datuabdullahsangki), #zamboangadelnorte(baliguian, tampilisan, kalawit, gutalac, godod, labason, salug, liloy, leonb.postigo, siayan, sergioosmenasr., sindangan, mutia, josedalman, sibutad, manukan, pres.manuela.roxas, katipunan, dipologcity, polanco, pinan, dapitancity, lalibertad, rizal), #agusandelsur(rosario and lapaz) within the next 1-2 hours. moderate to occasionally heavy rainshowers with lightning and strong winds are being experienced in #zamboangacity, #davaooccidental(sarangani), #agusandelsur(sanluis, esperanza, talacogon, cityofbayugan, prosperidad, sanfrancisco, sibagat), #surigaodelsur(lianga, sanagustin, marihatag, cagwait, barobo, bayabas, tago, sanmiguel), #bukidnon(libona, cityofmalaybalay, baungon, manolofortich), #lanaodelnorte(iligancity, tagoloan), #lanaodelsur(tagoloanii), #misamisoriental(cagayandeorocity, tagoloan, villanueva, jasaan, lugait, manticao), #southcotabato(lakesebu, surallah, tup","September 01, 2025 17:00:00",MISAMIS ORIENTAL (province); OPOL (citymun); CLAVERIA (citymun); ALUBIJID (citymun); BALINGASAG (citymun); SALAY (citymun); LAGONGLONG (citymun); BUKIDNON (province); MALITBOG (citymun); TALAKAG (citymun); SUMILAO (citymun); LANTAPAN (citymun); DAVAO OCCIDENTAL (province); MISAMIS OCCIDENTAL (province); BONIFACIO (citymun); AGUSAN DEL NORTE (province); LANAO DEL SUR (province); KAPAI (citymun); MARANTAO (citymun); PICONG (SULTAN GUMANDER) (citymun); MAROGONG (citymun); BALABAGAN (citymun); MALABANG (citymun); LANAO DEL NORTE (province); BALOI (citymun); PANTAR (citymun); SULU (province); SARANGANI (province); MALUNGON (citymun); MAITUM (citymun); KIAMBA (citymun); SURIGAO DEL SUR (province); CORTES (citymun); LANUZA (citymun); CARMEN (citymun); TAGBINA (citymun); HINATUAN (citymun); SOUTH COTABATO (province); T'BOLI (citymun); POLOMOLOK (citymun); SULTAN KUDARAT (province); BAGUMBAYAN (citymun); LUTAYAN (citymun); ISULAN (Capital) (citymun); COLUMBIO (citymun); ESPERANZA (citymun); LAMBAYONG (MARIANO MARCOS) (citymun); DAVAO DEL SUR (province); ZAMBOANGA DEL SUR (province); MARGOSATUBIG (citymun); DINAS (citymun); LAPUYAN (citymun); GUIPOS (citymun); DUMALINAO (citymun); ZAMBOANGA SIBUGAY (province); MALANGAS (citymun); IMELDA (citymun); SIAY (citymun); TITAY (citymun); NAGA (citymun); KABASALAN (citymun); BASILAN (province); Datu (barangay); AMPATUAN (citymun); ZAMBOANGA DEL NORTE (province); BALIGUIAN (citymun); TAMPILISAN (citymun); KALAWIT (citymun); GUTALAC (citymun); GODOD (citymun); SALUG (citymun); LILOY (citymun); SIAYAN (citymun); Dangan (barangay); SIBUTAD (citymun); MANUKAN (citymun),https://www.facebook.com/civildefensedavao/posts/pfbid026Eu8pyrdGwHfcmF37nmLcJd68YG5NPK5VCJSnLQbgYrAPuMHtQ3DaWLRSfQKBrUcl?__cft__[0]=AZUPemy0M-caOU1jp1pKszDVHjBq_7yCNjuWQLXVnKd-AOhOkGZ-AI555SJvY7Nk6ZlOD825VBoqGfzl_Q_MFbVKuSs3ecwpxEKieKfJegeU8SpgitwCzgroXovgN6Rr5qNJ6Ge84Q-dexRll5U3cRfBvYmyJT9n0VbId6snc3IWOc6piGIhxao_k0ZtuDtlcMQ&__tn__=%2CO%2CP-R,rainfall / flood
Facebook,ditosaph,"naitalang naging sanhi ng baha ang ulan na tumototal sa 141 millimeters (mm) na bumagsak sa quezon city noong nakaraang sabado, august 30. hindi kinaya ng drainage system ng lungsod ang napakaraming tubig-ulan sa napakaikling oras kaya nagresulta ito ng malalang pagbaha, maging sa ilang lugar na hindi karaniwang binabaha, ika ng quezon city lgu. ""umabot sa 121 millimeters sa loob lamang ng isang oras ang kasagsagan ng ulan kanina sa quezon city, higit na mataas kaysa sa pinakamataas na lakas ng ulan sa loob ng isang oras noong panahon ng bagyong ondoy (~90 mm/oras)."" #bahaph #bagyoph #habagatph #quezoncity #ditosapilipinas #dsp #floodcontrolph naitalang naging sanhi ng baha ang ulan na tumototal sa 141 millimeters (mm) na bumagsak sa quezon city noong nakaraang sabado, august 30. hindi kinaya ng drainage system ng lungsod ang napakaraming tubig-ulan sa napakaikling oras kaya nagresulta ito ng malalang pagbaha, maging sa ilang lugar na hindi karaniwang binabaha, ika ng quezon city lgu. ""umabot sa 121 millimeters sa loob lamang ng isang oras ang kasagsagan ng ulan kanina sa quezon city, higit na mataas kaysa sa pinakamataas na lakas ng ulan sa loob ng isang oras noong panahon ng bagyong ondoy (~90 mm/oras)."" #bahaph #bagyoph #habagatph #quezoncity #ditosapilipinas #dsp #floodcontrolph","August 30, 2025 00:00:00",QUEZON (citymun); Philippines (country),https://www.facebook.com/DitoSaPH/posts/pfbid02fh1vv95mvPGmp7FTYXUSDswgG8sDADpt1ht7ehMbjZFkQxjT14zy4xgKGSM6Q8Wrl?__cft__[0]=AZXuUzNcZdH5vBebV10kQ5moLrQcetwB7MuftxR8iTZ9Gf9qauR7xUjQg3tcfKiKsaEutvyKEjJYGwUL__HbceZtUhJ6jjSd_ZSp6egdDOX4LV4xv_7tOaoAn_JGOsDOQP7aAhq6aH_43dpaa2h5KmIXAihrVPi60Xc5aP9b-6QW_CiAipdrLmHzmvO3sbn7rX4&__tn__=%2CO%2CP-R,rainfall / flood
Facebook,#floodalert,"ilang motorsiklo, na-stranded dahil sa pag-apaw ng ilog sa bago city, negros occidental panoorin: sa kuha ng video ni jessie ayungon, makikita ang pag-apaw ng ilog sa overflow road na nagsisilbing daanan sa barangay binubuhan, #bagocity, #negrosoccidental nitong hapon ng lunes, setyembre 01. dulot ito ng masamang panahon na dala ng #habagat. jessie ayungon hazard web philippines september 01, 2025 #floodalert #habagat #baha ilang motorsiklo, na-stranded dahil sa pag-apaw ng ilog sa bago city, negros occidental panoorin: sa kuha ng video ni jessie ayungon, makikita ang pag-apaw ng ilog sa overflow road na nagsisilbing daanan sa barangay binubuhan, #bagocity, #negrosoccidental nitong hapon ng lunes, setyembre 01. dulot ito ng masamang panahon na dala ng #habagat. jessie ayungon hazard web philippines september 01, 2025 #floodalert #habagat #baha","September 01, 2025 00:00:00",BAGO CITY (citymun); Binubuhan (barangay); NEGROS OCCIDENTAL (province); Philippines (country),https://www.facebook.com/hashtag/FloodAlert,rainfall / flood
Facebook,#streetfloodalert,"weather update philippinesadvisory: suspension of classes and government workthe national disaster risk reduction and management council (ndrrmc) has reported heavy rainfall across several areas of the country. according to the same report, flooding is possible in parts of ncr, cavite, laguna, and bulacan.in line with this, classes in all levels (public and private) and government work are suspended on monday, september 1, 2025, in the following areas: 1. national capital region (ncr) 2. albay 3. antique 4. bulacan 5. camarines norte 6. camarines sur 7. catanduanes 8. cavite 9. laguna 10. masbate 11. negros occidental 12. northern samar 13. occidental mindoro 14. pampanga 15. quezon 16. rizal 17. sorsogonauthorities are advising the public to remain vigilant, monitor official announcements, and prioritize safety at all times.stay safe and dry. #weatherupdateph #ulanwatch #bahaph #streetfloodalert #realtimeulan #tagulanseason #dilgnatin weather update philippinesadvisory: suspension of classes and government workthe national disaster risk reduction and management council (ndrrmc) has reported heavy rainfall across several areas of the country. according to the same report, flooding is possible in parts of ncr, cavite, laguna, and bulacan.in line with this, classes in all levels (public and private) and government work are suspended on monday, september 1, 2025, in the following areas: 1. national capital region (ncr) 2. albay 3. antique 4. bulacan 5. camarines norte 6. camarines sur 7. catanduanes 8. cavite 9. laguna 10. masbate 11. negros occidental 12. northern samar 13. occidental mindoro 14. pampanga 15. quezon 16. rizal 17. sorsogonauthorities are advising the public to remain vigilant, monitor official announcements, and prioritize safety at all times.stay safe and dry. #weatherupdateph #ulanwatch #bahaph #streetfloodalert #realtimeulan #tagulanseason #dilgnatin","September 01, 2025 00:00:00",NATIONAL CAPITAL REGION (NCR) (region); CAVITE (province); LAGUNA (province); BULACAN (province); ALBAY (province); ANTIQUE (province); CAMARINES NORTE (province); CAMARINES SUR (province); CATANDUANES (province); MASBATE (province); NEGROS OCCIDENTAL (province); NORTHERN SAMAR (province); OCCIDENTAL MINDORO (province); PAMPANGA (province); QUEZON (province); RIZAL (province); SORSOGON (province),https://www.facebook.com/hashtag/StreetFloodAlert,rainfall / flood
X,dost_pagasa,"thunderstorm advisory no. 24 #ncr_prsd issued at: 1:40 am, 01 september 2025(monday) heavy to intense rainshowers with lightning and strong winds are expected over batangas, rizal, laguna, nueva ecija, tarlac, bataan and zambales within the next 2 hours. intense to torrential","September 01, 2025 01:40:00",BATANGAS (province); RIZAL (province); LAGUNA (province); NUEVA ECIJA (province); TARLAC (province); BATAAN (province),https://x.com/dost_pagasa/status/1962209282147102864,rainfall / flood
Facebook,ABS-CBN,"inaasahan ang katamtaman hanggang sa malakas na pag-ulan na may kasamang kidlat at malakas na hangin sa laguna, cavite, bulacan, at pampanga sa susunod na dalawang oras, ayon sa inilabas na thunderstorm advisory ng pagasa kaninang 7:40 p.m., lunes, setyembre 1. #weatherpatrol inaasahan ang katamtaman hanggang sa malakas na pag-ulan na may kasamang kidlat at malakas na hangin sa laguna, cavite, bulacan, at pampanga sa susunod na dalawang oras, ayon sa inilabas na thunderstorm advisory ng pagasa kaninang 7:40 p.m., lunes, setyembre 1. #weatherpatrol","September 01, 2025 00:00:00",LAGUNA (province); CAVITE (province); BULACAN (province); PAMPANGA (province),https://www.facebook.com/abscbnNEWS/posts/pfbid0FtPCyEd6uVxy8aissxRmDKPFFXu59o6mrxCn46YHKeznzzwcWJdcroAb3hYQu8yPl?__cft__[0]=AZVOkpIR1H5G6H1GUqLT8EmQdEGG4LiASaok9bOlmn4gu6w84NRU0frGv_2Q9eG47W5ayOyQI7A41bs3S69lFIQN2h_8Uqx44jj9E75jyEEsXdkKUAvjoRA0q8y_D-FMg_ou9rnOX85HINuNBHh0gp0FkPvv5V2o5codgcWhZc1AA45jifkRFT8d9celaHQ9QxE&__tn__=%2CO%2CP-R,rainfall / flood
Facebook,Civil Defense Davao,"thunderstorm advisory no. 4 #minprsd issued at 07:00 pm 01 september 2025 light to moderate rainshowers with lightning and strong winds are expected over #agusandelnorte(lasnieves, cityofcabadbaran, butuancity), #bukidnon(libona, malitbog, manolofortich, cityofvalencia, lantapan, sumilao, cabanglasan, sanfernando), #tawitawi, #misamisoriental(cagayandeorocity, balingasag, salay, lagonglong, gingoogcity, laguindingan, gitagum, libertad, initao, naawan, manticao, lugait, alubijid), #lanaodelsur(picong, marogong, balabagan, malabang, madamba), #lanaodelnorte(nunungan, sapad, sultannagadimaporo, iligancity, bacolod, maigo, kauswagan, linamon), #surigaodelsur(cityoftandag, carmen, lanuza, madrid, cortes, cantilan, carrascal), #surigaodelnorte(siargaoisland, socorro, claver), #davaodelnorte(kapalong, talaingod), #davaodeoro(laak, monkayo), #davaooriental(boston, tarragona, lupon, cityofmati), #zamboangasibugay, #zamboangadelsur, #southcotabato(surallah, santonino, banga, norala, cityofkoronadal), #sultankudarat(bagumbayan), #misamisoccidental(panaon, aloran, oroquietacity and ozamiscity) within the next 1-2 hours. moderate to occasionally heavy rainshowers with lightning and strong winds are being experienced in #davaooccidental(sarangani), #misamisoriental(tagoloan, villanueva, claveria, jasaan), #bukidnon(cityofmalaybalay, impasugong), #surigaodelsur(lingig, cityofbislig, tagbina, lianga, sanagustin, marihatag, cagwait, bayabas, sanmiguel, tago, barobo, hinatuan) and #agusandelsur which may persist within 1-2 hours and may affect nearby areas. all are advised to take precautionary measures against the impacts associated with these hazards which include flash floods and landslides. source: mindanao prsd thunderstorm advisory no. 4 #minprsd issued at 07:00 pm 01 september 2025 light to moderate rainshowers with lightning and strong winds are expected over #agusandelnorte(lasnieves, cityofcabadbaran, butuancity), #bukidnon(libona, malitbog, manolofortich, cityofvalencia, lantapan, sumilao, cabanglasan, sanfernando), #tawitawi, #misamisoriental(cagayandeorocity, balingasag, salay, lagonglong, gingoogcity, laguindingan, gitagum, libertad, initao, naawan, manticao, lugait, alubijid), #lanaodelsur(picong, marogong, balabagan, malabang, madamba), #lanaodelnorte(nunungan, sapad, sultannagadimaporo, iligancity, bacolod, maigo, kauswagan, linamon), #surigaodelsur(cityoftandag, carmen, lanuza, madrid, cortes, cantilan, carrascal), #surigaodelnorte(siargaoisland, socorro, claver), #davaodelnorte(kapalong, talaingod), #davaodeoro(laak, monkayo), #davaooriental(boston, tarragona, lupon, cityofmati), #zamboangasibugay, #zamboangadelsur, #southcotabato(surallah, santonino, banga, norala, cityofkoronadal), #sultankudarat(bagumbayan), #misamisoccidental(panaon, aloran, oroquietacity and ozamiscity) within the next 1-2 hours. moderate to occasionally heavy rainshowers with lightning and strong winds are being experienced in #davaooccidental(sarangani), #misamisoriental(tagoloan, villanueva, claveria, jasaan), #bukidnon(cityofmalaybalay, impasugong), #surigaodelsur(lingig, cityofbislig, tagbina, lianga, sanagustin, marihatag, cagwait, bayabas, sanmiguel, tago, barobo, hinatuan) and #agusandelsur which may persist within 1-2 hours and may affect nearby areas. all are advised to take precautionary measures against the impacts associated with these hazards which include flash floods and landslides. source: mindanao prsd","September 01, 2025 19:00:00",AGUSAN DEL NORTE (province); BUKIDNON (province); LIBONA (citymun); MALITBOG (citymun); LANTAPAN (citymun); SUMILAO (citymun); CABANGLASAN (citymun); MISAMIS ORIENTAL (province); BALINGASAG (citymun); SALAY (citymun); LAGONGLONG (citymun); LAGUINDINGAN (citymun); GITAGUM (citymun); LIBERTAD (citymun); INITAO (citymun); NAAWAN (citymun); MANTICAO (citymun); LUGAIT (citymun); ALUBIJID (citymun); LANAO DEL SUR (province); MAROGONG (citymun); BALABAGAN (citymun); MALABANG (citymun); MADAMBA (citymun); LANAO DEL NORTE (province); SAPAD (citymun); BACOLOD (citymun); MAIGO (citymun); KAUSWAGAN (citymun); LINAMON (citymun); SURIGAO DEL SUR (province); CARMEN (citymun); LANUZA (citymun); MADRID (citymun); CORTES (citymun); CANTILAN (citymun); CARRASCAL (citymun); SURIGAO DEL NORTE (province); SOCORRO (citymun); CLAVER (citymun); DAVAO DEL NORTE (province); KAPALONG (citymun); TALAINGOD (citymun); LAAK (SAN VICENTE) (citymun); MONKAYO (citymun); DAVAO ORIENTAL (province); BOSTON (citymun); TARRAGONA (citymun); LUPON (citymun); ZAMBOANGA SIBUGAY (province); ZAMBOANGA DEL SUR (province); SOUTH COTABATO (province); SURALLAH (citymun); BANGA (citymun); NORALA (citymun); SULTAN KUDARAT (province); BAGUMBAYAN (citymun); MISAMIS OCCIDENTAL (province); PANAON (citymun); ALORAN (citymun); DAVAO OCCIDENTAL (province); SARANGANI (province); TAGOLOAN (citymun); VILLANUEVA (citymun); CLAVERIA (citymun); JASAAN (citymun); TAGBINA (citymun); LIANGA (citymun); MARIHATAG (citymun); CAGWAIT (citymun); BAYABAS (citymun); TAGO (citymun); BAROBO (citymun); HINATUAN (citymun); AGUSAN DEL SUR (province),https://www.facebook.com/civildefensedavao/posts/pfbid0r7H3Sivx2Aza5jxb8bf8ys1evYhdQJdM93F86mmVzfnwFPW9GhxMeBzaWuj2MYwsl?__cft__[0]=AZXjJWxiXArrGbKIxkblR2SrWXdFbFpV-UiRboMBw3wZIZVllvzbGM1nCLreX_IsTTQTQpG0l-8zNemuwuqR7rBsDw5LUS3yXaAou1Ui90tCigM8KtIuRrYrvU7HNEnwWEKxENpcoXS55mS7BgzBG2QOF09zaipyNAREO4Crf3yrAOdGFHtOxEv2fMw-RcJ9KHo&__tn__=%2CO%2CP-R,rainfall / flood
Facebook,Davao DRRMO,"cdrrmo-opcen weather update: as of 5:38 pm | september 01, 2025 weather system: localized thunderstorms light rains are being experienced in some areas of toril and talomo districts. other areas within davao city are experiencing partly cloudy to cloudy weather conditions. all river channels are monitored at code green (safe level). coastal status: > calm to slight seas > going high tide #weatherupdate #davaocitydrrmo cdrrmo-opcen weather update: as of 5:38 pm | september 01, 2025 weather system: localized thunderstorms light rains are being experienced in some areas of toril and talomo districts. other areas within davao city are experiencing partly cloudy to cloudy weather conditions. all river channels are monitored at code green (safe level). coastal status: > calm to slight seas > going high tide #weatherupdate #davaocitydrrmo","September 01, 2025 17:38:00",Toril (barangay); Talomo (barangay); DAVAO CITY (citymun),https://www.facebook.com/DavaoDRRMO/posts/pfbid0aQaHfuqSBtPep79fbgWQ22v4dyN3HKJzvv7fWPdTUSvbtaM1e45fAnX82uTXbMetl?__cft__[0]=AZV2SaZA6tFur5zh6CRCrOOqZJ9Ld42Pe46bsH_H4p3th8RocnLMWwwVia4uXET4krU9Phd3a5w2zgYlZJuiUocp44ORXYZ36Go2D686HcNf071hn70nGwxrB-m7n3uWZrZbhE60eAXtUiy4g31Aoqn-zwxS7uPSDPzJAxTZWMYn5DIsEtXr1rHpAq6-qqg9L6M&__tn__=%2CO%2CP-R,rainfall / flood
Facebook,MPRSD CDO,"general flood advisories issued @ 6pm, 01 september 2025 car(cordillera administrative region) gfa#3 ncr (national capital region) gfa#4 region 1 (ilocos region) gfa#1 region 2 (cagayan valley) gfa#1 region 3 (central luzon) gfa#4 region 4a (calabarzon) gfa#6 region 4b (mimaropa) gfa#4 region 5 (bicol region) gfa#6 region 6 (western visayas) gfa#5 region 7 (central visayas) gfa#6 region 8 (eastern visayas) gfa#30 region 9 (zamboanga peninsula) gfa#5 region 10 (northern mindanao) gfa#6 final region 11 (davao region) gfa#6 final region 13 (caraga) gfa#7 final general flood advisories issued @ 6pm, 01 september 2025 car(cordillera administrative region) gfa#3 ncr (national capital region) gfa#4 region 1 (ilocos region) gfa#1 region 2 (cagayan valley) gfa#1 region 3 (central luzon) gfa#4 region 4a (calabarzon) gfa#6 region 4b (mimaropa) gfa#4 region 5 (bicol region) gfa#6 region 6 (western visayas) gfa#5 region 7 (central visayas) gfa#6 region 8 (eastern visayas) gfa#30 region 9 (zamboanga peninsula) gfa#5 region 10 (northern mindanao) gfa#6 final region 11 (davao region) gfa#6 final region 13 (caraga) gfa#7 final general flood advisories issued @ 6pm, 01 september 2025 car(cordillera administrative region) gfa#3 ncr (national capital region) gfa#4 region 1 (ilocos region) gfa#1 region 2 (cagayan valley) gfa#1 region 3 (central luzon) gfa#4 region 4a (calabarzon) gfa#6 region 4b (mimaropa) gfa#4 region 5 (bicol region) gfa#6 region 6 (western visayas) gfa#5 region 7 (central visayas) gfa#6 region 8 (eastern visayas) gfa#30 region 9 (zamboanga peninsula) gfa#5 region 10 (northern mindanao) gfa#6 final region 11 (davao region) gfa#6 final region 13 (caraga) gfa#7 final","September 01, 2025 18:00:00",REGION I (ILOCOS REGION) (region); REGION III (CENTRAL LUZON) (region); REGION IV-B (MIMAROPA) (region); REGION V (BICOL REGION) (region); Visayas (island_group); REGION IX (ZAMBOANGA PENINSULA) (region); REGION XI (DAVAO REGION) (region); REGION XIII (Caraga) (region); REGION IV-A (CALABARZON) (region); REGION II (CAGAYAN VALLEY) (region); REGION VI (WESTERN VISAYAS) (region); REGION VII (CENTRAL VISAYAS) (region); REGION VIII (EASTERN VISAYAS) (region); REGION X (NORTHERN MINDANAO) (region); NATIONAL CAPITAL REGION (NCR) (region),https://www.facebook.com/mprsdcdo/posts/pfbid0ciuLXCAE5g1qT1jvUXCWRVgjj78uWofjCoM1W1URe4FyUGrZsrWPJ7t1KeEkMML4l?__cft__[0]=AZXmovqyDm_CMh4qdTXL-0e4fzQaO8qHdUbYqdfCiH-rR2gOsthTUz21ze-euTKTtyuWgAm6QF1YxiZdClkEEZ680FE27YbaEojEXzdEw-y0hOuMu-CGFTEd56ZfiZ2UDSNbZZD7iCDqXOTuhOVuao27PEaR8YTmdIO7_tQ_wC4DD2WbnOtdEuR6zARAUrmOEotVUbBqClO41p_lna1tEZYbmrrFqZ_mNjuqXZNgfXozLw&__tn__=%2CO%2CP-R,rainfall / flood
Facebook,PAGASA,"general flood advisories issued @ 6pm, 01 september 2025 car(cordillera administrative region) gfa#3 ncr (national capital region) gfa#4 region 1 (ilocos region) gfa#1 region 2 (cagayan valley) gfa#1 region 3 (central luzon) gfa#4 region 4a (calabarzon) gfa#6 region 4b (mimaropa) gfa#4 region 5 (bicol region) gfa#6 region 6 (western visayas) gfa#5 region 7 (central visayas) gfa#6 region 8 (eastern visayas) gfa#30 region 9 (zamboanga peninsula) gfa#5 region 10 (northern mindanao) gfa#6 final region 11 (davao region) gfa#6 final region 13 (caraga) gfa#7 final general flood advisories issued @ 6pm, 01 september 2025 car(cordillera administrative region) gfa#3 ncr (national capital region) gfa#4 region 1 (ilocos region) gfa#1 region 2 (cagayan valley) gfa#1 region 3 (central luzon) gfa#4 region 4a (calabarzon) gfa#6 region 4b (mimaropa) gfa#4 region 5 (bicol region) gfa#6 region 6 (western visayas) gfa#5 region 7 (central visayas) gfa#6 region 8 (eastern visayas) gfa#30 region 9 (zamboanga peninsula) gfa#5 region 10 (northern mindanao) gfa#6 final region 11 (davao region) gfa#6 final region 13 (caraga) gfa#7 final according to weather forecasts, the weather tomorrow will continue to be rainy and flooding in several areas is still possible and expected. paki suspend na po ng maaga if possible na the night before pa dahil super hassle kapag late na late na nagaann","September 01, 2025 18:00:00",REGION III (CENTRAL LUZON) (region); REGION IV-B (MIMAROPA) (region); Visayas (island_group); REGION IX (ZAMBOANGA PENINSULA) (region); REGION XI (DAVAO REGION) (region); REGION I (ILOCOS REGION) (region); REGION II (CAGAYAN VALLEY) (region); REGION V (BICOL REGION) (region); REGION VI (WESTERN VISAYAS) (region); REGION VII (CENTRAL VISAYAS) (region); REGION VIII (EASTERN VISAYAS) (region); REGION X (NORTHERN MINDANAO) (region); NATIONAL CAPITAL REGION (NCR) (region),https://www.facebook.com/PAGASA.DOST.GOV.PH/posts/pfbid02m5o3GaeJmcjcWUSWEEdSkmrq5zmg18scYArfNtsSrk8p1mgtFHKCtpH2LX63e3E5l?__cft__[0]=AZUPLC8aVHlQwscHNmmvu7Ipl5P75EQ_BzF9yufCmm4h8VTuWIn5-X9mHwVQeNweyWpBQhUd0MMtusz5qknOa6eFDpHvleeRqllSX3BzLf1ecmTw7Kg4iHgh0N5eNCpIN2yjFF_qy-2x8Kcsqne_RTV24Qpk4IY7B1nzQuVcCnEfL9B0vOVFi1bF8GHznfE-TRQ&__tn__=%2CO%2CP-R,rainfall / flood
Facebook,konserbatibongpilipinas,"senator bong go admitted that some individuals are using the alleged anomalies in flood control and infrastructure projects as a political tool to attack their enemies. during a senate blue ribbon committee hearing on monday, september 1, 2025 about failed flood control projects in the philippines, he warned about the spread of fake news and the distortion of facts on social media. go emphasized that not all infrastructure projects are corrupt and that such projects are vital for national development, as long as they are implemented properly. he condemned failed and ""ghost"" projects being used for personal gain. senate of the philippines/facebook #allyouneedtoknow senator bong go admitted that some individuals are using the alleged anomalies in flood control and infrastructure projects as a political tool to attack their enemies. during a senate blue ribbon committee hearing on monday, september 1, 2025 about failed flood control projects in the philippines, he warned about the spread of fake news and the distortion of facts on social media. go emphasized that not all infrastructure projects are corrupt and that such projects are vital for national development, as long as they are implemented properly. he condemned failed and ""ghost"" projects being used for personal gain. senate of the philippines/facebook #allyouneedtoknow mayors vico & magalong are being attacked by people from the dds camp. what are they afraid of? vico cant even run for president yet. from:","September 01, 2025 00:00:00",Philippines (country),https://www.facebook.com/KonserbatiboNGPILIPINAS/posts/pfbid035zvJMpMK1hHcZFCnyWTNCByEU2uEeyi5XtdqXQbLTQjp2t1TYQV4aMtaBF143PELl?__cft__[0]=AZUlmbXn35ziw_u7tj77a9FX_bsSncCn1YWrfpNwx25OnIy6MFSkenZy5wXuPgal32quBJMaP5Ct2zgdKyrDskzqSGkY9DXgIN2w3pSg5rXDW1CHGGFnymckaas66nh40xLvbMPMkwAzTYVF7CNpuCoxRDtffrLlF7T6wC9NLaWLGVFlF1n_mC8Kt81yEEODXA1BS7PMW54ksEM2D_xA5zVy&__tn__=R-R,rainfall / flood
Facebook,Storm Chasers PH,"be ready sa banta ng bagyo ngayong setyembre! nasa 2-4 na bagyo ang posibleng mabuo o pumasok sa loob ng par ngayong setyembre, ayon sa pagasa. posible itong dumaan o tumama sa #luzon at #easternvisayas, ngunit maaari din namang mag-recurve o lumihis papalayo ng bansa. inaasahan pa rin ang pag-iral ng #habagat sa buwan na ito na magdadala pa rin ng mga pag-ulan partikular sa kanlurang bahagi ng bansa. pws/psu #handasabagyo #habagatph be ready sa banta ng bagyo ngayong setyembre! nasa 2-4 na bagyo ang posibleng mabuo o pumasok sa loob ng par ngayong setyembre, ayon sa pagasa. posible itong dumaan o tumama sa #luzon at #easternvisayas, ngunit maaari din namang mag-recurve o lumihis papalayo ng bansa. inaasahan pa rin ang pag-iral ng #habagat sa buwan na ito na magdadala pa rin ng mga pag-ulan partikular sa kanlurang bahagi ng bansa. pws/psu #handasabagyo #habagatph in jesus name the 4 lpa will not affect the dwyane james agoy amen","September 01, 2025 20:00:00",luzon (island_group),https://www.facebook.com/stormchasersPH/posts/pfbid02QHgHaKMKraj1vAxmaktanKVaZAZSLSDjBkWrRjDTrVi93Ws8YcPo4denLg2Vzp2Xl?__cft__[0]=AZXyLWJiZCv-QPrWqZyTBs_O_4J_MdmKd5wLkCj5U_oYB_gjVcF-H9upQDxzLoXIY0ZsmNuChSD8i1vyBJeM_kgg93NP7CXKlmLcumw9ZBtbmZTIx9vk2iP4xbLaCTMOQSnvK9ZytJ0WH1ftZ3RYHUIxZ7BPQe9FzdFLoRxa5Daec5aPwjrW2RHz2Opw0L3-gQ0&__tn__=%2CO%2CP-R,rainfall / flood
Facebook,Weather Davao,"24 hr. localized weather forecast for davao region issued at 5:00 pm september 01, 2025 valid until 5:00 pm tomorrow synopsis: at 3:00 pm today, the low pressure area (lpa) was estimated based on all available at 865 km east of northern luzon (17.3n, 129.9e). southwest monsoon affecting the southern luzon, visayas, and the northern section of mindanao. localized thunderstorms affecting davao region. forecast: davao region will experience partly cloudy to cloudy skies with isolated rainshowers and thunderstorms due localized thunderstorms. possible flashfloods or landslides during severe thunderstorms. light to moderate winds coming from south to southwest will prevail and the coastal waters will be slight to moderate. (0.6 to 1.8 meters wave height) kaugalingong pinulungan: ang dakbayan sa davao ug ubang dapit sa davao region makasinati sa panalagsa nga pagdag.um ngadto sa mapanganurun nga kalangitan inubanan sa pat-ak pat-ak nga pag-ulan, kilat ug pagpanalugdug tungod sa localized thunderstorms. posible ang mga pagbaha og landslides kung dunay kusog nga pag ulan. hinay ngadto sa kasarangan nga huyop sa hangin nga magagikan sa kasadpan ngadto sa habagatang kasadpan nga direksyon ang mupasulabi, ug ang kadagatan mahimong hapsay ngadto sa kasarangan ang balod. (0.6 to 1.8 meters wave height). forecast over davao city temperature tomorrow: 25 c to 30 c sunset (salop) today: 5: 49 pm sunrise (sidlak) tomorrow: 5: 34 am for more information and queries, please call telephone for local number (082)234-0890 and (088)555-0485 for regional or log on to bagong.pagasa.dost.gov.ph /regional /mindanao-prsd or join our facebook group at mindanao prsd (regional office) or pagasa davao (local). 24 hr. localized weather forecast for davao region issued at 5:00 pm september 01, 2025 valid until 5:00 pm tomorrow synopsis: at 3:00 pm today, the low pressure area (lpa) was estimated based on all available at 865 km east of northern luzon (17.3n, 129.9e). southwest monsoon affecting the southern luzon, visayas, and the northern section of mindanao. localized thunderstorms affecting davao region. forecast: davao region will experience partly cloudy to cloudy skies with isolated rainshowers and thunderstorms due localized thunderstorms. possible flashfloods or landslides during severe thunderstorms. light to moderate winds coming from south to southwest will prevail and the coastal waters will be slight to moderate. (0.6 to 1.8 meters wave height) kaugalingong pinulungan: ang dakbayan sa davao ug ubang dapit sa davao region makasinati sa panalagsa nga pagdag.um ngadto sa mapanganurun nga kalangitan inubanan sa pat-ak pat-ak nga pag-ulan, kilat ug pagpanalugdug tungod sa localized thunderstorms. posible ang mga pagbaha og landslides kung dunay kusog nga pag ulan. hinay ngadto sa kasarangan nga huyop sa hangin nga magagikan sa kasadpan ngadto sa habagatang kasadpan nga direksyon ang mupasulabi, ug ang kadagatan mahimong hapsay ngadto sa kasarangan ang balod. (0.6 to 1.8 meters wave height). forecast over davao city temperature tomorrow: 25 c to 30 c sunset (salop) today: 5: 49 pm sunrise (sidlak) tomorrow: 5: 34 am for more information and queries, please call telephone for local number (082)234-0890 and (088)555-0485 for regional or log on to bagong.pagasa.dost.gov.ph /regional /mindanao-prsd or join our facebook group at mindanao prsd (regional office) or pagasa davao (local).","September 01, 2025 17:00:00",REGION XI (DAVAO REGION) (region); Luzon (island_group),https://www.facebook.com/weather.davao/posts/pfbid02Xt84RgCPyFmUQv4F1pn11GSBic7tDUSyP2qyrZNbnXAV7KTFfikWKnHZq3a6am1Yl?__cft__[0]=AZUMKR2ig3e2jotAAt49KoATf_8lsczUl9FZVq3t-ow3CeBsvyLBoPrDYsVhKe3dPbVwioY3OL5x1c4_X0tBikbMgrokK7pht3B3raYkRNNUSGsarVarntXlfPmNdBHY4iGnHNE1eQDtcETVnTMqKhd_EWiVWAyLZRoqqQhL5Aehj8lHX3gUeC1Mo9y0VHkkzLA&__tn__=%2CO%2CP-R,rainfall / flood
Facebook,Civil Defense Davao,"thunderstorm advisory no. 6 #minprsd issued at 11:00 pm 01 september 2025 light to moderate rainshowers with lightning and strong winds are expected over #davaodelnorte(kapalong, talaingod, sanisidro), #bukidnon(sanfernando, quezon, cityofvalencia, cityofmalaybalay, cabanglasan, maramag, lantapan), #agusandelsur(loreto, veruela, bunawan, trento, santajosefa, rosario, lapaz, sanluis, prosperidad, talacogon, sanfrancisco), #davaodeoro(laak), #surigaodelsur(cityofbislig, hinatuan, tagbina, barobo, lianga, sanagustin and marihatag) within the next 1-2 hours. all are advised to take precautionary measures against the impacts associated with these hazards which include flash floods and landslides. source: mindanao prsd thunderstorm advisory no. 6 #minprsd issued at 11:00 pm 01 september 2025 light to moderate rainshowers with lightning and strong winds are expected over #davaodelnorte(kapalong, talaingod, sanisidro), #bukidnon(sanfernando, quezon, cityofvalencia, cityofmalaybalay, cabanglasan, maramag, lantapan), #agusandelsur(loreto, veruela, bunawan, trento, santajosefa, rosario, lapaz, sanluis, prosperidad, talacogon, sanfrancisco), #davaodeoro(laak), #surigaodelsur(cityofbislig, hinatuan, tagbina, barobo, lianga, sanagustin and marihatag) within the next 1-2 hours. all are advised to take precautionary measures against the impacts associated with these hazards which include flash floods and landslides. source: mindanao prsd","September 01, 2025 23:00:00",DAVAO DEL NORTE (province); KAPALONG (citymun); TALAINGOD (citymun); BUKIDNON (province); QUEZON (province); CABANGLASAN (citymun); MARAMAG (citymun); LANTAPAN (citymun); AGUSAN DEL SUR (province); LORETO (citymun); VERUELA (citymun); BUNAWAN (citymun); TRENTO (citymun); ROSARIO (citymun); Lapaz (barangay); PROSPERIDAD (Capital) (citymun); TALACOGON (citymun); LAAK (SAN VICENTE) (citymun); SURIGAO DEL SUR (province); HINATUAN (citymun); TAGBINA (citymun); BAROBO (citymun); LIANGA (citymun); MARIHATAG (citymun); mindanao (island_group),https://www.facebook.com/civildefensedavao/posts/pfbid06rq9Et4e9AkuVRsTLn41Bt8d7HaF5XEFSh8BfyXxtYu4hV5rZxFh3ifXhL2tujW2l?__cft__[0]=AZUoW2MBmnuBs4yHC6iLq_oujK6gsH9OJquv-zjgtSJDU7bOQp8zHdXW6fUHC8NpcaP1DVXQklmxN0EkpGWJlnV4jAT_EJgW1yehWLuKhephAJXEZY8bd3Vf5Ul5P9OUCpR1zQs1kkbsx1_X8fXgF3fFSg9CwCxT512DFjTUFuGAie9unCQ01qcltgWGgmbEtsU&__tn__=%2CO%2CP-R,rainfall / flood
Facebook,NDRRMC,"maging alerto, lalawigan ng #palawan! ndrrmc(11:21pm,01sep25) orange rainfall warning sa palawan (kalayaan). nagbabanta ang matinding pag-ulan, pagbaha at pagguho ng lupa. #ndrrmc #heavyrainfall #bawatsegundomahalaga maging alerto, lalawigan ng #palawan! ndrrmc(11:21pm,01sep25) orange rainfall warning sa palawan (kalayaan). nagbabanta ang matinding pag-ulan, pagbaha at pagguho ng lupa. #ndrrmc #heavyrainfall #bawatsegundomahalaga ibahagi at ikomento ang kalagayan sa inyong lugar, mag ingat po tayong lahat!","September 01, 2025 23:21:00",PALAWAN (province); KALAYAAN (citymun),https://www.facebook.com/NDRRMC/posts/pfbid0xx9VzTH3ZFd6jizsQQrBNzJW9vGnbWzBWmWt6A8aggrnuKD9YLRgjEwP1UXD2bVbl?__cft__[0]=AZU4vmT2C_vvZIWY8MEl_x_GLsjMlPdPNNNZcpO4Ck-4IwRpIDfYrZwWrn-Wzm9Or3sWhK8xPeRETfHqvrpNLxTqWQ0Jcq08YPDsbrjjlbo0oamxw7CWEMzGPSTDgfkFi5aIGgejR8ZxtByKw_LL9j6U6GnCzdkOd2SLbna3cLZ9xJV21bgxzJw9iLiBOPz8UVU&__tn__=%2CO%2CP-R,rainfall / flood
Facebook,PAGASA,"weather advisory no. 11 for: low pressure area (lpa) and southwest monsoon issued at: sept. 1, 2025, 11 p.m. heavy rainfall outlook due to low pressure area (lpa) tonight to tomorrow evening (september 2) (50-100 mm): quezon heavy rainfall outlook due to southwest monsoon tonight to tomorrow evening (september 2) moderate to heavy (50-100 mm): occidental mindoro and palawan forecast rainfall may be higher in mountainous and elevated areas. moreover, impacts in some areas may be worsened by significant antecedent rainfall. the public and disaster risk reduction and management offices concerned are advised to take all necessary measures to protect life and property. pagasa regional services divisions may issue heavy rainfall warnings, rainfall/thunderstorm advisories, and other severe weather information specific to their areas of responsibility as appropriate. unless significant changes occur, the next weather advisory will be issued at 5:00 am tomorrow. for additional information: the key difference between a heavy rainfall warning and a weather advisory lies in their forecast period, coverage areas, and accuracy. a heavy rainfall warning provides forecasts for the next three hours and applies up to the municipal level. it is more precise as it utilizes doppler radar technology to track real-time rainfall intensity, making it highly effective for immediate decision-making in flood-prone areas. a weather advisory, on the other hand, covers a 24-hour period but is issued only at the provincial level. it provides a broader outlook on potential weather disturbances but lacks the short-term accuracy of heavy rainfall warnings. since a weather advisory is based on a 24-hour outlook, it should not be used as a basis for class suspensions or other official decisions. for class suspensions or other official decisions, please refer to heavy rainfall warnings issued by the respective pagasa regional services divisions: northern luzon prsd pagasa-national capital region prsd pagasa southern luzon pagasa visayas prsd mindanao prsd weather advisory no. 11 for: low pressure area (lpa) and southwest monsoon issued at: sept. 1, 2025, 11 p.m. heavy rainfall outlook due to low pressure area (lpa) tonight to tomorrow evening (september 2) (50-100 mm): quezon heavy rainfall outlook due to southwest monsoon tonight to tomorrow evening (september 2) moderate to heavy (50-100 mm): occidental mindoro and palawan forecast rainfall may be higher in mountainous and elevated areas. moreover, impacts in some areas may be worsened by significant antecedent rainfall. the public and disaster risk reduction and management offices concerned are advised to take all necessary measures to protect life and property. pagasa regional services divisions may issue heavy rainfall warnings, rainfall/thunderstorm advisories, and other severe weather information specific to their areas of responsibility as appropriate. unless significant changes occur, the next weather advisory will be issued at 5:00 am tomorrow. for additional information: the key difference between a heavy rainfall warning and a weather advisory lies in their forecast period, coverage areas, and accuracy. a heavy rainfall warning provides forecasts for the next three hours and applies up to the municipal level. it is more precise as it utilizes doppler radar technology to track real-time rainfall intensity, making it highly effective for immediate decision-making in flood-prone areas. a weather advisory, on the other hand, covers a 24-hour period but is issued only at the provincial level. it provides a broader outlook on potential weather disturbances but lacks the short-term accuracy of heavy rainfall warnings. since a weather advisory is based on a 24-hour outlook, it should not be used as a basis for class suspensions or other official decisions. for class suspensions or other official decisions, please refer to heavy rainfall warnings issued by the respective pagasa regional services divisions: northern luzon prsd pagasa-national capital region prsd pagasa southern luzon pagasa visayas prsd mindanao prsd maulan po dito ngayon sa camsur","September 01, 2025 05:00:00",QUEZON (province); OCCIDENTAL MINDORO (province); PALAWAN (province); Luzon (island_group),https://www.facebook.com/PAGASA.DOST.GOV.PH/posts/pfbid0371261dsQuNaxcL3BE9jCAjRWVYuP4tzNP8qsM52C6ADZcdicYCWdanDffmM95rSHl?__cft__[0]=AZUMvUjobZPD4usKHws15LFuTu6k3h1TZ48rLfm2M1Zrlvj525nkR_IJPL8CWnN_HdSEIfo0-0YbJpj4WRMhGQU17WftPlhtmIpEq2Qiq3_QVZ2w_-4BEzxidM_fASjtjCEjX3zOb8n2fcyK9VXcv14USP9WQiElJ6kXVQP0-N9uO54cAQhXoPMiF65YJPSf8G8&__tn__=%2CO%2CP-R,rainfall / flood
Facebook,ditosaph,"kasalukuyang natagpuang palutang-lutang ang bangkay ng isang 11-anyos na batang lalaki na nawawala matapos umano itong tangayin ng malakas na agos ng baha noong nakaraang sabado, ika-30 ng agosto. pasado alas-2 ng hapon nang matagpuan ang bangkay ng biktima sa brgy. santolan, pasig city. #ditosapilipinas #dsp #bahaph #aksidenteph kasalukuyang natagpuang palutang-lutang ang bangkay ng isang 11-anyos na batang lalaki na nawawala matapos umano itong tangayin ng malakas na agos ng baha noong nakaraang sabado, ika-30 ng agosto. pasado alas-2 ng hapon nang matagpuan ang bangkay ng biktima sa brgy. santolan, pasig city. #ditosapilipinas #dsp #bahaph #aksidenteph","August 30, 2025 00:00:00",Santolan (barangay); CITY OF PASIG (citymun); Philippines (country),https://www.facebook.com/DitoSaPH/posts/pfbid031UvZaP6t1fNRE5fiGtL3tGf7MgToGP7wynH6Hha9K9p1eTqdmJWuCffFYQrqWbs8l?__cft__[0]=AZXQ_WtTqlhZaJGtTojSea336kWR0ua7syXDOKVkrywhiqRAALTJuAab79QlHONiyEk2nsuF8tUOgYCBGVVQZVMpWojFq0sTUjXMqyIpDVaLayCpXrMK40o2iXXkvZlZKxyI2whg5BpHM9qCQ0m9op7K3Qu7Jh9gHB_FNcIiA6oVJqHszvCFExwHjdThsChSvmU&__tn__=%2CO%2CP-R,rainfall / flood
X,dost_pagasa,"thunderstorm advisory no. 27 #ncr_prsd issued at: 6:00 am, 01 september 2025(monday) moderate to heavy rainshowers with lightning and strong winds are expected over tarlac, bulacan, cavite, batangas, bataan and zambales within the next 2 hours. the above conditions are being","September 01, 2025 06:00:00",TARLAC (province); BULACAN (province); CAVITE (province); BATANGAS (province); BATAAN (province); ZAMBALES (province),https://x.com/dost_pagasa/status/1962275248197525511,rainfall / flood
X,dost_pagasa,"thunderstorm advisory no. 26 #ncr_prsd issued at: 4:48 am, 01 september 2025(monday) moderate to heavy rainshowers with lightning and strong winds are expected over metro manila, cavite, rizal, batangas, zambales, bataan, pampanga, bulacan and tarlac within the next 2 hours.","September 01, 2025 04:48:00",NATIONAL CAPITAL REGION (NCR) (region); CAVITE (province); RIZAL (province); BATANGAS (province); BATAAN (province); PAMPANGA (province); BULACAN (province); TARLAC (province),https://x.com/dost_pagasa/status/1962256699441696808,rainfall / flood
X,dost_pagasa,"thunderstorm advisory no. 25 #ncr_prsd issued at: 3:45 am, 01 september 2025(monday) heavy to intense rainshowers with lightning and strong winds are expected over nueva ecija, bataan, zambales, tarlac, rizal, laguna and batangas within the next 2 hours. intense to torrential","September 01, 2025 03:45:00",NUEVA ECIJA (province); BATAAN (province); ZAMBALES (province); TARLAC (province); RIZAL (province); LAGUNA (province); BATANGAS (province),https://x.com/dost_pagasa/status/1962240617368740320,rainfall / flood
Facebook,Civil Defense Davao,"thunderstorm advisory no. 1 #minprsd issued at 02:00 pm 02 september 2025 moderate to occasionally heavy rainshowers with lightning and strong winds are expected over #davaodelnorte(newcorella, asuncion, cityoftagum, carmen, braulioe.dujali, santotomas, cityofpanabo, cityofsamal), #davaodeoro(montevista, mawab, monkayo, laak), #davaocity, #agusandelnorte(butuancity, lasnieves, remediost.romualdez, cityofcabadbaran, magallanes, santiago, jabonga, tubay), #davaooriental(boston, cateel, governorgeneroso, cityofmati, sanisidro, tarragona), #tawitawi, #bukidnon, #sultankudarat, #surigaodelnorte, #northcotabato, #zamboangadelsur, #misamisoccidental, #maguindanaodelnorte and #cotabatocity within the next 1-2 hours. the above conditions are being experienced in #davaodeoro(maragusan, maco, pantukan, mabini, newbataan, nabunturan, compostela), #davaooriental(banaybanay, lupon, manay, caraga, baganga), #agusandelsur, #bukidnon(pangantucan, kalilangan, talakag, cityofvalencia, maramag), #zamboangadelnorte, #zamboangadelsur, #surigaodelsur and #maguindanaodelsur which may persist within 1-2 hours and may affect nearby areas. all are advised to take precautionary measures against the impacts associated with these hazards which include flash floods and landslides. keep monitoring for updates. source: mindanao prsd thunderstorm advisory no. 1 #minprsd issued at 02:00 pm 02 september 2025 moderate to occasionally heavy rainshowers with lightning and strong winds are expected over #davaodelnorte(newcorella, asuncion, cityoftagum, carmen, braulioe.dujali, santotomas, cityofpanabo, cityofsamal), #davaodeoro(montevista, mawab, monkayo, laak), #davaocity, #agusandelnorte(butuancity, lasnieves, remediost.romualdez, cityofcabadbaran, magallanes, santiago, jabonga, tubay), #davaooriental(boston, cateel, governorgeneroso, cityofmati, sanisidro, tarragona), #tawitawi, #bukidnon, #sultankudarat, #surigaodelnorte, #northcotabato, #zamboangadelsur, #misamisoccidental, #maguindanaodelnorte and #cotabatocity within the next 1-2 hours. the above conditions are being experienced in #davaodeoro(maragusan, maco, pantukan, mabini, newbataan, nabunturan, compostela), #davaooriental(banaybanay, lupon, manay, caraga, baganga), #agusandelsur, #bukidnon(pangantucan, kalilangan, talakag, cityofvalencia, maramag), #zamboangadelnorte, #zamboangadelsur, #surigaodelsur and #maguindanaodelsur which may persist within 1-2 hours and may affect nearby areas. all are advised to take precautionary measures against the impacts associated with these hazards which include flash floods and landslides. keep monitoring for updates. source: mindanao prsd","September 02, 2025 14:00:00",DAVAO DEL NORTE (province); ASUNCION (SAUG) (citymun); CARMEN (citymun); MONTEVISTA (citymun); MAWAB (citymun); MONKAYO (citymun); LAAK (SAN VICENTE) (citymun); DAVAO CITY (citymun); AGUSAN DEL NORTE (province); MAGALLANES (citymun); SANTIAGO (citymun); JABONGA (citymun); TUBAY (citymun); DAVAO ORIENTAL (province); BOSTON (citymun); CATEEL (citymun); TARRAGONA (citymun); BUKIDNON (province); SULTAN KUDARAT (province); SURIGAO DEL NORTE (province); ZAMBOANGA DEL SUR (province); MISAMIS OCCIDENTAL (province); COTABATO CITY (citymun); MARAGUSAN (SAN MARIANO) (citymun); MACO (citymun); PANTUKAN (citymun); MABINI (citymun); NABUNTURAN (Capital) (citymun); COMPOSTELA (citymun); BANAYBANAY (citymun); LUPON (citymun); MANAY (citymun); REGION XIII (Caraga) (region); BAGANGA (citymun); AGUSAN DEL SUR (province); KALILANGAN (citymun); TALAKAG (citymun); MARAMAG (citymun); ZAMBOANGA DEL NORTE (province); SURIGAO DEL SUR (province); mindanao (island_group),https://www.facebook.com/civildefensedavao/posts/pfbid02cMPSe3aTkzWpRGEi3yUMFvEEKQaKJCXxLAvVcu5d5A7RmaRwF1kAspUehmdnBNYtl?__cft__[0]=AZX1J9zE88jf1VFLWcwMF-o-3OVvlUb1brKCBx6Lsdy2-qJmVy6IuU1xi2E7Tgacv0NKa0S6eBOwZgcMZU6tJFYl2ZSS475qzQ-sSRIHYa_h5ux9fXdVA2He3fR4RYCGyup9ifR_IadzrsFmtK8au_Anp-ivdaQLwwhExTO8lgG2qaATIKQkxZCMdjBL--T9TNU&__tn__=%2CO%2CP-R,rainfall / flood
Facebook,UNTV News Rescue,"nagbabala ang pagasa na magpapatuloy ang malalakas na pag-ulan ngayong martes sa malaking bahagi ng bansa dahil sa low pressure area na nasa loob ng philippine area of responsibility at sa habagat. inaasahan ang maulap na kalangitan at malalakas na ulan sa cagayan valley, central luzon, ifugao, at benguet dahil sa lpa sa silangan ng northern luzon. nagbabala ang pagasa na magpapatuloy ang malalakas na pag-ulan ngayong martes sa malaking bahagi ng bansa dahil sa low pressure area na nasa loob ng philippine area of responsibility at sa habagat. inaasahan ang maulap na kalangitan at malalakas na ulan sa cagayan valley, central luzon, ifugao, at benguet dahil sa lpa sa silangan ng northern luzon.","September 02, 2025 14:30:00",REGION II (CAGAYAN VALLEY) (region); REGION III (CENTRAL LUZON) (region); IFUGAO (province); BENGUET (province); Luzon (island_group),https://www.facebook.com/UNTVNewsRescue/posts/pfbid025jJbXHxoXWjNkVJHecT2EX8ENdVM6rD3m1FbYBTC3YYqCxX68CvGsGjjPNoQPMprl?__cft__[0]=AZViFi9k8Bo8gidK4W1LkPWvzb5GWvhCl-qSOOa886QqqhOQC2U7bYCp0DtsG6oojU1aGKtT_ELCKfsIOlPxpB7PK7GtqeZTclqQdQAhEk7Pf1xCCvJ1lkKf5TIng-vRZ9IPFQBeUy251p3-1rb12lY9F1GE3us2G1O4xZDBxQdNt0dj9Kz95vi28mX_2sIS2W8&__tn__=%2CO%2CP-R,rainfall / flood
Facebook,MPRSD CDO,"thunderstorm advisory no. 1 #minprsd issued at 02:00 pm 02 september 2025 moderate to occasionally heavy rainshowers with lightning and strong winds are expected over #davaodelnorte(newcorella, asuncion, cityoftagum, carmen, braulioe.dujali, santotomas, cityofpanabo, cityofsamal), #davaodeoro(montevista, mawab, monkayo, laak), #davaocity, #agusandelnorte(butuancity, lasnieves, remediost.romualdez, cityofcabadbaran, magallanes, santiago, jabonga, tubay), #davaooriental(boston, cateel, governorgeneroso, cityofmati, sanisidro, tarragona), #tawitawi, #bukidnon(doncarlos, baungon, lantapan, cityofmalaybalay, cabanglasan, sanfernando, quezon, kadingilan, kitaotao), #sultankudarat(esperanza, lambayong, presidentquirino, cityoftacurong, isulan), #surigaodelnorte(claver), #northcotabato(pikit, midsayap), #zamboangadelsur(sominot, tambulig, ramonmagsaysay, midsalip), #misamisoccidental(donvictorianochiongbian, bonifacio, concepcion), #maguindanaodelnorte(upi, datuodinsinsuat, talitay, kabuntalan) and #cotabatocity within the next 1-2 hours. the above conditions are being experienced in #davaodeoro(maragusan, maco, pantukan, mabini, newbataan, nabunturan, compostela), #davaooriental(banaybanay, lupon, manay, caraga, baganga), #agusandelsur(sibagat, cityofbayugan, esperanza, prosperidad), #bukidnon(pangantucan, kalilangan, talakag, cityofvalencia, maramag), #zamboangadelnorte(sergioosmenasr., polanco, pinan, mutia), #zamboangadelsur(dumingag, molave, mahayag, josefina), #surigaodelsur(carmen, lanuza, madrid, cantilan, carrascal) and #maguindanaodelsur which may persist within 1-2 hours and may affect nearby areas. all are advised to take precautionary measures against the impacts associated with these hazards which include flash floods and landslides. keep monitoring for updates. thunderstorm advisory no. 1 #minprsd issued at 02:00 pm 02 september 2025 moderate to occasionally heavy rainshowers with lightning and strong winds are expected over #davaodelnorte(newcorella, asuncion, cityoftagum, carmen, braulioe.dujali, santotomas, cityofpanabo, cityofsamal), #davaodeoro(montevista, mawab, monkayo, laak), #davaocity, #agusandelnorte(butuancity, lasnieves, remediost.romualdez, cityofcabadbaran, magallanes, santiago, jabonga, tubay), #davaooriental(boston, cateel, governorgeneroso, cityofmati, sanisidro, tarragona), #tawitawi, #bukidnon(doncarlos, baungon, lantapan, cityofmalaybalay, cabanglasan, sanfernando, quezon, kadingilan, kitaotao), #sultankudarat(esperanza, lambayong, presidentquirino, cityoftacurong, isulan), #surigaodelnorte(claver), #northcotabato(pikit, midsayap), #zamboangadelsur(sominot, tambulig, ramonmagsaysay, midsalip), #misamisoccidental(donvictorianochiongbian, bonifacio, concepcion), #maguindanaodelnorte(upi, datuodinsinsuat, talitay, kabuntalan) and #cotabatocity within the next 1-2 hours. the above conditions are being experienced in #davaodeoro(maragusan, maco, pantukan, mabini, newbataan, nabunturan, compostela), #davaooriental(banaybanay, lupon, manay, caraga, baganga), #agusandelsur(sibagat, cityofbayugan, esperanza, prosperidad), #bukidnon(pangantucan, kalilangan, talakag, cityofvalencia, maramag), #zamboangadelnorte(sergioosmenasr., polanco, pinan, mutia), #zamboangadelsur(dumingag, molave, mahayag, josefina), #surigaodelsur(carmen, lanuza, madrid, cantilan, carrascal) and #maguindanaodelsur which may persist within 1-2 hours and may affect nearby areas. all are advised to take precautionary measures against the impacts associated with these hazards which include flash floods and landslides. keep monitoring for updates.","September 02, 2025 14:00:00",DAVAO DEL NORTE (province); ASUNCION (SAUG) (citymun); CARMEN (citymun); MONTEVISTA (citymun); MAWAB (citymun); MONKAYO (citymun); LAAK (SAN VICENTE) (citymun); DAVAO CITY (citymun); AGUSAN DEL NORTE (province); MAGALLANES (citymun); SANTIAGO (citymun); JABONGA (citymun); TUBAY (citymun); DAVAO ORIENTAL (province); BOSTON (citymun); CATEEL (citymun); TARRAGONA (citymun); BUKIDNON (province); BAUNGON (citymun); LANTAPAN (citymun); CABANGLASAN (citymun); QUEZON (province); KADINGILAN (citymun); KITAOTAO (citymun); SULTAN KUDARAT (province); LAMBAYONG (MARIANO MARCOS) (citymun); ISULAN (Capital) (citymun); SURIGAO DEL NORTE (province); Ver (Naglayaan) (barangay); PIKIT (citymun); MIDSAYAP (citymun); ZAMBOANGA DEL SUR (province); TAMBULIG (citymun); MIDSALIP (citymun); MISAMIS OCCIDENTAL (province); BONIFACIO (citymun); CONCEPCION (citymun); UPI (citymun); TALITAY (citymun); KABUNTALAN (TUMBAO) (citymun); COTABATO CITY (citymun); MARAGUSAN (SAN MARIANO) (citymun); MACO (citymun); PANTUKAN (citymun); MABINI (citymun); NABUNTURAN (Capital) (citymun); COMPOSTELA (citymun); BANAYBANAY (citymun); LUPON (citymun); MANAY (citymun); REGION XIII (Caraga) (region); BAGANGA (citymun); AGUSAN DEL SUR (province); SIBAGAT (citymun); ESPERANZA (citymun); PROSPERIDAD (Capital) (citymun); PANGANTUCAN (citymun); KALILANGAN (citymun); TALAKAG (citymun); MARAMAG (citymun); ZAMBOANGA DEL NORTE (province); POLANCO (citymun); PIÑAN (NEW PIÑAN) (citymun); MUTIA (citymun); DUMINGAG (citymun); MOLAVE (citymun); MAHAYAG (citymun); JOSEFINA (citymun); SURIGAO DEL SUR (province); LANUZA (citymun); MADRID (citymun); CANTILAN (citymun),https://www.facebook.com/mprsdcdo/posts/pfbid033V8AKFnBdsjohdW8oWRLnpvkz2zTmnAJJ5mfqY2aAHHiaTJXXx7PQGie2Tf1s4mLl?__cft__[0]=AZXpuskkKen-duv6ea4Hp7WNHlNf16BHqAqxeFRaeXZ0rAzWm3PfNhM_tZJVDM1f_sp8yER-2qSFY0_fACThD6cefRkmn1zxIvnSzcc1Pkg1GsrfwyH8WVo4Wu3hXEmWsTnher7PFwmbNC-wb74DYnKGnUmPdD9vgQlGvLj8Mf0IUQoA6DdKma59YRs9Vxx4MSU&__tn__=%2CO%2CP-R,rainfall / flood
Facebook,Civil Defense Davao,"thunderstorm advisory no. 5 #minprsd issued at 09:00 pm 02 september 2025 light to moderate rainshowers with lightning and strong winds are expected over #misamisoriental, #surigaodelsur, #northcotabato, #davaodeoro(pantukan, maragusan, mabini, newbataan), #davaooriental(caraga, banaybanay, lupon, manay, boston, cateel, baganga, tarragona, sanisidro, governorgeneroso), #agusandelnorte, #davaodelsur, #bukidnon within the next 1-2 hours. moderate to occasionally heavy rainshowers with lightning and strong winds are being experienced in #surigaodelsur, #davaocity, #davaodeoro(laak, monkayo, montevista, compostela, nabunturan, mawab, maco), #northcotabato, #davaodelnorte, #davaooriental(cityofmati), #agusandelsur, #bukidnon which may persist within 1-2 hours and may affect nearby areas. all are advised to take precautionary measures against the impacts associated with these hazards which include flash floods and landslides. keep monitoring for updates. source: mindanao prsd thunderstorm advisory no. 5 #minprsd issued at 09:00 pm 02 september 2025 light to moderate rainshowers with lightning and strong winds are expected over #misamisoriental, #surigaodelsur, #northcotabato, #davaodeoro(pantukan, maragusan, mabini, newbataan), #davaooriental(caraga, banaybanay, lupon, manay, boston, cateel, baganga, tarragona, sanisidro, governorgeneroso), #agusandelnorte, #davaodelsur, #bukidnon within the next 1-2 hours. moderate to occasionally heavy rainshowers with lightning and strong winds are being experienced in #surigaodelsur, #davaocity, #davaodeoro(laak, monkayo, montevista, compostela, nabunturan, mawab, maco), #northcotabato, #davaodelnorte, #davaooriental(cityofmati), #agusandelsur, #bukidnon which may persist within 1-2 hours and may affect nearby areas. all are advised to take precautionary measures against the impacts associated with these hazards which include flash floods and landslides. keep monitoring for updates. source: mindanao prsd","September 02, 2025 21:00:00",MISAMIS ORIENTAL (province); SURIGAO DEL SUR (province); PANTUKAN (citymun); MARAGUSAN (SAN MARIANO) (citymun); MABINI (citymun); DAVAO ORIENTAL (province); REGION XIII (Caraga) (region); BANAYBANAY (citymun); LUPON (citymun); MANAY (citymun); BOSTON (citymun); CATEEL (citymun); BAGANGA (citymun); TARRAGONA (citymun); AGUSAN DEL NORTE (province); DAVAO DEL SUR (province); BUKIDNON (province); DAVAO CITY (citymun); LAAK (SAN VICENTE) (citymun); MONKAYO (citymun); MONTEVISTA (citymun); COMPOSTELA (citymun); NABUNTURAN (Capital) (citymun); MAWAB (citymun); MACO (citymun); DAVAO DEL NORTE (province); AGUSAN DEL SUR (province); mindanao (island_group),https://www.facebook.com/civildefensedavao/posts/pfbid02qmwt66iswpoNUpp7JEbCMWe38JhGHWsC2LgmTDZgL5ZC1WUHr5kzihMBdF6xntxcl?__cft__[0]=AZViyGyplzYZepSj_sNbYYPtDxuA-fS4TyMft38oXNhm-3ZLi__VmtKOPYhkuHV9Jm8qReBqCAf5SF4OiI_sFcMmL4b6TWFu95kRXnZvSDKYx77EZRtWCQxRPtTbv__dEIwKsbpQ3R2xvmof1o4yKWFzoGoiunzTjEGqwrA0N_ysYsL7lDL0v9Sw_MwlNtnyRaE&__tn__=%2CO%2CP-R,rainfall / flood
Facebook,Davao DRRMO,"cdrrmo-opcen weather update: as of 10:35 pm | september 02, 2025 weather system: localized thunderstorms light to moderate rains are being experienced in some areas of poblacion, talomo, and bunawan districts, while light rains are being experienced in some areas of agdao and buhangin districts. other areas of davao city are experiencing cloudy weather conditions. all river channels are monitored at code green (safe level). coastal status: > slight seas > high tide #weatherupdate #davaocitydrrmo cdrrmo-opcen weather update: as of 10:35 pm | september 02, 2025 weather system: localized thunderstorms light to moderate rains are being experienced in some areas of poblacion, talomo, and bunawan districts, while light rains are being experienced in some areas of agdao and buhangin districts. other areas of davao city are experiencing cloudy weather conditions. all river channels are monitored at code green (safe level). coastal status: > slight seas > high tide #weatherupdate #davaocitydrrmo","September 02, 2025 22:35:00",Poblacion (barangay); Talomo (barangay); BUNAWAN (citymun); Agdao (barangay); Buhangin (barangay); DAVAO CITY (citymun),https://www.facebook.com/DavaoDRRMO/posts/pfbid0mGHEMjH31ECPEDGTr3EuvvfwetGfaWDrbdRDx2ZSK68so45TWey8yJkYrNkHAoK5l?__cft__[0]=AZUvIOpFuxvFIc44CdeniPHp6q7nBKPhSvUjg9xRkAPXg5niSjqw5wFGaz2Hta_gwHFiPAszkZtlw6Gq4FFiokBvh7pRjXY69bLn9He7--Xitz9sjRoB3fzGN2_wCwlmEH9Cq2NmZ0PRv5PVGV_Dkl5bUVJDb0bd96Adz8qG7rGlnSlvzjgNOMQH1QOPnUSNjDs&__tn__=%2CO%2CP-R,rainfall / flood
Facebook,Storm Chasers PH,"ingat, northern-central luzon! apektado ng maulang panahon dulot ng pamumuo ng thunderstorms na kaakibat ng #habagat ang halos buong #northernluzon at ilang bahagi ng #centralluzon ngayong martes ng gabi, setyembre 2. pinag-iingat ang lahat sa banta ng mga biglaang pagbaha at mga pagguho ng lupa. pws/psu #weatherupdate #habagatph #thunderstorms ingat, northern-central luzon! apektado ng maulang panahon dulot ng pamumuo ng thunderstorms na kaakibat ng #habagat ang halos buong #northernluzon at ilang bahagi ng #centralluzon ngayong martes ng gabi, setyembre 2. pinag-iingat ang lahat sa banta ng mga biglaang pagbaha at mga pagguho ng lupa. pws/psu #weatherupdate #habagatph #thunderstorms kaya pla umuuln nnmn dto sa piat cagayan..ingat po tayong lahat","September 02, 2025 00:00:00",Luzon (island_group); REGION III (CENTRAL LUZON) (region),https://www.facebook.com/stormchasersPH/posts/pfbid0F5kZPAdYAjXMXGuJSHTr71C2QMT7mpHA7dkHXUkgx5kWwKArTJwWRR1Wjyc7YPTHl?__cft__[0]=AZX_AJ1PloDk7IxL1o6Y2Y_Tm5Tg4V2WDC5j_DsNKBeaCh_UlK6uzuR8kQ4eI6LjirHq-GXkJMAWYVVnePRAJN5Si4nfoic8pWP2IzRDV4IRQPNMHRo_c3bds5UJmcsqql_TCYyD_7QHa-f29-eQoDT_96lwwLx8qzcE2ChNwxhm37dx94BNjoTwJu3m7Yx_C38&__tn__=%2CO%2CP-R,rainfall / flood
Facebook,Weather Davao,"24-hour localized weather forecast for davao region issued at: 4:00 pm september 02, 2025 valid until: 4:00 pm tomorrow synopsis: at 3:00 pm today, the low pressure area (lpa) was estimated based on all available at 1,170 km east of extreme northern luzon (20.2n, 132.6e). southwest monsoon affecting southern luzon and the western section of visayas. forecast: davao region will experience partly cloudy to cloudy skies with isolated rainshowers or thunderstorms due to localized thunderstorms. possible flash floods or landslides during severe thunderstorms. light to moderate winds coming from south to southwest will prevail and the coastal waters will be slight to moderate (0.6 to 1.2 meters wave height) kaugalingong pinulungan: ang dakbayan sa davao ug ubang dapit sa davao region makasinati ug panalagsang pagdag-ug ngadto sa madag-umon nga kalangitan inubanan sa pat-ak pat-ak nga pag-ulan, kilat ug dalugdog tungod sa localized thunderstorms. posible ang pagbaha ug pagdahili sa yuta kung adunay masinati nga kusog nga mga pag-ulan. hinay ngadto sa kasarangan nga huyop sa hangin nga magagikan sa habagatan ngadto sa habagatang kasadpan nga direksyon ang mopasulabi, ug ang kadagatan hinay ngadto sa kasarangan and pagbalud (0.6 to 1.2 meters wave height) over davao city: temperatura ugma: 25 c to 31 c sunset (salop) karon: 5:48 pm sunrise (sidlak) ugma: 5:34 am for more information and queries, please call telephone for local number (082)234-0890 and (088)555-0485 for regional or log on to bagong.pagasa.dost.gov.ph /regional /mindanao-prsd or join our facebook group at mindanao prsd (regional office) or pagasa davao 24-hour localized weather forecast for davao region issued at: 4:00 pm september 02, 2025 valid until: 4:00 pm tomorrow synopsis: at 3:00 pm today, the low pressure area (lpa) was estimated based on all available at 1,170 km east of extreme northern luzon (20.2n, 132.6e). southwest monsoon affecting southern luzon and the western section of visayas. forecast: davao region will experience partly cloudy to cloudy skies with isolated rainshowers or thunderstorms due to localized thunderstorms. possible flash floods or landslides during severe thunderstorms. light to moderate winds coming from south to southwest will prevail and the coastal waters will be slight to moderate (0.6 to 1.2 meters wave height) kaugalingong pinulungan: ang dakbayan sa davao ug ubang dapit sa davao region makasinati ug panalagsang pagdag-ug ngadto sa madag-umon nga kalangitan inubanan sa pat-ak pat-ak nga pag-ulan, kilat ug dalugdog tungod sa localized thunderstorms. posible ang pagbaha ug pagdahili sa yuta kung adunay masinati nga kusog nga mga pag-ulan. hinay ngadto sa kasarangan nga huyop sa hangin nga magagikan sa habagatan ngadto sa habagatang kasadpan nga direksyon ang mopasulabi, ug ang kadagatan hinay ngadto sa kasarangan and pagbalud (0.6 to 1.2 meters wave height) over davao city: temperatura ugma: 25 c to 31 c sunset (salop) karon: 5:48 pm sunrise (sidlak) ugma: 5:34 am for more information and queries, please call telephone for local number (082)234-0890 and (088)555-0485 for regional or log on to bagong.pagasa.dost.gov.ph /regional /mindanao-prsd or join our facebook group at mindanao prsd (regional office) or pagasa davao","September 02, 2025 16:00:00",REGION XI (DAVAO REGION) (region); Luzon (island_group); Habagatan (barangay); DAVAO CITY (citymun),https://www.facebook.com/weather.davao/posts/pfbid0sDVbQMzdanKHdVncFLq5tUKcQqBgb6FW4tFivD3QkEmCGU5CuNXxbicK7cAyTGznl?__cft__[0]=AZXrMUwyPUqAHlA3X6RI9eCEGPtk7nfamNfIDCEXMpkvOdmjmSHfKKXJA3rop1s6eOA5ghPjM6R8Gfxup5g_t01sBlo3aVEkNkwRnrAqwuqo94SfXjKOnmAzdv3hSzT9UmQk_Tu1mpSOHZ5U5I_faL-WN2r1To9PRDlJyBOUoVcxjIfsH23kAmkH5gpzaoYRpEA&__tn__=%2CO%2CP-R,rainfall / flood
Facebook,MPRSD CDO,"thunderstorm advisory no. 6 #minprsd issued at 11:00 pm 02 september 2025 light to moderate rainshowers with lightning and strong winds are expected over #davaodeoro(compostela, newbataan, maragusan, nabunturan, mawab, maco, mabini, montevista), #northcotabato(magpet, arakan, presidentroxas, antipas, matalam, kabacan, carmen, pigkawayan, libungan, aleosan, pikit, midsayap, banisilan, alamada), #maguindanaodelnorte(parang, sultanmastura, sultankudarat, northernkabuntalan, buldon, barira, matanog), #cotabatocity, #maguindanaodelsur(pagagawan, pagalungan), #bukidnon, #davaodelnorte(talaingod, santotomas, asuncion, newcorella, kapalong, sanisidro), #agusandelsur(esperanza, sanluis, lapaz, talacogon, prosperidad, cityofbayugan), #lanaodelsur(wao, tagoloanii, kapai, bubong, maguing, masiu, poonabayabao, lumbabayabao, tamparan, taraka, mulondo, buadiposobuntong, ditsaanramain, marawicity, marantao, bumbaran, saguiaran), #lanaodelnorte(iligancity, tagoloan, pantar, baloi, matungao, linamon) and #misamisoriental(cagayandeorocity) within the next 1-2 hours. moderate to occasionally heavy rainshowers with lightning and strong winds are being experienced in #davaodelnorte(cityofsamal, cityofpanabo, carmen, cityoftagum, braulioe.dujali), #davaocity, #davaodelsur(santacruz), #davaooriental(baganga, cateel and caraga) which may persist within 1-2 hours and may affect nearby areas. all are advised to take precautionary measures against the impacts associated with these hazards which include flash floods and landslides. keep monitoring for updates. thunderstorm advisory no. 6 #minprsd issued at 11:00 pm 02 september 2025 light to moderate rainshowers with lightning and strong winds are expected over #davaodeoro(compostela, newbataan, maragusan, nabunturan, mawab, maco, mabini, montevista), #northcotabato(magpet, arakan, presidentroxas, antipas, matalam, kabacan, carmen, pigkawayan, libungan, aleosan, pikit, midsayap, banisilan, alamada), #maguindanaodelnorte(parang, sultanmastura, sultankudarat, northernkabuntalan, buldon, barira, matanog), #cotabatocity, #maguindanaodelsur(pagagawan, pagalungan), #bukidnon, #davaodelnorte(talaingod, santotomas, asuncion, newcorella, kapalong, sanisidro), #agusandelsur(esperanza, sanluis, lapaz, talacogon, prosperidad, cityofbayugan), #lanaodelsur(wao, tagoloanii, kapai, bubong, maguing, masiu, poonabayabao, lumbabayabao, tamparan, taraka, mulondo, buadiposobuntong, ditsaanramain, marawicity, marantao, bumbaran, saguiaran), #lanaodelnorte(iligancity, tagoloan, pantar, baloi, matungao, linamon) and #misamisoriental(cagayandeorocity) within the next 1-2 hours. moderate to occasionally heavy rainshowers with lightning and strong winds are being experienced in #davaodelnorte(cityofsamal, cityofpanabo, carmen, cityoftagum, braulioe.dujali), #davaocity, #davaodelsur(santacruz), #davaooriental(baganga, cateel and caraga) which may persist within 1-2 hours and may affect nearby areas. all are advised to take precautionary measures against the impacts associated with these hazards which include flash floods and landslides. keep monitoring for updates.","September 02, 2025 23:00:00",COMPOSTELA (citymun); MARAGUSAN (SAN MARIANO) (citymun); NABUNTURAN (Capital) (citymun); MAWAB (citymun); MACO (citymun); MABINI (citymun); MONTEVISTA (citymun); MAGPET (citymun); ARAKAN (citymun); ANTIPAS (citymun); MATALAM (citymun); KABACAN (citymun); CARMEN (citymun); PIGKAWAYAN (citymun); LIBUNGAN (citymun); ALEOSAN (citymun); PIKIT (citymun); MIDSAYAP (citymun); BANISILAN (citymun); ALAMADA (citymun); Philippines (country); BULDON (citymun); BARIRA (citymun); MATANOG (citymun); COTABATO CITY (citymun); PAGAGAWAN (citymun); PAGALUNGAN (citymun); BUKIDNON (province); DAVAO DEL NORTE (province); TALAINGOD (citymun); ASUNCION (SAUG) (citymun); KAPALONG (citymun); AGUSAN DEL SUR (province); ESPERANZA (citymun); Lapaz (barangay); TALACOGON (citymun); PROSPERIDAD (Capital) (citymun); LANAO DEL SUR (province); KAPAI (citymun); BUBONG (citymun); MAGUING (citymun); MASIU (citymun); TARAKA (citymun); MULONDO (citymun); MARANTAO (citymun); BUMBARAN (citymun); SAGUIARAN (citymun); LANAO DEL NORTE (province); TAGOLOAN (citymun); PANTAR (citymun); BALOI (citymun); MATUNGAO (citymun); LINAMON (citymun); MISAMIS ORIENTAL (province); DAVAO CITY (citymun); DAVAO DEL SUR (province); DAVAO ORIENTAL (province); BAGANGA (citymun); CATEEL (citymun); REGION XIII (Caraga) (region),https://www.facebook.com/mprsdcdo/posts/pfbid033VLq5fHjVkwzHjPHmGFaijXWsFgYKiwVEjpt1jVds9o4pn5SHh7Sib27kbNe67Lel?__cft__[0]=AZVTaCj2mYq1-_0HndXF7eYY0WuxMQ89IfEbpCQKErkLwU0EeLIOffRdKu2QxKdpNuph-skvO8NZOCT2kHw1J1FyhcJwshNbneEqDLqrH3epNPbEHoVEalyROwMy_ZMp2AQCMqJIx_rLEaEuotSoaZwsSdY0KLTDMv_voNWsRx0ThHPGhszg_V6Y7DxoFcnNafQ&__tn__=%2CO%2CP-R,rainfall / flood
Facebook,#bahaph,"malakas na ulan. malalim na baha. pero mas malalim ang hirap na dinaranas ng ilan nating kababayan sa metro manila.b # sana maisip natin kung ginastos lang ng tama ang pera ng bayan, baka wala nang ganitong eksena. #bahaph #manilafloods #corruption kyle mondejar mgroup real estate network #floodcontrol #floodcontrolprojects malakas na ulan. malalim na baha. pero mas malalim ang hirap na dinaranas ng ilan nating kababayan sa metro manila.b # sana maisip natin kung ginastos lang ng tama ang pera ng bayan, baka wala nang ganitong eksena. #bahaph #manilafloods #corruption kyle mondejar mgroup real estate network #floodcontrol #floodcontrolprojects","September 02, 2025 22:30:00",NATIONAL CAPITAL REGION (NCR) (region),https://www.facebook.com/hashtag/BahaPH,rainfall / flood
Facebook,Civil Defense Davao,"thunderstorm advisory no. 10 #minprsd issued at 07:00 am 03 september 2025 light to moderate rainshowers with lightning and strong winds are expected over #davaooriental(tarragona, manay, caraga, baganga), #davaodeoro(newbataan, nabunturan, maco, mawab, compostela, monkayo, montevista, laak), #davaodelnorte(newcorella, cityoftagum, asuncion, santotomas, braulioe.dujali, carmen, cityofpanabo, talaingod, kapalong, sanisidro), #davaocity, #sultankudarat), #southcotabato, #agusandelsur, #maguindanaodelsur, #maguindanaodelnorte, #cotabatocity, #northcotabato, #surigaodelsur within the next 1-2 hours. moderate to occasionally heavy rainshowers with lightning and strong winds are being experienced in #davaooriental(governorgeneroso, sanisidro, cityofmati, banaybanay, lupon, cateel, boston), #davaodeoro(pantukan, maragusan, mabini), #davaodelnorte(cityofsamal), #davaodelsur, #davaooccidental, #sarangani, #southcotabato, #surigaodelsur which may persist within 1-2 hours and may affect nearby areas. all are advised to take precautionary measures against the impacts associated with these hazards which include flash floods and landslides. keep monitoring for updates. source: mindanao prsd thunderstorm advisory no. 10 #minprsd issued at 07:00 am 03 september 2025 light to moderate rainshowers with lightning and strong winds are expected over #davaooriental(tarragona, manay, caraga, baganga), #davaodeoro(newbataan, nabunturan, maco, mawab, compostela, monkayo, montevista, laak), #davaodelnorte(newcorella, cityoftagum, asuncion, santotomas, braulioe.dujali, carmen, cityofpanabo, talaingod, kapalong, sanisidro), #davaocity, #sultankudarat), #southcotabato, #agusandelsur, #maguindanaodelsur, #maguindanaodelnorte, #cotabatocity, #northcotabato, #surigaodelsur within the next 1-2 hours. moderate to occasionally heavy rainshowers with lightning and strong winds are being experienced in #davaooriental(governorgeneroso, sanisidro, cityofmati, banaybanay, lupon, cateel, boston), #davaodeoro(pantukan, maragusan, mabini), #davaodelnorte(cityofsamal), #davaodelsur, #davaooccidental, #sarangani, #southcotabato, #surigaodelsur which may persist within 1-2 hours and may affect nearby areas. all are advised to take precautionary measures against the impacts associated with these hazards which include flash floods and landslides. keep monitoring for updates. source: mindanao prsd","September 03, 2025 07:00:00",DAVAO ORIENTAL (province); TARRAGONA (citymun); MANAY (citymun); REGION XIII (Caraga) (region); BAGANGA (citymun); NABUNTURAN (Capital) (citymun); MACO (citymun); MAWAB (citymun); COMPOSTELA (citymun); MONKAYO (citymun); MONTEVISTA (citymun); LAAK (SAN VICENTE) (citymun); DAVAO DEL NORTE (province); CARMEN (citymun); TALAINGOD (citymun); KAPALONG (citymun); DAVAO CITY (citymun); SULTAN KUDARAT (province); SOUTH COTABATO (province); AGUSAN DEL SUR (province); COTABATO CITY (citymun); SURIGAO DEL SUR (province); BANAYBANAY (citymun); LUPON (citymun); CATEEL (citymun); BOSTON (citymun); PANTUKAN (citymun); MARAGUSAN (SAN MARIANO) (citymun); MABINI (citymun); DAVAO DEL SUR (province); DAVAO OCCIDENTAL (province); SARANGANI (province); mindanao (island_group); ASUNCION (SAUG) (citymun),https://www.facebook.com/civildefensedavao/posts/pfbid02HL9YRAXP3wkSkFPwcwmoNFvenksPVgyBLwpwMZCjxbzGbKvvHMi6F8XMrscFJbDTl?__cft__[0]=AZWZS71g2Jx2I5rwpEpz1NDym3momDx6L3AnD1X15Aa4AyXjbty84Yddvj7NzCD7i8zA8U3GKNSFcr2iPJmuzMWtOxfcQ4s8qxdJDIh4kBtdeCIbZISTpD91ly6Ew3wocNXodQJA48cQYHnlEXWrwjosfNKeyVn0R43RcCAQXb7_8pMwQ0R5gvzphm19FYg4y3Q&__tn__=%2CO%2CP-R,rainfall / flood
Facebook,Storm Chasers PH,"ingat, northern-central luzon! apektado ng maulang panahon dulot ng pamumuo ng thunderstorms na kaakibat ng #habagat ang halos buong #northernluzon at ilang bahagi ng #centralluzon ngayong martes ng gabi, setyembre 2. pinag-iingat ang lahat sa banta ng mga biglaang pagbaha at mga pagguho ng lupa. pws/psu #weatherupdate #habagatph #thunderstorms ingat, northern-central luzon! apektado ng maulang panahon dulot ng pamumuo ng thunderstorms na kaakibat ng #habagat ang halos buong #northernluzon at ilang bahagi ng #centralluzon ngayong martes ng gabi, setyembre 2. pinag-iingat ang lahat sa banta ng mga biglaang pagbaha at mga pagguho ng lupa. pws/psu #weatherupdate #habagatph #thunderstorms praying to god almighty that this weather disturbance that is causing damages to lives and properties may totally banished through god's divine intervention. amen risel buan amen","September 02, 2025 00:00:00",REGION III (CENTRAL LUZON) (region); Luzon (island_group),https://www.facebook.com/stormchasersPH/posts/pfbid02JwCGZqZN28V1d5XbqKMNWhSktdrCpDgdBJU2i5H2GjubV2A6QJmMW3H3wNyWRBNXl?__cft__[0]=AZWeTj1Twtbf3kqcP_AkEL_J9_gHhbek7ou3hQyW9rovMnjb-gidGzww51CZnXWoJMcHPoAFCBqFN2hiAvEyY4VxS7xUWT45pG2vfKSnHrWrHR8D0LlyEpO325H-hx-Pf1pcsADCW_sz2wkTvVIUJd4Gl5E5QZ_yA4djb0mvE2eGJ0CUa1YpBxmIwOSMm4rLY_k&__tn__=%2CO%2CP-R,rainfall / flood
Facebook,Weather Davao,"24 hr. localized weather forecast for davao region issued at 4:00 am september 03, 2025 valid until 4:00 am tomorrow synopsis: at 3:00 am today, the low pressure area (lpa) was estimated based on all available data at 1,190 km east of extreme northern luzon (22.5 n- 133.2 e). southwest monsoon affecting the western sections of luzon, visayas. localized thunderstorms affecting davao region. forecast: davao region will have partly cloudy to cloudy skies with isolated rainshowers or thunderstorms due to localized thunderstorms. possible flash floods or landslides during severe thunderstorms. light to moderate wind coming from the south to southwest will prevail and the coastal waters will be slight to moderate. kaugalingong pinulungan: ang dakbayan sa davao ug ubang dapit sa davao region makasinati ug panalagsang pagdag um sa kalangitan inubanan sa pat ak pat ak nga pagulan, kilat ug pagpanalugdug tungod sa localized thunderstorms. posible ang pagbaha ug pagdahili sa yuta kung adunay masinati nga severe thunderstorms. hinay ngadto sa kasarangan nga huyop sa hangin nga magagikan sa habagatan ngadto sa habagatan kasadpan nga direksyon ang mopasulabi, ug ang kadagatan hapsay ngadto sa kasarangan ang pagbalud (0.6 to 1.2 meters) over davao city: temperature today: 25 c to 32 c sunrise (sidlak) today: 5:34 am sunset (salop) today: 5:48 pm (gvjr) for more information and queries, please call telephone for local number (082)234-0890 and (088)555-0485 for regional or log on to bagong.pagasa.dost.gov.ph /regional /mindanao-prsd or join our facebook group at mindanao prsd (regional office) or pagasa davao 24 hr. localized weather forecast for davao region issued at 4:00 am september 03, 2025 valid until 4:00 am tomorrow synopsis: at 3:00 am today, the low pressure area (lpa) was estimated based on all available data at 1,190 km east of extreme northern luzon (22.5 n- 133.2 e). southwest monsoon affecting the western sections of luzon, visayas. localized thunderstorms affecting davao region. forecast: davao region will have partly cloudy to cloudy skies with isolated rainshowers or thunderstorms due to localized thunderstorms. possible flash floods or landslides during severe thunderstorms. light to moderate wind coming from the south to southwest will prevail and the coastal waters will be slight to moderate. kaugalingong pinulungan: ang dakbayan sa davao ug ubang dapit sa davao region makasinati ug panalagsang pagdag um sa kalangitan inubanan sa pat ak pat ak nga pagulan, kilat ug pagpanalugdug tungod sa localized thunderstorms. posible ang pagbaha ug pagdahili sa yuta kung adunay masinati nga severe thunderstorms. hinay ngadto sa kasarangan nga huyop sa hangin nga magagikan sa habagatan ngadto sa habagatan kasadpan nga direksyon ang mopasulabi, ug ang kadagatan hapsay ngadto sa kasarangan ang pagbalud (0.6 to 1.2 meters) over davao city: temperature today: 25 c to 32 c sunrise (sidlak) today: 5:34 am sunset (salop) today: 5:48 pm (gvjr) for more information and queries, please call telephone for local number (082)234-0890 and (088)555-0485 for regional or log on to bagong.pagasa.dost.gov.ph /regional /mindanao-prsd or join our facebook group at mindanao prsd (regional office) or pagasa davao","September 03, 2025 04:00:00",Luzon (island_group); REGION XI (DAVAO REGION) (region); Habagatan (barangay); DAVAO CITY (citymun),https://www.facebook.com/weather.davao/posts/pfbid032QDhFkh6jb5qG6cK47wo4iZ1tGv4YJhkfiksikfKukwFby1C4a95BcoL2uXwFEeBl?__cft__[0]=AZWxICdHQDuDiRy5lxVgg5A3YEk48cXOc8vS8qcEl-AuMTkHlHY4obsF6xxhcOEhnxZsmXkel-NCH4JmJD_YBpB7sOYb6svlxd0z-2DwRB6eHKpZF1ClwF89GfCCozFGrsgSJow28f65iMuRewzbOXbGy-dku6ESp2Rp_l2RuT6vOCRNIN7eGWufauVuRVBB3eE&__tn__=%2CO%2CP-R,rainfall / flood
Facebook,MPRSD CDO,"thunderstorm advisory no. 10 #minprsd issued at 07:00 am 03 september 2025 light to moderate rainshowers with lightning and strong winds are expected over #davaooriental(tarragona, manay, caraga, baganga), #davaodeoro(newbataan, nabunturan, maco, mawab, compostela, monkayo, montevista, laak), #davaodelnorte(newcorella, cityoftagum, asuncion, santotomas, braulioe.dujali, carmen, cityofpanabo, talaingod, kapalong, sanisidro), #davaocity, #sultankudarat(sen.ninoyaquino, kalamansig, bagumbayan, lutayan, isulan, lebak, cityoftacurong, esperanza, presidentquirino, lambayong), #southcotabato(tantangan, norala, santonino), #agusandelsur(sanluis, talacogon, lapaz, loreto, veruela, santajosefa, trento, bunawan, rosario, sanfrancisco, prosperidad, cityofbayugan, sibagat), #maguindanaodelsur, #maguindanaodelnorte, #cotabatocity, #northcotabato, #surigaodelsur(marihatag, cagwait, bayabas, sanmiguel, tago, cityoftandag, carmen, lanuza, madrid, cortes, cantilan and carrascal) within the next 1-2 hours. moderate to occasionally heavy rainshowers with lightning and strong winds are being experienced in #davaooriental(governorgeneroso, sanisidro, cityofmati, banaybanay, lupon, cateel, boston), #davaodeoro(pantukan, maragusan, mabini), #davaodelnorte(cityofsamal), #davaodelsur, #davaooccidental, #sarangani, #southcotabato(generalsantoscity, polomolok, t'boli, tupi, tampakan, cityofkoronadal, banga, surallah, lakesebu), #sultankudarat(palimbang, columbio), #surigaodelsur(lingig, cityofbislig, tagbina, lianga, sanagustin, barobo and hinatuan) which may persist within 1-2 hours and may affect nearby areas. all are advised to take precautionary measures against the impacts associated with these hazards which include flash floods and landslides. keep monitoring for updates. thunderstorm advisory no. 10 #minprsd issued at 07:00 am 03 september 2025 light to moderate rainshowers with lightning and strong winds are expected over #davaooriental(tarragona, manay, caraga, baganga), #davaodeoro(newbataan, nabunturan, maco, mawab, compostela, monkayo, montevista, laak), #davaodelnorte(newcorella, cityoftagum, asuncion, santotomas, braulioe.dujali, carmen, cityofpanabo, talaingod, kapalong, sanisidro), #davaocity, #sultankudarat(sen.ninoyaquino, kalamansig, bagumbayan, lutayan, isulan, lebak, cityoftacurong, esperanza, presidentquirino, lambayong), #southcotabato(tantangan, norala, santonino), #agusandelsur(sanluis, talacogon, lapaz, loreto, veruela, santajosefa, trento, bunawan, rosario, sanfrancisco, prosperidad, cityofbayugan, sibagat), #maguindanaodelsur, #maguindanaodelnorte, #cotabatocity, #northcotabato, #surigaodelsur(marihatag, cagwait, bayabas, sanmiguel, tago, cityoftandag, carmen, lanuza, madrid, cortes, cantilan and carrascal) within the next 1-2 hours. moderate to occasionally heavy rainshowers with lightning and strong winds are being experienced in #davaooriental(governorgeneroso, sanisidro, cityofmati, banaybanay, lupon, cateel, boston), #davaodeoro(pantukan, maragusan, mabini), #davaodelnorte(cityofsamal), #davaodelsur, #davaooccidental, #sarangani, #southcotabato(generalsantoscity, polomolok, t'boli, tupi, tampakan, cityofkoronadal, banga, surallah, lakesebu), #sultankudarat(palimbang, columbio), #surigaodelsur(lingig, cityofbislig, tagbina, lianga, sanagustin, barobo and hinatuan) which may persist within 1-2 hours and may affect nearby areas. all are advised to take precautionary measures against the impacts associated with these hazards which include flash floods and landslides. keep monitoring for updates.","September 03, 2025 07:00:00",DAVAO ORIENTAL (province); TARRAGONA (citymun); MANAY (citymun); REGION XIII (Caraga) (region); BAGANGA (citymun); NABUNTURAN (Capital) (citymun); MACO (citymun); MAWAB (citymun); COMPOSTELA (citymun); MONKAYO (citymun); MONTEVISTA (citymun); LAAK (SAN VICENTE) (citymun); DAVAO DEL NORTE (province); ASUNCION (SAUG) (citymun); CARMEN (citymun); TALAINGOD (citymun); KAPALONG (citymun); DAVAO CITY (citymun); SULTAN KUDARAT (province); KALAMANSIG (citymun); BAGUMBAYAN (citymun); LUTAYAN (citymun); ISULAN (Capital) (citymun); LEBAK (citymun); ESPERANZA (citymun); LAMBAYONG (MARIANO MARCOS) (citymun); SOUTH COTABATO (province); TANTANGAN (citymun); NORALA (citymun); AGUSAN DEL SUR (province); TALACOGON (citymun); Lapaz (barangay); LORETO (citymun); VERUELA (citymun); TRENTO (citymun); BUNAWAN (citymun); ROSARIO (citymun); PROSPERIDAD (Capital) (citymun); SIBAGAT (citymun); COTABATO CITY (citymun); SURIGAO DEL SUR (province); MARIHATAG (citymun); CAGWAIT (citymun); BAYABAS (citymun); TAGO (citymun); LANUZA (citymun); MADRID (citymun); CORTES (citymun); CANTILAN (citymun); CARRASCAL (citymun); BANAYBANAY (citymun); LUPON (citymun); CATEEL (citymun); BOSTON (citymun); PANTUKAN (citymun); MARAGUSAN (SAN MARIANO) (citymun); MABINI (citymun); DAVAO DEL SUR (province); DAVAO OCCIDENTAL (province); SARANGANI (province); POLOMOLOK (citymun); T'BOLI (citymun); TUPI (citymun); TAMPAKAN (citymun); BANGA (citymun); SURALLAH (citymun); PALIMBANG (citymun); COLUMBIO (citymun); TAGBINA (citymun); LIANGA (citymun); BAROBO (citymun); HINATUAN (citymun),https://www.facebook.com/mprsdcdo/posts/pfbid02s7hr5djWnWp9p5NPyMZ25AC3DEy5iFduQsrLth69tYMw5SvkgnPihLd8Lu4L9WC4l?__cft__[0]=AZUrkanWcJ05lZpykQgMDcVaarok-AIrh4Y9IY6jkQf3niPpbKHlkBLHMEqs_pAA3LN4a5vat5jsQD8EpF5C7SnjPO4qb3HhhuSxQl9cyaueFRJBHJtMbF0gcwEsDNYmlHeFzx02rltxf0YDLB7hNqTitDD-lolqAaNuTUKRoEASM-SSJ1yLSxNilrzQDbNApvM&__tn__=%2CO%2CP-R,rainfall / flood
Facebook,#bahaph,"ulat panahon ngayon umaga - september 3 2025 | lagay ng panahon today | weather update today stay updated with the latest philippines weather forecast! we provide accurate and timely updates on rainfall, typhoons, temperature, and severe weather alerts across the country. today's forecast: temperature updates rainfall and storm warnings habagat, amihan, and seasonal effects pagasa updates and advisories subscribe now for daily weather updates! stay safe and prepared. #weatherupdate #weatherph #panahonph #weatherupdateph #ulatpanahon #balitapanahon #phtoday #bagyongupdate #ulanph #lpaalert #bahaph #stormupdateph #initph #taginit #arawvibes #mainitalertph #summernaph #iwasbaha #laginghanda #phtrafficupdate #breakingnewsph #panahonngayon #pagasa #pagasaupdate #pagasaweather #pagasaalert #pagasaforecast #lagayngpanahon #lagayngpanahonph #dailylagayngpanahon #ulatpanahontoday #lagayngpanahontoday #weatherupdatetoday #weatherforecasttoday #weatherupdate #weatherph #pagasaupdate #typhoonupdate #rainyseason #bagyoalert #stormupdate #climateph #weathernews #dailyweather #weatherforecast #amihan #habagat #elnino #lanina #bagyoph #typhoonwatch #phweather #pagasa #luzonweather #visayasweather #mindanaoweather #ulanph #tagulan #mainitph #initfactor #philippinesweather #weathertoday #weathernow #stormwarning #rainfallupdate #weatheralert #bagyongpaparating #latestweather #mahalagangimpormasyon #disasterpreparedness #staysafeph #climatechangeph #liveweather philippines weather update pagasa weather forecast weather report philippines philippine weather news latest weather update philippines bagyo update tropical storm philippines rainfall advisory philippines typhoon update philippines pagasa bulletin metro manila weather cebu weather update davao weather forecast luzon weather report visayas weather update weather update 2025 philippines weather forecast today philippines weekly weather outlook philippines ulat panahon ngayon umaga - september 3 2025 | lagay ng panahon today | weather update today stay updated with the latest philippines weather forecast! we provide accurate and timely updates on rainfall, typhoons, temperature, and severe weather alerts across the country. today's forecast: temperature updates rainfall and storm warnings habagat, amihan, and seasonal effects pagasa updates and advisories subscribe now for daily weather updates! stay safe and prepared. #weatherupdate #weatherph #panahonph #weatherupdateph #ulatpanahon #balitapanahon #phtoday #bagyongupdate #ulanph #lpaalert #bahaph #stormupdateph #initph #taginit #arawvibes #mainitalertph #summernaph #iwasbaha #laginghanda #phtrafficupdate #breakingnewsph #panahonngayon #pagasa #pagasaupdate #pagasaweather #pagasaalert #pagasaforecast #lagayngpanahon #lagayngpanahonph #dailylagayngpanahon #ulatpanahontoday #lagayngpanahontoday #weatherupdatetoday #weatherforecasttoday #weatherupdate #weatherph #pagasaupdate #typhoonupdate #rainyseason #bagyoalert #stormupdate #climateph #weathernews #dailyweather #weatherforecast #amihan #habagat #elnino #lanina #bagyoph #typhoonwatch #phweather #pagasa #luzonweather #visayasweather #mindanaoweather #ulanph #tagulan #mainitph #initfactor #philippinesweather #weathertoday #weathernow #stormwarning #rainfallupdate #weatheralert #bagyongpaparating #latestweather #mahalagangimpormasyon #disasterpreparedness #staysafeph #climatechangeph #liveweather philippines weather update pagasa weather forecast weather report philippines philippine weather news latest weather update philippines bagyo update tropical storm philippines rainfall advisory philippines typhoon update philippines pagasa bulletin metro manila weather cebu weather update davao weather forecast luzon weather report visayas weather update weather update 2025 philippines weather forecast today philippines weekly weather outlook philippines","September 03, 2025 00:00:00",Philippines (country); luzon (island_group); NATIONAL CAPITAL REGION (NCR) (region); CEBU (province),https://www.facebook.com/hashtag/BahaPH,rainfall / flood
Facebook,ABS-CBN,"nasa kustodiya na ng bureau of customs ang 12 luxury cars ng mag-asawang curlee at sarah discaya na sakop ng search warrant ng ahensiya. samantala, inamin ng isang dating engineer ng dpwh na nagkaroon ng kapabayaan kaya nabayaran ang mga contractor ng umano'y ghost o substandard flood control projects sa bulacan. #newspatrol nasa kustodiya na ng bureau of customs ang 12 luxury cars ng mag-asawang curlee at sarah discaya na sakop ng search warrant ng ahensiya. samantala, inamin ng isang dating engineer ng dpwh na nagkaroon ng kapabayaan kaya nabayaran ang mga contractor ng umano'y ghost o substandard flood control projects sa bulacan. #newspatrol dapat imbistigahan din ang mga contactor sa mga city hall .. ang yayaman ng tao samin.. mga contractor sila sa manila city hall yorme pako check naman ..","September 03, 2025 11:00:00",BULACAN (province); Manila (barangay),https://web.facebook.com/abscbnNEWS/,rainfall / flood
Facebook,Civil Defense Davao,"thunderstorm advisory no. 11 #minprsd issued at 09:00 am 03 september 2025 light to moderate rainshowers with lightning and strong winds are expected over #davaodelnorte(newcorella, cityoftagum, asuncion, santotomas, braulioe.dujali, carmen, cityofpanabo, talaingod, kapalong, sanisidro), #davaocity, #davaodelsur(matanao, cityofdigos, santacruz, bansalan, magsaysay), #davaodeoro, #davaooriental(sanisidro, tarragona, banaybanay, lupon, manay, caraga, baganga, cateel, boston) within the next 1-2 hours. moderate to occasionally heavy rainshowers with lightning and strong winds are being experienced in #davaodelsur(malalag, sulop, kiblawan, padada, hagonoy), #davaooccidental, #davaooriental(governorgeneroso, cityofmati), which may persist within 1-2 hours and may affect nearby areas. all are advised to take precautionary measures against the impacts associated with these hazards which include flash floods and landslides. source: mindanao prsd thunderstorm advisory no. 11 #minprsd issued at 09:00 am 03 september 2025 light to moderate rainshowers with lightning and strong winds are expected over #davaodelnorte(newcorella, cityoftagum, asuncion, santotomas, braulioe.dujali, carmen, cityofpanabo, talaingod, kapalong, sanisidro), #davaocity, #davaodelsur(matanao, cityofdigos, santacruz, bansalan, magsaysay), #davaodeoro, #davaooriental(sanisidro, tarragona, banaybanay, lupon, manay, caraga, baganga, cateel, boston) within the next 1-2 hours. moderate to occasionally heavy rainshowers with lightning and strong winds are being experienced in #davaodelsur(malalag, sulop, kiblawan, padada, hagonoy), #davaooccidental, #davaooriental(governorgeneroso, cityofmati), which may persist within 1-2 hours and may affect nearby areas. all are advised to take precautionary measures against the impacts associated with these hazards which include flash floods and landslides. source: mindanao prsd","September 03, 2025 00:00:00",DAVAO DEL NORTE (province); ASUNCION (SAUG) (citymun); CARMEN (citymun); TALAINGOD (citymun); KAPALONG (citymun); DAVAO CITY (citymun); DAVAO DEL SUR (province); MATANAO (citymun); BANSALAN (citymun); MAGSAYSAY (citymun); DAVAO ORIENTAL (province); TARRAGONA (citymun); BANAYBANAY (citymun); LUPON (citymun); MANAY (citymun); REGION XIII (Caraga) (region); BAGANGA (citymun); CATEEL (citymun); BOSTON (citymun); MALALAG (citymun); SULOP (citymun); KIBLAWAN (citymun); PADADA (citymun); HAGONOY (citymun); DAVAO OCCIDENTAL (province); mindanao (island_group),https://web.facebook.com/civildefensedavao/posts/pfbid02TkBuGtKk2PoxeHxDDeJ28U6JT73LJ6v1TGmwXDx3wPg6K3vYgUeGE1rwupCopWPYl?__cft__[0]=AZW0XN9ig6_eIzldqqCcVQ-JlWziCZBqbNA4n9Ytorf3kjQYW_S96sS6wH5mwZ1mG8y2EuJuKfZaPnhdQDhGDQqBmDF_VzrXtVAF-gkqEieVaeyHZhwlORVpQLAUH5F12xBJ9ctkDbdZmJJRgjOO_2SgYNOSbJOLpRmSkeyHyrep8ydJCWp9kxWA4hqpNdTWVtQ&__tn__=%2CO%2CP-R,rainfall / flood
Facebook,PHIVOLCS,"dost-phivolcs kicked off the 5-day training on mainstreaming disaster risk reduction into local development, contingency planning, and emergency preparedness through the use of redas software for the provinces of dinagat islands and surigao del norte. the training is being held at southville hotel and convention center, butuan city on september 15, 2025. the program features three modules, including the use of redas for near-real time monitoring of earthquakes, tsunami and rain, for calculation of impacts, and for development of a communitys exposure database. mr. rosario jra. r. alon of dinagat islands pdrrmo and mr. cicero cosme p. tripoli, head of surigao del norte pdrrmo, delivered the opening remarks. dost-phivolcs director teresito c. bacolcol welcomed the participants and highlighted the importance of redas training in empowering the local government amidst disasters and climate change. ms. divina gracia b. bandola, programme associate of the world food programme, also sent her message of support to this initiative. participants from the province of dinagat islands include representatives from the pdrrmo, provincial planning and development office (ppdo), provincial engineering office (peo), provincial architects office (pao), provincial environment and natural resources office (penro), and the municipalities of basilisa, san jose, tubajon, cagdianao, libjo, dinagat, and loreto. meanwhile, participants from surigao del norte include representatives from the pdrrmo, ppdo, peo, sangguniang panlalawigan, and the municipality of san isidro. personnel from dpwh-province of dinagat islands, dost-caraga, dilg-caraga, depdev-caraga, ocd-caraga, caraga state university, world food programme, as well as guest participants from butuan city also joined. #redas #handaangmayalam #onedost4u dost-phivolcs kicked off the 5-day training on mainstreaming disaster risk reduction into local development, contingency planning, and emergency preparedness through the use of redas software for the provinces of dinagat islands and surigao del norte. the training is being held at southville hotel and convention center, butuan city on september 15, 2025. the program features three modules, including the use of redas for near-real time monitoring of earthquakes, tsunami and rain, for calculation of impacts, and for development of a communitys exposure database. mr. rosario jra. r. alon of dinagat islands pdrrmo and mr. cicero cosme p. tripoli, head of surigao del norte pdrrmo, delivered the opening remarks. dost-phivolcs director teresito c. bacolcol welcomed the participants and highlighted the importance of redas training in empowering the local government amidst disasters and climate change. ms. divina gracia b. bandola, programme associate of the world food programme, also sent her message of support to this initiative. participants from the province of dinagat islands include representatives from the pdrrmo, provincial planning and development office (ppdo), provincial engineering office (peo), provincial architects office (pao), provincial environment and natural resources office (penro), and the municipalities of basilisa, san jose, tubajon, cagdianao, libjo, dinagat, and loreto. meanwhile, participants from surigao del norte include representatives from the pdrrmo, ppdo, peo, sangguniang panlalawigan, and the municipality of san isidro. personnel from dpwh-province of dinagat islands, dost-caraga, dilg-caraga, depdev-caraga, ocd-caraga, caraga state university, world food programme, as well as guest participants from butuan city also joined. #redas #handaangmayalam #onedost4u","September 01, 2005 20:25:00",DINAGAT ISLANDS (province); SURIGAO DEL NORTE (province); BUTUAN CITY (Capital) (citymun); BASILISA (RIZAL) (citymun); SAN JOSE (citymun); TUBAJON (citymun); CAGDIANAO (citymun); LIBJO (ALBOR) (citymun); DINAGAT (citymun); LORETO (citymun); SAN ISIDRO (citymun),https://web.facebook.com/PHIVOLCS/posts/pfbid02SvMZ3MPZEgZeAm7tqJvfVE8ogfq5vyNiVRU6caXgq2EnLgd4zGDfWDXZv71qgpeyl?__cft__[0]=AZWucFMVOkn7c-Ixw9j4r1c-n2gSADsMIU5etIS9OVjBoGQyCvpj0DUZocqDWeL9uj_sUs-_p-Vw5a3oyW--BewVlMg02ePECrJAbtvTPJbHJmZKtrAICbwh6z7pEvGXTq2_Z1Vj29Nz7WkH3y5pw-nDSf3xrHJcg4L-LXXpVyTrPQeOIdf6o7XtYWreGxgXrEw&__tn__=%2CO%2CP-R,rainfall / flood
Facebook,MPRSD CDO,"thunderstorm advisory no. 12 #minprsd issued at 11:00 am 03 september 2025 light to moderate rainshowers with lightning and strong winds are expected over #southcotabato, #sarangani, #davaooccidental(joseabadsantos, donmarcelino, malita, santamaria), #davaodelsur, #sultankudarat, #davaooriental(governorgeneroso, cityofmati), #zamboangasibugay(payao, imelda, siay, diplahan, buug, malangas), #zamboangadelsur(kumalarang, dimataling, pitogo, tabina, lapuyan, dinas, guipos, sanmiguel and sanpablo) within the next 1-2 hours. moderate to occasionally heavy rainshowers with lightning and strong winds are being experienced in #davaooccidental(sarangani), #zamboangasibugay(alicia, mabuhay, olutanga, talusan), #zamboangadelsur(margosatubig and vincenzoa.sagun) which may persist within 1-2 hours and may affect nearby areas. all are advised to take precautionary measures against the impacts associated with these hazards which include flash floods and landslides. keep monitoring for updates. thunderstorm advisory no. 12 #minprsd issued at 11:00 am 03 september 2025 light to moderate rainshowers with lightning and strong winds are expected over #southcotabato, #sarangani, #davaooccidental(joseabadsantos, donmarcelino, malita, santamaria), #davaodelsur, #sultankudarat, #davaooriental(governorgeneroso, cityofmati), #zamboangasibugay(payao, imelda, siay, diplahan, buug, malangas), #zamboangadelsur(kumalarang, dimataling, pitogo, tabina, lapuyan, dinas, guipos, sanmiguel and sanpablo) within the next 1-2 hours. moderate to occasionally heavy rainshowers with lightning and strong winds are being experienced in #davaooccidental(sarangani), #zamboangasibugay(alicia, mabuhay, olutanga, talusan), #zamboangadelsur(margosatubig and vincenzoa.sagun) which may persist within 1-2 hours and may affect nearby areas. all are advised to take precautionary measures against the impacts associated with these hazards which include flash floods and landslides. keep monitoring for updates.","September 03, 2025 11:00:00",SOUTH COTABATO (province); SARANGANI (province); DAVAO OCCIDENTAL (province); MALITA (citymun); DAVAO DEL SUR (province); SULTAN KUDARAT (province); DAVAO ORIENTAL (province); ZAMBOANGA SIBUGAY (province); PAYAO (citymun); IMELDA (citymun); SIAY (citymun); DIPLAHAN (citymun); BUUG (citymun); MALANGAS (citymun); ZAMBOANGA DEL SUR (province); KUMALARANG (citymun); DIMATALING (citymun); PITOGO (citymun); TABINA (citymun); LAPUYAN (citymun); DINAS (citymun); GUIPOS (citymun); ALICIA (citymun); MABUHAY (citymun); OLUTANGA (citymun); TALUSAN (citymun); MARGOSATUBIG (citymun),https://web.facebook.com/mprsdcdo/posts/pfbid02s9tWJTBuWpW9EiYVP8cbphU95RNNnjUmMATbeWLqiVXLmCQcnjFnZvRSJ6RzsNGZl?__cft__[0]=AZVhmyAFaB1Kl7rbYLhsXY3aMUuUMra77TqIhlqDLF0cdCJHUVjHyZ6sqzcpN0xsPrInTCbT716ozJSeNKeE8sIcOzQCjHleYeQ8qdklOebMuzotnujiJY8qsBoGfzZxyNF7WfhbZvXrdGafiPm7nrZRlZ4THKO-sY06P5CkJ8ZRGORHby2OHADPYxGYV-ZH5Us&__tn__=%2CO%2CP-R,rainfall / flood
Facebook,MPRSD CDO,"thunderstorm advisory no. 14 #minprsd issued at 01:35 pm 03 september 2025 light to moderate rainshowers with lightning and strong winds are expected over #sarangani, #davaooccidental(joseabadsantos, donmarcelino, malita, santamaria), #davaooriental(governorgeneroso, cityofmati, sanisidro, lupon, banaybanay, tarragona), #misamisoriental(claveria, tagoloan, villanueva, jasaan, balingasag, lagonglong, salay, binuangan, sugbongcogon, kinoguitan, balingoan, talisayan, medina, gingoogcity, cagayandeorocity, magsaysay), #bukidnon(pangantucan, cityofvalencia, kalilangan, libona, manolofortich, cityofmalaybalay), #zamboangadelnorte(sibuco, sirawai, siocon, baliguian, gutalac, godod, josedalman, pinan, manukan, pres.manuela.roxas, katipunan, dipologcity, polanco, dapitancity, sibutad, rizal), #zamboangasibugay(tungawan, titay, rosellerlim, ipil, naga, kabasalan, siay, diplahan, buug, malangas, imelda, payao, alicia, olutanga, talusan), #davaodelsur(sulop, malalag), #sultankudarat(palimbang, lebak, kalamansig), #lanaodelnorte, #zamboangadelsur(tabina, pitogo, vincenzoa.sagun, dimataling, margosatubig, dinas, sanpablo, sanmiguel, lapuyan, guipos, kumalarang, dumalinao, tigbao, labangan, pagadiancity, tukuran, lakewood, bayog, aurora, ramonmagsaysay, sominot, midsalip, mahayag, molave, josefina, tambulig), #misamisoccidental(donvictorianochiongbian, oroquietacity, aloran, clarin, sinacaban, panaon, jimenez, tudela, ozamiscity, tangubcity, bonifacio), #maguindanaodelnorte(upi, sultankudarat, talitay, kabuntalan, sultanmastura), #cotabatocity, #maguindanaodelsur(southupi, talayan, datuanggalmidtimbang), #southcotabato(polomolok, generalsantoscity, t'boli), #lanaodelsur(kapatagan, balabagan, marogong, malabang, wao, picong, lumbacaunayan, calanogas, sultandumalondong, tubaran, butig, lumbatan, lumbayanague, bayang, pagayawan, binidayan, ganassi, masiu, pualas, poonabayabao, lumbabayabao, bumbaran, tamparan, taraka, madamba, bacolodkalawi, mulondo, tugaya, balindong, madalum, buadiposobuntong, marantao, ditsaanramain, piagapo, marawicity, saguiaran), #agusandelnorte(buenavista, carmen, nasipit, kitcharao, jabonga, santiago, tubay, cityofcabadbaran, remediost.romualdez, magallanes, butuancity), #surigaodelnorte(alegria, malimono, tubod and mainit) within the next 1-2 hours. moderate to occasionally heavy rainshowers with lightning and strong winds are being experienced in #davaooccidental(sarangani), #bukidnon(malitbog, impasugong, talakag, lantapan, baungon, sumilao), #zamboangacity, #zamboangadelnorte(siayan, sindangan, leonb.postigo, labason, kalawit, liloy, salug, tampilisan, sergioosmenasr., mutia, lalibertad), #zamboangadelsur(dumingag), #misamisoccidental(concepcion, calamba, sapangdalaga, lopezjaena, baliangao, plaridel), #maguindanaodelnorte(datuodinsinsuat, datublaht.sinsuat), #lanaodelsur(maguing, bubong, kapai and tagoloanii) which may persist within 1-2 hours and may affect nearby areas. all are advised to take precautionary measures against the impacts associated with these hazards which include flash floods and landslides. keep monitoring for updates. thunderstorm advisory no. 14 #minprsd issued at 01:35 pm 03 september 2025 light to moderate rainshowers with lightning and strong winds are expected over #sarangani, #davaooccidental(joseabadsantos, donmarcelino, malita, santamaria), #davaooriental(governorgeneroso, cityofmati, sanisidro, lupon, banaybanay, tarragona), #misamisoriental(claveria, tagoloan, villanueva, jasaan, balingasag, lagonglong, salay, binuangan, sugbongcogon, kinoguitan, balingoan, talisayan, medina, gingoogcity, cagayandeorocity, magsaysay), #bukidnon(pangantucan, cityofvalencia, kalilangan, libona, manolofortich, cityofmalaybalay), #zamboangadelnorte(sibuco, sirawai, siocon, baliguian, gutalac, godod, josedalman, pinan, manukan, pres.manuela.roxas, katipunan, dipologcity, polanco, dapitancity, sibutad, rizal), #zamboangasibugay(tungawan, titay, rosellerlim, ipil, naga, kabasalan, siay, diplahan, buug, malangas, imelda, payao, alicia, olutanga, talusan), #davaodelsur(sulop, malalag), #sultankudarat(palimbang, lebak, kalamansig), #lanaodelnorte, #zamboangadelsur(tabina, pitogo, vincenzoa.sagun, dimataling, margosatubig, dinas, sanpablo, sanmiguel, lapuyan, guipos, kumalarang, dumalinao, tigbao, labangan, pagadiancity, tukuran, lakewood, bayog, aurora, ramonmagsaysay, sominot, midsalip, mahayag, molave, josefina, tambulig), #misamisoccidental(donvictorianochiongbian, oroquietacity, aloran, clarin, sinacaban, panaon, jimenez, tudela, ozamiscity, tangubcity, bonifacio), #maguindanaodelnorte(upi, sultankudarat, talitay, kabuntalan, sultanmastura), #cotabatocity, #maguindanaodelsur(southupi, talayan, datuanggalmidtimbang), #southcotabato(polomolok, generalsantoscity, t'boli), #lanaodelsur(kapatagan, balabagan, marogong, malabang, wao, picong, lumbacaunayan, calanogas, sultandumalondong, tubaran, butig, lumbatan, lumbayanague, bayang, pagayawan, binidayan, ganassi, masiu, pualas, poonabayabao,","September 03, 2025 13:35:00",SARANGANI (province); DAVAO OCCIDENTAL (province); Santos (Pob.) (barangay); MALITA (citymun); DAVAO ORIENTAL (province); LUPON (citymun); BANAYBANAY (citymun); TARRAGONA (citymun); MISAMIS ORIENTAL (province); TAGOLOAN (citymun); VILLANUEVA (citymun); JASAAN (citymun); BALINGASAG (citymun); LAGONGLONG (citymun); SALAY (citymun); BINUANGAN (citymun); SUGBONGCOGON (citymun); KINOGUITAN (citymun); BALINGOAN (citymun); TALISAYAN (citymun); MEDINA (citymun); MAGSAYSAY (citymun); BUKIDNON (province); KALILANGAN (citymun); LIBONA (citymun); ZAMBOANGA DEL NORTE (province); SIRAWAI (citymun); SIOCON (citymun); BALIGUIAN (citymun); GUTALAC (citymun); GODOD (citymun); PIÑAN (NEW PIÑAN) (citymun); MANUKAN (citymun); KATIPUNAN (citymun); POLANCO (citymun); SIBUTAD (citymun); RIZAL (province); ZAMBOANGA SIBUGAY (province); TITAY (citymun); IPIL (Capital) (citymun); NAGA (citymun); KABASALAN (citymun); SIAY (citymun); DIPLAHAN (citymun); BUUG (citymun); MALANGAS (citymun); IMELDA (citymun); PAYAO (citymun); ALICIA (citymun); OLUTANGA (citymun); TALUSAN (citymun); DAVAO DEL SUR (province); SULOP (citymun); MALALAG (citymun); Darat (barangay); PALIMBANG (citymun); LEBAK (citymun); KALAMANSIG (citymun); LANAO DEL NORTE (province); ZAMBOANGA DEL SUR (province); TABINA (citymun); PITOGO (citymun); DIMATALING (citymun); MARGOSATUBIG (citymun); DINAS (citymun); LAPUYAN (citymun); GUIPOS (citymun); KUMALARANG (citymun); DUMALINAO (citymun); TIGBAO (citymun); LABANGAN (citymun); TUKURAN (citymun); LAKEWOOD (citymun); BAYOG (citymun); AURORA (province); SOMINOT (DON MARIANO MARCOS) (citymun); MIDSALIP (citymun); MAHAYAG (citymun); MOLAVE (citymun); JOSEFINA (citymun); TAMBULIG (citymun); MISAMIS OCCIDENTAL (province); ALORAN (citymun); CLARIN (citymun); SINACABAN (citymun); PANAON (citymun); JIMENEZ (citymun); TUDELA (citymun),https://web.facebook.com/mprsdcdo/posts/pfbid0VqdaRUVHoPHbv4Rbq8zfoQQiUXNbPJWDRXtCaQgGFfN1Ax6eE8UM4RqP5migZbwdl?__cft__[0]=AZWG4QX0B4uv4ew8tZY8Y52SXNW-Fcr_XClpkplgRIFO3m9055Y0fzrWgqFHNH6v5Stt9FPdmxAoG9Jeq2wOVAA6yIO-N1BKWGMdoz5G0-PBjjPUEAGnqAd0UUDcLJ0Gmx9hws0pH8xNs-fAFspceRDZYTufn1P15UP_kk3znk1ssuKg1CP2HPdZtnwjp1Y6A3I&__tn__=%2CO%2CP-R,rainfall / flood
Facebook,Davao DRRMO,"cdrrmo-opcen weather update: as of 06:00 pm | september 03, 2025 weather system: localized thunderstorms light to moderate to at times heavy rainfall is experienced in some areas of marilog district. other areas within davao city are experiencing cloudy weather conditions. all river channels are monitored at code green (safe level). coastal status: > calm seas > going low tide #weatherupdate #davaocitydrrmo cdrrmo-opcen weather update: as of 06:00 pm | september 03, 2025 weather system: localized thunderstorms light to moderate to at times heavy rainfall is experienced in some areas of marilog district. other areas within davao city are experiencing cloudy weather conditions. all river channels are monitored at code green (safe level). coastal status: > calm seas > going low tide #weatherupdate #davaocitydrrmo","September 03, 2025 18:00:00",DAVAO CITY (citymun),https://www.facebook.com/DavaoDRRMO/posts/pfbid0Rsk946QoRXuvUUHE6uimLYQ5muVieoYvhYVWDq3j7kGoTwC51EZ6QseCNQmM1B3il?__cft__[0]=AZUG6jNgvw70priAOhQBUK9MneBfn32ZKVa8-8mSoeG9OJsB-LQIGuuYKm6s4wy21PZ6foja9tt_Yu7wOIbGdFjqeCIHwJ2La4BQ5WgcP-sVFvMtFV9526qfyWeg-DYY-inHidHGVZANSQBrpI9lkeOlw4XtA6HHI4sCblWvaezdBrO7pDaul7OTrYfqdCVK-t4&__tn__=%2CO%2CP-R,rainfall / flood
Facebook,Weather Davao,"thunderstorm advisory no. 12 #minprsd issued at 11:00 am 03 september 2025 light to moderate rainshowers with lightning and strong winds are expected over #southcotabato, #sarangani, #davaooccidental(joseabadsantos, donmarcelino, malita, santamaria), #davaodelsur, #sultankudarat, #davaooriental(governorgeneroso, cityofmati), #zamboangasibugay(payao, imelda, siay, diplahan, buug, malangas), #zamboangadelsur(kumalarang, dimataling, pitogo, tabina, lapuyan, dinas, guipos, sanmiguel and sanpablo) within the next 1-2 hours. moderate to occasionally heavy rainshowers with lightning and strong winds are being experienced in #davaooccidental(sarangani), #zamboangasibugay(alicia, mabuhay, olutanga, talusan), #zamboangadelsur(margosatubig and vincenzoa.sagun) which may persist within 1-2 hours and may affect nearby areas. all are advised to take precautionary measures against the impacts associated with these hazards which include flash floods and landslides. keep monitoring for updates. thunderstorm advisory no. 12 #minprsd issued at 11:00 am 03 september 2025 light to moderate rainshowers with lightning and strong winds are expected over #southcotabato, #sarangani, #davaooccidental(joseabadsantos, donmarcelino, malita, santamaria), #davaodelsur, #sultankudarat, #davaooriental(governorgeneroso, cityofmati), #zamboangasibugay(payao, imelda, siay, diplahan, buug, malangas), #zamboangadelsur(kumalarang, dimataling, pitogo, tabina, lapuyan, dinas, guipos, sanmiguel and sanpablo) within the next 1-2 hours. moderate to occasionally heavy rainshowers with lightning and strong winds are being experienced in #davaooccidental(sarangani), #zamboangasibugay(alicia, mabuhay, olutanga, talusan), #zamboangadelsur(margosatubig and vincenzoa.sagun) which may persist within 1-2 hours and may affect nearby areas. all are advised to take precautionary measures against the impacts associated with these hazards which include flash floods and landslides. keep monitoring for updates. thunderstorm advisory no. 12 #minprsd issued at 11:00 am 03 september 2025 light to moderate rainshowers with lightning and strong winds are expected over #southcotabato, #sarangani, #davaooccidental(joseabadsantos, donmarcelino, malita, santamaria), #davaodelsur, #sultankudarat, #davaooriental(governorgeneroso, cityofmati), #zamboangasibugay(payao, imelda, siay, diplahan, buug, malangas), #zamboangadelsur(kumalarang, dimataling, pitogo, tabina, lapuyan, dinas, guipos, sanmiguel and sanpablo) within the next 1-2 hours. moderate to occasionally heavy rainshowers with lightning and strong winds are being experienced in #davaooccidental(sarangani), #zamboangasibugay(alicia, mabuhay, olutanga, talusan), #zamboangadelsur(margosatubig and vincenzoa.sagun) which may persist within 1-2 hours and may affect nearby areas. all are advised to take precautionary measures against the impacts associated with these hazards which include flash floods and landslides. keep monitoring for updates.","September 03, 2025 11:00:00",SOUTH COTABATO (province); SARANGANI (province); DAVAO OCCIDENTAL (province); MALITA (citymun); DAVAO DEL SUR (province); SULTAN KUDARAT (province); DAVAO ORIENTAL (province); ZAMBOANGA SIBUGAY (province); PAYAO (citymun); IMELDA (citymun); SIAY (citymun); DIPLAHAN (citymun); BUUG (citymun); MALANGAS (citymun); ZAMBOANGA DEL SUR (province); KUMALARANG (citymun); DIMATALING (citymun); PITOGO (citymun); TABINA (citymun); LAPUYAN (citymun); DINAS (citymun); GUIPOS (citymun); ALICIA (citymun); MABUHAY (citymun); OLUTANGA (citymun); TALUSAN (citymun); MARGOSATUBIG (citymun),https://www.facebook.com/weather.davao/posts/pfbid0sKVztk9LUvMFZvtu5EHkjpcq87SLCkSVFQ6bPnJ9QAG4LhnkpsinahhngDRtTYMul?__cft__[0]=AZU6ROR8ijyxVmfZwWIUYevTgTXNXfwanbWi9g2YdvzdVqSVv6nuqziOZFZSD9ts4OG3UZb9upLnLq2zcmAeQE8T-fCvwZZb281dpJol6XAaq3-Xytlmy3BNI2yj2PVCBOHjzFlUdPBkn1lGcEH3OF8Z83cqPilLYo3Ka-yM_aBCqzv5en6KjXtGnzAwR67ucRfjNVLYo8kynxnKl_4DX-wvNxoxF03SLfTNgWNZVzq9Vw&__tn__=%2CO%2CP-R,rainfall / flood
Facebook,MPRSD CDO,"thunderstorm advisory no. 17 #minprsd issued at 05:35 pm 03 september 2025 light to moderate rainshowers with lightning and strong winds are expected over #bukidnon(maramag, doncarlos, quezon, kitaotao, dangcagan, cityofvalencia, talakag, kadingilan, kibawe, damulog, cityofmalaybalay, lantapan, cabanglasan), #lanaodelsur(kapatagan, balabagan, marogong, malabang, picong, lumbacaunayan, calanogas, sultandumalondong, tubaran, butig, lumbatan, lumbayanague, bayang, pagayawan, binidayan, ganassi, masiu, pualas, poonabayabao, lumbabayabao, tamparan, taraka, madamba, bacolodkalawi, mulondo, tugaya, balindong, madalum, buadiposobuntong, marantao, maguing, ditsaanramain, bubong, piagapo, marawicity, saguiaran, kapai, tagoloanii), #lanaodelnorte(nunungan, sultannagadimaporo, kapatagan, sapad, lala, salvador), #maguindanaodelnorte(matanog, barira, buldon, parang, sultanmastura, sultankudarat), #northcotabato(alamada, banisilan, arakan, pigkawayan, libungan, carmen, matalam, kabacan, presidentroxas, antipas, magpet), #cotabatocity, #agusandelsur(loreto, lapaz), #davaodeoro(laak), #davaodelnorte(sanisidro, asuncion, santotomas, braulioe.dujali, carmen, cityofpanabo), #zamboangadelnorte(sirawai, siocon, baliguian, gutalac, labason, kalawit, liloy, tampilisan, salug, godod, leonb.postigo), #zamboangasibugay, #zamboangadelsur(bayog, margosatubig, vincenzoa.sagun, lapuyan, kumalarang, sanmiguel, tigbao, guipos, sanpablo, dinas, dimataling, tabina, pitogo, lakewood, dumalinao, pagadiancity, labangan, tukuran, aurora) and #davaocity within the next 1-2 hours. moderate to occasionally heavy rainshowers with lightning and strong winds are being experienced in #bukidnon(kalilangan, pangantucan, sanfernando), #davaodelnorte(kapalong, talaingod), #lanaodelsur(wao and bumbaran) which may persist within 1-2 hours and may affect nearby areas. all are advised to take precautionary measures against the impacts associated with these hazards which include flash floods and landslides. keep monitoring for updates. thunderstorm advisory no. 17 #minprsd issued at 05:35 pm 03 september 2025 light to moderate rainshowers with lightning and strong winds are expected over #bukidnon(maramag, doncarlos, quezon, kitaotao, dangcagan, cityofvalencia, talakag, kadingilan, kibawe, damulog, cityofmalaybalay, lantapan, cabanglasan), #lanaodelsur(kapatagan, balabagan, marogong, malabang, picong, lumbacaunayan, calanogas, sultandumalondong, tubaran, butig, lumbatan, lumbayanague, bayang, pagayawan, binidayan, ganassi, masiu, pualas, poonabayabao, lumbabayabao, tamparan, taraka, madamba, bacolodkalawi, mulondo, tugaya, balindong, madalum, buadiposobuntong, marantao, maguing, ditsaanramain, bubong, piagapo, marawicity, saguiaran, kapai, tagoloanii), #lanaodelnorte(nunungan, sultannagadimaporo, kapatagan, sapad, lala, salvador), #maguindanaodelnorte(matanog, barira, buldon, parang, sultanmastura, sultankudarat), #northcotabato(alamada, banisilan, arakan, pigkawayan, libungan, carmen, matalam, kabacan, presidentroxas, antipas, magpet), #cotabatocity, #agusandelsur(loreto, lapaz), #davaodeoro(laak), #davaodelnorte(sanisidro, asuncion, santotomas, braulioe.dujali, carmen, cityofpanabo), #zamboangadelnorte(sirawai, siocon, baliguian, gutalac, labason, kalawit, liloy, tampilisan, salug, godod, leonb.postigo), #zamboangasibugay, #zamboangadelsur(bayog, margosatubig, vincenzoa.sagun, lapuyan, kumalarang, sanmiguel, tigbao, guipos, sanpablo, dinas, dimataling, tabina, pitogo, lakewood, dumalinao, pagadiancity, labangan, tukuran, aurora) and #davaocity within the next 1-2 hours. moderate to occasionally heavy rainshowers with lightning and strong winds are being experienced in #bukidnon(kalilangan, pangantucan, sanfernando), #davaodelnorte(kapalong, talaingod), #lanaodelsur(wao and bumbaran) which may persist within 1-2 hours and may affect nearby areas. all are advised to take precautionary measures against the impacts associated with these hazards which include flash floods and landslides. keep monitoring for updates.","September 03, 2025 17:35:00",BUKIDNON (province); MARAMAG (citymun); QUEZON (province); KITAOTAO (citymun); DANGCAGAN (citymun); TALAKAG (citymun); KADINGILAN (citymun); KIBAWE (citymun); DAMULOG (citymun); LANTAPAN (citymun); CABANGLASAN (citymun); LANAO DEL SUR (province); KAPATAGAN (citymun); BALABAGAN (citymun); MAROGONG (citymun); MALABANG (citymun); PICONG (SULTAN GUMANDER) (citymun); CALANOGAS (citymun); TUBARAN (citymun); BUTIG (citymun); LUMBATAN (citymun); BAYANG (citymun); PAGAYAWAN (TATARIKAN) (citymun); BINIDAYAN (citymun); GANASSI (citymun); MASIU (citymun); PUALAS (citymun); Philippines (country); TARAKA (citymun); MADAMBA (citymun); MULONDO (citymun); TUGAYA (citymun); BALINDONG (WATU) (citymun); MADALUM (citymun); MARANTAO (citymun); MAGUING (citymun); BUBONG (citymun); PIAGAPO (citymun); SAGUIARAN (citymun); KAPAI (citymun); LANAO DEL NORTE (province); SAPAD (citymun); LALA (citymun); SALVADOR (citymun); BARIRA (citymun); BULDON (citymun); BANISILAN (citymun); ARAKAN (citymun); PIGKAWAYAN (citymun); LIBUNGAN (citymun); CARMEN (citymun); MATALAM (citymun); KABACAN (citymun); ANTIPAS (citymun); MAGPET (citymun); COTABATO CITY (citymun); AGUSAN DEL SUR (province); LORETO (citymun); Lapaz (barangay); LAAK (SAN VICENTE) (citymun); DAVAO DEL NORTE (province); ZAMBOANGA DEL NORTE (province); SIRAWAI (citymun); SIOCON (citymun); BALIGUIAN (citymun); GUTALAC (citymun); LABASON (citymun); KALAWIT (citymun); LILOY (citymun); TAMPILISAN (citymun); SALUG (citymun); GODOD (citymun); ZAMBOANGA SIBUGAY (province); ZAMBOANGA DEL SUR (province); BAYOG (citymun); MARGOSATUBIG (citymun); LAPUYAN (citymun); KUMALARANG (citymun); TIGBAO (citymun); GUIPOS (citymun); DINAS (citymun),https://www.facebook.com/mprsdcdo/posts/pfbid0NyLpmacKssDdgvbXpTew1p8NCxedcoaTczjmQtr9HEJuugwDHwKUvtAeKekLEALjl?__cft__[0]=AZWL20qG33HbjlPnh49oqzGQms8YZZD7OvlPf1cHxRvWxpLeuhYfMbVheIQc-XfFoFiaXmUQdWgSlzL21zWBAiCS9MerF3xY7cJat9kgJVV4m3fu-UUCdiK_AF9QbRIfAoXIrZaPotKtc8ZjYzZ7VTdf8hJXWI8lir2k5apeImlYI1dliUnI7ChHK4d6DPYBj70&__tn__=%2CO%2CP-R,rainfall / flood
Facebook,Davao DRRMO,"cdrrmo-opcen weather update: as of 06:35 pm | september 03, 2025 weather system: localized thunderstorms previously reported rainfall in some areas of marilog district has stopped. areas within davao city are experiencing cloudy weather conditions. all river channels are monitored at code green (safe level). coastal status: > calm seas > going low tide #weatherupdate #davaocitydrrmo cdrrmo-opcen weather update: as of 06:35 pm | september 03, 2025 weather system: localized thunderstorms previously reported rainfall in some areas of marilog district has stopped. areas within davao city are experiencing cloudy weather conditions. all river channels are monitored at code green (safe level). coastal status: > calm seas > going low tide #weatherupdate #davaocitydrrmo","September 03, 2025 18:35:00",DAVAO CITY (citymun),https://www.facebook.com/DavaoDRRMO/posts/pfbid0X2YUQbNBSY7ZeY8moetzKutvuxPxbRa5ZV8mqW4snDcMM3EjPACdad5afubr34zml?__cft__[0]=AZXGhku86JBqntQGLniJNxqj17Ivg6RawOOK9fE5VsS6chS-izMFLbvM3sTNhhIT0wjAVp2yNJ1SQzA1Ow-mDG1oQ6fBpPfRbN3mf2zfvpfzAisjvX8yd-4G20pZFvqpAn_0l6xIgPV4Q8PoF5G-orBbcKh1LChcSseXB9HTJ9ZSmEpC50CobONr6kb3P6xApfI&__tn__=%2CO%2CP-R,rainfall / flood
Facebook,Inquirer.net,'i made it clear' baguio city mayor benjamin magalong said he is willing to be part of the independent commission that will investigate flood control project anomalies. it was magalong who first alleged that at least 67 house of representative members were involved in tapping contractors as fronts to bag infrastructure projects from the government. read more: 'i made it clear' baguio city mayor benjamin magalong said he is willing to be part of the independent commission that will investigate flood control project anomalies. it was magalong who first alleged that at least 67 house of representative members were involved in tapping contractors as fronts to bag infrastructure projects from the government. read more: still waiting for the invitation from abante and the congress?,"September 03, 2025 23:00:00",AMBAGUIO (citymun),https://www.facebook.com/inquirerdotnet/posts/pfbid074qxDeN3wZiBjXGNnyd5xx83oywZqiwgPciVZnhxMXtXntRpKeYr6BUFYLjzFwjFl?__cft__[0]=AZUb3ZWF_Z8fFqxe-xAynDYHO-ZMNrSEy2HKV6CUTbYSVeTguH1FYSa69TACUJZdfrioj0wHQdCyRbwiSDg3eOCD5XtfNbVZjUNTH828jnMqaWXYitDJbH4YV6l-B53kd6KeU97RXOcpRJU8hEZ3yxunH_NWblAu8TCdpl7dyocnZaRtEeF89q0RefOcON_-0cI&__tn__=%2CO%2CP-R,rainfall / flood
Facebook,ABS-CBN,"inaasahan ang katamtaman hanggang sa malakas na pag-ulan na may kasamang kidlat at malakas na hangin sa zambales, tarlac, pampanga, bataan at quezon sa susunod na tatlong oras, ayon sa inilabas na thunderstorm advisory ng pagasa kaninang 2:55 a.m., huwebes, september 4. #weatherpatrol inaasahan ang katamtaman hanggang sa malakas na pag-ulan na may kasamang kidlat at malakas na hangin sa zambales, tarlac, pampanga, bataan at quezon sa susunod na tatlong oras, ayon sa inilabas na thunderstorm advisory ng pagasa kaninang 2:55 a.m., huwebes, september 4. #weatherpatrol","October 14, 2025 02:55:00",ZAMBALES (province); TARLAC (province); PAMPANGA (province); BATAAN (province); QUEZON (province),https://www.facebook.com/abscbnNEWS/posts/pfbid0QKD6i5jdogEwx1Ci3qAQvLkUKU1xBn3zPAzWGFctpbHcsNpcTUe66cezYWkyQLeRl?__cft__[0]=AZXXn3qxSmh4cmJfW5bDK1uUHaHqVmimRAkPKtDupEa1sr3q3z2r0CfdnzxrHa7UNwT2CHXf3iDz4KQR67uuoD1-V9Cgsmr1v3gEDYrzCBNpI5P6RnD5cZ29tnUtBEF1LJDxIAFr8F4FeGhLXbhqLg7RCT7eqeFmHtgVz_AtMb-Y_wXmmIBRBs6bnHQEKgbnC2w&__tn__=%2CO%2CP-R,rainfall / flood
Facebook,PAGASA,"24-hour public weather forecast issued at 4:00 am, 04 september 2025 synopsis: southwest monsoon affecting luzon and the western section of visayas. forecast weather conditions area: metro manila, central luzon, ilocos region, cordillera administrative region, batanes, and cagayan weather condition: cloudy skies with scattered rains and thunderstorms caused by: southwest monsoon impacts: possible flash floods or landslides due to moderate to at times heavy rains area: western visayas and the rest of luzon weather condition: partly cloudy to cloudy skies with isolated rainshowers or thunderstorms caused by: southwest monsoon impacts: possible flash floods or landslides during severe thunderstorms area: the rest of the country weather condition: partly cloudy to cloudy skies with isolated rainshowers or thunderstorms caused by: localized thunderstorms impacts: possible flash floods or landslides during severe thunderstorms forecast wind and coastal water conditions area: northern luzon wind speed: light to moderate wind direction: southwest to southeast coastal waters: slight to moderate / (0.6 to 1.5 meters) area: the rest of the country wind speed: light to moderate wind direction: south to southwest coastal waters: slight to moderate / (0.6 to 1.5 meters) extremes of temperature and relative humidity for the 24-hour period ending 8:00 pm yesterday minimum temperature: 25.2 c 5:00 am maximum temperature: 31.7 c 3:00 pm minumum relative humidity: 64 % 12:00 pm maximum relative humidity: 95 % 5:00 am tides and astronomical information over metro manila sunrise today: 5:44am sunset today: 6:06pm moonrise today: 3:35pm moonset today: 2:08am illumination today: 88% for other information about weather, please log on to pagasa.dost.gov.ph or bagong.pagasa.dost.gov.ph or call at (02)927-1335/(02)926-4258 24-hour public weather forecast issued at 4:00 am, 04 september 2025 synopsis: southwest monsoon affecting luzon and the western section of visayas. forecast weather conditions area: metro manila, central luzon, ilocos region, cordillera administrative region, batanes, and cagayan weather condition: cloudy skies with scattered rains and thunderstorms caused by: southwest monsoon impacts: possible flash floods or landslides due to moderate to at times heavy rains area: western visayas and the rest of luzon weather condition: partly cloudy to cloudy skies with isolated rainshowers or thunderstorms caused by: southwest monsoon impacts: possible flash floods or landslides during severe thunderstorms area: the rest of the country weather condition: partly cloudy to cloudy skies with isolated rainshowers or thunderstorms caused by: localized thunderstorms impacts: possible flash floods or landslides during severe thunderstorms forecast wind and coastal water conditions area: northern luzon wind speed: light to moderate wind direction: southwest to southeast coastal waters: slight to moderate / (0.6 to 1.5 meters) area: the rest of the country wind speed: light to moderate wind direction: south to southwest coastal waters: slight to moderate / (0.6 to 1.5 meters) extremes of temperature and relative humidity for the 24-hour period ending 8:00 pm yesterday minimum temperature: 25.2 c 5:00 am maximum temperature: 31.7 c 3:00 pm minumum relative humidity: 64 % 12:00 pm maximum relative humidity: 95 % 5:00 am tides and astronomical information over metro manila sunrise today: 5:44am sunset today: 6:06pm moonrise today: 3:35pm moonset today: 2:08am illumination today: 88% for other information about weather, please log on to pagasa.dost.gov.ph or bagong.pagasa.dost.gov.ph or call at (02)927-1335/(02)926-4258 magdamag ulan dito ilocos sur","September 04, 2025 04:00:00",luzon (island_group); NATIONAL CAPITAL REGION (NCR) (region); REGION III (CENTRAL LUZON) (region); REGION I (ILOCOS REGION) (region); BATANES (province); CAGAYAN (province),https://www.facebook.com/PAGASA.DOST.GOV.PH/posts/pfbid02VaEpbkambmi2r7Ypthkq37Kxq2fka1puictymibMiGhrcv5PAcWs2c57i8h7trGl?__cft__[0]=AZUkE36V8DvlPzSVM3zsQhDxBr09xHRs5LXYKVRyKjwUAA1h_qOmFWR8Qs45rMUwCtN60DBYd47EIWno1i7r5IH8HFep4FTvceJatY_ZyhqqZz67HCXaGbrAEVY_r6ulFckmrwZ58jAGv9aY71t6Zeo3-TnGTiA3WJD-XgrPLwkZXyPYhtnkJ42oasdpuVzgUWg&__tn__=%2CO%2CP-R,rainfall / flood
Facebook,PAGASA,"general flood advisories issued @6am, 04 september 2025 car (cordillera administrative region) gfa#8 region 1 (ilocos region) gfa#6 region 2 (cagayan valley) gfa#6 region 3 (central luzon) gfa#9 region 4a (calabarzon) gfa#10 final region 6 (western visayas) gfa#2 general flood advisories issued @6am, 04 september 2025 car (cordillera administrative region) gfa#8 region 1 (ilocos region) gfa#6 region 2 (cagayan valley) gfa#6 region 3 (central luzon) gfa#9 region 4a (calabarzon) gfa#10 final region 6 (western visayas) gfa#2","September 04, 2025 06:00:00",REGION II (CAGAYAN VALLEY) (region); Visayas (island_group); REGION I (ILOCOS REGION) (region); REGION III (CENTRAL LUZON) (region); REGION VI (WESTERN VISAYAS) (region),https://www.facebook.com/PAGASA.DOST.GOV.PH/posts/pfbid02NJnpc3vpa867SarHH7h6Cevm51v7Bx31WjRw3HU62z9pWo4L12whffYGZ8F8q1uol?__cft__[0]=AZVepk6NRAmfCCsdiszNYSFASQH_QRsCm5P7FOxUWVQ9mqLbCD1DuvFrOFBRJOwtbcLdNw4MF_MqFkoQttBHL2asgOslAXWLs0RSQ4WhUUzlUzWsUc4tG1vcIHgF2r-6KUNXahVQg-lW41d-iBX3hXpI8rX_SuHwzM6kR-WTzWdttIGFRBpNB8PcDZVpHzFDPkA&__tn__=%2CO%2CP-R,rainfall / flood
Facebook,Civil Defense Davao,"mindanao weather forecast #minprsd issued at: 5:00 am 04 september 2025 valid until: 5:00 am tomorrow forecast: mindanao will have partly cloudy to cloudy skies with isolated rainshowers or thunderstorms due to the localized thunderstorm. possible flash floods or landslides during severe thunderstorms. light to moderate winds from south to southwest with slight to moderate seas (0.6 to 1.5 meters). kaugalingong dayalekto: ang tibuok dapit sa mindanao makasinati sa panalagsang pagdag-um ngadto sa mapanganuron nga kalangitan inubanan sa pat-ak pat-ak nga pag-ulan, kilat ug pagpanalugdog tungod sa localized thunderstorm. possible pagbaha ug pagdahili sa yuta tungod sa severe thunderstorms. hinay ngadto sa kasarangan nga hangin ang magagikan sa habagatan ngadto na sa habagatang kasadpang nga direksyon ug ang kadagatan hapsay ngadto sa kasarangan ang pagbalud (0.6 to 1.5 meters). source: mindanao prsd mindanao weather forecast #minprsd issued at: 5:00 am 04 september 2025 valid until: 5:00 am tomorrow forecast: mindanao will have partly cloudy to cloudy skies with isolated rainshowers or thunderstorms due to the localized thunderstorm. possible flash floods or landslides during severe thunderstorms. light to moderate winds from south to southwest with slight to moderate seas (0.6 to 1.5 meters). kaugalingong dayalekto: ang tibuok dapit sa mindanao makasinati sa panalagsang pagdag-um ngadto sa mapanganuron nga kalangitan inubanan sa pat-ak pat-ak nga pag-ulan, kilat ug pagpanalugdog tungod sa localized thunderstorm. possible pagbaha ug pagdahili sa yuta tungod sa severe thunderstorms. hinay ngadto sa kasarangan nga hangin ang magagikan sa habagatan ngadto na sa habagatang kasadpang nga direksyon ug ang kadagatan hapsay ngadto sa kasarangan ang pagbalud (0.6 to 1.5 meters). source: mindanao prsd","September 04, 2025 05:00:00",mindanao (island_group),https://www.facebook.com/civildefensedavao/posts/pfbid02r141TevwC4LNu7pRjbH1owCm7Crj5XBmGdsSHHL86Z8pqjhrxjFzeABHsU9wPfPJl?__cft__[0]=AZUdooojPIF9TtyukpZk_2MEgkHnSwfOZajqkB3o6MqOWCp1jLfbYOe5H3pAU2s58191wX1sPJ2bl9B0-UvAFb2lTkNqWjgARPbjM1hMcT3QcJNMCbMcB7zJUExpEon8AFTApkPnStejfts6uUVPnkI2GQRQ1LlK7Jixqj_Q1HUzOweKUfTEqct5yd0SjJ-A4DA&__tn__=%2CO%2CP-R,rainfall / flood
Facebook,Storm Chasers PH,"bagong lpa, posibleng mabuo malapit sa #northernluzon sa susunod na 2 araw. may posibilidad na maging bagyo at tatawaging #lannieph. total lunar eclipse on monday will be affected.","September 04, 2025 06:00:00",Luzon (island_group),https://www.facebook.com/stormchasersPH/posts/pfbid031U3zFhd5whZUVYWVEn3bWWa1vNha9ugNSC1FB94TYjS7Bs9eWeMQij8zvDFXYbkNl?__cft__[0]=AZU9arASAmVEvtAj3qpOJeiYPhVonen6utKT26KcLKVZBS-_nogK-fBm_9OtFFKdyouAKcTLZv9FRb7HWBW9k1t7z8CfIdxTQLfPWk0K2k5m4qP6mtOj2gqFYFSxmIz-7DRNHRxt6vNV-_jGB7_0spve3-19SXjt8aXGQn48EwhGfBJo_yfV__EXoZucbp8LChQ&__tn__=%2CO%2CP-R,rainfall / flood
Facebook,MPRSD CDO,"mindanao weather forecast #minprsd issued at: 5:00 am 04 september 2025 valid until: 5:00 am tomorrow forecast: mindanao will have partly cloudy to cloudy skies with isolated rainshowers or thunderstorms due to the localized thunderstorm. possible flash floods or landslides during severe thunderstorms. light to moderate winds from south to southwest with slight to moderate seas (0.6 to 1.5 meters). kaugalingong dayalekto: ang tibuok dapit sa mindanao makasinati sa panalagsang pagdag-um ngadto sa mapanganuron nga kalangitan inubanan sa pat-ak pat-ak nga pag-ulan, kilat ug pagpanalugdog tungod sa localized thunderstorm. possible pagbaha ug pagdahili sa yuta tungod sa severe thunderstorms. hinay ngadto sa kasarangan nga hangin ang magagikan sa habagatan ngadto na sa habagatang kasadpang nga direksyon ug ang kadagatan hapsay ngadto sa kasarangan ang pagbalud (0.6 to 1.5 meters). over laguindingan upper air and synoptic station, misamis oriental maximum temperature: 01:00 pm yesterday 30.8 c minimum temperature: 02:00 am today 24.8 c maximum relative humidity: 05:00 am yesterday 94 % minimum relative humidity: 04:00 pm yesterday 69 % astronomical information over el salvador city sunrise today : 05:33 am sunset today : 05:48 pm moonset today : 02:06 am moonrise today : 03:08 pm for more information and queries, please call at telephone number (088) 555-0485 local 102 mindanao prsd website: mindanao prsd facebook account: facebook group: mindanao weather forecast #minprsd issued at: 5:00 am 04 september 2025 valid until: 5:00 am tomorrow forecast: mindanao will have partly cloudy to cloudy skies with isolated rainshowers or thunderstorms due to the localized thunderstorm. possible flash floods or landslides during severe thunderstorms. light to moderate winds from south to southwest with slight to moderate seas (0.6 to 1.5 meters). kaugalingong dayalekto: ang tibuok dapit sa mindanao makasinati sa panalagsang pagdag-um ngadto sa mapanganuron nga kalangitan inubanan sa pat-ak pat-ak nga pag-ulan, kilat ug pagpanalugdog tungod sa localized thunderstorm. possible pagbaha ug pagdahili sa yuta tungod sa severe thunderstorms. hinay ngadto sa kasarangan nga hangin ang magagikan sa habagatan ngadto na sa habagatang kasadpang nga direksyon ug ang kadagatan hapsay ngadto sa kasarangan ang pagbalud (0.6 to 1.5 meters). over laguindingan upper air and synoptic station, misamis oriental maximum temperature: 01:00 pm yesterday 30.8 c minimum temperature: 02:00 am today 24.8 c maximum relative humidity: 05:00 am yesterday 94 % minimum relative humidity: 04:00 pm yesterday 69 % astronomical information over el salvador city sunrise today : 05:33 am sunset today : 05:48 pm moonset today : 02:06 am moonrise today : 03:08 pm for more information and queries, please call at telephone number (088) 555-0485 local 102 mindanao prsd website: mindanao prsd facebook account: facebook group:","September 04, 2025 05:00:00",mindanao (island_group); LAGUINDINGAN (citymun); CITY OF EL SALVADOR (citymun); DANAO (citymun),https://www.facebook.com/mprsdcdo/posts/pfbid02nbP8aprrqie1eANxag75WQz1xvFFxcZSzWXUPWymCf5AMt4hzuyVHFLgDy7Ezn4Xl?__cft__[0]=AZVPUn7zHaGCRLfokJn7xet-naGWrZ1CVjQEvYXlnY7vrGAXt-oppPICyUoAzzy8MoLh2UsW1oqX8EkYEYLP0ka_TYr1vN7cJDuZsIpgVRwcE4Z8rTaRWMkiV42LrwEwFH3pkQRwUqIIg3QYIXwueVLoez3WVpf_uMZEozTNmN7GiHMlXD4Q2eISVjP3470gxM0&__tn__=%2CO%2CP-R,rainfall / flood
X,dost_pagasa,"thunderstorm advisory no. 1 #ncr_prsd issued at: 1:05 pm, 03 september 2025(wednesday) moderate to heavy rainshowers with lightning and strong winds are expected over laguna, cavite, metro manila, rizal, nueva ecija and zambales within the next 2 hours. the above conditions are","September 03, 2025 13:05:00",LAGUNA (province); CAVITE (province); NATIONAL CAPITAL REGION (NCR) (region); RIZAL (province); NUEVA ECIJA (province),https://x.com/dost_pagasa/status/1963106765492691298,rainfall / flood
X,dost_pagasa,"thunderstorm watch #ncr_prsd issued at: 10:00 am, 03 september 2025 thunderstorm is more likely to develop over greater metro manila area(metro manila, bulacan, rizal, laguna and cavite) within 12 hours. all are advised to continue monitoring for updates.","September 03, 2025 10:00:00",NATIONAL CAPITAL REGION (NCR) (region); Manila (barangay); BULACAN (province); RIZAL (province); LAGUNA (province); CAVITE (province),https://x.com/dost_pagasa/status/1963057754677125253,rainfall / flood
Facebook,Civil Defense Davao,"thunderstorm advisory no. 1 #minprsd issued at 07:40 am 04 september 2025 light to moderate rainshowers with lightning and strong winds are expected over #basilan, #davaooccidental(sarangani, santamaria), #davaodelsur(malalag, sulop, kiblawan, padada), #sarangani, #southcotabato, #dinagatislands, #surigaodelnorte, #sulu within the next 1-2 hours. moderate to occasionally heavy rainshowers with lightning and strong winds are being experienced in #surigaodelnorte which may persist within 1-2 hours and may affect nearby areas. all are advised to take precautionary measures against the impacts associated with these hazards which include flash floods and landslides. keep monitoring for updates. source: mindanao prsd thunderstorm advisory no. 1 #minprsd issued at 07:40 am 04 september 2025 light to moderate rainshowers with lightning and strong winds are expected over #basilan, #davaooccidental(sarangani, santamaria), #davaodelsur(malalag, sulop, kiblawan, padada), #sarangani, #southcotabato, #dinagatislands, #surigaodelnorte, #sulu within the next 1-2 hours. moderate to occasionally heavy rainshowers with lightning and strong winds are being experienced in #surigaodelnorte which may persist within 1-2 hours and may affect nearby areas. all are advised to take precautionary measures against the impacts associated with these hazards which include flash floods and landslides. keep monitoring for updates. source: mindanao prsd","September 04, 2025 07:40:00",BASILAN (province); DAVAO OCCIDENTAL (province); SARANGANI (province); DAVAO DEL SUR (province); MALALAG (citymun); SULOP (citymun); KIBLAWAN (citymun); PADADA (citymun); SOUTH COTABATO (province); SURIGAO DEL NORTE (province); SULU (province); mindanao (island_group),https://www.facebook.com/civildefensedavao/posts/pfbid024qYEwhVqA6JJ5VoA7FuRYHK5sLTvjw7HB4v16Zx1mvTidTT5ZjWEt3fKuuRsC662l?__cft__[0]=AZVmF8dq9kFBN4l5iUb81O8hqUXPUzn5GcUEn19Go1P4x5SB5rFjQif8XXRerIXZuli8GbZrBUpilEUAxvikGgMjgz8C4pKV0_HphtBEl5KX9rtOFBV3IW95cHGJKgBep-B6kLLusHGDW3yLKNoss0w_3c25WV9BQVPc1xzXezv8QLM7ER8oSB1Lw65yBqMYg7Q&__tn__=%2CO%2CP-R,rainfall / flood
Facebook,Manila Bulletin,"watch: the philippine atmospheric, geophysical and astronomical services administration (pagasa) on thursday, sept. 4 said the southwest monsoon or habagat may bring cloudy skies with scattered rains and thunderstorms over some parts of luzon within the next 24 hours. watch: the philippine atmospheric, geophysical and astronomical services administration (pagasa) on thursday, sept. 4 said the southwest monsoon or habagat may bring cloudy skies with scattered rains and thunderstorms over some parts of luzon within the next 24 hours.","September 04, 2025 00:00:00",luzon (island_group),https://www.facebook.com/ManilaBulletin/,rainfall / flood
Facebook,Storm Chasers PH,"be ready sa maulang panahon, luzon! dalawang namumuong sama ng panahon ngayon ang binabantayan sa silangan at kanlurang bahagi ng #northernluzon at batay sa ipinapakita ng mga weather model, may tsansa ang mga itong maging mga bagyo ngayong weekend at inaasahang hahatak din ng #habagat. ang susunod na dalawang pangalan ng mga bagyo ay #lannieph at #mirasolph. maging handa sa banta ng mga biglaang pagbaha at mga pagguho ng lupa. manatiling mag-monitor ng mga susunod pang update hinggil dito. pws/psu #weatherforecast #potentiallpas #habagatph be ready sa maulang panahon, luzon! dalawang namumuong sama ng panahon ngayon ang binabantayan sa silangan at kanlurang bahagi ng #northernluzon at batay sa ipinapakita ng mga weather model, may tsansa ang mga itong maging mga bagyo ngayong weekend at inaasahang hahatak din ng #habagat. ang susunod na dalawang pangalan ng mga bagyo ay #lannieph at #mirasolph. maging handa sa banta ng mga biglaang pagbaha at mga pagguho ng lupa. manatiling mag-monitor ng mga susunod pang update hinggil dito. pws/psu #weatherforecast #potentiallpas #habagatph sana po lord,hndi na matutuloy na dumating ung dalawang bagyo salamat po, amen","September 04, 2025 09:30:00",Luzon (island_group); Mirasol (barangay),https://www.facebook.com/stormchasersPH/posts/pfbid0PWU6JaMCJbR3cRQkCgrYURVDJdWssNGxAVrQJBii2wqsA2SmEnMzxsp7NLjusNf1l?__cft__[0]=AZUYRCVoz3tqz8-VDop5-UJWi-GUXpC-rm8PEpWGRUgk7o5Om1FP5ehdGAwWCohqT_rYRHQ9xk6OEXsKRAsHd1MS-OtazOQdldl-V-gAKlFeQjnbktXYt1f_0lfSk-oOePjei8ggiMT0vTxgi3YwymIKEVyKvYHz-NaQ7Y7K_ET006cwZh2uDZZOcKTidJsZLrM&__tn__=%2CO%2CP-R,rainfall / flood
Facebook,MPRSD CDO,"thunderstorm advisory no. 1 #minprsd issued at 07:40 am 04 september 2025 light to moderate rainshowers with lightning and strong winds are expected over #basilan, #davaooccidental(sarangani, santamaria), #davaodelsur(malalag, sulop, kiblawan, padada), #sarangani(malungon), #southcotabato(tupi, tampakan), #dinagatislands, #surigaodelnorte(socorro, sanfrancisco, surigaocity), #sulu(omar and banguingui) within the next 1-2 hours. moderate to occasionally heavy rainshowers with lightning and strong winds are being experienced in #surigaodelnorte(siargaoisland) which may persist within 1-2 hours and may affect nearby areas. all are advised to take precautionary measures against the impacts associated with these hazards which include flash floods and landslides. keep monitoring for updates. thunderstorm advisory no. 1 #minprsd issued at 07:40 am 04 september 2025 light to moderate rainshowers with lightning and strong winds are expected over #basilan, #davaooccidental(sarangani, santamaria), #davaodelsur(malalag, sulop, kiblawan, padada), #sarangani(malungon), #southcotabato(tupi, tampakan), #dinagatislands, #surigaodelnorte(socorro, sanfrancisco, surigaocity), #sulu(omar and banguingui) within the next 1-2 hours. moderate to occasionally heavy rainshowers with lightning and strong winds are being experienced in #surigaodelnorte(siargaoisland) which may persist within 1-2 hours and may affect nearby areas. all are advised to take precautionary measures against the impacts associated with these hazards which include flash floods and landslides. keep monitoring for updates.","September 04, 2025 07:40:00",BASILAN (province); DAVAO OCCIDENTAL (province); SARANGANI (province); DAVAO DEL SUR (province); MALALAG (citymun); SULOP (citymun); KIBLAWAN (citymun); PADADA (citymun); MALUNGON (citymun); SOUTH COTABATO (province); TUPI (citymun); TAMPAKAN (citymun); SURIGAO DEL NORTE (province); SOCORRO (citymun); SULU (province); OMAR (citymun),https://www.facebook.com/mprsdcdo/posts/pfbid0CtdcfjQ5E4TcvwEa3LHpR5TkHWA9qzugFJVuvPjcDzVCSXiBT2d6ii3gi2h6C9b7l?__cft__[0]=AZUPF98gUjjsYMvAxOHDMSdxF4ZJkYHaWgZoayYEyPq-GLMTxr86P9CAZvSXVslYePRnT38aOQhREAZn03VZEyx93XyTiLwfcM03dcLivojjAai83vkGyVphFiKjjQ4zq_jmmqgLSzVFbEBJrzFdmgkb-oQgY1KLkpXs5viRqojp2uTKSLszyegE9cKxLtU8IzU&__tn__=%2CO%2CP-R,rainfall / flood
Facebook,ABS-CBN,"heavy rainfall warning for habagat 2 a.m., september 6, 2025 yellow level bataan zambales flooding and landslides remain likely in these areas. heavy rainfall warning for habagat 2 a.m., september 6, 2025 yellow level bataan zambales flooding and landslides remain likely in these areas.","September 06, 2025 00:00:00",BATAAN (province),https://www.facebook.com/abscbnNEWS/posts/pfbid0QzdpCx7aTrfkJNEYZmBmZk7XBsnyQ3CLzsFvMneTrDNDhyJUGHtyvJ9pjKcURYCQl?__cft__[0]=AZUNGRabbvio-AgMLNLMxsdB5tbnM1VnFoxLJJyKSgFf3y_PHD_FdyohcmMacqGxDFx_8l2N32NQplpQh-xT4GDsbv4brie9s_xkit_xpNjaqrtIsvkitCHgvRrmL2VfDNCzMk7M9DjoYXwWbxwZP8Du-aXIKka3teoGryIHc0VdM38NldEQkVJxDDq1-yBMA5o&__tn__=%2CO%2CP-R,rainfall / flood
Facebook,Davao DRRMO,"cdrrmo-opcen weather update: as of 10:38 pm | september 05, 2025 weather system: localized thunderstorms reported rainfall within the areas of poblacion, tugbok, and calinan districts has stopped. areas within davao city are experiencing cloudy weather conditions. all river channels are monitored at code green (safe level). coastal status: > calm seas > going high tide #weatherupdate #davaocitydrrmo cdrrmo-opcen weather update: as of 10:38 pm | september 05, 2025 weather system: localized thunderstorms reported rainfall within the areas of poblacion, tugbok, and calinan districts has stopped. areas within davao city are experiencing cloudy weather conditions. all river channels are monitored at code green (safe level). coastal status: > calm seas > going high tide #weatherupdate #davaocitydrrmo","September 05, 2025 22:38:00",Poblacion (barangay); Tugbok (Pob.) (barangay); DAVAO CITY (citymun),https://www.facebook.com/DavaoDRRMO/posts/pfbid0ZmzSAxZLYS2rQe1ztnDRPHZWybuHnSibHyBAn24CRFzaH4rMdHdTrDyGRYbK83RMl?__cft__[0]=AZWpH2OyKc4nglFfi9ZOGyVrkK6o9ommjPX-HQQU-7qR_759d6meeqCiMOc-RPzk-o0_OHnSbepNnu1GeWLGe2SPmvdHkkdOBnw-uCmKx6IAeEI0S_xrDmkIHiw_nIPFxdaSQTK_1IG5p-E5VR7Gj7G-r__7_BiLDEqyReZH9m5YUPWpTOE0uWz8eA47sIy9-2w&__tn__=%2CO%2CP-R,rainfall / flood
Facebook,MPRSD CDO,"thunderstorm advisory no. 23 #minprsd issued at 01:00 am 06 september 2025 light to moderate rainshowers with lightning and strong winds are expected over #southcotabato(surallah, banga, t'boli, polomolok, generalsantoscity, lakesebu, santonino, norala), #sultankudarat(bagumbayan, cityoftacurong, isulan), #davaooccidental(malita), #sarangani(alabel), #northcotabato(makilala, m'lang, cityofkidapawan, magpet), #maguindanaodelsur(pagalungan, gen.s.k.pendatun, pagagawan), #zamboangacity, #zamboangasibugay(tungawan, rosellerlim, ipil, naga, kabasalan and siay) within the next 1-2 hours. moderate to occasionally heavy rainshowers with lightning and strong winds are being experienced in #lanaodelnorte(sultannagadimaporo, kapatagan, sapad), #zamboangadelsur(tukuran, labangan, pagadiancity, dumalinao, sanpablo, dinas, dimataling, pitogo, tabina, vincenzoa.sagun, margosatubig), #zamboangasibugay(alicia, olutanga, talusan, mabuhay, payao), #zamboangadelnorte(dapitancity, dipologcity, sibutad, polanco, rizal), #davaodelsur, #sultankudarat(columbio, lutayan, presidentquirino), #northcotabato(tulunan), #maguindanaodelsur(datupaglas, buluan, mangudadatu, pandag, paglat), #southcotabato(tantangan, cityofkoronadal, tampakan, tupi), #sarangani(malungon) and #davaooccidental(santamaria) which may persist within 1-2 hours and may affect nearby areas. all are advised to take precautionary measures against the impacts associated with these hazards which include flash floods and landslides. keep monitoring for updates. thunderstorm advisory no. 23 #minprsd issued at 01:00 am 06 september 2025 light to moderate rainshowers with lightning and strong winds are expected over #southcotabato(surallah, banga, t'boli, polomolok, generalsantoscity, lakesebu, santonino, norala), #sultankudarat(bagumbayan, cityoftacurong, isulan), #davaooccidental(malita), #sarangani(alabel), #northcotabato(makilala, m'lang, cityofkidapawan, magpet), #maguindanaodelsur(pagalungan, gen.s.k.pendatun, pagagawan), #zamboangacity, #zamboangasibugay(tungawan, rosellerlim, ipil, naga, kabasalan and siay) within the next 1-2 hours. moderate to occasionally heavy rainshowers with lightning and strong winds are being experienced in #lanaodelnorte(sultannagadimaporo, kapatagan, sapad), #zamboangadelsur(tukuran, labangan, pagadiancity, dumalinao, sanpablo, dinas, dimataling, pitogo, tabina, vincenzoa.sagun, margosatubig), #zamboangasibugay(alicia, olutanga, talusan, mabuhay, payao), #zamboangadelnorte(dapitancity, dipologcity, sibutad, polanco, rizal), #davaodelsur, #sultankudarat(columbio, lutayan, presidentquirino), #northcotabato(tulunan), #maguindanaodelsur(datupaglas, buluan, mangudadatu, pandag, paglat), #southcotabato(tantangan, cityofkoronadal, tampakan, tupi), #sarangani(malungon) and #davaooccidental(santamaria) which may persist within 1-2 hours and may affect nearby areas. all are advised to take precautionary measures against the impacts associated with these hazards which include flash floods and landslides. keep monitoring for updates.","September 06, 2025 01:00:00",SOUTH COTABATO (province); SURALLAH (citymun); BANGA (citymun); T'BOLI (citymun); POLOMOLOK (citymun); NORALA (citymun); SULTAN KUDARAT (province); BAGUMBAYAN (citymun); ISULAN (Capital) (citymun); DAVAO OCCIDENTAL (province); MALITA (citymun); SARANGANI (province); ALABEL (Capital) (citymun); MAKILALA (citymun); M'LANG (citymun); MAGPET (citymun); PAGALUNGAN (citymun); PAGAGAWAN (citymun); ZAMBOANGA CITY (citymun); ZAMBOANGA SIBUGAY (province); IPIL (Capital) (citymun); NAGA (citymun); KABASALAN (citymun); SIAY (citymun); LANAO DEL NORTE (province); KAPATAGAN (citymun); SAPAD (citymun); ZAMBOANGA DEL SUR (province); TUKURAN (citymun); LABANGAN (citymun); DUMALINAO (citymun); DINAS (citymun); DIMATALING (citymun); PITOGO (citymun); TABINA (citymun); MARGOSATUBIG (citymun); ALICIA (citymun); OLUTANGA (citymun); TALUSAN (citymun); MABUHAY (citymun); PAYAO (citymun); ZAMBOANGA DEL NORTE (province); SIBUTAD (citymun); POLANCO (citymun); RIZAL (province); DAVAO DEL SUR (province); COLUMBIO (citymun); LUTAYAN (citymun); BULUAN (citymun); MANGUDADATU (citymun); PANDAG (citymun); PAGLAT (citymun); TANTANGAN (citymun); TAMPAKAN (citymun); TUPI (citymun); MALUNGON (citymun),https://www.facebook.com/mprsdcdo/posts/pfbid02BwNXofXFZFJcp6kSLxMuuNNzedxSMLMca2rxxFM54iRrgsg7h8xjaDQZaNLs3a6Xl?__cft__[0]=AZUGaKIkKtxHj8QOXKj8MzmzA_sQngwY9zHsigD-_XhLufkCnD1ounbjdWJKFgJ1lMfkOk9maZN2FqfEiAVsIuJxdbt2El3aSp5j61CmdUEOXTGWlZa_F2L9531a2jdqnZ-SdbQDJ1rTGQMWvMjtJjGjvTOAFo5DgxjjaRgFrZ57Q1EtS3h6VblMm843kHejO0M&__tn__=%2CO%2CP-R,rainfall / flood
Facebook,PAGASA,"weather advisory no. 7 for: low pressure area (lpa) and southwest monsoon issued at: sept. 5, 2025, 11 p.m. heavy rainfall outlook due to low pressure area (lpa) tonight to tomorrow evening (september 6) (50-100 mm): ilocos sur, la union, and pangasinan heavy rainfall outlook due to southwest monsoon tonight to tomorrow evening (september 6) moderate to heavy (50-100 mm): zambales forecast rainfall may be higher in mountainous and elevated areas. moreover, impacts in some areas may be worsened by significant antecedent rainfall. the public disaster risk reduction and management offices concerned are advised to take all necessary measures to protect life and property. pagasa regional services divisions may issue heavy rainfall warnings/thunderstorm advisories, and other severe weather information specific to their areas of responsibility as appropriate. unless significant changes occur, the next weather advisory will be issued at 5:00 am tomorrow. for additional information: the key difference between a heavy rainfall warning and a weather advisory lies in their forecast period, coverage areas, and accuracy. a heavy rainfall warning provides forecasts for the next three hours and applies up to the municipal level. it is more precise as it utilizes doppler radar technology to track real-time rainfall intensity, making it highly effective for immediate decision-making in flood-prone areas. a weather advisory, on the other hand, covers a 24-hour period but is issued only at the provincial level. it provides a broader outlook on potential weather disturbances but lacks the short-term accuracy of heavy rainfall warnings. since a weather advisory is based on a 24-hour outlook, it should not be used as a basis for class suspensions or other official decisions. northern luzon prsd pagasa-national capital region prsd pagasa southern luzon pagasa visayas prsd mindanao prsd weather advisory no. 7 for: low pressure area (lpa) and southwest monsoon issued at: sept. 5, 2025, 11 p.m. heavy rainfall outlook due to low pressure area (lpa) tonight to tomorrow evening (september 6) (50-100 mm): ilocos sur, la union, and pangasinan heavy rainfall outlook due to southwest monsoon tonight to tomorrow evening (september 6) moderate to heavy (50-100 mm): zambales forecast rainfall may be higher in mountainous and elevated areas. moreover, impacts in some areas may be worsened by significant antecedent rainfall. the public disaster risk reduction and management offices concerned are advised to take all necessary measures to protect life and property. pagasa regional services divisions may issue heavy rainfall warnings/thunderstorm advisories, and other severe weather information specific to their areas of responsibility as appropriate. unless significant changes occur, the next weather advisory will be issued at 5:00 am tomorrow. for additional information: the key difference between a heavy rainfall warning and a weather advisory lies in their forecast period, coverage areas, and accuracy. a heavy rainfall warning provides forecasts for the next three hours and applies up to the municipal level. it is more precise as it utilizes doppler radar technology to track real-time rainfall intensity, making it highly effective for immediate decision-making in flood-prone areas. a weather advisory, on the other hand, covers a 24-hour period but is issued only at the provincial level. it provides a broader outlook on potential weather disturbances but lacks the short-term accuracy of heavy rainfall warnings. since a weather advisory is based on a 24-hour outlook, it should not be used as a basis for class suspensions or other official decisions. northern luzon prsd pagasa-national capital region prsd pagasa southern luzon pagasa visayas prsd mindanao prsd halos walang tigil ang ulan dito sa zambales binaha na","September 05, 2025 05:00:00",ILOCOS SUR (province); LA UNION (province); PANGASINAN (province); Luzon (island_group); Ilo (barangay),https://www.facebook.com/PAGASA.DOST.GOV.PH/posts/pfbid02ikvU7hPFGkzmJ9WYMfWaTd6y6ymNrnqc6zTMDu48v433fENWKCa2AHvf7pWofEryl?__cft__[0]=AZWibsJzHGhL4Y8BMOoD-bGt32fOpjcuM3PV-Gd4npHhNj2hG5jC9HHNyppOnt8kuShX-Bo1VSiAfqny3q4y2L5miukKWE1kitkOAAL1cPm8Z8QlwaLGkoFNB3oT8Cm2IANh_rHMfSKzM1hHnoHoFUSdzjVg_CBMdG3FTiURAv_dZ0wXKaKgrkQEQug8hd4kbNU&__tn__=%2CO%2CP-R,rainfall / flood
Facebook,Storm Chasers PH,"lpa sa bahagi ng west philippine sea, nagbabadya nang maging bagyo sa loob ng 24 oras. tatawagin itong #lannieph sakaling mabuo habang nasa loob ng par. keep safe everyone god bless us na naws malusaw na lang po ang bagyo huag na pong makapasok mahabag ka po sa mga snak mo na hanggang ngayon naka babad pa sa tubig ito po ang aming sama samang panalangin in jesus name amen","September 06, 2025 02:30:00",Philippines (country),https://www.facebook.com/stormchasersPH/posts/pfbid08kv8HM2y8hnHwvsyae9xuAinrbuAVqnHrjeu4uzSJqXmcsGPPZAq6KhXw5MKioKRl?__cft__[0]=AZUyYD_2P86CfVXRZLGh2TtnWXQ17qqL0iKBj-Me11O1QizwwR-oQiPGYoKClnqqIgyv7n7-d1qz52T1JwjvcmsfkCisShZV7Ais6bNBmL4MEcyTB2OvgEpmgnoJSLEP2_tyy1hI9wiAssqNh49l5T8Hoehlu0sGBDsryI28fRSMFFECzX6OSp_jGwu65YnzfRQ&__tn__=%2CO%2CP-R,rainfall / flood
Facebook,MPRSD CDO,"thunderstorm advisory no. 24 #minprsd issued at 03:00 am 06 september 2025 light to moderate rainshowers with lightning and strong winds are expected over #sulu, #basilan, #sarangani(maitum, kiamba, maasim and malungon) within the next 1-2 hours. moderate to occasionally heavy rainshowers with lightning and strong winds are being experienced in #tawitawi, #zamboangacity, #zamboangasibugay(alicia, talusan, mabuhay, olutanga, payao, malangas, buug, imelda), #zamboangadelsur(kumalarang, lapuyan, margosatubig, vincenzoa.sagun, dimataling, pitogo, tabina) and #southcotabato which may persist within 1-2 hours and may affect nearby areas. all are advised to take precautionary measures against the impacts associated with these hazards which include flash floods and landslides. keep monitoring for updates. thunderstorm advisory no. 24 #minprsd issued at 03:00 am 06 september 2025 light to moderate rainshowers with lightning and strong winds are expected over #sulu, #basilan, #sarangani(maitum, kiamba, maasim and malungon) within the next 1-2 hours. moderate to occasionally heavy rainshowers with lightning and strong winds are being experienced in #tawitawi, #zamboangacity, #zamboangasibugay(alicia, talusan, mabuhay, olutanga, payao, malangas, buug, imelda), #zamboangadelsur(kumalarang, lapuyan, margosatubig, vincenzoa.sagun, dimataling, pitogo, tabina) and #southcotabato which may persist within 1-2 hours and may affect nearby areas. all are advised to take precautionary measures against the impacts associated with these hazards which include flash floods and landslides. keep monitoring for updates.","September 06, 2025 03:00:00",SULU (province); BASILAN (province); SARANGANI (province); MAITUM (citymun); KIAMBA (citymun); MAASIM (citymun); MALUNGON (citymun); ZAMBOANGA CITY (citymun); ZAMBOANGA SIBUGAY (province); ALICIA (citymun); TALUSAN (citymun); MABUHAY (citymun); OLUTANGA (citymun); PAYAO (citymun); MALANGAS (citymun); BUUG (citymun); IMELDA (citymun); ZAMBOANGA DEL SUR (province); KUMALARANG (citymun); LAPUYAN (citymun); MARGOSATUBIG (citymun); DIMATALING (citymun); PITOGO (citymun); TABINA (citymun); SOUTH COTABATO (province),https://www.facebook.com/mprsdcdo/posts/pfbid0AnkiL2PnqwWkqrkKhhTMtfE5R6EwTScw72YR7qq7BHKWUJNg84vz11qhZD9HJQnAl?__cft__[0]=AZUtGrZ_PHYBh4JcD0aNwjBgDMlkTKafsJh5gape9vmVwsTQjbXsnGpmS34cp4Jg1d8KZ3weTZddO7aZwzepu89kyhSUGnqoISn3_MbIR8xwj5aPu8FA1nUkvorbrh3eVnXVp4HHpYIg3XRx15Dqdhz2Rv0bCjWAFzxuzZfoYlqoOMS_2xIOZNwjq6YkhbLFcRo&__tn__=%2CO%2CP-R,rainfall / flood
Facebook,#streetfloodalert,"baha update | bagong silangan, qc around 1pm | 68 veterans, barangay bagong silangan, quezon city hanggang bewang na ang baha sa lugar kahit hindi malakas ang ulan. matagal na rin pero hindi pa rin humuhupa ang tubig. walang mga batang naglalaro sa lansangan tahimik pero lubog ang paligid. kahit hindi malakas ang ulan, baha pa rin. sana maagapan. stay safe po sa mga residente ng bagong silangan. i-monitor lagi ang lagay ng panahon at iwasan ang paglusong sa baha. thank you for watching! #bagongsilanganupdate #quezoncityflood #bahaph #realtimeulan #ulanwatch #streetfloodalert #commutechronicles #weatherupdateph #tagulanseason #basangbasasaulan baha update | bagong silangan, qc around 1pm | 68 veterans, barangay bagong silangan, quezon city hanggang bewang na ang baha sa lugar kahit hindi malakas ang ulan. matagal na rin pero hindi pa rin humuhupa ang tubig. walang mga batang naglalaro sa lansangan tahimik pero lubog ang paligid. kahit hindi malakas ang ulan, baha pa rin. sana maagapan. stay safe po sa mga residente ng bagong silangan. i-monitor lagi ang lagay ng panahon at iwasan ang paglusong sa baha. thank you for watching! #bagongsilanganupdate #quezoncityflood #bahaph #realtimeulan #ulanwatch #streetfloodalert #commutechronicles #weatherupdateph #tagulanseason #basangbasasaulan","October 14, 2025 13:00:00",Bagong Silangan (barangay); QUEZON (citymun),https://www.facebook.com/hashtag/StreetFloodAlert,rainfall / flood
X,dost_pagasa,"thunderstorm advisory no. 19 #ncr_prsd issued at: 1:02 am, 06 september 2025(saturday) moderate to heavy rainshowers with lightning and strong winds are being experienced in quezon(pagbilao, lucena, san andres, san francisco) which may persist within 2 hours and may affect","September 06, 2025 01:02:00",QUEZON (province); Lucena (barangay); SAN ANDRES (citymun); SAN FRANCISCO (AURORA) (citymun),https://x.com/dost_pagasa/status/1964011605613826449,rainfall / flood
Facebook,Davao DRRMO,"cdrrmo-opcen weather forecast: issued at: 05:00 pm, 06 september 2025 valid until: 05:00 pm tomorrow synopsis: localized thunderstorms affecting mindanao. forecast: davao city will have partly cloudy to cloudy skies with isolated rain showers or thunderstorms due to localized thunderstorms. light to moderate winds from southeast to south with slight to moderate seas. source: dost-pagasa #weatherforecast #davaocitydrrmo cdrrmo-opcen weather forecast: issued at: 05:00 pm, 06 september 2025 valid until: 05:00 pm tomorrow synopsis: localized thunderstorms affecting mindanao. forecast: davao city will have partly cloudy to cloudy skies with isolated rain showers or thunderstorms due to localized thunderstorms. light to moderate winds from southeast to south with slight to moderate seas. source: dost-pagasa #weatherforecast #davaocitydrrmo","September 06, 2025 17:00:00",mindanao (island_group); DAVAO CITY (citymun),https://www.facebook.com/DavaoDRRMO/posts/pfbid0225YjSVjJcejwJfbXRbcpAhhNGftBN5S8JEBp3m5XAX3JixW5UrHbB8WHpZCRCPDPl?__cft__[0]=AZXFTtxNv_1DlASz5qj-cmukh9h-A8B-zbZKcyHkHU4tZyyh3-ph60T9DaJSBv3QbZMVxbCxSvS577TkNqDp4xMuivZDRFvThI5N0UnP133M6yYwWgfaVKvud0vk_Ih-KZU4qBqFBptDvdhd27Rp47w8cPbcYH8fgWhvXKw4Xe4MkhZRzhggSt8eDFaI9zSORUc&__tn__=%2CO%2CP-R,rainfall / flood
Facebook,Storm Chasers PH,"baha sa camella homes nakaranas ng pagbaha ang camella homes phase iv-a sa las pinas city ngayong sabado, september 6, matapos ang malakas na buhos ng ulan dulot ng nabuong thunderstorm. camella homes phase iv-a homeowners association inc. baha sa camella homes nakaranas ng pagbaha ang camella homes phase iv-a sa las pinas city ngayong sabado, september 6, matapos ang malakas na buhos ng ulan dulot ng nabuong thunderstorm. camella homes phase iv-a homeowners association inc. god have mercy please save the people who were affected of floodings as it may bring them different kind of illness and damages to properties. have mercy father almighty. i pray in jesus name. amen","September 06, 2025 00:00:00",CITY OF LAS PIÑAS (citymun),https://www.facebook.com/stormchasersPH/posts/pfbid02BYf2BWY8TPtkNrjZTdyZYH7hV1Gjjey1Xy3Ftuuj8Rxy5LdZX94WQd4rQMS3hq9Bl?__cft__[0]=AZU55HQbERWYsTysD7PhlyfwapcyJBXAYGRz83NMS_DIuFdzTCL8fiyYZbKtMpbpkzMLx89FBTKzLCp0JkDnAIwo-BF_ab9-l_4eBW12H1cLYCGFsUxLwXbtGk4t1FQXOnL1HR3cNaoR6ZAx2pvrPFjrd67SedUXeCE69r9-2l9eHH9kMMkIyt9BoodpAJ7JOd4&__tn__=%2CO%2CP-R,rainfall / flood
X,dost_pagasa,"heavy rainfall warning no. 9 #ncr_prsd weather system: southwest monsoon (habagat) issued at: 2:00 am, 06 september 2025(saturday) yellow warning level: zambales and bataan. associated hazard: flooding in flood-prone areas. meanwhile, expect light to moderate with occasional","September 06, 2025 02:00:00",ZAMBALES (province); BATAAN (province),https://x.com/dost_pagasa/status/1964027682431390096,rainfall / flood
Facebook,Storm Chasers PH,"baha sa camella homes nakaranas ng pagbaha ang camella homes phase iv-a sa las pinas city ngayong sabado, september 6, matapos ang malakas na buhos ng ulan dulot ng nabuong thunderstorm. camella homes phase iv-a homeowners association inc. baha sa camella homes nakaranas ng pagbaha ang camella homes phase iv-a sa las pinas city ngayong sabado, september 6, matapos ang malakas na buhos ng ulan dulot ng nabuong thunderstorm. camella homes phase iv-a homeowners association inc. #tatakvillar ganyan din po dito sa amin sa camella homes fiorenza apalit pampanga #camellafiorenza pero ang tubig baha po dito mataas hanggang lampas tao sa ibang phase at block, maitim, madumi, mabaho kagaya nila.","September 06, 2025 00:00:00",CITY OF LAS PIÑAS (citymun),https://www.facebook.com/stormchasersPH/posts/1745269859581269?__cft__[0]=AZW3lPqrPZNnn9XVmiB1o-DJQwnLV-F73UKZ_YXI_lHMwg1yfQA_GcdpsCqlz89z7kt4Wb1PR5w3b0DyjiDgz9ZSy6uTPgrFlITPWW_f_G1gsWYQZl4evnyBuRyimtdYzOa6Uh852VH-85HbTfDz_qDZkWQbrOmXiROHXEc2bB4CKDafFIfk2lx4HKtnbXa7SeU&__tn__=%2CO%2CP-R,rainfall / flood
Facebook,Storm Chasers PH,"#tatakvillar ganyan din po dito sa amin sa camella homes fiorenza apalit pampanga #camellafiorenza pero ang tubig baha po dito mataas hanggang lampas tao sa ibang phase at block, maitim, madumi, mabaho kagaya nila.","September 06, 2025 19:00:00",Villar (barangay),https://www.facebook.com/stormchasersPH/posts/1745269859581269?comment_id=1443680550180600&__cft__[0]=AZW3lPqrPZNnn9XVmiB1o-DJQwnLV-F73UKZ_YXI_lHMwg1yfQA_GcdpsCqlz89z7kt4Wb1PR5w3b0DyjiDgz9ZSy6uTPgrFlITPWW_f_G1gsWYQZl4evnyBuRyimtdYzOa6Uh852VH-85HbTfDz_qDZkWQbrOmXiROHXEc2bB4CKDafFIfk2lx4HKtnbXa7SeU&__tn__=R-R,rainfall / flood
Facebook,Weather Davao,"24-hour localized weather forecast for davao region issued at 5:00 pm september 6, 2025 valid until 5:00 pm tomorrow synopsis: localized thunderstorms affecting davao region. tc information: tropical cyclone outside par as of 3:00 pm today tropical depression (formerly ""lannie"") location: 430 km west of sinait, ilocos sur (18.2n, 116.4e) maximum sustained winds: 55 km/h gustiness: up to 70 km/h movement: west northwestward at 15 km/h forecast: davao region will have partly cloudy to cloudy skies with isolated rainshowers or thunderstorms due to localized thunderstorms . possible flash floods or landslides during severe thunderstorms. light to moderate winds from southeast to south with slight to moderate seas (0.6 to 1.2 meters). kaugalingong pinulungan: ang syudad sa dabaw ug ubang dapit sa rehiyon sa dabaw makasinati sa panalagsang pagdag-um ngadto sa mapanganuron nga kalangitan inubanan sa pat-ak pat-ak nga pag-ulan, kilat ug pagpanalugdog tungod sa localized thunderstorm. possible pagbaha ug pagdahili sa yuta tungod sa severe thunderstorms. hinay ngadto sa kasarangan nga hangin ang magagikan sa habagatang sidlakan ngadto na sa habagatang direksyon ug ang kadagatan hapsay ngadto sa kasarangan ang pagbalud (0.6 to 1.2 meters). forecast over davao city temperatura ugma: 25 c to 32 c sunset (salop) karon: 5:41 pm sunrise (sidlak) ugma: 5:29 am for more information and queries, please call telephone for local number (082)234-0890 and (088)555-0485 for regional or log on to bagong.pagasa.dost.gov.ph /regional /mindanao-prsd or join our facebook group at mindanao prsd (regional office) or pagasa davao (local). 24-hour localized weather forecast for davao region issued at 5:00 pm september 6, 2025 valid until 5:00 pm tomorrow synopsis: localized thunderstorms affecting davao region. tc information: tropical cyclone outside par as of 3:00 pm today tropical depression (formerly ""lannie"") location: 430 km west of sinait, ilocos sur (18.2n, 116.4e) maximum sustained winds: 55 km/h gustiness: up to 70 km/h movement: west northwestward at 15 km/h forecast: davao region will have partly cloudy to cloudy skies with isolated rainshowers or thunderstorms due to localized thunderstorms . possible flash floods or landslides during severe thunderstorms. light to moderate winds from southeast to south with slight to moderate seas (0.6 to 1.2 meters). kaugalingong pinulungan: ang syudad sa dabaw ug ubang dapit sa rehiyon sa dabaw makasinati sa panalagsang pagdag-um ngadto sa mapanganuron nga kalangitan inubanan sa pat-ak pat-ak nga pag-ulan, kilat ug pagpanalugdog tungod sa localized thunderstorm. possible pagbaha ug pagdahili sa yuta tungod sa severe thunderstorms. hinay ngadto sa kasarangan nga hangin ang magagikan sa habagatang sidlakan ngadto na sa habagatang direksyon ug ang kadagatan hapsay ngadto sa kasarangan ang pagbalud (0.6 to 1.2 meters). forecast over davao city temperatura ugma: 25 c to 32 c sunset (salop) karon: 5:41 pm sunrise (sidlak) ugma: 5:29 am for more information and queries, please call telephone for local number (082)234-0890 and (088)555-0485 for regional or log on to bagong.pagasa.dost.gov.ph /regional /mindanao-prsd or join our facebook group at mindanao prsd (regional office) or pagasa davao (local).","September 06, 2025 17:00:00",REGION XI (DAVAO REGION) (region); DAVAO CITY (citymun); mindanao (island_group),https://www.facebook.com/weather.davao/posts/1311063720529355?__cft__[0]=AZXoGqzFmhGNzozz3ZYFzluFc1fc_gA3UyxuckltiPKGEj63LkHnA5kT4UsxmGzU9_cFe69sj8mHJwPNG-yqqnwjN9dQzmUu9W0YX0LtQnxJC_wMdHXfqIhYfbC6RqBT7xn92co7-UAOf02knSzzu5Ch9U6IYtH0n1vMkzxV_siA2g40dbgWqV-nrD8zi6rT370&__tn__=%2CO%2CP-R,rainfall / flood
Facebook,MPRSD CDO,"thunderstorm advisory no. 4 #minprsd issued at 06:50 pm 06 september 2025 light to moderate rainshowers with lightning and strong winds are expected over #bukidnon(malitbog, pangantucan, kalilangan, lantapan, impasugong), #misamisoriental(claveria, tagoloan, villanueva, jasaan, talisayan, medina, balingoan, balingasag, lagonglong, salay, binuangan, sugbongcogon, kinoguitan), #lanaodelsur(bumbaran, wao, lumbatan, lumbayanague, bayang, tubaran, lumbacaunayan, balabagan, marogong, malabang, kapatagan, calanogas, pagayawan, binidayan, piagapo, marantao, balindong, tugaya, madalum, bacolodkalawi), #agusandelsur(esperanza, sanluis), #misamisoccidental(ozamiscity, tangubcity, tudela, clarin, sinacaban, jimenez, aloran, panaon, donvictorianochiongbian, bonifacio), #zamboangadelsur(josefina, molave, tambulig, aurora, ramonmagsaysay, labangan, tukuran, pagadiancity, dumalinao, sanpablo, dinas, dimataling, pitogo, tabina, sominot, mahayag), #lanaodelnorte(kapatagan, sultannagadimaporo, lala, poonapiagapo, bacolod, kauswagan, munai), #maguindanaodelnorte, #northcotabato(pigkawayan, libungan, banisilan, pikit, carmen, aleosan, midsayap), #sultankudarat(palimbang, sen.ninoyaquino, isulan, lebak, kalamansig, esperanza), #maguindanaodelsur(sultansabarongis, datuabdullahsangki, ampatuan, shariffsaydonamustapha, rajahbuayan, mamasapano, datuunsay, datuhofferampatuan, shariffaguak, datusalibo, datusaudiampatuan, datupiang, talayan, guindulungan, datuanggalmidtimbang, southupi), #cotabatocity, #zamboangasibugay(olutanga, naga, titay, ipil, rosellerlim, tungawan), #zamboangadelnorte(liloy, tampilisan, kalawit, labason, gutalac, baliguian, siocon, sirawai, sibuco, manukan, josedalman, pres.manuela.roxas), #zamboangacity and #sulu within the next 1-2 hours. moderate to heavy rainshowers with lightning and strong winds are being experienced in #misamisoriental(opol, cagayandeorocity, cityofelsalvador, alubijid, laguindingan, gingoogcity, lugait, naawan, gitagum, libertad, initao, manticao), #bukidnon(manolofortich, libona, sumilao, baungon, talakag), #lanaodelnorte(baloi, iligancity, linamon, matungao, pantaoragat, tagoloan, pantar), #lanaodelsur(tagoloanii, saguiaran, kapai, bubong, maguing, ditsaanramain, buadiposobuntong, marawicity, mulondo, taraka, lumbabayabao, tamparan, poonabayabao, masiu, butig, sultandumalondong), #northcotabato(alamada), #zamboangasibugay(talusan, mabuhay) and #camiguin which may persist within 1-2 hours and may affect nearby areas. all are advised to take precautionary measures against the impacts associated with these hazards which include flash floods and landslides. keep monitoring for updates. thunderstorm advisory no. 4 #minprsd issued at 06:50 pm 06 september 2025 light to moderate rainshowers with lightning and strong winds are expected over #bukidnon(malitbog, pangantucan, kalilangan, lantapan, impasugong), #misamisoriental(claveria, tagoloan, villanueva, jasaan, talisayan, medina, balingoan, balingasag, lagonglong, salay, binuangan, sugbongcogon, kinoguitan), #lanaodelsur(bumbaran, wao, lumbatan, lumbayanague, bayang, tubaran, lumbacaunayan, balabagan, marogong, malabang, kapatagan, calanogas, pagayawan, binidayan, piagapo, marantao, balindong, tugaya, madalum, bacolodkalawi), #agusandelsur(esperanza, sanluis), #misamisoccidental(ozamiscity, tangubcity, tudela, clarin, sinacaban, jimenez, aloran, panaon, donvictorianochiongbian, bonifacio), #zamboangadelsur(josefina, molave, tambulig, aurora, ramonmagsaysay, labangan, tukuran, pagadiancity, dumalinao, sanpablo, dinas, dimataling, pitogo, tabina, sominot, mahayag), #lanaodelnorte(kapatagan, sultannagadimaporo, lala, poonapiagapo, bacolod, kauswagan, munai), #maguindanaodelnorte, #northcotabato(pigkawayan, libungan, banisilan, pikit, carmen, aleosan, midsayap), #sultankudarat(palimbang, sen.ninoyaquino, isulan, lebak, kalamansig, esperanza), #maguindanaodelsur(sultansabarongis, datuabdullahsangki, ampatuan, shariffsaydonamustapha, rajahbuayan, mamasapano, datuunsay, datuhofferampatuan, shariffaguak, datusalibo, datusaudiampatuan, datupiang, talayan, guindulungan, datuanggalmidtimbang, southupi), #cotabatocity, #zamboangasibugay(olutanga, naga, titay, ipil, rosellerlim, tungawan), #zamboangadelnorte(liloy, tampilisan, kalawit, labason, gutalac, baliguian, siocon, sirawai, sibuco, manukan, josedalman, pres.manuela.roxas), #zamboangacity and #sulu within the next 1-2 hours. moderate to heavy rainshowers with lightning and strong winds are being experienced in #misamisoriental(opol, cagayandeorocity, cityofelsalvador, alubijid, laguindingan, gingoogcity, lugait, naawan, gitagum, libertad, initao, manticao), #bukidnon(manolofortich, libona, sumilao, baungon, talakag), #lanaodelnorte(baloi, iligancity, linamon, matungao, pantaoragat, tagoloan, pantar), #lanaodelsur(tagoloanii, saguiaran, kapai, bubong, maguing, ditsaanramain, buadiposobuntong, marawicity, mulondo, taraka, lumbabayabao, tamparan, poonabayabao, masiu, butig, sultandumalondong), #north","September 06, 2025 18:50:00",BUKIDNON (province); MALITBOG (citymun); PANGANTUCAN (citymun); KALILANGAN (citymun); LANTAPAN (citymun); MISAMIS ORIENTAL (province); TAGOLOAN (citymun); VILLANUEVA (citymun); JASAAN (citymun); TALISAYAN (citymun); MEDINA (citymun); BALINGOAN (citymun); BALINGASAG (citymun); LAGONGLONG (citymun); SALAY (citymun); BINUANGAN (citymun); SUGBONGCOGON (citymun); KINOGUITAN (citymun); LANAO DEL SUR (province); BUMBARAN (citymun); WAO (citymun); LUMBATAN (citymun); LUMBAYANAGUE (citymun); BAYANG (citymun); TUBARAN (citymun); BALABAGAN (citymun); MAROGONG (citymun); MALABANG (citymun); KAPATAGAN (citymun); CALANOGAS (citymun); PAGAYAWAN (TATARIKAN) (citymun); BINIDAYAN (citymun); PIAGAPO (citymun); MARANTAO (citymun); BALINDONG (WATU) (citymun); TUGAYA (citymun); MADALUM (citymun); AGUSAN DEL SUR (province); MISAMIS OCCIDENTAL (province); TUDELA (citymun); CLARIN (citymun); SINACABAN (citymun); JIMENEZ (citymun); ALORAN (citymun); PANAON (citymun); BONIFACIO (citymun); ZAMBOANGA DEL SUR (province); MOLAVE (citymun); TAMBULIG (citymun); AURORA (province); LABANGAN (citymun); TUKURAN (citymun); DUMALINAO (citymun); DINAS (citymun); DIMATALING (citymun); PITOGO (citymun); TABINA (citymun); SOMINOT (DON MARIANO MARCOS) (citymun); MAHAYAG (citymun); LANAO DEL NORTE (province); LALA (citymun); BACOLOD (citymun); KAUSWAGAN (citymun); MUNAI (citymun); LIBUNGAN (citymun); BANISILAN (citymun); PIKIT (citymun); CARMEN (citymun); ALEOSAN (citymun); MIDSAYAP (citymun); SULTAN KUDARAT (province); PALIMBANG (citymun); ISULAN (Capital) (citymun); LEBAK (citymun); KALAMANSIG (citymun); ESPERANZA (citymun); Barongis (barangay); Mama (San Juan) (barangay); Datu (barangay),https://www.facebook.com/mprsdcdo/posts/9923447051090490?__cft__[0]=AZXXkHufNQsqRtn_loEx8bIDrQzErNn6Y0ltjUHAGf5L2sjgvUG_1mvZGBihis2_rhjIlhMdTDtuEahPBQBt5O6Hx6X589_hBM35dKdM75EwBPjenpezPZw1-zvusFOfCGQSyPkAxTD7rBvMBJgkkMNhvZ0vfLV7tb8c8gJUNzbYPtPVnDL23KH98Qof16xccr0&__tn__=%2CO%2CP-R,rainfall / flood
Facebook,Davao DRRMO,"cdrrmo-opcen weather update: as of 10:10 pm | september 06, 2025 weather system: localized thunderstorms light rainfall is experienced in some areas of talomo and toril districts. other areas of davao city are experiencing partly cloudy to cloudy weather conditions. all river channels are monitored at code green (safe level). coastal status: > calm seas > going low tide #weatherupdate #davaocitydrrmo cdrrmo-opcen weather update: as of 10:10 pm | september 06, 2025 weather system: localized thunderstorms light rainfall is experienced in some areas of talomo and toril districts. other areas of davao city are experiencing partly cloudy to cloudy weather conditions. all river channels are monitored at code green (safe level). coastal status: > calm seas > going low tide #weatherupdate #davaocitydrrmo di na sana po lumakas lord keep us safe.mejo malakas yung ulan dito matina aplaya","September 06, 2025 22:10:00",Talomo (barangay); DAVAO CITY (citymun); Toril (barangay),https://www.facebook.com/DavaoDRRMO/posts/1220941113403536?__cft__[0]=AZXXWE20bvQUNai80cu82_XHgWm-iwr-fqULxBlVVNXwE_jfOcCfPTkRpEhwiZApsoCcuXI4YCf55nJUOlmOwlJu47g5GoOqCgAYVMWiOIOdBP2AScVMFfOvNOWTov73IKyaZ_YM4pbSrQ0FGee9vyjXrU-UOAxNy-skag73HRGnKZWqaeM_8n074E45cMTJTp4&__tn__=%2CO%2CP-R,rainfall / flood
Facebook,Civil Defense Davao,"mindanao weather forecast #minprsd issued at: 5:00 pm 06 september 2025 valid until: 5:00 pm tomorrow synopsis: localized thunderstorms affecting mindanao. tc information tropical cyclone outside par as of 3:00 pm today tropical depression (formerly ""lannie"") location: 430 km west of sinait, ilocos sur (18.2n, 116.4e) maximum sustained winds: 55 km/h gustiness: up to 70 km/h movement: west northwestward at 15 km/h forecast: mindanao will have partly cloudy to cloudy skies with isolated rainshowers or thunderstorms due to localized thunderstorms. possible flash floods or landslides during severe thunderstorms. light to moderate winds from southeast to south with slight to moderate seas (0.6 to 1.2 meters). kaugalingong dayalekto: ang tibuok dapit sa mindanao makasinati sa panalagsang pagdag-um ngadto sa mapanganuron nga kalangitan inubanan sa pat-ak pat-ak nga pag-ulan, kilat ug pagpanalugdog tungod sa localized thunderstorm. possible pagbaha ug pagdahili sa yuta tungod sa severe thunderstorms. hinay ngadto sa kasarangan nga hangin ang magagikan sa habagatang sidlakan ngadto na sa habagatang kasadpang nga direksyon ug ang kadagatan hapsay ngadto sa kasarangan ang pagbalud (0.6 to 1.5 meters). over laguindingan upper air and synoptic station, misamis oriental maximum temperature: 02:00 pm today 30.3 c minimum temperature: 06:00 am today 23.5 c maximum relative humidity: 06:00 am today 93 % minimum relative humidity: 11:00 am today 71 % astronomical information over el salvador city sunset today : 05:47 pm sunrise tomorrow: 05:33 am moonset tomorrow : 04:51 am moonrise tomorrow : 05:29 pm mindanao weather forecast #minprsd issued at: 5:00 pm 06 september 2025 valid until: 5:00 pm tomorrow synopsis: localized thunderstorms affecting mindanao. tc information tropical cyclone outside par as of 3:00 pm today tropical depression (formerly ""lannie"") location: 430 km west of sinait, ilocos sur (18.2n, 116.4e) maximum sustained winds: 55 km/h gustiness: up to 70 km/h movement: west northwestward at 15 km/h forecast: mindanao will have partly cloudy to cloudy skies with isolated rainshowers or thunderstorms due to localized thunderstorms. possible flash floods or landslides during severe thunderstorms. light to moderate winds from southeast to south with slight to moderate seas (0.6 to 1.2 meters). kaugalingong dayalekto: ang tibuok dapit sa mindanao makasinati sa panalagsang pagdag-um ngadto sa mapanganuron nga kalangitan inubanan sa pat-ak pat-ak nga pag-ulan, kilat ug pagpanalugdog tungod sa localized thunderstorm. possible pagbaha ug pagdahili sa yuta tungod sa severe thunderstorms. hinay ngadto sa kasarangan nga hangin ang magagikan sa habagatang sidlakan ngadto na sa habagatang kasadpang nga direksyon ug ang kadagatan hapsay ngadto sa kasarangan ang pagbalud (0.6 to 1.5 meters). over laguindingan upper air and synoptic station, misamis oriental maximum temperature: 02:00 pm today 30.3 c minimum temperature: 06:00 am today 23.5 c maximum relative humidity: 06:00 am today 93 % minimum relative humidity: 11:00 am today 71 % astronomical information over el salvador city sunset today : 05:47 pm sunrise tomorrow: 05:33 am moonset tomorrow : 04:51 am moonrise tomorrow : 05:29 pm","September 06, 2025 17:00:00",mindanao (island_group); LAGUINDINGAN (citymun); CITY OF EL SALVADOR (citymun),https://www.facebook.com/civildefensedavao/posts/pfbid023m5AHUi3eazNyUvnkvpfyEiWdrpsybBoz6qGByy3APr78UZZC9hXj9n3snEyU1Qil?__cft__[0]=AZVdZzZyHodunGsq1dVO9zkre7QE8VG0oukvBwsZ5XAyuU1xFBCauL3_9CN_E-BfVDJ6bCaVu8m7emmT4bhyo6Fk82ngi6MeBfyQDIHWaJjGkTz8T4vRD-lWCluNHjTY29nA1FusWcTi7mbIpFB6MSeTblomabV26GkV9qkrT1zt41GXeyta700J31ZMoOUubM0&__tn__=%2CO%2CP-R,rainfall / flood
Facebook,Davao DRRMO,"cdrrmo-opcen weather update: as of 11:00 pm | september 06, 2025 weather system: localized thunderstorms light rainfall is experienced in some areas of talomo, toril, and tugbok districts. other areas of davao city are experiencing partly cloudy to cloudy weather conditions. all river channels are monitored at code green (safe level). coastal status: > calm seas > going low tide #weatherupdate #davaocitydrrmo cdrrmo-opcen weather update: as of 11:00 pm | september 06, 2025 weather system: localized thunderstorms light rainfall is experienced in some areas of talomo, toril, and tugbok districts. other areas of davao city are experiencing partly cloudy to cloudy weather conditions. all river channels are monitored at code green (safe level). coastal status: > calm seas > going low tide #weatherupdate #davaocitydrrmo","September 06, 2025 23:00:00",Talomo (barangay); Toril (barangay); Tugbok (Pob.) (barangay); DAVAO CITY (citymun),https://www.facebook.com/DavaoDRRMO/posts/pfbid02TPzE4oY3K1SQokpSpDgTavxEJS6GWmjSSUwJQhJNEkFCF4md1ujBcB2g7SsrJU76l?__cft__[0]=AZUnNnW1sHdCUXMNR1xep02TCf-GhZnbfCIxmlod6qaCVYj6mRcqaxzOwMa_9oTvQ7iOoCucjXIoctjx6K4PDx6ZORBq58fSvysslgudEGrvPQrZzaJa4iMT5t-yfZkKfvFimd8NdDb373bM5OECSFCZwV8xMP4s1vZlAY85bo-FAnjBifIYwfHMk_8987UHaI4&__tn__=%2CO%2CP-R,rainfall / flood
Facebook,MPRSD CDO,"thunderstorm advisory no. 6 #minprsd issued at 10:00 pm 06 september 2025 light to moderate rainshowers with lightning and strong winds are expected over #zamboangadelnorte, #zamboangasibugay, #zamboangacity, #zamboangadelsur(bayog, lakewood, tigbao, kumalarang, lapuyan, sanmiguel, guipos, margosatubig, vincenzoa.sagun, midsalip, sominot, dumingag, mahayag, ramonmagsaysay, molave, josefina), #misamisoriental(laguindingan, alubijid, gitagum, libertad, initao, naawan, lugait, manticao), #lanaodelnorte(iligancity, baloi, poonapiagapo, matungao, baroy, salvador, tubod, kolambugan, magsaysay, tangcal, munai, maigo, bacolod, kauswagan, linamon, tagoloan, pantar, pantaoragat), #bukidnon(talakag), #lanaodelsur(kapatagan, balabagan, marogong, malabang, picong, lumbacaunayan, calanogas, sultandumalondong, tubaran, butig, lumbatan, lumbayanague, bayang, pagayawan, binidayan, ganassi, masiu, pualas, poonabayabao, lumbabayabao, tamparan, taraka, madamba, bacolodkalawi, mulondo, tugaya, balindong, madalum, buadiposobuntong, marantao, maguing, ditsaanramain, bubong, piagapo, marawicity, saguiaran, kapai, tagoloanii, bumbaran), #maguindanaodelnorte(buldon, barira, parang and matanog) within the next 1-2 hours. moderate to heavy rainshowers with lightning and strong winds are being experienced in #misamisoccidental, #lanaodelnorte(sultannagadimaporo, nunungan, kapatagan, sapad, lala), #zamboangadelsur(sanpablo, dumalinao, dinas, dimataling, tabina, pitogo, pagadiancity, labangan, tukuran, aurora and tambulig) which may persist within 1-2 hours and may affect nearby areas. all are advised to take precautionary measures against the impacts associated with these hazards which include flash floods and landslides. keep monitoring for updates. thunderstorm advisory no. 6 #minprsd issued at 10:00 pm 06 september 2025 light to moderate rainshowers with lightning and strong winds are expected over #zamboangadelnorte, #zamboangasibugay, #zamboangacity, #zamboangadelsur(bayog, lakewood, tigbao, kumalarang, lapuyan, sanmiguel, guipos, margosatubig, vincenzoa.sagun, midsalip, sominot, dumingag, mahayag, ramonmagsaysay, molave, josefina), #misamisoriental(laguindingan, alubijid, gitagum, libertad, initao, naawan, lugait, manticao), #lanaodelnorte(iligancity, baloi, poonapiagapo, matungao, baroy, salvador, tubod, kolambugan, magsaysay, tangcal, munai, maigo, bacolod, kauswagan, linamon, tagoloan, pantar, pantaoragat), #bukidnon(talakag), #lanaodelsur(kapatagan, balabagan, marogong, malabang, picong, lumbacaunayan, calanogas, sultandumalondong, tubaran, butig, lumbatan, lumbayanague, bayang, pagayawan, binidayan, ganassi, masiu, pualas, poonabayabao, lumbabayabao, tamparan, taraka, madamba, bacolodkalawi, mulondo, tugaya, balindong, madalum, buadiposobuntong, marantao, maguing, ditsaanramain, bubong, piagapo, marawicity, saguiaran, kapai, tagoloanii, bumbaran), #maguindanaodelnorte(buldon, barira, parang and matanog) within the next 1-2 hours. moderate to heavy rainshowers with lightning and strong winds are being experienced in #misamisoccidental, #lanaodelnorte(sultannagadimaporo, nunungan, kapatagan, sapad, lala), #zamboangadelsur(sanpablo, dumalinao, dinas, dimataling, tabina, pitogo, pagadiancity, labangan, tukuran, aurora and tambulig) which may persist within 1-2 hours and may affect nearby areas. all are advised to take precautionary measures against the impacts associated with these hazards which include flash floods and landslides. keep monitoring for updates.","September 06, 2025 22:00:00",ZAMBOANGA DEL NORTE (province); ZAMBOANGA SIBUGAY (province); ZAMBOANGA CITY (citymun); ZAMBOANGA DEL SUR (province); BAYOG (citymun); LAKEWOOD (citymun); TIGBAO (citymun); KUMALARANG (citymun); LAPUYAN (citymun); GUIPOS (citymun); MARGOSATUBIG (citymun); MIDSALIP (citymun); SOMINOT (DON MARIANO MARCOS) (citymun); DUMINGAG (citymun); MAHAYAG (citymun); MOLAVE (citymun); JOSEFINA (citymun); MISAMIS ORIENTAL (province); LAGUINDINGAN (citymun); ALUBIJID (citymun); GITAGUM (citymun); LIBERTAD (citymun); INITAO (citymun); NAAWAN (citymun); LUGAIT (citymun); MANTICAO (citymun); LANAO DEL NORTE (province); BALOI (citymun); MATUNGAO (citymun); BAROY (citymun); SALVADOR (citymun); TUBOD (Capital) (citymun); KOLAMBUGAN (citymun); MAGSAYSAY (citymun); TANGCAL (citymun); MUNAI (citymun); MAIGO (citymun); BACOLOD (citymun); KAUSWAGAN (citymun); LINAMON (citymun); TAGOLOAN (citymun); PANTAR (citymun); BUKIDNON (province); TALAKAG (citymun); LANAO DEL SUR (province); KAPATAGAN (citymun); BALABAGAN (citymun); MAROGONG (citymun); MALABANG (citymun); PICONG (SULTAN GUMANDER) (citymun); CALANOGAS (citymun); TUBARAN (citymun); BUTIG (citymun); LUMBATAN (citymun); LUMBAYANAGUE (citymun); BAYANG (citymun); PAGAYAWAN (TATARIKAN) (citymun); BINIDAYAN (citymun); GANASSI (citymun); MASIU (citymun); PUALAS (citymun); Philippines (country); TARAKA (citymun); MADAMBA (citymun); MULONDO (citymun); TUGAYA (citymun); BALINDONG (WATU) (citymun); MADALUM (citymun); MARANTAO (citymun); MAGUING (citymun); BUBONG (citymun); PIAGAPO (citymun); SAGUIARAN (citymun); KAPAI (citymun); BUMBARAN (citymun); BARIRA (citymun); MATANOG (citymun); MISAMIS OCCIDENTAL (province); NUNUNGAN (citymun); SAPAD (citymun); LALA (citymun); DUMALINAO (citymun); DINAS (citymun); DIMATALING (citymun); TABINA (citymun); PITOGO (citymun); LABANGAN (citymun),https://www.facebook.com/mprsdcdo/posts/pfbid0WX4Lnp9S93HEaZxptGnmJHysU13mmYxwciYqd2nmFi2MyyNFcB3spXsrZVeSxWHzl?__cft__[0]=AZU7TvUCbo__DFQmMSvil9lJupzo2VpCBMIGGwMNtZmI_HHWMHBrmqbnAJNejtY6zUPW4T67vHf6gHSstenzgdH0pPH6CBHQiEY9Yy7mR8ItsmNqQismTMcK6QTI1hCiTwpK6BBywTxxcppzn8sAlnlLi-L0SpbhzJb19tVaW_yGzyX9W02bCylQimz2ZwBLtqc&__tn__=%2CO%2CP-R,rainfall / flood
Facebook,MPRSD CDO,"thunderstorm advisory no. 7 #minprsd issued at 11:10 pm 06 september 2025 light to moderate rainshowers with lightning and strong winds are expected over #zamboangadelnorte(sibuco, sirawai, siocon, baliguian, tampilisan, kalawit, gutalac, godod, labason, salug, liloy, leonb.postigo, siayan, sergioosmenasr., sindangan, josedalman, manukan, pres.manuela.roxas, katipunan), #zamboangasibugay(tungawan, imelda, rosellerlim, buug, siay, ipil, diplahan, titay, naga, kabasalan), #zamboangacity, #misamisoccidental(bonifacio, tangubcity, ozamiscity, clarin), #zamboangadelsur(pagadiancity, labangan, tukuran, aurora, tambulig, bayog, lakewood, tigbao, kumalarang, guipos, midsalip, sominot, dumingag, mahayag, ramonmagsaysay, molave, josefina), #basilan, #maguindanaodelnorte(barira, matanog, parang, sultanmastura, sultankudarat, datuodinsinsuat, upi, datublaht.sinsuat), #cotabatocity, #bukidnon(cityofmalaybalay), #surigaodelsur(cantilan, carrascal, madrid, carmen, lingig, cityofbislig), #surigaodelnorte(claver, gigaquit, alegria), #agusandelnorte(santiago, tubay, cityofcabadbaran, jabonga, kitcharao), #davaodelsur(santacruz, cityofdigos, bansalan, magsaysay), #northcotabato(makilala), #davaooriental(baganga, cateel and boston) within the next 1-2 hours. moderate to heavy rainshowers with lightning and strong winds are being experienced in #zamboangadelnorte(mutia, sibutad, dipologcity, polanco, pinan, dapitancity, lalibertad, rizal), #zamboangasibugay(talusan, olutanga, mabuhay, alicia, payao, malangas), #misamisoccidental(donvictorianochiongbian, concepcion, baliangao, tudela, sinacaban, jimenez, panaon, aloran, oroquietacity, sapangdalaga, calamba, lopezjaena, plaridel), #zamboangadelsur(sanpablo, dumalinao, dinas, dimataling, tabina, pitogo, lapuyan, sanmiguel, margosatubig and vincenzoa.sagun) which may persist within 1-2 hours and may affect nearby areas. all are advised to take precautionary measures against the impacts associated with these hazards which include flash floods and landslides. keep monitoring for updates. thunderstorm advisory no. 7 #minprsd issued at 11:10 pm 06 september 2025 light to moderate rainshowers with lightning and strong winds are expected over #zamboangadelnorte(sibuco, sirawai, siocon, baliguian, tampilisan, kalawit, gutalac, godod, labason, salug, liloy, leonb.postigo, siayan, sergioosmenasr., sindangan, josedalman, manukan, pres.manuela.roxas, katipunan), #zamboangasibugay(tungawan, imelda, rosellerlim, buug, siay, ipil, diplahan, titay, naga, kabasalan), #zamboangacity, #misamisoccidental(bonifacio, tangubcity, ozamiscity, clarin), #zamboangadelsur(pagadiancity, labangan, tukuran, aurora, tambulig, bayog, lakewood, tigbao, kumalarang, guipos, midsalip, sominot, dumingag, mahayag, ramonmagsaysay, molave, josefina), #basilan, #maguindanaodelnorte(barira, matanog, parang, sultanmastura, sultankudarat, datuodinsinsuat, upi, datublaht.sinsuat), #cotabatocity, #bukidnon(cityofmalaybalay), #surigaodelsur(cantilan, carrascal, madrid, carmen, lingig, cityofbislig), #surigaodelnorte(claver, gigaquit, alegria), #agusandelnorte(santiago, tubay, cityofcabadbaran, jabonga, kitcharao), #davaodelsur(santacruz, cityofdigos, bansalan, magsaysay), #northcotabato(makilala), #davaooriental(baganga, cateel and boston) within the next 1-2 hours. moderate to heavy rainshowers with lightning and strong winds are being experienced in #zamboangadelnorte(mutia, sibutad, dipologcity, polanco, pinan, dapitancity, lalibertad, rizal), #zamboangasibugay(talusan, olutanga, mabuhay, alicia, payao, malangas), #misamisoccidental(donvictorianochiongbian, concepcion, baliangao, tudela, sinacaban, jimenez, panaon, aloran, oroquietacity, sapangdalaga, calamba, lopezjaena, plaridel), #zamboangadelsur(sanpablo, dumalinao, dinas, dimataling, tabina, pitogo, lapuyan, sanmiguel, margosatubig and vincenzoa.sagun) which may persist within 1-2 hours and may affect nearby areas. all are advised to take precautionary measures against the impacts associated with these hazards which include flash floods and landslides. keep monitoring for updates.","September 06, 2025 23:10:00",ZAMBOANGA DEL NORTE (province); SIRAWAI (citymun); SIOCON (citymun); BALIGUIAN (citymun); TAMPILISAN (citymun); KALAWIT (citymun); GUTALAC (citymun); GODOD (citymun); LABASON (citymun); SALUG (citymun); LILOY (citymun); SIAYAN (citymun); SINDANGAN (citymun); MANUKAN (citymun); KATIPUNAN (citymun); ZAMBOANGA SIBUGAY (province); IMELDA (citymun); BUUG (citymun); SIAY (citymun); IPIL (Capital) (citymun); DIPLAHAN (citymun); TITAY (citymun); NAGA (citymun); KABASALAN (citymun); ZAMBOANGA CITY (citymun); MISAMIS OCCIDENTAL (province); BONIFACIO (citymun); ZAMBOANGA DEL SUR (province); LABANGAN (citymun); TUKURAN (citymun); AURORA (province); TAMBULIG (citymun); BAYOG (citymun); LAKEWOOD (citymun); TIGBAO (citymun); KUMALARANG (citymun); GUIPOS (citymun); MIDSALIP (citymun); SOMINOT (DON MARIANO MARCOS) (citymun); DUMINGAG (citymun); MAHAYAG (citymun); MOLAVE (citymun); JOSEFINA (citymun); BASILAN (province); BARIRA (citymun); MATANOG (citymun); Philippines (country); UPI (citymun); COTABATO CITY (citymun); BUKIDNON (province); SURIGAO DEL SUR (province); CANTILAN (citymun); CARRASCAL (citymun); MADRID (citymun); CARMEN (citymun); LINGIG (citymun); SURIGAO DEL NORTE (province); ALEGRIA (citymun); AGUSAN DEL NORTE (province); SANTIAGO (citymun); TUBAY (citymun); JABONGA (citymun); KITCHARAO (citymun); DAVAO DEL SUR (province); BANSALAN (citymun); MAGSAYSAY (citymun); MAKILALA (citymun); DAVAO ORIENTAL (province); BAGANGA (citymun); CATEEL (citymun); BOSTON (citymun); MUTIA (citymun); SIBUTAD (citymun); POLANCO (citymun); PIÑAN (NEW PIÑAN) (citymun); RIZAL (province); TALUSAN (citymun); OLUTANGA (citymun); MABUHAY (citymun),https://www.facebook.com/mprsdcdo/posts/pfbid05bE3qhD9TQphRE9mZ5Nn1JT1ZfpDEfn4ohZsMTs5o9nE9zhHLnpsMd5gHHzTJgQCl?__cft__[0]=AZUdQFCMuZou7A53R1_CaXXUp_Aj89Jzjd1Pz2iVHhVUq75Nu-onLBgHQTnab5gXOHuuffqv2RULp4LEjNm1cUCDLQ_CTp9I0TBu6CQXo8YaOZ-XyxyIhdVHc5rCD7s8Q3JBN8ZiId9Vn3hfyCoWhTIpkb3rrBGl8w7NDLk4kr4FjeOebtELHVFtI00cD7zQ9W4&__tn__=%2CO%2CP-R,rainfall / flood
X,dost_pagasa,"heavy rainfall warning no. 11 #ncr_prsd weather system: enhanced southwest monsoon (habagat) issued at: 8:00 am, 06 september 2025(saturday) yellow warning level: bataan and zambales. associated hazard: flooding in flood-prone areas. meanwhile, expect light to moderate rains","September 06, 2025 08:00:00",BATAAN (province); ZAMBALES (province),https://x.com/dost_pagasa/status/1964117266297213198,rainfall / flood
X,dost_pagasa,"heavy rainfall warning no. 10 #ncr_prsd weather system: enhanced southwest monsoon (habagat) issued at: 5:00 am, 06 september 2025(saturday) yellow warning level: zambales and bataan. associated hazard: flooding in flood-prone areas. meanwhile, expect light to moderate with","September 06, 2025 05:00:00",BATAAN (province),https://x.com/dost_pagasa/status/1964072591901282497,rainfall / flood
Facebook,Civil Defense Davao,"thunderstorm advisory no. 7 #minprsd issued at 11:10 pm 06 september 2025 light to moderate rainshowers with lightning and strong winds are expected over [ ] #davaodelsur(santacruz, cityofdigos, bansalan, magsaysay), #northcotabato(makilala), #davaooriental(baganga, cateel and boston) within the next 1-2 hours. [ ] all are advised to take precautionary measures against the impacts associated with these hazards which include flash floods and landslides. keep monitoring for updates. source: mindanao pagasa regional services division thunderstorm advisory no. 7 #minprsd issued at 11:10 pm 06 september 2025 light to moderate rainshowers with lightning and strong winds are expected over [ ] #davaodelsur(santacruz, cityofdigos, bansalan, magsaysay), #northcotabato(makilala), #davaooriental(baganga, cateel and boston) within the next 1-2 hours. [ ] all are advised to take precautionary measures against the impacts associated with these hazards which include flash floods and landslides. keep monitoring for updates. source: mindanao pagasa regional services division","September 06, 2025 23:10:00",DAVAO DEL SUR (province); BANSALAN (citymun); MAGSAYSAY (citymun); MAKILALA (citymun); DAVAO ORIENTAL (province); BAGANGA (citymun); CATEEL (citymun); BOSTON (citymun); mindanao (island_group),https://www.facebook.com/civildefensedavao/posts/pfbid0KrPCdwDGmQJ1a2Zt8T1dvbsvFSwKXxMvRKdPTieKGUMo6MeHpcsj1hJgj9RmQFndl?__cft__[0]=AZX_Apy-zrGzC2uAphclkWk3iI3lW8uNR2GW3n-iLTOoptNCEmQ3fL4Zx8RVbWhrK3Fwwh2vkty9hY5vltlDqnQIHRL7bmerH_BM1rVGk8TIVsfa6vAOHdhV7yDvnEqma7GzzeNg0hXNjD1fgo9XGjXQ62hSpphspkeoyuKfV6bzsRPe87XrGJJNZ9i0kn4PzZs&__tn__=%2CO%2CP-R,rainfall / flood
Facebook,Davao DRRMO,"cdrrmo-opcen weather update: as of 11:30 pm | september 06, 2025 weather system: localized thunderstorms previously reported rainfall in some areas of talomo, toril, and tugbok districts has stopped. areas of davao city are experiencing partly cloudy to cloudy weather conditions. all river channels are monitored at code green (safe level). coastal status: > calm seas > going low tide #weatherupdate #davaocitydrrmo cdrrmo-opcen weather update: as of 11:30 pm | september 06, 2025 weather system: localized thunderstorms previously reported rainfall in some areas of talomo, toril, and tugbok districts has stopped. areas of davao city are experiencing partly cloudy to cloudy weather conditions. all river channels are monitored at code green (safe level). coastal status: > calm seas > going low tide #weatherupdate #davaocitydrrmo","September 06, 2025 23:30:00",Talomo (barangay); Toril (barangay); Tugbok (Pob.) (barangay); DAVAO CITY (citymun),https://www.facebook.com/DavaoDRRMO/posts/pfbid0k2kVEPmFxeb8vtCGWoSaj2o5ManjPoySoud5qKgpKdYPvEvzfPJkYk9posVaAjGLl?__cft__[0]=AZVUz4fBfuvFHHsant0vm9LNs51wSGrNUGC_regYFx90qwr39Bx7Tu54rdZewICQSwNM6XmfBNKXZsfxkNvi6lH-3607U6gav-My7E9r-dUfE3KaGVsMAPrjCdY7ccjGCVRfblZatuadwDwiS5xHE6TCr7VvqoJB3-gRsCZr4apbehyEwmv6ZAK4CbhpJH2J9hA&__tn__=%2CO%2CP-R,rainfall / flood
Facebook,Davao DRRMO,"cdrrmo-opcen weather update: as of 12:59 pm | september 07, 2025 weather system: easterlies light rains are being experienced in some areas of agdao, buhangin, and bunawan districts. other areas within davao city are experiencing sunny weather with partly cloudy to cloudy skies. all river channels are monitored at code green (safe level). coastal status: > calm seas > going high tide #weatherupdate #davaocitydrrmo cdrrmo-opcen weather update: as of 12:59 pm | september 07, 2025 weather system: easterlies light rains are being experienced in some areas of agdao, buhangin, and bunawan districts. other areas within davao city are experiencing sunny weather with partly cloudy to cloudy skies. all river channels are monitored at code green (safe level). coastal status: > calm seas > going high tide #weatherupdate #davaocitydrrmo","September 07, 2025 12:59:00",Agdao (barangay); Buhangin (barangay); BUNAWAN (citymun); DAVAO CITY (citymun),https://www.facebook.com/DavaoDRRMO/posts/pfbid0VU7tcxeHx5puvEe8JAWxnamJupPbVuWMSTNBejw1ntGUYZJ94YDDeGccGw12Euiwl?__cft__[0]=AZVWT7YNi06noCkD_28J0a-4ASa6GtndLxRRhAEu6_QHkDWUFu3_GrRQlPSd_SVt7J4HWg_6_dv_VZBCMZRLMHGAugsusEwEdimjUsNs2m6H6zICcL5UKHEzI6UPgl2oVWJOM_grJ_HkywfNI4o6oBL3NI6kXc2FvChOcLSh8hAMjrdT9q0aCuoX_zdjI6Xj_OA&__tn__=%2CO%2CP-R,rainfall / flood
Facebook,Storm Chasers PH,"flood control project sa cauayan city, isabela, bumigay! bumagsak ang bahagi ng ginagawang flood control project sa brgy. alicaocao, cauayan city, #isabela ngayong linggo, september 7. inaalam pa sa ngayon kung sino ang contractor at kung magkano ang halaga ng nasirang flood control project. bombo radyo cauayan flood control project sa cauayan city, isabela, bumigay! bumagsak ang bahagi ng ginagawang flood control project sa brgy. alicaocao, cauayan city, #isabela ngayong linggo, september 7. inaalam pa sa ngayon kung sino ang contractor at kung magkano ang halaga ng nasirang flood control project. bombo radyo cauayan manipis nga po","September 07, 2025 00:00:00",CITY OF CAUAYAN (citymun); Alicaocao (barangay); ISABELA (province),https://www.facebook.com/stormchasersPH/,rainfall / flood
Facebook,MPRSD CDO,"thunderstorm advisory no. 13 #minprsd issued at 09:09 am 07 september 2025 light to moderate rainshowers with lightning and strong winds are expected over #surigaodelsur, #agusandelsur(trento, santajosefa, veruela, loreto, bunawan), #surigaodelnorte(claver, socorro, siargaoisland, surigaocity), #dinagatislands, #davaooriental(boston, manay, caraga, baganga and cateel) within the next 1-2 hours. all are advised to take precautionary measures against the impacts associated with these hazards which include flash floods and landslides. keep monitoring for updates. thunderstorm advisory no. 13 #minprsd issued at 09:09 am 07 september 2025 light to moderate rainshowers with lightning and strong winds are expected over #surigaodelsur, #agusandelsur(trento, santajosefa, veruela, loreto, bunawan), #surigaodelnorte(claver, socorro, siargaoisland, surigaocity), #dinagatislands, #davaooriental(boston, manay, caraga, baganga and cateel) within the next 1-2 hours. all are advised to take precautionary measures against the impacts associated with these hazards which include flash floods and landslides. keep monitoring for updates.","September 07, 2025 09:09:00",SURIGAO DEL SUR (province); AGUSAN DEL SUR (province); TRENTO (citymun); VERUELA (citymun); LORETO (citymun); BUNAWAN (citymun); SURIGAO DEL NORTE (province); SOCORRO (citymun); DAVAO ORIENTAL (province); BOSTON (citymun); MANAY (citymun); REGION XIII (Caraga) (region); BAGANGA (citymun); CATEEL (citymun),https://www.facebook.com/mprsdcdo/posts/pfbid02wnz69EhC45hszJk9SyARLUtqQMMApRVmRUBwdGRbczLQcRRGGo9SWXAG6FG52Akxl?__cft__[0]=AZVCH0k4WT5hABJRAaWLaggbhp633nxEqSFM6DzVEISamkL4U4qS5PdwmvSM9bBoAf8EczQCtHKuIx_Qo1wo2m1DhPavc4EPNfE278q1cIx-97KV2odfuIieZ2S7eMDPUWPGZZhKgtBbwhkpXylmNFxH4I2O50NLoF-OSIosW9EOsUmkSBT-vhZDdegJZGflu0M&__tn__=%2CO%2CP-R,rainfall / flood
Facebook,Davao DRRMO,"cdrrmo-opcen weather update: as of 1:29 pm | september 07, 2025 weather system: easterlies reported rainfall within the areas of poblacion, agdao, buhangin, and bunawan districts has stopped. areas within davao city are experiencing sunny weather with partly cloudy to cloudy skies. all river channels are monitored at code green (safe level). coastal status: > calm to slight seas > going high tide #weatherupdate #davaocitydrrmo cdrrmo-opcen weather update: as of 1:29 pm | september 07, 2025 weather system: easterlies reported rainfall within the areas of poblacion, agdao, buhangin, and bunawan districts has stopped. areas within davao city are experiencing sunny weather with partly cloudy to cloudy skies. all river channels are monitored at code green (safe level). coastal status: > calm to slight seas > going high tide #weatherupdate #davaocitydrrmo","September 07, 2025 13:29:00",Poblacion (barangay); Agdao (barangay); Buhangin (barangay); BUNAWAN (citymun); DAVAO CITY (citymun),https://www.facebook.com/DavaoDRRMO/posts/pfbid0Lc4sm1787YrjsCryXJ89Xpx5JjnAhL5Wz2o8BKzxRPrTdJJ73xym68Zh69ELma98l?__cft__[0]=AZXra3Cb2mGqSEQpakXJGBUdCXSCoMG2s392gk79soErbI_9-ARss-cgxHKBQEYMWNq2ed24eTyRNH3J-J2-a45RHLx5gp_WOAibPIKgfU8g7vahuFnLXOlvJJt4RSVobmSVX9QHWg7LyGzCNQSsOzzN5xu6BPtJix4QYhuYd2xRal1DrDHo-LptbJ_AHBGp0zk&__tn__=%2CO%2CP-R,rainfall / flood
Facebook,Storm Chasers PH,"flood control project sa cauayan city, isabela, bumigay! bumagsak ang bahagi ng ginagawang flood control project sa brgy. alicaocao, cauayan city, #isabela ngayong linggo, september 7. inaalam pa sa ngayon kung sino ang contractor at kung magkano ang halaga ng nasirang flood control project. bombo radyo cauayan flood control project sa cauayan city, isabela, bumigay! bumagsak ang bahagi ng ginagawang flood control project sa brgy. alicaocao, cauayan city, #isabela ngayong linggo, september 7. inaalam pa sa ngayon kung sino ang contractor at kung magkano ang halaga ng nasirang flood control project. bombo radyo cauayan halatang bago pa ang project na yan. tapos isasabi na 2016 pa ang project na yan. kahit anong pukol nyo sa mga duterte kaming mga tao alam n namin mga galawan nnyo mga buwaya kayo .","October 14, 2016 00:00:00",CITY OF CAUAYAN (citymun); Alicaocao (barangay); ISABELA (province),https://www.facebook.com/stormchasersPH/,rainfall / flood
Facebook,MPRSD CDO,"thunderstorm advisory no. 14 #minprsd issued at 01:25 pm 07 september 2025 light to moderate rainshowers with lightning and strong winds are expected over #surigaodelsur(tagbina, lianga, sanagustin, marihatag, cagwait, bayabas, sanmiguel, tago, cityoftandag, carmen, lanuza, madrid, cortes, cantilan, carrascal, barobo, hinatuan), #agusandelsur, #dinagatislands, #davaooriental(manay, caraga, baganga, cityofmati, governorgeneroso, sanisidro, tarragona), #surigaodelnorte, #agusandelnorte(jabonga, kitcharao, santiago, tubay, remediost.romualdez, cityofcabadbaran), #misamisoriental(magsaysay, gingoogcity, claveria), #davaodeoro(monkayo, compostela, newbataan), #davaodelnorte(cityofsamal, santotomas, braulioe.dujali, cityofpanabo, carmen, cityoftagum, asuncion, newcorella), #lanaodelsur(kapatagan, balabagan, marogong, malabang, wao, picong, lumbacaunayan, calanogas, sultandumalondong, tubaran, butig, lumbatan, lumbayanague, bayang, pagayawan, binidayan, ganassi, masiu, pualas, poonabayabao, lumbabayabao, bumbaran, tamparan, madamba, bacolodkalawi, tugaya, balindong, madalum, marantao, piagapo, marawicity, saguiaran), #lanaodelnorte(nunungan, sultannagadimaporo, sapad, salvador, tubod, kapatagan, lala, baroy, iligancity), #zamboangadelnorte(gutalac, baliguian), #zamboangasibugay(ipil, titay, rosellerlim), #davaooccidental(joseabadsantos, sarangani), #sarangani(glan), #bukidnon(talakag, baungon, libona, manolofortich, malitbog, impasugong and sumilao) within the next 1-2 hours. moderate to occasionally heavy rainshowers with lightning and strong winds are being experienced in #surigaodelsur(lingig, cityofbislig), #davaooriental(boston, cateel), #agusandelnorte(buenavista, nasipit, carmen, butuancity, lasnieves, magallanes), #lanaodelsur(taraka, mulondo, buadiposobuntong, maguing, ditsaanramain, bubong, kapai and tagoloanii) which may persist within 1-2 hours and may affect nearby areas. all are advised to take precautionary measures against the impacts associated with these hazards which include flash floods and landslides. keep monitoring for updates. thunderstorm advisory no. 14 #minprsd issued at 01:25 pm 07 september 2025 light to moderate rainshowers with lightning and strong winds are expected over #surigaodelsur(tagbina, lianga, sanagustin, marihatag, cagwait, bayabas, sanmiguel, tago, cityoftandag, carmen, lanuza, madrid, cortes, cantilan, carrascal, barobo, hinatuan), #agusandelsur, #dinagatislands, #davaooriental(manay, caraga, baganga, cityofmati, governorgeneroso, sanisidro, tarragona), #surigaodelnorte, #agusandelnorte(jabonga, kitcharao, santiago, tubay, remediost.romualdez, cityofcabadbaran), #misamisoriental(magsaysay, gingoogcity, claveria), #davaodeoro(monkayo, compostela, newbataan), #davaodelnorte(cityofsamal, santotomas, braulioe.dujali, cityofpanabo, carmen, cityoftagum, asuncion, newcorella), #lanaodelsur(kapatagan, balabagan, marogong, malabang, wao, picong, lumbacaunayan, calanogas, sultandumalondong, tubaran, butig, lumbatan, lumbayanague, bayang, pagayawan, binidayan, ganassi, masiu, pualas, poonabayabao, lumbabayabao, bumbaran, tamparan, madamba, bacolodkalawi, tugaya, balindong, madalum, marantao, piagapo, marawicity, saguiaran), #lanaodelnorte(nunungan, sultannagadimaporo, sapad, salvador, tubod, kapatagan, lala, baroy, iligancity), #zamboangadelnorte(gutalac, baliguian), #zamboangasibugay(ipil, titay, rosellerlim), #davaooccidental(joseabadsantos, sarangani), #sarangani(glan), #bukidnon(talakag, baungon, libona, manolofortich, malitbog, impasugong and sumilao) within the next 1-2 hours. moderate to occasionally heavy rainshowers with lightning and strong winds are being experienced in #surigaodelsur(lingig, cityofbislig), #davaooriental(boston, cateel), #agusandelnorte(buenavista, nasipit, carmen, butuancity, lasnieves, magallanes), #lanaodelsur(taraka, mulondo, buadiposobuntong, maguing, ditsaanramain, bubong, kapai and tagoloanii) which may persist within 1-2 hours and may affect nearby areas. all are advised to take precautionary measures against the impacts associated with these hazards which include flash floods and landslides. keep monitoring for updates.","September 07, 2025 13:25:00",SURIGAO DEL SUR (province); TAGBINA (citymun); LIANGA (citymun); MARIHATAG (citymun); CAGWAIT (citymun); BAYABAS (citymun); TAGO (citymun); CARMEN (citymun); LANUZA (citymun); MADRID (citymun); CORTES (citymun); CANTILAN (citymun); CARRASCAL (citymun); BAROBO (citymun); HINATUAN (citymun); AGUSAN DEL SUR (province); DINAGAT ISLANDS (province); DAVAO ORIENTAL (province); MANAY (citymun); REGION XIII (Caraga) (region); BAGANGA (citymun); TARRAGONA (citymun); SURIGAO DEL NORTE (province); AGUSAN DEL NORTE (province); JABONGA (citymun); KITCHARAO (citymun); SANTIAGO (citymun); TUBAY (citymun); MISAMIS ORIENTAL (province); MAGSAYSAY (citymun); CLAVERIA (citymun); MONKAYO (citymun); COMPOSTELA (citymun); DAVAO DEL NORTE (province); ASUNCION (SAUG) (citymun); LANAO DEL SUR (province); KAPATAGAN (citymun); BALABAGAN (citymun); MAROGONG (citymun); MALABANG (citymun); WAO (citymun); PICONG (SULTAN GUMANDER) (citymun); CALANOGAS (citymun); TUBARAN (citymun); BUTIG (citymun); LUMBATAN (citymun); BAYANG (citymun); PAGAYAWAN (TATARIKAN) (citymun); BINIDAYAN (citymun); GANASSI (citymun); MASIU (citymun); PUALAS (citymun); BUMBARAN (citymun); Philippines (country); MADAMBA (citymun); TUGAYA (citymun); BALINDONG (WATU) (citymun); MADALUM (citymun); MARANTAO (citymun); PIAGAPO (citymun); SAGUIARAN (citymun); LANAO DEL NORTE (province); NUNUNGAN (citymun); SAPAD (citymun); SALVADOR (citymun); TUBOD (Capital) (citymun); LALA (citymun); BAROY (citymun); ZAMBOANGA DEL NORTE (province); GUTALAC (citymun); BALIGUIAN (citymun); ZAMBOANGA SIBUGAY (province); IPIL (Capital) (citymun); TITAY (citymun); DAVAO OCCIDENTAL (province); SARANGANI (province); GLAN (citymun); BUKIDNON (province); TALAKAG (citymun); BAUNGON (citymun); LIBONA (citymun); MALITBOG (citymun),https://www.facebook.com/mprsdcdo/posts/pfbid0XfEZmtNoX92jC4tRwYUFrG87QQcSmxm2CuBmZXg8QLTk34LzpU2h1iYAMBvmN4dl?__cft__[0]=AZUPfyzs9PZwdk8DWb9twSToiW9uECyotWzVA0X2xuo0DpmgwN_anaR8WnrT9Mr-F2Vze0ylHO8ikNXN7Vp-AJZ4ves23HX6aXn4qXTZmlHKWQ7YJ5GyGFQuR2jl3NMZ8k0K2uYSPQgg8kkWzGbHUVSL_AKvSduLuOn1xVPC8oiPI-oEJDIUKLfn-JpcaggyK5Q&__tn__=%2CO%2CP-R,rainfall / flood
Facebook,Davao DRRMO,"cdrrmo-opcen weather update: as of 3:54 pm | september 07, 2025 weather system: easterlies light rains are being experienced in some areas of toril, calinan, baguio, marilog, tugbok, talomo, poblacion, agdao, buhangin, bunawan, and paquibato districts. all river channels are monitored at code green (safe level). coastal status: > calm to slight seas > going high tide #weatherupdate #davaocitydrrmo cdrrmo-opcen weather update: as of 3:54 pm | september 07, 2025 weather system: easterlies light rains are being experienced in some areas of toril, calinan, baguio, marilog, tugbok, talomo, poblacion, agdao, buhangin, bunawan, and paquibato districts. all river channels are monitored at code green (safe level). coastal status: > calm to slight seas > going high tide #weatherupdate #davaocitydrrmo","September 07, 2025 15:54:00",Toril (barangay); Calinan (Pob.) (barangay); Baguio (barangay); Marilog (barangay); Tugbok (Pob.) (barangay); Talomo (barangay); Poblacion (barangay); Agdao (barangay); Buhangin (barangay); BUNAWAN (citymun); Paquibato (Pob.) (barangay),https://www.facebook.com/DavaoDRRMO/posts/pfbid02JYUt7rmk7mor2ttvLm8UxYe937Jqx4V7JBpyvDxeVRt3p99iaHJJFbfsNURViqUKl?__cft__[0]=AZU7_MeQBkVYrgoNsnMOBbE_TBSsGz8TRBLv875xiLzocJzIVmkfRFRbBDITInkeqYaoHx43fYl6ImWAKnPAp6Qnt8Y7edsC8LjpR3mmDsYTgXucQzt1vTSUFllXwhBikHq6OjzNGXBXUUdlbRj5REA2LtIqn3U5XvydilEwV8jKxhrY9Ycv-vBvdFRWlDZcMqk&__tn__=%2CO%2CP-R,rainfall / flood
Facebook,MPRSD CDO,"thunderstorm advisory no. 16 #minprsd issued at 04:00 pm 07 september 2025 light to moderate rainshowers with lightning and strong winds are expected over #misamisoriental(magsaysay, gingoogcity, jasaan, balingasag, cityofelsalvador, lagonglong, salay, medina, libertad, gitagum, laguindingan), #zamboangadelnorte(baliguian, pres.manuela.roxas, katipunan, polanco, pinan, siocon, rizal, liloy, tampilisan, labason, kalawit, gutalac, sirawai, sibuco, dipologcity), #davaodeoro(maragusan, newbataan, monkayo), #sarangani(maasim, alabel), #sultankudarat(palimbang, cityoftacurong, esperanza, columbio, lutayan, presidentquirino, lambayong), #cotabatocity, #maguindanaodelnorte(talitay, upi, datublaht.sinsuat, kabuntalan, datuodinsinsuat, northernkabuntalan), #misamisoccidental(donvictorianochiongbian, bonifacio, tangubcity, ozamiscity), #zamboangasibugay(talusan, olutanga, mabuhay, alicia, payao, tungawan, malangas, imelda, rosellerlim, ipil, titay), #surigaodelnorte(sanfrancisco, malimono, sison, mainit, alegria, surigaocity, socorro, siargaoisland, claver), #agusandelsur(santajosefa, veruela, talacogon, sibagat, trento, bunawan), #davaooriental(governorgeneroso, sanisidro, cityofmati, tarragona, manay), #maguindanaodelsur, #davaodelsur(hagonoy, matanao, magsaysay), #agusandelnorte(carmen, nasipit, buenavista, lasnieves, remediost.romualdez, butuancity, magallanes, tubay, cityofcabadbaran), #southcotabato, #surigaodelsur(carrascal, cityofbislig and lingig) within the next 1-2 hours. moderate to occasionally heavy rainshowers with lightning and strong winds are being experienced in #misamisoriental(claveria, cagayandeorocity, opol, manticao, lugait, tagoloan, villanueva, alubijid, naawan, initao), #davaodeoro(pantukan, mabini, maco, mawab, nabunturan, compostela, montevista, laak), #davaocity, #lanaodelsur, #sarangani(kiamba, maitum), #sultankudarat(kalamansig, lebak, sen.ninoyaquino, isulan, bagumbayan), #maguindanaodelnorte(sultanmastura, sultankudarat, parang, matanog, barira, buldon), #zamboangadelnorte(lalibertad, sergioosmenasr., mutia, siayan, manukan, josedalman, sindangan, leonb.postigo, godod, salug), #davaodelsur(cityofdigos, santacruz, bansalan), #davaodelnorte, #lanaodelnorte, #northcotabato, #zamboangasibugay(buug, siay, diplahan, naga, kabasalan), #agusandelsur(loreto, lapaz, esperanza, sanluis), #davaooriental(banaybanay, lupon), #zamboangadelsur and #bukidnon which may persist within 1-2 hours and may affect nearby areas. all are advised to take precautionary measures against the impacts associated with these hazards which include flash floods and landslides. keep monitoring for updates. thunderstorm advisory no. 16 #minprsd issued at 04:00 pm 07 september 2025 light to moderate rainshowers with lightning and strong winds are expected over #misamisoriental(magsaysay, gingoogcity, jasaan, balingasag, cityofelsalvador, lagonglong, salay, medina, libertad, gitagum, laguindingan), #zamboangadelnorte(baliguian, pres.manuela.roxas, katipunan, polanco, pinan, siocon, rizal, liloy, tampilisan, labason, kalawit, gutalac, sirawai, sibuco, dipologcity), #davaodeoro(maragusan, newbataan, monkayo), #sarangani(maasim, alabel), #sultankudarat(palimbang, cityoftacurong, esperanza, columbio, lutayan, presidentquirino, lambayong), #cotabatocity, #maguindanaodelnorte(talitay, upi, datublaht.sinsuat, kabuntalan, datuodinsinsuat, northernkabuntalan), #misamisoccidental(donvictorianochiongbian, bonifacio, tangubcity, ozamiscity), #zamboangasibugay(talusan, olutanga, mabuhay, alicia, payao, tungawan, malangas, imelda, rosellerlim, ipil, titay), #surigaodelnorte(sanfrancisco, malimono, sison, mainit, alegria, surigaocity, socorro, siargaoisland, claver), #agusandelsur(santajosefa, veruela, talacogon, sibagat, trento, bunawan), #davaooriental(governorgeneroso, sanisidro, cityofmati, tarragona, manay), #maguindanaodelsur, #davaodelsur(hagonoy, matanao, magsaysay), #agusandelnorte(carmen, nasipit, buenavista, lasnieves, remediost.romualdez, butuancity, magallanes, tubay, cityofcabadbaran), #southcotabato, #surigaodelsur(carrascal, cityofbislig and lingig) within the next 1-2 hours. moderate to occasionally heavy rainshowers with lightning and strong winds are being experienced in #misamisoriental(claveria, cagayandeorocity, opol, manticao, lugait, tagoloan, villanueva, alubijid, naawan, initao), #davaodeoro(pantukan, mabini, maco, mawab, nabunturan, compostela, montevista, laak), #davaocity, #lanaodelsur, #sarangani(kiamba, maitum), #sultankudarat(kalamansig, lebak, sen.ninoyaquino, isulan, bagumbayan), #maguindanaodelnorte(sultanmastura, sultankudarat, parang, matanog, barira, buldon), #zamboangadelnorte(lalibertad, sergioosmenasr., mutia, siayan, manukan, josedalman, sindangan, leonb.postigo, godod, salug), #davaodelsur(cityofdigos, santacruz, bansalan), #davaodelnorte, #lanaodelnorte, #northcotabato, #zamboangasibugay(buug, siay, diplahan, naga, kabasalan), #agusandelsur(loreto, lapaz, esperanza, sanluis), #davaooriental(ba","September 07, 2025 16:00:00",MISAMIS ORIENTAL (province); MAGSAYSAY (citymun); JASAAN (citymun); BALINGASAG (citymun); LAGONGLONG (citymun); SALAY (citymun); MEDINA (citymun); LIBERTAD (citymun); GITAGUM (citymun); LAGUINDINGAN (citymun); ZAMBOANGA DEL NORTE (province); BALIGUIAN (citymun); KATIPUNAN (citymun); POLANCO (citymun); PIÑAN (NEW PIÑAN) (citymun); SIOCON (citymun); RIZAL (province); LILOY (citymun); TAMPILISAN (citymun); LABASON (citymun); KALAWIT (citymun); GUTALAC (citymun); SIRAWAI (citymun); SIBUCO (citymun); MARAGUSAN (SAN MARIANO) (citymun); MONKAYO (citymun); SARANGANI (province); MAASIM (citymun); ALABEL (Capital) (citymun); SULTAN KUDARAT (province); PALIMBANG (citymun); ESPERANZA (citymun); COLUMBIO (citymun); LUTAYAN (citymun); LAMBAYONG (MARIANO MARCOS) (citymun); COTABATO CITY (citymun); TALITAY (citymun); UPI (citymun); KABUNTALAN (TUMBAO) (citymun); MISAMIS OCCIDENTAL (province); BONIFACIO (citymun); ZAMBOANGA SIBUGAY (province); TALUSAN (citymun); OLUTANGA (citymun); MABUHAY (citymun); ALICIA (citymun); PAYAO (citymun); TUNGAWAN (citymun); MALANGAS (citymun); IMELDA (citymun); IPIL (Capital) (citymun); TITAY (citymun); SURIGAO DEL NORTE (province); MALIMONO (citymun); SISON (citymun); MAINIT (citymun); ALEGRIA (citymun); SOCORRO (citymun); CLAVER (citymun); AGUSAN DEL SUR (province); VERUELA (citymun); TALACOGON (citymun); SIBAGAT (citymun); TRENTO (citymun); BUNAWAN (citymun); DAVAO ORIENTAL (province); TARRAGONA (citymun); MANAY (citymun); DAVAO DEL SUR (province); HAGONOY (citymun); MATANAO (citymun); AGUSAN DEL NORTE (province); CARMEN (citymun); NASIPIT (citymun); BUENAVISTA (citymun); MAGALLANES (citymun); TUBAY (citymun); SOUTH COTABATO (province); SURIGAO DEL SUR (province); CARRASCAL (citymun),https://www.facebook.com/mprsdcdo/posts/pfbid0QLXEUgzS9NNtYg4kJp2rjPaNGnHkn9AwcHaF8BD82Fa9PXbD3e5n6AWXFGpTdepfl?__cft__[0]=AZUVb7vUr0qi7XtIEs75O07OTvndWDSCGJIG_GyMmwzYj2Hzqgwt8crkP4LkLDFxOE5irp9hTgpj8KNcOXBIlAqL5YhCaflD3VsxR_m3Hbzm7di_2-sNX2FLeFhCgfVc8OGcWRS8F7XdbiJkYfWsKqQ5d2WjU__9Rij0DFCCKN55geY4NnUGNlGybpSTxNM0hb0&__tn__=%2CO%2CP-R,rainfall / flood
Facebook,PAGASA,"24-hour public weather forecast issued at 4:00 pm, 07 september 2025 synopsis: easterlies affecting southern luzon, visayas and mindanao. tropical cyclone outside par as of 3:00 pm today tropical storm tapah (formerly ""lannie"") location: 750 km west of laoag city, ilocos norte (19.3n, 113.5e) maximum sustained winds: 85 km/h near the center gustiness: up to 105 km/h movement: northwestward at 15 km/h forecast weather conditions area: metro manila, calabarzon, mimaropa, bicol region, visayas, and mindanao weather condition: partly cloudy to cloudy skies with isolated rainshowers or thunderstorms caused by: easterlies impacts: possible flash floods or landslides during severe thunderstorms area: the rest of the country weather condition: partly cloudy to cloudy skies with isolated rainshowers or thunderstorms caused by: localized thunderstorm impacts: possible flash floods or landslides during severe thunderstorms forecast wind and coastal water conditions area: the western section of northern luzon wind speed: moderate wind direction: south coastal waters: moderate / (1.2 to 1.8 meters) area: the rest of luzon wind speed: light to moderate wind direction: southeast to south coastal waters: slight to moderate / (0.6 to 1.5 meters) area: visayas and mindanao wind speed: light to moderate wind direction: east to southeast coastal waters: slight to moderate / (0.6 to 1.5 meters) extremes of temperature and relative humidity for the 24-hour period ending 4:00 pm today minimum temperature: 23.5 c 6:00 am maximum temperature: 33.3 c 3:00 pm minumum relative humidity: 57 % 2:00 pm maximum relative humidity: 95 % 5:00 am tides and astronomical information over metro manila sunrise tomorrow: 5:45am sunset today: 6:03pm moonrise tomorrow: 6:28pm moonset tomorrow: 5:56am illumination tomorrow: 99% for other information about weather, please log on to pagasa.dost.gov.ph or bagong.pagasa.dost.gov.ph or call at (02)927-1335/(02)926-4258 24-hour public weather forecast issued at 4:00 pm, 07 september 2025 synopsis: easterlies affecting southern luzon, visayas and mindanao. tropical cyclone outside par as of 3:00 pm today tropical storm tapah (formerly ""lannie"") location: 750 km west of laoag city, ilocos norte (19.3n, 113.5e) maximum sustained winds: 85 km/h near the center gustiness: up to 105 km/h movement: northwestward at 15 km/h forecast weather conditions area: metro manila, calabarzon, mimaropa, bicol region, visayas, and mindanao weather condition: partly cloudy to cloudy skies with isolated rainshowers or thunderstorms caused by: easterlies impacts: possible flash floods or landslides during severe thunderstorms area: the rest of the country weather condition: partly cloudy to cloudy skies with isolated rainshowers or thunderstorms caused by: localized thunderstorm impacts: possible flash floods or landslides during severe thunderstorms forecast wind and coastal water conditions area: the western section of northern luzon wind speed: moderate wind direction: south coastal waters: moderate / (1.2 to 1.8 meters) area: the rest of luzon wind speed: light to moderate wind direction: southeast to south coastal waters: slight to moderate / (0.6 to 1.5 meters) area: visayas and mindanao wind speed: light to moderate wind direction: east to southeast coastal waters: slight to moderate / (0.6 to 1.5 meters) extremes of temperature and relative humidity for the 24-hour period ending 4:00 pm today minimum temperature: 23.5 c 6:00 am maximum temperature: 33.3 c 3:00 pm minumum relative humidity: 57 % 2:00 pm maximum relative humidity: 95 % 5:00 am tides and astronomical information over metro manila sunrise tomorrow: 5:45am sunset today: 6:03pm moonrise tomorrow: 6:28pm moonset tomorrow: 5:56am illumination tomorrow: 99% for other information about weather, please log on to pagasa.dost.gov.ph or bagong.pagasa.dost.gov.ph or call at (02)927-1335/(02)926-4258","September 07, 2025 16:00:00",Luzon (island_group); ILOCOS NORTE (province); NATIONAL CAPITAL REGION (NCR) (region); REGION IV-B (MIMAROPA) (region); REGION V (BICOL REGION) (region),https://www.facebook.com/PAGASA.DOST.GOV.PH/posts/pfbid0E6RHTQsZeoMvk3fWSrQe9o5nzoUwC7nCm9SkjUEsFUZZqA2aWu8jXqVNKuxcSA6Pl?__cft__[0]=AZVN21PsO4yH1HaekgEpnqhYRm3rS3zxJVTpw2NoCq_l9tDd9n2oj_49uDM4aucErTaUnLtWveEneDOaIYMf_ozDRbV6iVU968jCu31GXxHCCJRlj9LUUxY2cb8n0t2Y_q6RWOXN9xapxF8Vv4ifswVRB_hgcBFVtC0FlrEJddMktHmlKeOlzVEFbElroXS7Qbg&__tn__=%2CO%2CP-R,rainfall / flood
Facebook,Storm Chasers PH,"look: habang papalapit ang oras ng pagsisimula ng #totallunareclipse2025 sa pilipinas, patuloy ding nabubuo ang mga kaulapan dulot ng thunderstorms sa malaking bahagi ng bansa. #pulangbuwan2025 #totallunareclipse2025 #astroph look: habang papalapit ang oras ng pagsisimula ng #totallunareclipse2025 sa pilipinas, patuloy ding nabubuo ang mga kaulapan dulot ng thunderstorms sa malaking bahagi ng bansa. #pulangbuwan2025 #totallunareclipse2025 #astroph only batanes can see the eclipse, but only the can see earlier.","September 07, 2025 16:30:00",Philippines (country); Bata (barangay),https://www.facebook.com/stormchasersPH/posts/pfbid025dC2hMY2aJnoRaedVtpL5yCE4sxMyKdPWgd5wKA5CGW73TkfnHyPgRAo6fvYRJJBl?__cft__[0]=AZUu27cFGgLVdbo7xdmvalKPK7UpqOwN4Dm8JMZnV09VEN7MuVXhUaKn_1lJUsQary4IrQsYf5n5TaJCF6_wFUWPh65SFuar6294UFvSiT5g6pe0jZFK3nS1G4qcxRWk17omIFzn9TNnyAH4np_cylPbIycsF7Ba3ykWFlp-J2QgVwPJhDhpP3F2L5pj8hdQ9XA&__tn__=%2CO%2CP-R,rainfall / flood
Facebook,MPRSD CDO,"mindanao weather forecast #minprsd issued at: 5:00 pm 07 september 2025 valid until: 5:00 pm tomorrow synopsis: easterlies affecting mindanao. tc information tropical cyclone outside par as of 3:00 pm today tropical storm tapah (formerly ""lannie"") location: 750 km west of laoag city, ilocos norte (19.3n, 113.5e) maximum sustained winds: 85 km/h near the center gustiness: up to 105 km/h movement: northwestward at 15 km/h forecast: mindanao will have partly cloudy to cloudy skies with isolated rainshowers and/or thunderstorms due to easterlies. possible flash floods or landslides during severe thunderstorms. light to moderate winds from east to southeast with slight to moderate seas (0.6 to 1.5 meters). kaugalingong dayalekto: ang tibuok dapit sa mindanao makasinati sa panalagsang pagdag-um ngadto sa mapanganuron nga kalangitan inubanan sa pat-ak pat-ak nga pag-ulan, kilat ug pagpanalugdog tungod sa easterlies. possible pagbaha ug pagdahili sa yuta tungod sa severe thunderstorms. hinay ngadto sa kasarangan nga hangin ang magagikan sa silangan ngadto na sa habagatang silangang direksyon ug ang kadagatan hapsay ngadto sa kasarangan ang pagbalud (0.6 to 1.5 meters). over laguindingan upper air and synoptic station, misamis oriental maximum temperature: 03:00 pm today 30.5 c minimum temperature: 05:00 am today 23.2 c maximum relative humidity: 05:00 am today 93 % minimum relative humidity: 03:00 pm today -- 76 % astronomical information over el salvador city sunset today : 05:47 pm sunrise tomorrow: 05:33 am moonrise today : 05:29 pm moonset tomorrow : 05:43 am for more information and queries, please call at telephone number (088) 555-0485 local 102 mindanao prsd website: mindanao prsd facebook account: facebook group: mindanao weather forecast #minprsd issued at: 5:00 pm 07 september 2025 valid until: 5:00 pm tomorrow synopsis: easterlies affecting mindanao. tc information tropical cyclone outside par as of 3:00 pm today tropical storm tapah (formerly ""lannie"") location: 750 km west of laoag city, ilocos norte (19.3n, 113.5e) maximum sustained winds: 85 km/h near the center gustiness: up to 105 km/h movement: northwestward at 15 km/h forecast: mindanao will have partly cloudy to cloudy skies with isolated rainshowers and/or thunderstorms due to easterlies. possible flash floods or landslides during severe thunderstorms. light to moderate winds from east to southeast with slight to moderate seas (0.6 to 1.5 meters). kaugalingong dayalekto: ang tibuok dapit sa mindanao makasinati sa panalagsang pagdag-um ngadto sa mapanganuron nga kalangitan inubanan sa pat-ak pat-ak nga pag-ulan, kilat ug pagpanalugdog tungod sa easterlies. possible pagbaha ug pagdahili sa yuta tungod sa severe thunderstorms. hinay ngadto sa kasarangan nga hangin ang magagikan sa silangan ngadto na sa habagatang silangang direksyon ug ang kadagatan hapsay ngadto sa kasarangan ang pagbalud (0.6 to 1.5 meters). over laguindingan upper air and synoptic station, misamis oriental maximum temperature: 03:00 pm today 30.5 c minimum temperature: 05:00 am today 23.2 c maximum relative humidity: 05:00 am today 93 % minimum relative humidity: 03:00 pm today -- 76 % astronomical information over el salvador city sunset today : 05:47 pm sunrise tomorrow: 05:33 am moonrise today : 05:29 pm moonset tomorrow : 05:43 am for more information and queries, please call at telephone number (088) 555-0485 local 102 mindanao prsd website: mindanao prsd facebook account: facebook group:","September 07, 2025 17:00:00",mindanao (island_group); LAOAG CITY (Capital) (citymun); Ilo (barangay); LAGUINDINGAN (citymun); CITY OF EL SALVADOR (citymun),https://www.facebook.com/mprsdcdo/posts/pfbid02FQRpRFGYN7MxDprUfBaKB6sU5Vj7A3jA5UWmHvfY6DR8Mas2JocXykDREymGpxpcl?__cft__[0]=AZVUc5-9qU8iBOxMOVHTfGH-ohiCSGE0u85VIxhG4Pn14gxsROB_STCsypJJpkx6pxy1cf7VmrqwriWYHmngTNQuyyGgr0VwMj29cRLEYulv7AbucWekvArix2kBOaj7qq78qadduBpOpOsnsfdBC90GmwYWOwdCMo5ROCHpr8FehC7xDaFhtULM1ZkASAF5Woc&__tn__=%2CO%2CP-R,rainfall / flood
Facebook,Weather Davao,"24-hour localized weather forecast for davao region issued at 4:00 pm september 7, 2025 valid until 4:00 pm tomorrow synopsis: easterlies affecting southern luzon, visayas, davao region and the rest of mindanao. tropical cyclone outside par as of 3:00 pm today tropical storm tapah (formerly ""lannie"") location: 750 km west of laoag city, ilocos norte (19.3n, 113.5e) maximum sustained winds: 85 km/h near the center gustiness: up to 105 km/h movement: northwestward at 15 km/h forecast: davao region will have partly cloudy to cloudy skies with isolated rainshowers or thunderstorms due to easterlies.. possible flash floods or landslides during severe thunderstorms. light to moderate winds coming from east to southeast with slight to moderate seas (0.6 to 1.5 meters). kaugalingong pinulungan: ang syudad sa dabaw ug ubang dapit sa rehiyon sa dabaw makasinati sa panalagsang pagdag-um ngadto sa mapanganuron nga kalangitan inubanan sa pat-ak pat-ak nga pag-ulan o kilat ug pagpanalugdog tungod sa easterlies. possible pagbaha ug pagdahili sa yuta tungod sa severe thunderstorms o grabe na pagbundak sa ulan. hinay ngadto sa kasarangan nga hangin ang magagikan sa sidlakan ngadto sa habagatang-sidlakang direksyon ug ang kadagatan hapsay ngadto sa kasarangan ang pagbalud (0.6 to 1.5 meters). forecast over davao city temperatura ugma: 24 c to 32 c sunset (salop) karon: 5:46 pm sunrise (sidlak) ugma: 5:33 am for more information and queries, please call telephone for local number (082)234-0890 and (088)555-0485 for regional or log on to bagong.pagasa.dost.gov.ph /regional /mindanao-prsd or join our facebook group at mindanao prsd (regional office) or pagasa davao (local). 24-hour localized weather forecast for davao region issued at 4:00 pm september 7, 2025 valid until 4:00 pm tomorrow synopsis: easterlies affecting southern luzon, visayas, davao region and the rest of mindanao. tropical cyclone outside par as of 3:00 pm today tropical storm tapah (formerly ""lannie"") location: 750 km west of laoag city, ilocos norte (19.3n, 113.5e) maximum sustained winds: 85 km/h near the center gustiness: up to 105 km/h movement: northwestward at 15 km/h forecast: davao region will have partly cloudy to cloudy skies with isolated rainshowers or thunderstorms due to easterlies.. possible flash floods or landslides during severe thunderstorms. light to moderate winds coming from east to southeast with slight to moderate seas (0.6 to 1.5 meters). kaugalingong pinulungan: ang syudad sa dabaw ug ubang dapit sa rehiyon sa dabaw makasinati sa panalagsang pagdag-um ngadto sa mapanganuron nga kalangitan inubanan sa pat-ak pat-ak nga pag-ulan o kilat ug pagpanalugdog tungod sa easterlies. possible pagbaha ug pagdahili sa yuta tungod sa severe thunderstorms o grabe na pagbundak sa ulan. hinay ngadto sa kasarangan nga hangin ang magagikan sa sidlakan ngadto sa habagatang-sidlakang direksyon ug ang kadagatan hapsay ngadto sa kasarangan ang pagbalud (0.6 to 1.5 meters). forecast over davao city temperatura ugma: 24 c to 32 c sunset (salop) karon: 5:46 pm sunrise (sidlak) ugma: 5:33 am for more information and queries, please call telephone for local number (082)234-0890 and (088)555-0485 for regional or log on to bagong.pagasa.dost.gov.ph /regional /mindanao-prsd or join our facebook group at mindanao prsd (regional office) or pagasa davao (local).","September 07, 2025 16:00:00",REGION XI (DAVAO REGION) (region); Luzon (island_group); LAOAG CITY (Capital) (citymun); Ilo (barangay); Sidlakan (barangay),https://www.facebook.com/weather.davao/posts/pfbid02uY9kygAHi24t1Zw2tjWSGjFWVeLiHYbCW9HVUwXz8v9g1BtgjHqZ9LrMo6LJBMibl?__cft__[0]=AZXYtLlUf-cLxLRf-U5_iDWAASd2H3Xum5r-6LLhzrUBW_7lhhAqnBm93zwZ63om7RFPD_9YL7bAiSHyp_kDyVOpYXFAqIIos2tD5RnYZKLqWnrrXc45MgM4bv6ZhngUHtPCDFRqacy1hFfhZr0JnF27apt_Z7uQeZCll1FzB7i50GbDR-fGLfmEpThXXmXa2bY&__tn__=%2CO%2CP-R,rainfall / flood
Facebook,Civil Defense Davao,"heavy rainfall warning no. 2 #minprsd weather system: easterlies issued at 08:00 pm 07 september 2025 yellow warning: #maguindanaodelnorte(talitay, upi, datublaht.sinsuat, datuodinsinsuat), #zamboangadelsur(tabina, pitogo, dimataling), #sultankudarat(palimbang, kalamansig and lebak) associated hazard: flooding is possible in low-lying areas and landslide in mountainous areas meanwhile, light to moderate rains are expected over #zamboangadelnorte(godod, salug, leonb.postigo, sindangan, josedalman, manukan, pres.manuela.roxas, katipunan, dipologcity), #basilan, #surigaodelnorte, #dinagatislands, #misamisoccidental(bonifacio, tangubcity, ozamiscity, clarin, tudela, sinacaban, jimenez), #lanaodelnorte, #bukidnon(damulog, kibawe, kadingilan, dangcagan, kitaotao, doncarlos, quezon, maramag, sanfernando, cityofvalencia, cabanglasan, lantapan, cityofmalaybalay, sumilao, manolofortich, malitbog, impasugong), #misamisoriental, #agusandelsur(esperanza, sanluis, cityofbayugan, talacogon, sibagat, trento, bunawan, rosario, lapaz, loreto, veruela, santajosefa), #davaodeoro, #surigaodelsur(lingig, cityofbislig, tagbina, sanagustin, marihatag, cagwait, bayabas, sanmiguel, tago, cityoftandag, carmen, lanuza, madrid, cortes, cantilan, carrascal, hinatuan), #camiguin, #davaooriental(governorgeneroso, sanisidro, cityofmati, tarragona, banaybanay, lupon, manay, caraga, cateel, boston), #davaodelnorte and #davaocity within the next 2-3 hours. moderate to heavy rains affecting #maguindanaodelnorte(kabuntalan, northernkabuntalan, sultanmastura, sultankudarat, parang, matanog, barira, buldon), #cotabatocity, #lanaodelsur, #zamboangadelnorte(sibuco, sirawai, siocon, baliguian, tampilisan, kalawit, gutalac, labason, liloy, siayan, sergioosmenasr., mutia, sibutad, polanco, pinan, dapitancity, lalibertad, rizal), #zamboangasibugay, #zamboangadelsur(vincenzoa.sagun, margosatubig, dinas, sanpablo, sanmiguel, lapuyan, guipos, kumalarang, dumalinao, tigbao, labangan, pagadiancity, tukuran, lakewood, bayog, aurora, ramonmagsaysay, sominot, midsalip, tambulig, mahayag, dumingag, molave, josefina), #zamboangacity, #sultankudarat(sen.ninoyaquino, bagumbayan, lutayan, isulan, cityoftacurong, columbio, esperanza, presidentquirino, lambayong), #davaooccidental, #sarangani, #southcotabato, #davaodelsur, #misamisoccidental(donvictorianochiongbian, concepcion, baliangao, panaon, aloran, oroquietacity, sapangdalaga, calamba, lopezjaena, plaridel), #bukidnon(kalilangan, pangantucan, talakag, baungon, libona), #agusandelsur(prosperidad, sanfrancisco), #maguindanaodelsur, #northcotabato, #surigaodelsur(lianga, barobo) and #davaooriental(baganga) which may persist within 2-3 hours and may affect nearby areas. source: mindanao prsd heavy rainfall warning no. 2 #minprsd weather system: easterlies issued at 08:00 pm 07 september 2025 yellow warning: #maguindanaodelnorte(talitay, upi, datublaht.sinsuat, datuodinsinsuat), #zamboangadelsur(tabina, pitogo, dimataling), #sultankudarat(palimbang, kalamansig and lebak) associated hazard: flooding is possible in low-lying areas and landslide in mountainous areas meanwhile, light to moderate rains are expected over #zamboangadelnorte(godod, salug, leonb.postigo, sindangan, josedalman, manukan, pres.manuela.roxas, katipunan, dipologcity), #basilan, #surigaodelnorte, #dinagatislands, #misamisoccidental(bonifacio, tangubcity, ozamiscity, clarin, tudela, sinacaban, jimenez), #lanaodelnorte, #bukidnon(damulog, kibawe, kadingilan, dangcagan, kitaotao, doncarlos, quezon, maramag, sanfernando, cityofvalencia, cabanglasan, lantapan, cityofmalaybalay, sumilao, manolofortich, malitbog, impasugong), #misamisoriental, #agusandelsur(esperanza, sanluis, cityofbayugan, talacogon, sibagat, trento, bunawan, rosario, lapaz, loreto, veruela, santajosefa), #davaodeoro, #surigaodelsur(lingig, cityofbislig, tagbina, sanagustin, marihatag, cagwait, bayabas, sanmiguel, tago, cityoftandag, carmen, lanuza, madrid, cortes, cantilan, carrascal, hinatuan), #camiguin, #davaooriental(governorgeneroso, sanisidro, cityofmati, tarragona, banaybanay, lupon, manay, caraga, cateel, boston), #davaodelnorte and #davaocity within the next 2-3 hours. moderate to heavy rains affecting #maguindanaodelnorte(kabuntalan, northernkabuntalan, sultanmastura, sultankudarat, parang, matanog, barira, buldon), #cotabatocity, #lanaodelsur, #zamboangadelnorte(sibuco, sirawai, siocon, baliguian, tampilisan, kalawit, gutalac, labason, liloy, siayan, sergioosmenasr., mutia, sibutad, polanco, pinan, dapitancity, lalibertad, rizal), #zamboangasibugay, #zamboangadelsur(vincenzoa.sagun, margosatubig, dinas, sanpablo, sanmiguel, lapuyan, guipos, kumalarang, dumalinao, tigbao, labangan, pagadiancity, tukuran, lakewood, bayog, aurora, ramonmagsaysay, sominot, midsalip, tambulig, mahayag, dumingag, molave, josefina), #zamboangacity, #sultankudarat(sen.ninoyaquino, bagumbayan, lutayan, isulan, cityoftacurong, columbio, esperanza, presidentquirino, lambayong), #davaooccidental, #s","September 07, 2025 20:00:00",TALITAY (citymun); UPI (citymun); ZAMBOANGA DEL SUR (province); TABINA (citymun); PITOGO (citymun); DIMATALING (citymun); SULTAN KUDARAT (province); PALIMBANG (citymun); KALAMANSIG (citymun); LEBAK (citymun); ZAMBOANGA DEL NORTE (province); GODOD (citymun); SALUG (citymun); SINDANGAN (citymun); MANUKAN (citymun); KATIPUNAN (citymun); BASILAN (province); SURIGAO DEL NORTE (province); DINAGAT ISLANDS (province); MISAMIS OCCIDENTAL (province); BONIFACIO (citymun); CLARIN (citymun); TUDELA (citymun); SINACABAN (citymun); JIMENEZ (citymun); LANAO DEL NORTE (province); BUKIDNON (province); DAMULOG (citymun); KIBAWE (citymun); KADINGILAN (citymun); DANGCAGAN (citymun); KITAOTAO (citymun); QUEZON (province); MARAMAG (citymun); CABANGLASAN (citymun); LANTAPAN (citymun); SUMILAO (citymun); MALITBOG (citymun); MISAMIS ORIENTAL (province); AGUSAN DEL SUR (province); ESPERANZA (citymun); TALACOGON (citymun); SIBAGAT (citymun); TRENTO (citymun); BUNAWAN (citymun); ROSARIO (citymun); Lapaz (barangay); LORETO (citymun); VERUELA (citymun); SURIGAO DEL SUR (province); TAGBINA (citymun); MARIHATAG (citymun); CAGWAIT (citymun); BAYABAS (citymun); TAGO (citymun); CARMEN (citymun); LANUZA (citymun); MADRID (citymun); CORTES (citymun); CANTILAN (citymun); CARRASCAL (citymun); HINATUAN (citymun); CAMIGUIN (province); DAVAO ORIENTAL (province); TARRAGONA (citymun); BANAYBANAY (citymun); LUPON (citymun); MANAY (citymun); REGION XIII (Caraga) (region); CATEEL (citymun); BOSTON (citymun); DAVAO DEL NORTE (province); DAVAO CITY (citymun),https://www.facebook.com/civildefensedavao/posts/pfbid02Z3qTFDFUHAQJCNmygScTbRT3U58KApRtfvEnzfrZgRv22MPegqFvFX7tYGPEp4Chl?__cft__[0]=AZWz4QIgMoFfjJ2x0XDK1JeBrQkS02nMS0f2DT8gZ2T64gbgeY-lWsA7HkiBD-7XMGkvgiwPcQzzzvGbtuT_P9YnI56S7bC-rK9BYts7AbidGgghzWsvRlVVTSvsJWDqXBxvcGzHJZYxMkUsPM-gVeShXFwaX6uM5jsxMmQa1KgC1fniJ8UIOeKqxi8590ET7Ec&__tn__=%2CO%2CP-R,rainfall / flood
Facebook,Davao DRRMO,"cdrrmo-opcen weather update: as of 7:29 pm | september 07, 2025 weather system: easterlies davao city is experiencing cloudy skies with scattered rains (mostly drizzling). all river channels are monitored at code green (safe level). coastal status: > calm seas > going low tide #weatherupdate #davaocitydrrmo cdrrmo-opcen weather update: as of 7:29 pm | september 07, 2025 weather system: easterlies davao city is experiencing cloudy skies with scattered rains (mostly drizzling). all river channels are monitored at code green (safe level). coastal status: > calm seas > going low tide #weatherupdate #davaocitydrrmo","September 07, 2025 19:29:00",DAVAO CITY (citymun),https://www.facebook.com/DavaoDRRMO/posts/pfbid081TAo9vsKfQw1mm7Fthy9KRiLX2nHmmZXgJRwj7HT1zdkVLXPN8gssQXu9tKeMG4l?__cft__[0]=AZWR9eitIY9bV6tPP3hEwRdMkjMwciZmzQ8nJdvCMtjolh7wJO-M0z3Ps3bjaiu-nnOj8hEZZ6cLxs-EyvvcQjtIZ4uPMh9zzl7_LzX5rblajSFpequR_GEvHzEBPGW-Ox4jP-JCeWewGb8jJ2VIK6BMiKjJzK4fml1d8M8qw9bnAigAU-leYZaWEfa5fo_uRGI&__tn__=%2CO%2CP-R,rainfall / flood
Facebook,PAGASA,"flood bulletin no. 5 final for the cagayan river basin issued at 5pm, 07 september 2025 flood bulletin no. 5 final for the cagayan river basin issued at 5pm, 07 september 2025","September 07, 2025 17:00:00",Cagayan (barangay),https://www.facebook.com/PAGASA.DOST.GOV.PH/posts/pfbid024mcLLaXSw7AdpV2duiUU3nYepjW25A8wnvprZLcdmfyQXay6cHoWfRALghxA661Zl?__cft__[0]=AZVElLzid0mvMcBCL64hiuYoqzAkpDF9jRSK8_5--kyrOtRD_zKyZ17gIVKKWhHMlhGRIvfWZKJSskIMlLfzXNoUVcpbI7cAtO2QD4IIx2UocRVSlF4cTfjQ7jUHcA5lt7pjbHrAXvxICMlSEOUUqkGy_87dNGn2kGm9gW5eniKBDiIr_LGQEk3lj3_XNjdjyKw&__tn__=%2CO%2CP-R,rainfall / flood
Facebook,SunStar Philippines,"'takbo laban sa korapsyon' at up diliman more than a thousand runners participate in the ""takbo laban sa korapsyon"" at the university of the philippines (up) diliman, quezon city on sunday, september 7, 2025. organized by the college of science student council, the event aimed ""to call for accountability amidst revelations of corruption in government-contracted flood control projects."" known political personalities and representatives of progressive organizations were present in the run demanding accountability for corruption and failed governance. i photos by jimmy a. domingo/mata: asia press photo 'takbo laban sa korapsyon' at up diliman more than a thousand runners participate in the ""takbo laban sa korapsyon"" at the university of the philippines (up) diliman, quezon city on sunday, september 7, 2025. organized by the college of science student council, the event aimed ""to call for accountability amidst revelations of corruption in government-contracted flood control projects."" known political personalities and representatives of progressive organizations were present in the run demanding accountability for corruption and failed governance. i photos by jimmy a. domingo/mata: asia press photo","September 07, 2025 00:00:00",QUEZON (citymun),https://www.facebook.com/SunStarPhilippines/posts/pfbid02QCz7bV1penqSF5nz3V1LrhDt4DpYT2q6DDc3UtxpPRmdkfPY9TNDqj3b2o67BuA5l?__cft__[0]=AZWto9KbigYjm0lIdK2IEFBJjsfj0ShRL--r4bUWqiCEApTTs8ivIY2jmuqcMpoGhdNjHV_s2xuNCN-Ht1cZchAxH6kQ_GSNvK1X5Hu94CEIUNJFGixzYwDazQe0HaawMG-QiD75XXgaI_3x7i5fhEIXzSqG2v90-S3VVL_xB-LaPJX7J59gRcLLTbb4JHLgN1U&__tn__=%2CO%2CP-R,rainfall / flood
Facebook,Civil Defense Davao,"heavy rainfall warning no. 2 amendment #minprsd weather system: easterlies issued at 09:30 pm 07 september 2025 yellow warning: #davaooccidental(malita, santamaria), #sarangani(malungon and alabel) associated hazard: flooding is possible in low-lying areas and landslide in mountainous areas meanwhile, light to moderate rains are expected over #basilan, #surigaodelnorte(alegria, tubod, mainit, bacuag, malimono, placer, sison, taganaan, socorro, sanfrancisco, surigaocity, siargaoisland), #dinagatislands(dinagat, sanjose, basilisa, cagdianao), #agusandelsur(esperanza, sanluis, cityofbayugan, talacogon, trento, bunawan, rosario, lapaz, loreto, veruela, santajosefa), #davaodeoro, #surigaodelsur(lingig, cityofbislig, tagbina, sanagustin, marihatag, cagwait, bayabas, sanmiguel, tago, cityoftandag, hinatuan), #davaooriental, #agusandelnorte(lasnieves, nasipit, buenavista, butuancity, magallanes, remediost.romualdez, carmen, cityofcabadbaran, tubay), #sulu, #lanaodelsur, #northcotabato(tulunan, makilala, m'lang, cityofkidapawan, magpet, kabacan, antipas, matalam, presidentroxas, carmen, arakan, banisilan, alamada), #davaodelnorte, #lanaodelnorte(sultannagadimaporo, nunungan, sapad, kapatagan, tubod, salvador, lala, baroy, magsaysay, kolambugan, munai and tangcal) within the next 2-3 hours. moderate to heavy rains affecting #cotabatocity, #zamboangasibugay, #zamboangacity, #surigaodelnorte(claver, gigaquit), #davaooccidental(sarangani, joseabadsantos, donmarcelino), #sarangani(glan, maasim, kiamba, malapatan, maitum), #southcotabato, #davaodelsur, #dinagatislands(libjo, tubajon, loreto), #agusandelsur(prosperidad, sanfrancisco, sibagat), #maguindanaodelsur, #surigaodelsur(lianga, carmen, lanuza, madrid, cortes, cantilan, carrascal, barobo), #misamisoccidental, #zamboangadelnorte, #maguindanaodelnorte, #agusandelnorte(santiago, jabonga, kitcharao), #sultankudarat, #northcotabato(pikit, midsayap, aleosan, libungan, pigkawayan) and #zamboangadelsur which may persist within 2-3 hours and may affect nearby areas. source: mindanao prsd heavy rainfall warning no. 2 amendment #minprsd weather system: easterlies issued at 09:30 pm 07 september 2025 yellow warning: #davaooccidental(malita, santamaria), #sarangani(malungon and alabel) associated hazard: flooding is possible in low-lying areas and landslide in mountainous areas meanwhile, light to moderate rains are expected over #basilan, #surigaodelnorte(alegria, tubod, mainit, bacuag, malimono, placer, sison, taganaan, socorro, sanfrancisco, surigaocity, siargaoisland), #dinagatislands(dinagat, sanjose, basilisa, cagdianao), #agusandelsur(esperanza, sanluis, cityofbayugan, talacogon, trento, bunawan, rosario, lapaz, loreto, veruela, santajosefa), #davaodeoro, #surigaodelsur(lingig, cityofbislig, tagbina, sanagustin, marihatag, cagwait, bayabas, sanmiguel, tago, cityoftandag, hinatuan), #davaooriental, #agusandelnorte(lasnieves, nasipit, buenavista, butuancity, magallanes, remediost.romualdez, carmen, cityofcabadbaran, tubay), #sulu, #lanaodelsur, #northcotabato(tulunan, makilala, m'lang, cityofkidapawan, magpet, kabacan, antipas, matalam, presidentroxas, carmen, arakan, banisilan, alamada), #davaodelnorte, #lanaodelnorte(sultannagadimaporo, nunungan, sapad, kapatagan, tubod, salvador, lala, baroy, magsaysay, kolambugan, munai and tangcal) within the next 2-3 hours. moderate to heavy rains affecting #cotabatocity, #zamboangasibugay, #zamboangacity, #surigaodelnorte(claver, gigaquit), #davaooccidental(sarangani, joseabadsantos, donmarcelino), #sarangani(glan, maasim, kiamba, malapatan, maitum), #southcotabato, #davaodelsur, #dinagatislands(libjo, tubajon, loreto), #agusandelsur(prosperidad, sanfrancisco, sibagat), #maguindanaodelsur, #surigaodelsur(lianga, carmen, lanuza, madrid, cortes, cantilan, carrascal, barobo), #misamisoccidental, #zamboangadelnorte, #maguindanaodelnorte, #agusandelnorte(santiago, jabonga, kitcharao), #sultankudarat, #northcotabato(pikit, midsayap, aleosan, libungan, pigkawayan) and #zamboangadelsur which may persist within 2-3 hours and may affect nearby areas. source: mindanao prsd","September 07, 2025 21:30:00",DAVAO OCCIDENTAL (province); MALITA (citymun); SARANGANI (province); MALUNGON (citymun); ALABEL (Capital) (citymun); BASILAN (province); SURIGAO DEL NORTE (province); ALEGRIA (citymun); TUBOD (Capital) (citymun); MAINIT (citymun); BACUAG (citymun); MALIMONO (citymun); PLACER (citymun); SISON (citymun); SOCORRO (citymun); DINAGAT ISLANDS (province); DINAGAT (citymun); BASILISA (RIZAL) (citymun); CAGDIANAO (citymun); AGUSAN DEL SUR (province); TALACOGON (citymun); TRENTO (citymun); BUNAWAN (citymun); ROSARIO (citymun); Lapaz (barangay); LORETO (citymun); VERUELA (citymun); SURIGAO DEL SUR (province); TAGBINA (citymun); MARIHATAG (citymun); CAGWAIT (citymun); BAYABAS (citymun); TAGO (citymun); HINATUAN (citymun); DAVAO ORIENTAL (province); AGUSAN DEL NORTE (province); NASIPIT (citymun); BUENAVISTA (citymun); MAGALLANES (citymun); CARMEN (citymun); TUBAY (citymun); SULU (province); LANAO DEL SUR (province); MAKILALA (citymun); M'LANG (citymun); MAGPET (citymun); KABACAN (citymun); ANTIPAS (citymun); MATALAM (citymun); ARAKAN (citymun); BANISILAN (citymun); ALAMADA (citymun); DAVAO DEL NORTE (province); LANAO DEL NORTE (province); NUNUNGAN (citymun); SAPAD (citymun); KAPATAGAN (citymun); SALVADOR (citymun); LALA (citymun); BAROY (citymun); MAGSAYSAY (citymun); KOLAMBUGAN (citymun); MUNAI (citymun); TANGCAL (citymun); COTABATO CITY (citymun); ZAMBOANGA SIBUGAY (province); ZAMBOANGA CITY (citymun); GIGAQUIT (citymun),https://www.facebook.com/civildefensedavao/posts/pfbid0J4k5nqcFampmJzUFm87jpYUHjgmdzVQdLs3YHUdQ1EGxRMP5ZxzZMdEhpyN8HNuGl?__cft__[0]=AZW7snSeNSYYweBMM8FPTc3lgBmbfGfSX8f9Ok-7SPyR_IgUknPpMFsapnGTPok00d4PbbbbWMT8PziNUIqN1fussgGWH_3MlTqNvc5z23aazdCKrCNz9URKG1MnhkReXyDzL2jZLUzVIcKWkUsbHtxYQRvRiUiky7znJKhwKfmqqhmWwr4h_8X4QAH9lOx0NgY&__tn__=%2CO%2CP-R,rainfall / flood
Facebook,Civil Defense Davao,"heavy rainfall warning no. 3 #minprsd weather system: easterlies issued at 11:00 pm 07 september 2025 yellow warning: #sarangani(maasim), #southcotabato(generalsantoscity, polomolok), #surigaodelsur(lanuza and cortes) associated hazard: flooding is possible in low-lying areas and landslide in mountainous areas meanwhile, light to moderate rains are expected over #cotabatocity, #surigaodelnorte(alegria, tubod, mainit, bacuag, malimono, placer, socorro, siargaoisland), #davaodelsur(malalag, kiblawan, sulop), #dinagatislands(dinagat, sanjose, basilisa, cagdianao), #agusandelsur(prosperidad, sanfrancisco, talacogon, sibagat, rosario, loreto, cityofbayugan), #maguindanaodelsur(buluan, pandag, datupaglas, paglat, ampatuan, datuhofferampatuan, datuabdullahsangki, gen.s.k.pendatun, datuunsay, southupi, shariffaguak, mamasapano, rajahbuayan, sultansabarongis, datusaudiampatuan, pagalungan, guindulungan, datusalibo, talayan, datuanggalmidtimbang, datupiang, shariffsaydonamustapha), #surigaodelsur(cagwait, bayabas, tago, cityoftandag, sanmiguel), #maguindanaodelnorte(talitay, upi, datublaht.sinsuat, kabuntalan, datuodinsinsuat, northernkabuntalan), #agusandelnorte(magallanes, remediost.romualdez, cityofcabadbaran, tubay, butuancity), #sultankudarat(kalamansig, isulan, lebak, cityoftacurong, esperanza, presidentquirino, lambayong), #sulu, #northcotabato(pikit, midsayap, aleosan), #lanaodelnorte(kapatagan, lala, baroy, kolambugan), #davaodeoro(mabini, maco, mawab), #davaooriental(sanisidro, cityofmati and governorgeneroso) within the next 2-3 hours. moderate to heavy rains affecting #zamboangasibugay(talusan, olutanga, mabuhay, alicia, payao, tungawan, malangas, imelda), #zamboangacity, #surigaodelnorte(claver, gigaquit), #davaooccidental, #sarangani(glan, kiamba, maitum, malungon, alabel, malapatan), #southcotabato(t'boli, lakesebu, surallah, tupi, santonino, banga, tampakan, cityofkoronadal, norala, tantangan), #dinagatislands(libjo, tubajon, loreto), #maguindanaodelsur(mangudadatu), #surigaodelsur(tagbina, carmen, madrid, cantilan, carrascal, barobo, hinatuan), #misamisoccidental, #zamboangadelnorte(sibuco, sirawai, sergioosmenasr., sindangan, mutia, josedalman, sibutad, manukan, pres.manuela.roxas, katipunan, dipologcity, polanco, pinan, dapitancity, lalibertad, rizal, siayan), #agusandelnorte(santiago, jabonga, kitcharao), #sultankudarat(palimbang, sen.ninoyaquino, bagumbayan, lutayan, columbio), #zamboangadelsur(tabina, pitogo, vincenzoa.sagun, dimataling, margosatubig, labangan, tukuran, aurora, ramonmagsaysay, sominot, midsalip, tambulig, mahayag, dumingag, molave, josefina, pagadiancity) and #basilan which may persist within 2-3 hours and may affect nearby areas. source: mindanao prsd heavy rainfall warning no. 3 #minprsd weather system: easterlies issued at 11:00 pm 07 september 2025 yellow warning: #sarangani(maasim), #southcotabato(generalsantoscity, polomolok), #surigaodelsur(lanuza and cortes) associated hazard: flooding is possible in low-lying areas and landslide in mountainous areas meanwhile, light to moderate rains are expected over #cotabatocity, #surigaodelnorte(alegria, tubod, mainit, bacuag, malimono, placer, socorro, siargaoisland), #davaodelsur(malalag, kiblawan, sulop), #dinagatislands(dinagat, sanjose, basilisa, cagdianao), #agusandelsur(prosperidad, sanfrancisco, talacogon, sibagat, rosario, loreto, cityofbayugan), #maguindanaodelsur(buluan, pandag, datupaglas, paglat, ampatuan, datuhofferampatuan, datuabdullahsangki, gen.s.k.pendatun, datuunsay, southupi, shariffaguak, mamasapano, rajahbuayan, sultansabarongis, datusaudiampatuan, pagalungan, guindulungan, datusalibo, talayan, datuanggalmidtimbang, datupiang, shariffsaydonamustapha), #surigaodelsur(cagwait, bayabas, tago, cityoftandag, sanmiguel), #maguindanaodelnorte(talitay, upi, datublaht.sinsuat, kabuntalan, datuodinsinsuat, northernkabuntalan), #agusandelnorte(magallanes, remediost.romualdez, cityofcabadbaran, tubay, butuancity), #sultankudarat(kalamansig, isulan, lebak, cityoftacurong, esperanza, presidentquirino, lambayong), #sulu, #northcotabato(pikit, midsayap, aleosan), #lanaodelnorte(kapatagan, lala, baroy, kolambugan), #davaodeoro(mabini, maco, mawab), #davaooriental(sanisidro, cityofmati and governorgeneroso) within the next 2-3 hours. moderate to heavy rains affecting #zamboangasibugay(talusan, olutanga, mabuhay, alicia, payao, tungawan, malangas, imelda), #zamboangacity, #surigaodelnorte(claver, gigaquit), #davaooccidental, #sarangani(glan, kiamba, maitum, malungon, alabel, malapatan), #southcotabato(t'boli, lakesebu, surallah, tupi, santonino, banga, tampakan, cityofkoronadal, norala, tantangan), #dinagatislands(libjo, tubajon, loreto), #maguindanaodelsur(mangudadatu), #surigaodelsur(tagbina, carmen, madrid, cantilan, carrascal, barobo, hinatuan), #misamisoccidental, #zamboangadelnorte(sibuco, sirawai, sergioosmenasr., sindangan, mutia, josedalman, sibutad, manukan, pres.manuela.roxas, katipunan, dipologcity, polanco, pinan","September 07, 2025 23:00:00",SARANGANI (province); SOUTH COTABATO (province); POLOMOLOK (citymun); SURIGAO DEL SUR (province); LANUZA (citymun); CORTES (citymun); COTABATO CITY (citymun); SURIGAO DEL NORTE (province); ALEGRIA (citymun); TUBOD (Capital) (citymun); MAINIT (citymun); BACUAG (citymun); MALIMONO (citymun); SOCORRO (citymun); DAVAO DEL SUR (province); MALALAG (citymun); KIBLAWAN (citymun); SULOP (citymun); DINAGAT ISLANDS (province); BASILISA (RIZAL) (citymun); CAGDIANAO (citymun); AGUSAN DEL SUR (province); PROSPERIDAD (Capital) (citymun); TALACOGON (citymun); SIBAGAT (citymun); ROSARIO (citymun); LORETO (citymun); Luan (barangay); PANDAG (citymun); PAGLAT (citymun); AMPATUAN (citymun); Datu (barangay); MAMASAPANO (citymun); PAGALUNGAN (citymun); Midtimbang (Pob.) (barangay); CAGWAIT (citymun); BAYABAS (citymun); TAGO (citymun); TALITAY (citymun); UPI (citymun); KABUNTALAN (TUMBAO) (citymun); AGUSAN DEL NORTE (province); MAGALLANES (citymun); Cabadbaran (barangay); TUBAY (citymun); SULTAN KUDARAT (province); ISULAN (Capital) (citymun); LEBAK (citymun); ESPERANZA (citymun); LAMBAYONG (MARIANO MARCOS) (citymun); SULU (province); PIKIT (citymun); MIDSAYAP (citymun); ALEOSAN (citymun); LANAO DEL NORTE (province); KAPATAGAN (citymun); LALA (citymun); BAROY (citymun); KOLAMBUGAN (citymun); Mac (barangay),https://www.facebook.com/civildefensedavao/posts/pfbid032eCeJLmxSkSMhDCb1Z3ZcS2WeWzSLBhEmhf6GpvUAoY2DpC1MtF2Z1vew8zinLXUl?__cft__[0]=AZWzKptQGjhpreQ2bdM8s6fTVtAvHbdbwOUWUuIdTUps1gDzoqWVzllImcJ6XcrncIauKzWpfMsO1CCc58r06NK0vrmIQM12Ld_448Cf7SD3g9a3zlv5fYdx6sTmIRu4CzMLeht_ytLtrWww0unSftDsnJPUDorjyFP2LvM8CEbyVjB6hLCk2Ehm0DMmqZGyPWE&__tn__=%2CO%2CP-R,rainfall / flood
Facebook,Civil Defense Davao,"rainfall advisory no. 1 #minprsd weather system: easterlies issued at 06:30 am 08 september 2025 light to moderate rains are expected over #agusandelnorte, #agusandelsur, #davaodeoro, #davaodelnorte, #davaocity, #northcotabato, #southcotabato, #sarangani, #davaodelsur, #davaooccidental, #sultankudarat, #maguindanaodelsur, #zamboangacity, #basilan and #misamisoriental within the next 1-2 hours. moderate to occasionally heavy rains affecting #dinagatislands, #surigaodelnorte, #surigaodelsur, #davaooriental, #camiguin, #misamisoccidental(lopezjaena, oroquietacity, plaridel, baliangao, calamba, sapangdalaga, concepcion), #zamboangasibugay(alicia, payao, mabuhay, talusan, olutanga, malangas and imelda) which may persist within 2-3 hours and may affect nearby areas. source: mindanao prsd rainfall advisory no. 1 #minprsd weather system: easterlies issued at 06:30 am 08 september 2025 light to moderate rains are expected over #agusandelnorte, #agusandelsur, #davaodeoro, #davaodelnorte, #davaocity, #northcotabato, #southcotabato, #sarangani, #davaodelsur, #davaooccidental, #sultankudarat, #maguindanaodelsur, #zamboangacity, #basilan and #misamisoriental within the next 1-2 hours. moderate to occasionally heavy rains affecting #dinagatislands, #surigaodelnorte, #surigaodelsur, #davaooriental, #camiguin, #misamisoccidental(lopezjaena, oroquietacity, plaridel, baliangao, calamba, sapangdalaga, concepcion), #zamboangasibugay(alicia, payao, mabuhay, talusan, olutanga, malangas and imelda) which may persist within 2-3 hours and may affect nearby areas. source: mindanao prsd","September 08, 2025 06:30:00",AGUSAN DEL NORTE (province); AGUSAN DEL SUR (province); DAVAO DEL NORTE (province); DAVAO CITY (citymun); SOUTH COTABATO (province); SARANGANI (province); DAVAO DEL SUR (province); DAVAO OCCIDENTAL (province); SULTAN KUDARAT (province); ZAMBOANGA CITY (citymun); BASILAN (province); MISAMIS ORIENTAL (province); DINAGAT ISLANDS (province); SURIGAO DEL NORTE (province); SURIGAO DEL SUR (province); DAVAO ORIENTAL (province); CAMIGUIN (province); MISAMIS OCCIDENTAL (province); PLARIDEL (citymun); BALIANGAO (citymun); CALAMBA (citymun); CONCEPCION (citymun); ZAMBOANGA SIBUGAY (province); PAYAO (citymun); MABUHAY (citymun); TALUSAN (citymun); OLUTANGA (citymun); MALANGAS (citymun); IMELDA (citymun); mindanao (island_group),https://www.facebook.com/civildefensedavao/posts/pfbid0X3XdTpzkqScN9peeiW1YM2hYps28PNSRrCK2MEW57yi9oPRiyuegQSVAPsk4HgBKl?__cft__[0]=AZXbt_ZS5c8p5SFsfhS5g90vUE_rrKuG0rTZ2Iy9yS19TdvatkhcmPt82djkYbMmkuJd4mOHJndFsqWa19rHQEzxpScnAnYeHAqfAc9-xG8RDtXqR2CTM1ogbg9UeaKlVpg5_U0yYrlsVN6TbeuqNwFTbbDugb0hJksBpEgUqLc16LqO0RRx8NTRBajG7DTAD60&__tn__=%2CO%2CP-R,rainfall / flood
Facebook,UNTV News Rescue,"tinawag na highly organized crime ni baguio city mayor benjamin magalong ang uri ng korupsyon sa bansa. ito ang kaniyang mensahe sa isang protesta, kasama ang mga progresibong grupo, laban sa anomalyang flood control projects. tinawag na highly organized crime ni baguio city mayor benjamin magalong ang uri ng korupsyon sa bansa. ito ang kaniyang mensahe sa isang protesta, kasama ang mga progresibong grupo, laban sa anomalyang flood control projects. sana lang malantad yan, pati sindikatong may hawak sa kanya","September 08, 2025 08:00:00",AMBAGUIO (citymun),https://www.facebook.com/UNTVNewsRescue/posts/pfbid02o5tW78geBZwur9KeSB329v1fMbWpqvrecFZaJmUGcErz7THHXWMBh77uk5eGCRxBl?__cft__[0]=AZXJmNfo_78-dHTCVNfKJHiuexHsKlfy6-f-myjqsn1riGllEbKwDqAJSu1ZahVWd2ntBjL4btyZJRW5-o1PbYTcZJygpYTT75rpT3kP2cFKZNq9NGmcmqk4Cb_CVk2SIFO-pCFKY8P1sj_-37vAVENump1DgaaG2TaUKEQTMkb2M_yFQR7unhHHgBXSJb9fRr4&__tn__=%2CO%2CP-R,rainfall / flood
Facebook,alessia.bruce.2024,"mag sususpend pag nasa school na? mag sususpend pag nasa school na? thunderstorm advisory in mega manila . as of 7:23am, moderate to heavy rainshowers with lightning and strong winds are expected over nueva ecija, pampanga, metro manila, cavite and batangas within the next 2 hours. the above conditions are being experienced in rizal, quezon(general nakar, infanta, real), bulacan(dona remedios trinidad, norzagaray) and laguna(siniloan, famy, santa maria, pakil, mabitac, pangil, paete) which may persist within 2 hours and may affect nearby areas according to pagasa #newsalert #floodph #bahaph kanias i share ang post na ito para sa pinakasariwang balita at inpormasyon thunderstorm advisory in mega manila . as of 7:23am, moderate to heavy rainshowers with lightning and strong winds are expected over nueva ecija, pampanga, metro manila, cavite and batangas within the next 2 hours. the above conditions are being experienced in rizal, quezon(general nakar, infanta, real), bulacan(dona remedios trinidad, norzagaray) and laguna(siniloan, famy, santa maria, pakil, mabitac, pangil, paete) which may persist within 2 hours and may affect nearby areas according to pagasa #newsalert #floodph #bahaph kanias i share ang post na ito para sa pinakasariwang balita at inpormasyon thunderstorm advisory in mega manila . as of 7:23am, moderate to heavy rainshowers with lightning and strong winds are expected over nueva ecija, pampanga, metro manila, cavite and batangas within the next 2 hours. the above conditions are being experienced in rizal, quezon(general nakar, infanta, real), bulacan(dona remedios trinidad, norzagaray) and laguna(siniloan, famy, santa maria, pakil, mabitac, pangil, paete) which may persist within 2 hours and may affect nearby areas according to pagasa #newsalert #floodph #bahaph kanias i share ang post na ito para sa pinakasariwang balita at inpormasyon","October 14, 2025 07:23:00",NUEVA ECIJA (province); PAMPANGA (province); NATIONAL CAPITAL REGION (NCR) (region); CAVITE (province); BATANGAS (province); RIZAL (province); QUEZON (province); INFANTA (citymun); REAL (citymun); BULACAN (province); TRINIDAD (citymun); NORZAGARAY (citymun); LAGUNA (province); SINILOAN (citymun); FAMY (citymun); SANTA MARIA (citymun); PAKIL (citymun); MABITAC (citymun); PANGIL (citymun); PAETE (citymun),https://www.facebook.com/alessia.bruce.2024/posts/pfbid0nJEsZe71ZEU2WYcit1yQnnuzXYCGGwwMen4tECKY5RF1eR4PrrwNfCtp9BMtFTjdl?__cft__[0]=AZXabxbEomEOIQ_h3s91uffcDETDj9GwbHoxfzfKH3SJblwEoi7dUs5Ej2aS_ItvtBvH2F19dhIKPsNSC0Awfb-uAOPxpcrWoGrcaFPLr6bZxSpxPBh6VnHNShi09zCs7_19zz3BWJ6AOjVUrELVo-epDkJqRBR5ZB5Cxnd_gasyC1nkLmCPKtN0m4cqdY-G3nq3_K9hcEbK3ZRu3DHLS1lo&__tn__=%2CO%2CP-R,rainfall / flood
X,dost_pagasa,"thunderstorm advisory no. 1 #ncr_prsd issued at: 12:13 pm, 07 september 2025(sunday) moderate to heavy rainshowers with lightning and strong winds are being experienced in quezon(gumaca, plaridel, macalelon, general luna, lopez) which may persist within 2 hours and may affect","September 07, 2025 12:13:00",QUEZON (province); MACALELON (citymun); GENERAL LUNA (citymun); LOPEZ (citymun),https://x.com/dost_pagasa/status/1964542883194917172,rainfall / flood
Facebook,Weather Davao,"24-hour localized weather forecast for davao region issued at 4:00 am september 08, 2025 valid until 4:00 am tomorrow synopsis: easterlies affecting southern luzon, visayas, and mindanao. easterlies affecting davao region. forecast: davao region will have partly cloudy to cloudy skies with isolated rainshowers or thunderstorms due to easterlies. possible flash floods or landslides during severe thunderstorms. light to moderate winds coming from east to northeast will prevail and the coastal waters will be slight to moderate. (0.6 to 1.5 meters.) kaugalingong pinulungan: ang dakbayan sa davao ug ubang dapit sa davao region makasinati ug panalagsang pagdag-um sa kalangitan inubanan sa pat-ak pat-ak nga pag-ulan kilat ug pagpanalugdog tungod sa easterlies. posible ang pagbaha ug pagdahili sa yuta kung adunay masinati nga severe thunderstorms. hinay ngadto sa kasarangan nga huyop sa hangin nga magagikan sa sidlakan ngadto sa amihanang sidlakan nga direksyon ang mopasulabi, ug ang kadagatan hapsay ngadto sa kasarangan nag pag balud. (0.6 to 1.5 meters.) over davao city: temperature today: 25 c to 32 c sunrise (sidlak) today: 5:33 am sunset (salop) today: 5:45 pm for more information and queries, please call telephone for local number (082)234-0890 and (088)555-0485 for regional or log on to bagong.pagasa.dost.gov.ph /regional /mindanao-prsd or join our facebook group at mindanao prsd (regional office) or pagasa davao 24-hour localized weather forecast for davao region issued at 4:00 am september 08, 2025 valid until 4:00 am tomorrow synopsis: easterlies affecting southern luzon, visayas, and mindanao. easterlies affecting davao region. forecast: davao region will have partly cloudy to cloudy skies with isolated rainshowers or thunderstorms due to easterlies. possible flash floods or landslides during severe thunderstorms. light to moderate winds coming from east to northeast will prevail and the coastal waters will be slight to moderate. (0.6 to 1.5 meters.) kaugalingong pinulungan: ang dakbayan sa davao ug ubang dapit sa davao region makasinati ug panalagsang pagdag-um sa kalangitan inubanan sa pat-ak pat-ak nga pag-ulan kilat ug pagpanalugdog tungod sa easterlies. posible ang pagbaha ug pagdahili sa yuta kung adunay masinati nga severe thunderstorms. hinay ngadto sa kasarangan nga huyop sa hangin nga magagikan sa sidlakan ngadto sa amihanang sidlakan nga direksyon ang mopasulabi, ug ang kadagatan hapsay ngadto sa kasarangan nag pag balud. (0.6 to 1.5 meters.) over davao city: temperature today: 25 c to 32 c sunrise (sidlak) today: 5:33 am sunset (salop) today: 5:45 pm for more information and queries, please call telephone for local number (082)234-0890 and (088)555-0485 for regional or log on to bagong.pagasa.dost.gov.ph /regional /mindanao-prsd or join our facebook group at mindanao prsd (regional office) or pagasa davao","September 08, 2025 04:00:00",REGION XI (DAVAO REGION) (region); Luzon (island_group); Sidlakan (barangay); DAVAO CITY (citymun),https://www.facebook.com/weather.davao/posts/pfbid02W9eqALbeRsTLpveyDu2NnUv1VgNvXSXKAuNCZp4aJ4KttXCc5jBRvF2AVRTjmgNql?__cft__[0]=AZUP9EwVJPFHyBHiqZiouiSlFw_aLXbsYCdE1k5ggGR2GZtNW85mlCaaJMsyJ675uRbD3EVPVyFJjcOD6qWon8bmeUoR-wQ5YzIiBLUrbjbNX5GS7TtSmQwdJC0bF2yKDuM49cH6WU8_E161CdAs3HoTanAsaxP8zOpokZlKywYVzmqiCG6J62lfqN-tKavphPg&__tn__=%2CO%2CP-R,rainfall / flood
Facebook,MPRSD CDO,"rainfall advisory no. 2 #minprsd weather system: easterlies issued at 08:00 am 08 september 2025 light to moderate rains are expected over #misamisoriental(lugait, manticao, naawan, gitagum, villanueva, laguindingan, jasaan, initao, libertad, alubijid, cityofelsalvador, opol, tagoloan, cagayandeorocity), #agusandelsur, #agusandelnorte, #zamboangasibugay(tungawan, rosellerlim, ipil), #zamboangadelsur(bayog, lakewood, tigbao, dumalinao, sanpablo), #bukidnon(malitbog, impasugong, manolofortich, libona, baungon, sumilao) and #basilan within the next 1-2 hours. moderate to occasionally heavy rains affecting #misamisoccidental, #zamboangadelnorte(sindangan, siayan, josedalman, manukan, pres.manuela.roxas, katipunan, dapitancity, sibutad, rizal, lalibertad, pinan, polanco, dipologcity, mutia, sergioosmenasr., sibuco, sirawai), #zamboangadelsur(molave, mahayag, tambulig, josefina, pagadiancity, labangan, midsalip, dumingag, sominot, ramonmagsaysay, aurora, tukuran), #lanaodelnorte, #camiguin, #misamisoriental(balingasag, lagonglong, claveria, gingoogcity, binuangan, medina, sugbongcogon, kinoguitan, balingoan, talisayan, magsaysay, salay), #dinagatislands, #surigaodelnorte, #surigaodelsur, #davaooriental and #zamboangacity which may persist within 2-3 hours and may affect nearby areas. the public and the disaster risk reduction and management offices concerned are advised to monitor the weather condition and watch for the next warning to be issued at 11:00 am today. rainfall advisory no. 2 #minprsd weather system: easterlies issued at 08:00 am 08 september 2025 light to moderate rains are expected over #misamisoriental(lugait, manticao, naawan, gitagum, villanueva, laguindingan, jasaan, initao, libertad, alubijid, cityofelsalvador, opol, tagoloan, cagayandeorocity), #agusandelsur, #agusandelnorte, #zamboangasibugay(tungawan, rosellerlim, ipil), #zamboangadelsur(bayog, lakewood, tigbao, dumalinao, sanpablo), #bukidnon(malitbog, impasugong, manolofortich, libona, baungon, sumilao) and #basilan within the next 1-2 hours. moderate to occasionally heavy rains affecting #misamisoccidental, #zamboangadelnorte(sindangan, siayan, josedalman, manukan, pres.manuela.roxas, katipunan, dapitancity, sibutad, rizal, lalibertad, pinan, polanco, dipologcity, mutia, sergioosmenasr., sibuco, sirawai), #zamboangadelsur(molave, mahayag, tambulig, josefina, pagadiancity, labangan, midsalip, dumingag, sominot, ramonmagsaysay, aurora, tukuran), #lanaodelnorte, #camiguin, #misamisoriental(balingasag, lagonglong, claveria, gingoogcity, binuangan, medina, sugbongcogon, kinoguitan, balingoan, talisayan, magsaysay, salay), #dinagatislands, #surigaodelnorte, #surigaodelsur, #davaooriental and #zamboangacity which may persist within 2-3 hours and may affect nearby areas. the public and the disaster risk reduction and management offices concerned are advised to monitor the weather condition and watch for the next warning to be issued at 11:00 am today.","September 08, 2025 08:00:00",MISAMIS ORIENTAL (province); LUGAIT (citymun); MANTICAO (citymun); NAAWAN (citymun); GITAGUM (citymun); VILLANUEVA (citymun); LAGUINDINGAN (citymun); JASAAN (citymun); INITAO (citymun); LIBERTAD (citymun); ALUBIJID (citymun); OPOL (citymun); TAGOLOAN (citymun); AGUSAN DEL SUR (province); AGUSAN DEL NORTE (province); ZAMBOANGA SIBUGAY (province); TUNGAWAN (citymun); IPIL (Capital) (citymun); ZAMBOANGA DEL SUR (province); BAYOG (citymun); LAKEWOOD (citymun); TIGBAO (citymun); DUMALINAO (citymun); BUKIDNON (province); LIBONA (citymun); BAUNGON (citymun); SUMILAO (citymun); BASILAN (province); MISAMIS OCCIDENTAL (province); ZAMBOANGA DEL NORTE (province); Indangan (barangay); SIAYAN (citymun); MANUKAN (citymun); KATIPUNAN (citymun); SIBUTAD (citymun); RIZAL (province); PIÑAN (NEW PIÑAN) (citymun); POLANCO (citymun); MUTIA (citymun); SIBUCO (citymun); SIRAWAI (citymun); MOLAVE (citymun); MAHAYAG (citymun); TAMBULIG (citymun); JOSEFINA (citymun); LABANGAN (citymun); MIDSALIP (citymun); DUMINGAG (citymun); SOMINOT (DON MARIANO MARCOS) (citymun); AURORA (province); TUKURAN (citymun); LANAO DEL NORTE (province); CAMIGUIN (province); BALINGASAG (citymun); LAGONGLONG (citymun); CLAVERIA (citymun); BINUANGAN (citymun); MEDINA (citymun); SUGBONGCOGON (citymun); KINOGUITAN (citymun); BALINGOAN (citymun); TALISAYAN (citymun); MAGSAYSAY (citymun); SALAY (citymun); DINAGAT ISLANDS (province); SURIGAO DEL NORTE (province); SURIGAO DEL SUR (province); DAVAO ORIENTAL (province); ZAMBOANGA CITY (citymun),https://www.facebook.com/mprsdcdo/posts/pfbid0Nqhaaochvq28Bmyp3dvXYMYxMwqn4apa5AhnvccFxYj9f2dr8AV6CJKB6GKAPBFzl?__cft__[0]=AZUsQAKBOuMzyCMEYcDvRIm-4KxeafaBCJEwH0HbdvBjITT1fQIlCDKBXVXrZiRGZW06Be5y45ApX2AdzFksFmdRtBDGgDXCSCPsOOOaMiJq0MgCuQAa6xhS0TcF7SxADjOwYpZe1X3ifR49bYyeU7AUacGvT6oohJgkNFjrxspK9veJ0fOt_J4eXfE0HeLAGWI&__tn__=%2CO%2CP-R,rainfall / flood
X,dost_pagasa,"thunderstorm advisory no. 3 #ncr_prsd issued at: 2:10 pm, 07 september 2025(sunday) moderate to heavy rainshowers with lightning and strong winds are expected over tarlac, pampanga, bataan, rizal, batangas and metro manila within the next 2 hours. the above conditions are being","September 07, 2025 14:10:00",TARLAC (province); PAMPANGA (province); BATAAN (province); RIZAL (province); BATANGAS (province); NATIONAL CAPITAL REGION (NCR) (region),https://x.com/dost_pagasa/status/1964572023109406945,rainfall / flood
Facebook,#streetfloodalert,"morning flood update | sm bacoor, cavite bandang umaga ngayong araw, umabot hanggang tuhod ang baha sa paligid ng sm bacoor matapos ang sunod-sunod na ulan. konting ulan lang, lubog agad. ganito na ang sitwasyon sa ilang bahagi ng bacoor mababa ang drainage at mabilis tumaas ang tubig kayat madalas ang biglaang pagbaha. paalala sa mga motorista at commuters: mag-ingat sa paglalakad at pagmamaneho sa lugar i-monitor ang lagay ng panahon iwasan munang dumaan kung hindi kailangan ingat tayo lahat ngayong tag-ulan. stay dry and stay safe! #smbacoorupdate #bahaph #ulanwatch #streetfloodalert #weatherupdateph #tagulanseason #basangbasasaulan #realtimeulan #caviteupdate #commutechronicles morning flood update | sm bacoor, cavite bandang umaga ngayong araw, umabot hanggang tuhod ang baha sa paligid ng sm bacoor matapos ang sunod-sunod na ulan. konting ulan lang, lubog agad. ganito na ang sitwasyon sa ilang bahagi ng bacoor mababa ang drainage at mabilis tumaas ang tubig kayat madalas ang biglaang pagbaha. paalala sa mga motorista at commuters: mag-ingat sa paglalakad at pagmamaneho sa lugar i-monitor ang lagay ng panahon iwasan munang dumaan kung hindi kailangan ingat tayo lahat ngayong tag-ulan. stay dry and stay safe! #smbacoorupdate #bahaph #ulanwatch #streetfloodalert #weatherupdateph #tagulanseason #basangbasasaulan #realtimeulan #caviteupdate #commutechronicles","September 08, 2025 13:30:00",CAVITE (province),https://www.facebook.com/hashtag/StreetFloodAlert,rainfall / flood
Facebook,Manila Bulletin,"look: pacifico discaya of st. gerrard construction, husband of sarah discaya of alpha and omega construction, takes his oath at the senate blue ribbon committee hearing on anomalous flood control projects at the senate session hall in pasay city on monday, september 8. he implicated several lawmakers and officials of the department of public works and highways (dpwh), who allegedly demanded money in exchange for the award of flood control contracts. : mark balmores | mb look: pacifico discaya of st. gerrard construction, husband of sarah discaya of alpha and omega construction, takes his oath at the senate blue ribbon committee hearing on anomalous flood control projects at the senate session hall in pasay city on monday, september 8. he implicated several lawmakers and officials of the department of public works and highways (dpwh), who allegedly demanded money in exchange for the award of flood control contracts. : mark balmores | mb","September 08, 2025 00:00:00",PASAY CITY (citymun),https://www.facebook.com/ManilaBulletin/posts/pfbid0Pf6e9zozgTRfLjHv1D2PCtGSsr14K5LkgvwehSjw6CcEFue1WiWY8MmiHUa8HYQml?__cft__[0]=AZUOsSYiJRIn4zppmrjoOS0OPtaSOtvIn3UTCERgIW28iyhge1fWTmJ2R2ShlUYxiUr0CVh_QM8Pd2gUq9ExUfhZiKzPiwHXPMoRF89_sMLMNBZxDacLRCyzvyDURDxbTclB-fZgyEMt1fZ9J_wyj87_66jFprECqMsFH3SG7Cyq40hBwo1adQbZAndIFujuG3M&__tn__=%2CO%2CP-R,rainfall / flood
Facebook,UNTV News Rescue,"isa sa focus ng house infra committee hearing sa september 9 ang construction companies na konektado sa mga discaya. tatalakayin din ang isang ghost flood control project sa plaridel, bulacan na bunga umano ng budget insertion sa bicameral conference committee para sa 2024 budget. isa sa focus ng house infra committee hearing sa september 9 ang construction companies na konektado sa mga discaya. tatalakayin din ang isang ghost flood control project sa plaridel, bulacan na bunga umano ng budget insertion sa bicameral conference committee para sa 2024 budget. ridon ituro mo uli sa mga duterte ang corruption. nag salita na si mr. discaya. para kang si boying lahat na lang connected sa drug on war.","October 14, 2024 00:00:00",PLARIDEL (citymun); BULACAN (province),https://www.facebook.com/UNTVNewsRescue/posts/pfbid022xLCkSboppTKTg6wMvaoyFcEWsNmRW7REgmuLFxpm7dtpJBg6bfNzDi68AHx75p2l?__cft__[0]=AZUyHuBrltqhbMX9VnXE8PMNc0lNXDzoNC67YfQW4ynULM7MbirXzLZ7a_lRFjg5VcC9NVhE-ZJRJMaEc58kNNpvSKLanzO081o5qb6yhJE7lnBKPRIqKllnr6qAwyGcsRGMvzHZ4fr9hB6Xn6GlJJCv6C8pd88Sd77IHnNFzVmpCrVJMHfFRfcQ5F0LL3-gjJg&__tn__=%2CO%2CP-R,rainfall / flood
Facebook,MPRSD CDO,"rainfall advisory no. 3 #minprsd weather system: easterlies issued at 11:00 am 08 september 2025 light to moderate rains are expected over #sultankudarat, #tawitawi and #agusandelnorte within the next 1-2 hours. moderate to occasionally heavy rains affecting #misamisoccidental, #zamboangadelnorte, #zamboangadelsur, #zamboangacity, #dinagatislands, #surigaodelnorte, #surigaodelsur, #camiguin, #misamisoriental, #lanaodelnorte and #zamboangasibugay which may persist within 2-3 hours and may affect nearby areas. the public and the disaster risk reduction and management offices concerned are advised to monitor the weather condition and watch for the next warning to be issued at 02:00 pm today. rainfall advisory no. 3 #minprsd weather system: easterlies issued at 11:00 am 08 september 2025 light to moderate rains are expected over #sultankudarat, #tawitawi and #agusandelnorte within the next 1-2 hours. moderate to occasionally heavy rains affecting #misamisoccidental, #zamboangadelnorte, #zamboangadelsur, #zamboangacity, #dinagatislands, #surigaodelnorte, #surigaodelsur, #camiguin, #misamisoriental, #lanaodelnorte and #zamboangasibugay which may persist within 2-3 hours and may affect nearby areas. the public and the disaster risk reduction and management offices concerned are advised to monitor the weather condition and watch for the next warning to be issued at 02:00 pm today.","September 08, 2025 11:00:00",SULTAN KUDARAT (province); AGUSAN DEL NORTE (province); MISAMIS OCCIDENTAL (province); ZAMBOANGA DEL NORTE (province); ZAMBOANGA DEL SUR (province); ZAMBOANGA CITY (citymun); DINAGAT ISLANDS (province); SURIGAO DEL NORTE (province); SURIGAO DEL SUR (province); CAMIGUIN (province); MISAMIS ORIENTAL (province); LANAO DEL NORTE (province); ZAMBOANGA SIBUGAY (province),https://www.facebook.com/mprsdcdo/posts/pfbid02t134cJJCA78hpVks9kHBxveHZu4nN4XNj6HR7Z9TdCB4upnJx4AYDzRHmBS9ty6kl?__cft__[0]=AZXvOkImAj_9dS6d4UfoHD4K_mpEFEYWQzKlT2BE0o_TlUs7_oRDYFNGwE5zYOKsHVQMiVf8uCbZ7kvFXtOMWu_fCYW1kAeFbH1Edi-o_AqXKvu9qrbw7AFj4BaD0biHmdyyI5gRBECVKi7b2-BHzEwLN7YbEEKSHGlMxiutE_7AHx_3epHl9FVfuTdaAmUoFPE&__tn__=%2CO%2CP-R,rainfall / flood
Facebook,MPRSD CDO,"rainfall advisory no. 4 #minprsd weather system: easterlies issued at 02:00 pm 08 september 2025 light to moderate rains are expected over #sulu, #dinagatislands, #surigaodelnorte, #surigaodelsur, #bukidnon, #davaodelnorte, #davaocity, #davaodeoro, #davaooriental, #southcotabato(t'boli, lakesebu, surallah, tupi, santonino, banga, tampakan, cityofkoronadal, norala, tantangan), #sarangani(kiamba, maasim, maitum), #maguindanaodelsur and #sultankudarat within the next 1-2 hours. moderate to occasionally heavy rains affecting #zamboangacity, #basilan, #tawitawi, #zamboangadelnorte, #zamboangadelsur, #misamisoccidental, #lanaodelnorte, #misamisoriental, #camiguin, #lanaodelsur, #cotabatocity, #maguindanaodelnorte, #northcotabato, #sarangani(malungon, malapatan, alabel, glan), #southcotabato(generalsantoscity, polomolok) and #zamboangasibugay which may persist within 2-3 hours and may affect nearby areas. the public and the disaster risk reduction and management offices concerned are advised to monitor the weather condition and watch for the next warning to be issued at 05:00 pm today. rainfall advisory no. 4 #minprsd weather system: easterlies issued at 02:00 pm 08 september 2025 light to moderate rains are expected over #sulu, #dinagatislands, #surigaodelnorte, #surigaodelsur, #bukidnon, #davaodelnorte, #davaocity, #davaodeoro, #davaooriental, #southcotabato(t'boli, lakesebu, surallah, tupi, santonino, banga, tampakan, cityofkoronadal, norala, tantangan), #sarangani(kiamba, maasim, maitum), #maguindanaodelsur and #sultankudarat within the next 1-2 hours. moderate to occasionally heavy rains affecting #zamboangacity, #basilan, #tawitawi, #zamboangadelnorte, #zamboangadelsur, #misamisoccidental, #lanaodelnorte, #misamisoriental, #camiguin, #lanaodelsur, #cotabatocity, #maguindanaodelnorte, #northcotabato, #sarangani(malungon, malapatan, alabel, glan), #southcotabato(generalsantoscity, polomolok) and #zamboangasibugay which may persist within 2-3 hours and may affect nearby areas. the public and the disaster risk reduction and management offices concerned are advised to monitor the weather condition and watch for the next warning to be issued at 05:00 pm today.","September 08, 2025 14:00:00",SULU (province); SURIGAO DEL NORTE (province); SURIGAO DEL SUR (province); BUKIDNON (province); DAVAO DEL NORTE (province); DAVAO CITY (citymun); DAVAO ORIENTAL (province); SOUTH COTABATO (province); T'BOLI (citymun); SURALLAH (citymun); TUPI (citymun); BANGA (citymun); TAMPAKAN (citymun); NORALA (citymun); TANTANGAN (citymun); SARANGANI (province); KIAMBA (citymun); MAASIM (citymun); MAITUM (citymun); SULTAN KUDARAT (province); ZAMBOANGA CITY (citymun); BASILAN (province); ZAMBOANGA DEL NORTE (province); ZAMBOANGA DEL SUR (province); MISAMIS OCCIDENTAL (province); LANAO DEL NORTE (province); MISAMIS ORIENTAL (province); CAMIGUIN (province); LANAO DEL SUR (province); COTABATO CITY (citymun); MALUNGON (citymun); MALAPATAN (citymun); ALABEL (Capital) (citymun); GLAN (citymun); POLOMOLOK (citymun); ZAMBOANGA SIBUGAY (province); DINAGAT ISLANDS (province),https://www.facebook.com/mprsdcdo/posts/pfbid0ZR2PrDr7VYgSuhuZLhMJfaADGkHxF9k3vRmFLoLPYNi4GAM1WN8ie9cXx9yrhPCjl?__cft__[0]=AZWDZrwITUy6m8vqn9_hLvnJhik-peiL37dKN2oWF4svvu4Yds7U301kcRqlq52tMaP9mRwU1mKuCzJG-I2Cq1U04mbNcn0kgzlhyJ_XLTCwH8L59TmyL9WiZfgkVw9kGgoa1nG2TFYSXaQwAWOKXrYS9pqZWFQCihlHM2MAAN-yjTSJ-aVvboKrrYMOwXtEs78&__tn__=%2CO%2CP-R,rainfall / flood
Facebook,Civil Defense Davao,"alert: mgb list of barangays susceptible to rain-induced landslides and flooding based on the dost-pagasa rainfall data gsm (100mm) and wrf (150mm) 72-hour forecast as of 8:00 am, september 08, 2025 for the whole philippines. please note the validity of the earlier lists provided (72-hour forecast). additionally, areas not included in the list but located in close proximity to or downstream of the listed areas may also be affected. source: mines and geosciences bureau #ligtasangbayankunghandaangmamamayan #bawatsegundomahalaga #civildefenseinaction #civildefenseph #bagongpilipinas #disasterpreparedness #resilience #servingthenation #protectingthepeople alert: mgb list of barangays susceptible to rain-induced landslides and flooding based on the dost-pagasa rainfall data gsm (100mm) and wrf (150mm) 72-hour forecast as of 8:00 am, september 08, 2025 for the whole philippines. please note the validity of the earlier lists provided (72-hour forecast). additionally, areas not included in the list but located in close proximity to or downstream of the listed areas may also be affected. source: mines and geosciences bureau #ligtasangbayankunghandaangmamamayan #bawatsegundomahalaga #civildefenseinaction #civildefenseph #bagongpilipinas #disasterpreparedness #resilience #servingthenation #protectingthepeople alert: mgb list of barangays susceptible to rain-induced landslides and flooding based on the dost-pagasa rainfall data gsm (100mm) and wrf (150mm) 72-hour fore  alert: mgb list of barangays susceptible to rain-induced landslides and flooding based on the dost-pagasa rainfall data gsm (100mm) and wrf (150mm) 72-hour fore  alert: mgb list of barangays susceptible to rain-induced landslides and flooding based on the dost-pagasa rainfall data gsm (100mm) and wrf (150mm) 72-hour fore","September 08, 2025 08:00:00",Philippines (country),https://www.facebook.com/civildefensedavao/posts/pfbid02ZNWeaLb8i1SsJDgTCgPKSNMXqNEWnVp4F2WKjZFL7tc44uztiebLmjsNuHYnY3vhl?__cft__[0]=AZW8AG3n1gPgLdUhiAfBE17E288TSoTCh0E5VCFr5InkQcg24hIJIJb9Vw-9vqbznjFNPKH3t4hTUuHNQb1dOOwElbA2lW_TeyMyC48r0wEe_b2lGgnUZQJXLIgWElLSA-H_65aUzqpwjV3k-pmcz5ihIBjar66csjumk6t1syMtF_GEyugPz8ZvvGX6wj5x-XUG3ooNTfwWczBLzr6Gy-MuTNjqNtHSUY_pYJDQkCS3Xg&__tn__=%2CO%2CP-R,rainfall / flood
Facebook,Davao DRRMO,"cdrrmo-opcen weather update: as of 03:48 pm | september 08, 2025 weather system: easterlies light to moderate to at times heavy rains are being experienced in some areas of calinan district, while light to moderate rains are being experienced in some areas of baguio district. other areas of davao city are experiencing partly sunny to cloudy skies. all river channels are monitored at code green (safe level). coastal status: > calm seas > going high tide #weatherupdate #davaocitydrrmo cdrrmo-opcen weather update: as of 03:48 pm | september 08, 2025 weather system: easterlies light to moderate to at times heavy rains are being experienced in some areas of calinan district, while light to moderate rains are being experienced in some areas of baguio district. other areas of davao city are experiencing partly sunny to cloudy skies. all river channels are monitored at code green (safe level). coastal status: > calm seas > going high tide #weatherupdate #davaocitydrrmo","September 08, 2025 15:48:00",DAVAO CITY (citymun),https://www.facebook.com/DavaoDRRMO/posts/pfbid0EZBBgJRSwfRENCPekV9auYFodLsVeZ2n1FwrkobP1hQCnjKEgEJdWLZCeoWhfx9Al?__cft__[0]=AZXMyO5hIOKyLY5xkr5xKiZTqLxbGt8Huu--Z2Ud-cQQWHra1DmpWsdm5184aZePJOwPgpDIV0oyfuYv-CVZ2EIGa9VBCTqyQN-MAqf-EhIKo2iW6U0D5x772SkUiWHMAJVsieQY-qK9Km4z7499jAbO7AHBfxTRfjYSFu0KrGhoALqmxZ_1v9LcgtQJPhDuIlM&__tn__=%2CO%2CP-R,rainfall / flood
X,dost_pagasa,"thunderstorm advisory no. 4 #ncr_prsd issued at: 4:51 pm, 07 september 2025(sunday) moderate to heavy rainshowers with lightning and strong winds are expected over pampanga, bataan, laguna, metro manila and rizal within the next 2 hours. the above conditions are being","September 07, 2025 16:51:00",PAMPANGA (province); BATAAN (province); LAGUNA (province); NATIONAL CAPITAL REGION (NCR) (region); RIZAL (province),https://x.com/dost_pagasa/status/1964612839626444952,rainfall / flood
Facebook,Civil Defense Davao,"rainfall advisory no. 4 amendment #minprsd weather system: easterlies issued at 04:00 pm 08 september 2025 light to moderate rains are expected over #sulu, #dinagatislands, #bukidnon, #davaodelnorte(braulioe.dujali, cityoftagum, santotomas, talaingod, kapalong), #davaodeoro(pantukan, mabini, maragusan, maco, mawab, newbataan), #sarangani, #misamisoriental, #zamboangadelnorte, #lanaodelnorte, #agusandelsur, #davaooriental(boston, cateel, baganga), #surigaodelnorte, #zamboangadelsur and #misamisoccidental within the next 1-2 hours. moderate to occasionally heavy rains affecting #zamboangacity, #basilan, #tawitawi, #lanaodelsur, #cotabatocity, #northcotabato, #bukidnon(damulog, kibawe, kadingilan, kitaotao, cityofvalencia, lantapan, cityofmalaybalay, sumilao, manolofortich, malitbog, impasugong, talakag), #davaodelnorte(cityofsamal, carmen, cityofpanabo, newcorella, sanisidro, asuncion), #davaocity, #davaodeoro(nabunturan, compostela, montevista, monkayo, laak), #zamboangasibugay, #sultankudarat, #sarangani, #southcotabato, #zamboangadelnorte, #davaodelsur, #maguindanaodelnorte, #maguindanaodelsur, #zamboangadelsur which may persist within 2-3 hours and may affect nearby areas. the public and the disaster risk reduction and management offices concerned are advised to monitor the weather condition and watch for the next warning to be issued at 05:00 pm today. source: mindanao prsd rainfall advisory no. 4 amendment #minprsd weather system: easterlies issued at 04:00 pm 08 september 2025 light to moderate rains are expected over #sulu, #dinagatislands, #bukidnon, #davaodelnorte(braulioe.dujali, cityoftagum, santotomas, talaingod, kapalong), #davaodeoro(pantukan, mabini, maragusan, maco, mawab, newbataan), #sarangani, #misamisoriental, #zamboangadelnorte, #lanaodelnorte, #agusandelsur, #davaooriental(boston, cateel, baganga), #surigaodelnorte, #zamboangadelsur and #misamisoccidental within the next 1-2 hours. moderate to occasionally heavy rains affecting #zamboangacity, #basilan, #tawitawi, #lanaodelsur, #cotabatocity, #northcotabato, #bukidnon(damulog, kibawe, kadingilan, kitaotao, cityofvalencia, lantapan, cityofmalaybalay, sumilao, manolofortich, malitbog, impasugong, talakag), #davaodelnorte(cityofsamal, carmen, cityofpanabo, newcorella, sanisidro, asuncion), #davaocity, #davaodeoro(nabunturan, compostela, montevista, monkayo, laak), #zamboangasibugay, #sultankudarat, #sarangani, #southcotabato, #zamboangadelnorte, #davaodelsur, #maguindanaodelnorte, #maguindanaodelsur, #zamboangadelsur which may persist within 2-3 hours and may affect nearby areas. the public and the disaster risk reduction and management offices concerned are advised to monitor the weather condition and watch for the next warning to be issued at 05:00 pm today. source: mindanao prsd","September 08, 2025 16:00:00",SULU (province); BUKIDNON (province); DAVAO DEL NORTE (province); Dujali (barangay); TALAINGOD (citymun); KAPALONG (citymun); PANTUKAN (citymun); MABINI (citymun); MARAGUSAN (SAN MARIANO) (citymun); MACO (citymun); MAWAB (citymun); SARANGANI (province); MISAMIS ORIENTAL (province); ZAMBOANGA DEL NORTE (province); LANAO DEL NORTE (province); AGUSAN DEL SUR (province); DAVAO ORIENTAL (province); BOSTON (citymun); CATEEL (citymun); BAGANGA (citymun); SURIGAO DEL NORTE (province); ZAMBOANGA DEL SUR (province); MISAMIS OCCIDENTAL (province); ZAMBOANGA CITY (citymun); BASILAN (province); LANAO DEL SUR (province); COTABATO CITY (citymun); DAMULOG (citymun); KIBAWE (citymun); KADINGILAN (citymun); KITAOTAO (citymun); LANTAPAN (citymun); SUMILAO (citymun); MALITBOG (citymun); TALAKAG (citymun); CARMEN (citymun); ASUNCION (SAUG) (citymun); DAVAO CITY (citymun); NABUNTURAN (Capital) (citymun); COMPOSTELA (citymun); MONTEVISTA (citymun); MONKAYO (citymun); LAAK (SAN VICENTE) (citymun); ZAMBOANGA SIBUGAY (province); SULTAN KUDARAT (province); SOUTH COTABATO (province); DAVAO DEL SUR (province); mindanao (island_group),https://www.facebook.com/civildefensedavao/posts/pfbid02mLm54hSSMVnLe4bNvi6HtMiWcYVmpT8BY4qyt6erP2dSYeK71GqomNDoaUzLCw2Rl?__cft__[0]=AZW8E0hBSTOC0bbRkPOc2bvk1q5U4c6KNZo08N0xzYNFfqPdXrIXPGMwyfmskCuhg5e04eVKrh9qtO87uF-9LDh7ooPT9D5e9I8Uzog--t8yLTD2K9U3MRQzt0LFwnV6Q5KVuOzizax4pftdh1VsDA0DBeHKBh2KKXhR88h67AMCnm1KLpdGujb17L4h0tCzE8g&__tn__=%2CO%2CP-R,rainfall / flood
Facebook,PAGASA,"24-hour public weather forecast issued at 4:00 pm, 08 september 2025 synopsis: easterlies affecting southern luzon, visayas and mindanao tropical cyclone outside par as of 3:00 pm today severe tropical storm tapah (formerly ""lannie"") location: 1095 km west northwest of extreme northern luzon (23.0n, 111.5e) maximum sustained winds: 110 km/h near the center gustiness: up to 185 km/h movement: north northwestward at 30 km/h forecast weather conditions area: bicol region, eastern visayas, caraga, and quezon weather condition: cloudy skies with scattered rains and thunderstorms caused by: easterlies impacts: possible flash floods or landslides due to moderate to at times heavy rains area: metro manila, mimaropa, and the rest of calabarzon, the rest of visayas, and the rest of mindanao weather condition: partly cloudy to cloudy skies with isolated rainshowers or thunderstorms caused by: easterlies impacts: possible flash floods or landslides during severe thunderstorms area: the rest of luzon weather condition: partly cloudy to cloudy skies with isolated rainshowers or thunderstorms caused by: localized thunderstorms impacts: possible flash floods or landslides during severe thunderstorms forecast wind and coastal water conditions area: mimaropa, visayas and mindanao wind speed: light to moderate wind direction: east to northeast coastal waters: slight to moderate / (0.6 to 1.5 meters) area: the rest of luzon wind speed: light to moderate wind direction: northeast to southeast coastal waters: slight to moderate / (0.6 to 1.5 meters) extremes of temperature and relative humidity for the 24-hour period ending 4:00 pm today minimum temperature: 25.5 c 6:00 am maximum temperature: 31.0 c 2:00 pm minumum relative humidity: 74 % 2:00 pm maximum relative humidity: 94 % 8:00 am tides and astronomical information over metro manila sunrise tomorrow: 5:45am sunset today: 6:02pm moonrise tomorrow: 7:09pm moonset tomorrow: 6:52am illumination tomorrow: 96% for other information about weather, please log on to pagasa.dost.gov.ph or bagong.pagasa.dost.gov.ph or call at (02)927-1335/(02)926-4258 24-hour public weather forecast issued at 4:00 pm, 08 september 2025 synopsis: easterlies affecting southern luzon, visayas and mindanao tropical cyclone outside par as of 3:00 pm today severe tropical storm tapah (formerly ""lannie"") location: 1095 km west northwest of extreme northern luzon (23.0n, 111.5e) maximum sustained winds: 110 km/h near the center gustiness: up to 185 km/h movement: north northwestward at 30 km/h forecast weather conditions area: bicol region, eastern visayas, caraga, and quezon weather condition: cloudy skies with scattered rains and thunderstorms caused by: easterlies impacts: possible flash floods or landslides due to moderate to at times heavy rains area: metro manila, mimaropa, and the rest of calabarzon, the rest of visayas, and the rest of mindanao weather condition: partly cloudy to cloudy skies with isolated rainshowers or thunderstorms caused by: easterlies impacts: possible flash floods or landslides during severe thunderstorms area: the rest of luzon weather condition: partly cloudy to cloudy skies with isolated rainshowers or thunderstorms caused by: localized thunderstorms impacts: possible flash floods or landslides during severe thunderstorms forecast wind and coastal water conditions area: mimaropa, visayas and mindanao wind speed: light to moderate wind direction: east to northeast coastal waters: slight to moderate / (0.6 to 1.5 meters) area: the rest of luzon wind speed: light to moderate wind direction: northeast to southeast coastal waters: slight to moderate / (0.6 to 1.5 meters) extremes of temperature and relative humidity for the 24-hour period ending 4:00 pm today minimum temperature: 25.5 c 6:00 am maximum temperature: 31.0 c 2:00 pm minumum relative humidity: 74 % 2:00 pm maximum relative humidity: 94 % 8:00 am tides and astronomical information over metro manila sunrise tomorrow: 5:45am sunset today: 6:02pm moonrise tomorrow: 7:09pm moonset tomorrow: 6:52am illumination tomorrow: 96% for other information about weather, please log on to pagasa.dost.gov.ph or bagong.pagasa.dost.gov.ph or call at (02)927-1335/(02)926-4258","September 08, 2025 16:00:00",Luzon (island_group); REGION XIII (Caraga) (region); QUEZON (province); NATIONAL CAPITAL REGION (NCR) (region); REGION IV-B (MIMAROPA) (region),https://www.facebook.com/PAGASA.DOST.GOV.PH/posts/pfbid01C176Xg3Y3LZSogvvyUinLyd9qdB4xobbabES8t2akXFzGcTdQkrsNxiYVTQVfefl?__cft__[0]=AZXXAK7Qt04g8l2e8KErnEq03OYigXfyv3fezhH_D6w91KsgA-lcAfey-FbwPVHQimLBJBpt8cuvF7n6oH3crTxXz-eRcF8lkFmywXZwZ1NiN9ImCsbwuHVZf1YfTQUYmXBlyo5W00HlC7YjUr51rzZIFlQVFeAqhM7b4EWnGMuy_mRzP3d142b9K4rwHD9mhb8&__tn__=%2CO%2CP-R,rainfall / flood
Facebook,MPRSD CDO,"rainfall advisory no. 4 amendment #minprsd weather system: easterlies issued at 04:00 pm 08 september 2025 light to moderate rains are expected over #sulu, #dinagatislands, #bukidnon(dangcagan, doncarlos, quezon, maramag, kalilangan, pangantucan, sanfernando, cabanglasan, baungon, libona), #davaodelnorte(braulioe.dujali, cityoftagum, santotomas, talaingod, kapalong), #davaodeoro(pantukan, mabini, maragusan, maco, mawab, newbataan), #sarangani(glan, malapatan, alabel, malungon), #misamisoriental(claveria, balingasag, jasaan, cagayandeorocity, kinoguitan, balingoan, talisayan, salay, lagonglong, sugbongcogon, binuangan, medina, gingoogcity, opol), #zamboangadelnorte(tampilisan, godod, salug, liloy, leonb.postigo, siayan, sergioosmenasr., sindangan, mutia, josedalman, manukan, pres.manuela.roxas, katipunan, dipologcity, polanco, pinan, dapitancity, sibutad, rizal, lalibertad), #lanaodelnorte, #agusandelsur(loreto, veruela, santajosefa, trento, bunawan), #davaooriental(boston, cateel, baganga), #surigaodelnorte(siargaoisland, socorro), #zamboangadelsur(tigbao, labangan, tukuran, lakewood, bayog, aurora, ramonmagsaysay, sominot, midsalip, tambulig, mahayag, dumingag, molave, josefina) and #misamisoccidental within the next 1-2 hours. moderate to occasionally heavy rains affecting #zamboangacity, #basilan, #tawitawi, #lanaodelsur, #cotabatocity, #northcotabato, #bukidnon(damulog, kibawe, kadingilan, kitaotao, cityofvalencia, lantapan, cityofmalaybalay, sumilao, manolofortich, malitbog, impasugong, talakag), #davaodelnorte(cityofsamal, carmen, cityofpanabo, newcorella, sanisidro, asuncion), #davaocity, #davaodeoro(nabunturan, compostela, montevista, monkayo, laak), #zamboangasibugay, #sultankudarat, #sarangani(maasim, kiamba, maitum), #southcotabato, #zamboangadelnorte(sibuco, sirawai, siocon, baliguian, kalawit, gutalac, labason), #davaodelsur, #maguindanaodelnorte, #maguindanaodelsur, #zamboangadelsur(tabina, pitogo, vincenzoa.sagun, dimataling, margosatubig, dinas, sanpablo, sanmiguel, guipos, kumalarang, dumalinao, pagadiancity and lapuyan) which may persist within 2-3 hours and may affect nearby areas. the public and the disaster risk reduction and management offices concerned are advised to monitor the weather condition and watch for the next warning to be issued at 05:00 pm today. rainfall advisory no. 4 amendment #minprsd weather system: easterlies issued at 04:00 pm 08 september 2025 light to moderate rains are expected over #sulu, #dinagatislands, #bukidnon(dangcagan, doncarlos, quezon, maramag, kalilangan, pangantucan, sanfernando, cabanglasan, baungon, libona), #davaodelnorte(braulioe.dujali, cityoftagum, santotomas, talaingod, kapalong), #davaodeoro(pantukan, mabini, maragusan, maco, mawab, newbataan), #sarangani(glan, malapatan, alabel, malungon), #misamisoriental(claveria, balingasag, jasaan, cagayandeorocity, kinoguitan, balingoan, talisayan, salay, lagonglong, sugbongcogon, binuangan, medina, gingoogcity, opol), #zamboangadelnorte(tampilisan, godod, salug, liloy, leonb.postigo, siayan, sergioosmenasr., sindangan, mutia, josedalman, manukan, pres.manuela.roxas, katipunan, dipologcity, polanco, pinan, dapitancity, sibutad, rizal, lalibertad), #lanaodelnorte, #agusandelsur(loreto, veruela, santajosefa, trento, bunawan), #davaooriental(boston, cateel, baganga), #surigaodelnorte(siargaoisland, socorro), #zamboangadelsur(tigbao, labangan, tukuran, lakewood, bayog, aurora, ramonmagsaysay, sominot, midsalip, tambulig, mahayag, dumingag, molave, josefina) and #misamisoccidental within the next 1-2 hours. moderate to occasionally heavy rains affecting #zamboangacity, #basilan, #tawitawi, #lanaodelsur, #cotabatocity, #northcotabato, #bukidnon(damulog, kibawe, kadingilan, kitaotao, cityofvalencia, lantapan, cityofmalaybalay, sumilao, manolofortich, malitbog, impasugong, talakag), #davaodelnorte(cityofsamal, carmen, cityofpanabo, newcorella, sanisidro, asuncion), #davaocity, #davaodeoro(nabunturan, compostela, montevista, monkayo, laak), #zamboangasibugay, #sultankudarat, #sarangani(maasim, kiamba, maitum), #southcotabato, #zamboangadelnorte(sibuco, sirawai, siocon, baliguian, kalawit, gutalac, labason), #davaodelsur, #maguindanaodelnorte, #maguindanaodelsur, #zamboangadelsur(tabina, pitogo, vincenzoa.sagun, dimataling, margosatubig, dinas, sanpablo, sanmiguel, guipos, kumalarang, dumalinao, pagadiancity and lapuyan) which may persist within 2-3 hours and may affect nearby areas. the public and the disaster risk reduction and management offices concerned are advised to monitor the weather condition and watch for the next warning to be issued at 05:00 pm today.","September 08, 2025 16:00:00",SULU (province); DINAGAT ISLANDS (province); BUKIDNON (province); DANGCAGAN (citymun); QUEZON (province); MARAMAG (citymun); KALILANGAN (citymun); PANGANTUCAN (citymun); CABANGLASAN (citymun); BAUNGON (citymun); LIBONA (citymun); DAVAO DEL NORTE (province); TALAINGOD (citymun); KAPALONG (citymun); PANTUKAN (citymun); MABINI (citymun); MARAGUSAN (SAN MARIANO) (citymun); MACO (citymun); MAWAB (citymun); SARANGANI (province); MALAPATAN (citymun); ALABEL (Capital) (citymun); MALUNGON (citymun); MISAMIS ORIENTAL (province); BALINGASAG (citymun); JASAAN (citymun); KINOGUITAN (citymun); BALINGOAN (citymun); TALISAYAN (citymun); SALAY (citymun); LAGONGLONG (citymun); SUGBONGCOGON (citymun); BINUANGAN (citymun); MEDINA (citymun); OPOL (citymun); ZAMBOANGA DEL NORTE (province); TAMPILISAN (citymun); GODOD (citymun); SALUG (citymun); LILOY (citymun); SIAYAN (citymun); SINDANGAN (citymun); MUTIA (citymun); MANUKAN (citymun); KATIPUNAN (citymun); POLANCO (citymun); PIÑAN (NEW PIÑAN) (citymun); SIBUTAD (citymun); RIZAL (province); LANAO DEL NORTE (province); AGUSAN DEL SUR (province); LORETO (citymun); VERUELA (citymun); TRENTO (citymun); BUNAWAN (citymun); DAVAO ORIENTAL (province); BOSTON (citymun); CATEEL (citymun); BAGANGA (citymun); SURIGAO DEL NORTE (province); SOCORRO (citymun); ZAMBOANGA DEL SUR (province); TIGBAO (citymun); LABANGAN (citymun); TUKURAN (citymun); LAKEWOOD (citymun); BAYOG (citymun); AURORA (province); SOMINOT (DON MARIANO MARCOS) (citymun); MIDSALIP (citymun); TAMBULIG (citymun); MAHAYAG (citymun); DUMINGAG (citymun); MOLAVE (citymun); JOSEFINA (citymun); MISAMIS OCCIDENTAL (province); ZAMBOANGA CITY (citymun); BASILAN (province); LANAO DEL SUR (province); COTABATO CITY (citymun); DAMULOG (citymun); KIBAWE (citymun); KADINGILAN (citymun); KITAOTAO (citymun); LANTAPAN (citymun),https://www.facebook.com/mprsdcdo/posts/pfbid02xT6kBCjdtkhhwWSqq9sBhpUV2dPmNpiYSS6kTiNjPD7zHFDVLTgGb2MHX2UMwTw8l?__cft__[0]=AZW80Dyl43dj8nOt1ri1uzZ_bAsoGbxNPWy6fKIHn3wb5IlJK90u7N715B0bPO5wYAdtdePo6NwFpGDgQ49-tm4CESZkgVUNtb2-ckxPuhvXE99rf0yPRe2tsFnsgjF8lw44I5DXuxUb2gduRtfS9gBZugUbN5IjUxwDBZLG6knUZoxXZPCuOYhdmavq7pMDu3w&__tn__=%2CO%2CP-R,rainfall / flood
X,dost_pagasa,"thunderstorm advisory no. 5 #ncr_prsd issued at: 5:26 pm, 07 september 2025(sunday) moderate to heavy rainshowers with lightning and strong winds are expected over pampanga, bataan and bulacan within the next 2 hours. heavy to intense rainshowers with lightning and strong winds","September 07, 2025 17:26:00",PAMPANGA (province); BATAAN (province); BULACAN (province),https://x.com/dost_pagasa/status/1964621690123759755,rainfall / flood
Facebook,Civil Defense Davao,"mindanao weather forecast #minprsd issued at: 5:00 pm 08 september 2025 valid until: 5:00 pm tomorrow synopsis: easterlies affecting mindanao. tc information tropical cyclone outside par as of 3:00 pm today severe tropical storm tapah (formerly ""lannie"") location: 1095 km west northwest of extreme northern luzon (23.0n, 111.5e) maximum sustained winds: 110 km/h near the center gustiness: up to 185 km/h movement: north northwestward at 30 km/h forecast: caraga region will have cloudy skies with scattered rains and thunderstorm due to easterlies. possible flash floods and landslide due to moderate to at times heavy rains. rest of mindanao will be partly cloudy to cloudy with isolated rainshowers and/or thunderstorms due to easterlies. light to moderate winds from east to northeast with slight to moderate seas (0.6 to 1.5 meters). kaugalingong dayalekto: ang rehiyon sa caraga makasinati sa mapanganuron nga kalangitan inubanan sa katag katag nga pag-ulan, kilat ug pagpanalugdog tungod sa easterlies. posible ang pagbaha o pagdahili sa yuta tungod sa kasarangan ngadto na sa usahay nga mga pag-ulan. ang ubang dapit sa mindanao makasinati sa panalagsang pagdag-um ngadto na sa mapanganuron nga kalangitan inubanan sa pat-ak pat-ak nga pag-ulan, kilat ug pagpanalugdog tungod sa easterlies. hinay ngadto sa kasarangan nga hangin ang magagikan sa silangan ngadto sa amihanang silangang direksyon ug ang kadagatan hapsay ngadto sa kasarangan ang pagbalud (0.6 to 1.5 meters). source: mindanao prsd mindanao weather forecast #minprsd issued at: 5:00 pm 08 september 2025 valid until: 5:00 pm tomorrow synopsis: easterlies affecting mindanao. tc information tropical cyclone outside par as of 3:00 pm today severe tropical storm tapah (formerly ""lannie"") location: 1095 km west northwest of extreme northern luzon (23.0n, 111.5e) maximum sustained winds: 110 km/h near the center gustiness: up to 185 km/h movement: north northwestward at 30 km/h forecast: caraga region will have cloudy skies with scattered rains and thunderstorm due to easterlies. possible flash floods and landslide due to moderate to at times heavy rains. rest of mindanao will be partly cloudy to cloudy with isolated rainshowers and/or thunderstorms due to easterlies. light to moderate winds from east to northeast with slight to moderate seas (0.6 to 1.5 meters). kaugalingong dayalekto: ang rehiyon sa caraga makasinati sa mapanganuron nga kalangitan inubanan sa katag katag nga pag-ulan, kilat ug pagpanalugdog tungod sa easterlies. posible ang pagbaha o pagdahili sa yuta tungod sa kasarangan ngadto na sa usahay nga mga pag-ulan. ang ubang dapit sa mindanao makasinati sa panalagsang pagdag-um ngadto na sa mapanganuron nga kalangitan inubanan sa pat-ak pat-ak nga pag-ulan, kilat ug pagpanalugdog tungod sa easterlies. hinay ngadto sa kasarangan nga hangin ang magagikan sa silangan ngadto sa amihanang silangang direksyon ug ang kadagatan hapsay ngadto sa kasarangan ang pagbalud (0.6 to 1.5 meters). source: mindanao prsd","September 08, 2025 17:00:00",mindanao (island_group); REGION XIII (Caraga) (region),https://www.facebook.com/civildefensedavao/posts/pfbid02FWDXhzGbZzTHNegFdkzofYFByjVWnEZyTPsbuQAdCi9a3hc8a2L6hUD6kJHx33dzl?__cft__[0]=AZWnkHUtXiwdmSRBb8xfMZO_76SjMm43e4iMdQg9M7jVtZiXhSmzmLv9RiOBKKYMg7QvOraNtcKc4kxrBhRxg03ImKrhWjmKX7Sip0_zgsVfsP4y_l2KqCTWXKi7LX04YPvl4U1LFryf9fTP53htK3wNFL9FpjZUz5P4_6nsuFnikBzLpkBNCGFQ1-Mjre_ByDc&__tn__=%2CO%2CP-R,rainfall / flood
Facebook,MPRSD CDO,"mindanao weather forecast #minprsd issued at: 5:00 pm 08 september 2025 valid until: 5:00 pm tomorrow synopsis: easterlies affecting mindanao. tc information tropical cyclone outside par as of 3:00 pm today severe tropical storm tapah (formerly ""lannie"") location: 1095 km west northwest of extreme northern luzon (23.0n, 111.5e) maximum sustained winds: 110 km/h near the center gustiness: up to 185 km/h movement: north northwestward at 30 km/h forecast: caraga region will have cloudy skies with scattered rains and thunderstorm due to easterlies. possible flash floods and landslide due to moderate to at times heavy rains. rest of mindanao will be partly cloudy to cloudy with isolated rainshowers and/or thunderstorms due to easterlies. light to moderate winds from east to northeast with slight to moderate seas (0.6 to 1.5 meters). kaugalingong dayalekto: ang rehiyon sa caraga makasinati sa mapanganuron nga kalangitan inubanan sa katag katag nga pag-ulan, kilat ug pagpanalugdog tungod sa easterlies. posible ang pagbaha o pagdahili sa yuta tungod sa kasarangan ngadto na sa usahay nga mga pag-ulan. ang ubang dapit sa mindanao makasinati sa panalagsang pagdag-um ngadto na sa mapanganuron nga kalangitan inubanan sa pat-ak pat-ak nga pag-ulan, kilat ug pagpanalugdog tungod sa easterlies. hinay ngadto sa kasarangan nga hangin ang magagikan sa silangan ngadto sa amihanang silangang direksyon ug ang kadagatan hapsay ngadto sa kasarangan ang pagbalud (0.6 to 1.5 meters). over laguindingan upper air and synoptic station, misamis oriental maximum temperature: 09:00 am today 27.2 c minimum temperature: 12:00 noon today 24.0 c maximum relative humidity: 12:00 noon today 97 % minimum relative humidity: 08:00 am today -- 81 % astronomical information over el salvador city sunset today : 05:46 pm sunrise tomorrow: 05:33 am moonrise today : 06:13 pm moonset tomorrow : 06:36 am for more information and queries, please call at telephone number (088) 555-0485 local 102 mindanao prsd website: mindanao prsd facebook account: facebook group: mindanao weather forecast #minprsd issued at: 5:00 pm 08 september 2025 valid until: 5:00 pm tomorrow synopsis: easterlies affecting mindanao. tc information tropical cyclone outside par as of 3:00 pm today severe tropical storm tapah (formerly ""lannie"") location: 1095 km west northwest of extreme northern luzon (23.0n, 111.5e) maximum sustained winds: 110 km/h near the center gustiness: up to 185 km/h movement: north northwestward at 30 km/h forecast: caraga region will have cloudy skies with scattered rains and thunderstorm due to easterlies. possible flash floods and landslide due to moderate to at times heavy rains. rest of mindanao will be partly cloudy to cloudy with isolated rainshowers and/or thunderstorms due to easterlies. light to moderate winds from east to northeast with slight to moderate seas (0.6 to 1.5 meters). kaugalingong dayalekto: ang rehiyon sa caraga makasinati sa mapanganuron nga kalangitan inubanan sa katag katag nga pag-ulan, kilat ug pagpanalugdog tungod sa easterlies. posible ang pagbaha o pagdahili sa yuta tungod sa kasarangan ngadto na sa usahay nga mga pag-ulan. ang ubang dapit sa mindanao makasinati sa panalagsang pagdag-um ngadto na sa mapanganuron nga kalangitan inubanan sa pat-ak pat-ak nga pag-ulan, kilat ug pagpanalugdog tungod sa easterlies. hinay ngadto sa kasarangan nga hangin ang magagikan sa silangan ngadto sa amihanang silangang direksyon ug ang kadagatan hapsay ngadto sa kasarangan ang pagbalud (0.6 to 1.5 meters). over laguindingan upper air and synoptic station, misamis oriental maximum temperature: 09:00 am today 27.2 c minimum temperature: 12:00 noon today 24.0 c maximum relative humidity: 12:00 noon today 97 % minimum relative humidity: 08:00 am today -- 81 % astronomical information over el salvador city sunset today : 05:46 pm sunrise tomorrow: 05:33 am moonrise today : 06:13 pm moonset tomorrow : 06:36 am for more information and queries, please call at telephone number (088) 555-0485 local 102 mindanao prsd website: mindanao prsd facebook account: facebook group:","September 08, 2025 17:00:00",mindanao (island_group); REGION XIII (Caraga) (region),https://www.facebook.com/mprsdcdo/,rainfall / flood
Facebook,Civil Defense Davao,"rainfall advisory no. 5 #minprsd weather system: easterlies issued at 05:00 pm 08 september 2025 light to moderate rains are expected over davao de oro(pantukan, mabini, maragusan, newbataan), davao oriental(boston, cateel, baganga), davao occidental (santamaria), within the next 1-2 hours. moderate to occasionally heavy rains affecting davao city, davao de oro(mawab, nabunturan, compostela, montevista, monkayo, laak, maco), davaodelsur, davao del norte, which may persist within 2-3 hours and may affect nearby areas. the public and the disaster risk reduction and management offices concerned are advised to monitor the weather condition and watch for the next warning to be issued at 08:00 pm today. source: mindanao prsd rainfall advisory no. 5 #minprsd weather system: easterlies issued at 05:00 pm 08 september 2025 light to moderate rains are expected over davao de oro(pantukan, mabini, maragusan, newbataan), davao oriental(boston, cateel, baganga), davao occidental (santamaria), within the next 1-2 hours. moderate to occasionally heavy rains affecting davao city, davao de oro(mawab, nabunturan, compostela, montevista, monkayo, laak, maco), davaodelsur, davao del norte, which may persist within 2-3 hours and may affect nearby areas. the public and the disaster risk reduction and management offices concerned are advised to monitor the weather condition and watch for the next warning to be issued at 08:00 pm today. source: mindanao prsd","September 08, 2025 17:00:00",PANTUKAN (citymun); MABINI (citymun); MARAGUSAN (SAN MARIANO) (citymun); DAVAO ORIENTAL (province); BOSTON (citymun); CATEEL (citymun); BAGANGA (citymun); DAVAO OCCIDENTAL (province); DAVAO CITY (citymun); MAWAB (citymun); NABUNTURAN (Capital) (citymun); COMPOSTELA (citymun); MONTEVISTA (citymun); MONKAYO (citymun); LAAK (SAN VICENTE) (citymun); MACO (citymun); DAVAO DEL NORTE (province); mindanao (island_group),https://www.facebook.com/civildefensedavao/posts/pfbid0314MbMu3Vgms7nyLN4xSudbkpBtGiCcB1PUnLmVAKTTQwDCikV6wZLjQQ7Ef927fRl?__cft__[0]=AZWWkwdnzWENeDEiO3ZE3LDbB58N1KMj7wEkd8NKY6QTvO8g14DLPWTpKAO-OHlkB6nUI7wp1l7zRlfdeTz9Nu8Tp7tQXlj1jaPIYqJrv4zCYSdsMEhqiaXdC4iE0j26IhSImUOgfvA0AslI19-Ovh4kMTRtG6zt805j7PhEt8azm66vbN8YYglKI7EWCOvK2fo&__tn__=%2CO%2CP-R,rainfall / flood
Facebook,PAGASA,"general flood advisories issued @6pm, 08 september 2025 region 4a (calabarzon) gfa#2 region 4b (mimaropa) gfa#2 region 5 (bicol region) gfa#1 region 7 (central visayas) gfa#2 region 8 (eastern visayas) gfa#2 region 13 (caraga) gfa#2 barmm gfa#2 general flood advisories issued @6pm, 08 september 2025 region 4a (calabarzon) gfa#2 region 4b (mimaropa) gfa#2 region 5 (bicol region) gfa#1 region 7 (central visayas) gfa#2 region 8 (eastern visayas) gfa#2 region 13 (caraga) gfa#2 barmm gfa#2","September 08, 2025 18:00:00",REGION IV-B (MIMAROPA) (region); CORDILLERA ADMINISTRATIVE REGION (CAR) (region); REGION XIII (Caraga) (region); REGION V (BICOL REGION) (region); REGION VII (CENTRAL VISAYAS) (region); REGION VIII (EASTERN VISAYAS) (region); NATIONAL CAPITAL REGION (NCR) (region),https://www.facebook.com/PAGASA.DOST.GOV.PH/posts/pfbid02kTS19SiN28ryuboJdgvynbevB5U6UmQdz2nRfNndW46eXExPDSRr2Mv7MJWP5G2Sl?__cft__[0]=AZUP3PKIp2ioeaiTaJFi_9h295sqHFQ4kLQJ2br0etODwcBj9JToLUi_RUJymsadAkZV6Ys0Ye7I8mslEPcXHbe3rjNk98ZN5jG9PeTNnyrmOkXkBx_gRJ0JuDCWyllFZ87Ov_KnklbSq6NcRO9EfPL2DvKYWUp8VG9efrfocLCzMlDqhjTAHFKEa4JN76jTVs8&__tn__=%2CO%2CP-R,rainfall / flood
Facebook,MPRSD CDO,"rainfall advisory no. 5 #minprsd weather system: easterlies issued at 05:00 pm 08 september 2025 light to moderate rains are expected over #sulu, #bukidnon(sumilao, impasugong, baungon, libona, manolofortich, malitbog), #davaodeoro(pantukan, mabini, maragusan, newbataan), #misamisoriental(balingasag, kinoguitan, salay, lagonglong, sugbongcogon, binuangan, claveria, gingoogcity), #davaooriental(boston, cateel, baganga), #lanaodelsur(lumbacaunayan, sultandumalondong, tubaran, lumbatan, lumbayanague, bayang, pagayawan, binidayan, ganassi, masiu, pualas, poonabayabao, tamparan, taraka, madamba, bacolodkalawi, mulondo, tugaya, balindong, madalum, buadiposobuntong, marantao, ditsaanramain, bubong, piagapo, marawicity, saguiaran, kapai, tagoloanii), #lanaodelnorte(lala, kapatagan, sultannagadimaporo, sapad, nunungan), #sarangani(maitum, kiamba, maasim, malungon), #southcotabato(t'boli, tupi, tampakan), #davaooccidental(santamaria), #zamboangadelnorte, #misamisoccidental, #camiguin, #agusandelsur(sibagat), #agusandelnorte(cityofcabadbaran, remediost.romualdez, butuancity), #surigaodelsur(sanmiguel, carmen, lanuza, lingig and cityofbislig) within the next 1-2 hours. moderate to occasionally heavy rains affecting #zamboangacity, #basilan, #tawitawi, #cotabatocity, #northcotabato, #bukidnon(damulog, kibawe, kadingilan, dangcagan, kitaotao, doncarlos, quezon, maramag, kalilangan, pangantucan, sanfernando, cityofvalencia, cabanglasan, lantapan, cityofmalaybalay, talakag), #davaocity, #davaodeoro(mawab, nabunturan, compostela, montevista, monkayo, laak, maco), #sultankudarat, #davaodelsur, #agusandelsur(loreto, veruela, santajosefa, trento, bunawan), #maguindanaodelnorte, #maguindanaodelsur, #lanaodelsur(kapatagan, balabagan, marogong, malabang, wao, picong, calanogas, butig, lumbabayabao, bumbaran, maguing), #davaodelnorte, #southcotabato(norala, santonino, tantangan, cityofkoronadal, banga, lakesebu, surallah), #zamboangasibugay and #zamboangadelsur which may persist within 2-3 hours and may affect nearby areas. the public and the disaster risk reduction and management offices concerned are advised to monitor the weather condition and watch for the next warning to be issued at 08:00 pm today. rainfall advisory no. 5 #minprsd weather system: easterlies issued at 05:00 pm 08 september 2025 light to moderate rains are expected over #sulu, #bukidnon(sumilao, impasugong, baungon, libona, manolofortich, malitbog), #davaodeoro(pantukan, mabini, maragusan, newbataan), #misamisoriental(balingasag, kinoguitan, salay, lagonglong, sugbongcogon, binuangan, claveria, gingoogcity), #davaooriental(boston, cateel, baganga), #lanaodelsur(lumbacaunayan, sultandumalondong, tubaran, lumbatan, lumbayanague, bayang, pagayawan, binidayan, ganassi, masiu, pualas, poonabayabao, tamparan, taraka, madamba, bacolodkalawi, mulondo, tugaya, balindong, madalum, buadiposobuntong, marantao, ditsaanramain, bubong, piagapo, marawicity, saguiaran, kapai, tagoloanii), #lanaodelnorte(lala, kapatagan, sultannagadimaporo, sapad, nunungan), #sarangani(maitum, kiamba, maasim, malungon), #southcotabato(t'boli, tupi, tampakan), #davaooccidental(santamaria), #zamboangadelnorte, #misamisoccidental, #camiguin, #agusandelsur(sibagat), #agusandelnorte(cityofcabadbaran, remediost.romualdez, butuancity), #surigaodelsur(sanmiguel, carmen, lanuza, lingig and cityofbislig) within the next 1-2 hours. moderate to occasionally heavy rains affecting #zamboangacity, #basilan, #tawitawi, #cotabatocity, #northcotabato, #bukidnon(damulog, kibawe, kadingilan, dangcagan, kitaotao, doncarlos, quezon, maramag, kalilangan, pangantucan, sanfernando, cityofvalencia, cabanglasan, lantapan, cityofmalaybalay, talakag), #davaocity, #davaodeoro(mawab, nabunturan, compostela, montevista, monkayo, laak, maco), #sultankudarat, #davaodelsur, #agusandelsur(loreto, veruela, santajosefa, trento, bunawan), #maguindanaodelnorte, #maguindanaodelsur, #lanaodelsur(kapatagan, balabagan, marogong, malabang, wao, picong, calanogas, butig, lumbabayabao, bumbaran, maguing), #davaodelnorte, #southcotabato(norala, santonino, tantangan, cityofkoronadal, banga, lakesebu, surallah), #zamboangasibugay and #zamboangadelsur which may persist within 2-3 hours and may affect nearby areas. the public and the disaster risk reduction and management offices concerned are advised to monitor the weather condition and watch for the next warning to be issued at 08:00 pm today.","September 08, 2025 17:00:00",SULU (province); BUKIDNON (province); SUMILAO (citymun); BAUNGON (citymun); LIBONA (citymun); MALITBOG (citymun); PANTUKAN (citymun); MABINI (citymun); MARAGUSAN (SAN MARIANO) (citymun); MISAMIS ORIENTAL (province); BALINGASAG (citymun); KINOGUITAN (citymun); SALAY (citymun); LAGONGLONG (citymun); SUGBONGCOGON (citymun); BINUANGAN (citymun); CLAVERIA (citymun); DAVAO ORIENTAL (province); BOSTON (citymun); CATEEL (citymun); BAGANGA (citymun); LANAO DEL SUR (province); TUBARAN (citymun); LUMBATAN (citymun); LUMBAYANAGUE (citymun); BAYANG (citymun); PAGAYAWAN (TATARIKAN) (citymun); BINIDAYAN (citymun); GANASSI (citymun); MASIU (citymun); PUALAS (citymun); Philippines (country); TARAKA (citymun); MADAMBA (citymun); MULONDO (citymun); TUGAYA (citymun); BALINDONG (WATU) (citymun); MADALUM (citymun); MARANTAO (citymun); BUBONG (citymun); PIAGAPO (citymun); SAGUIARAN (citymun); KAPAI (citymun); LANAO DEL NORTE (province); LALA (citymun); KAPATAGAN (citymun); SAPAD (citymun); NUNUNGAN (citymun); SARANGANI (province); MAITUM (citymun); KIAMBA (citymun); MAASIM (citymun); MALUNGON (citymun); SOUTH COTABATO (province); T'BOLI (citymun); TUPI (citymun); TAMPAKAN (citymun); DAVAO OCCIDENTAL (province); ZAMBOANGA DEL NORTE (province); MISAMIS OCCIDENTAL (province); CAMIGUIN (province); AGUSAN DEL SUR (province); SIBAGAT (citymun); AGUSAN DEL NORTE (province); SURIGAO DEL SUR (province); CARMEN (citymun); LANUZA (citymun); LINGIG (citymun); ZAMBOANGA CITY (citymun); BASILAN (province); COTABATO CITY (citymun); DAMULOG (citymun); KIBAWE (citymun); KADINGILAN (citymun); DANGCAGAN (citymun); KITAOTAO (citymun); QUEZON (province); MARAMAG (citymun); KALILANGAN (citymun); PANGANTUCAN (citymun); CABANGLASAN (citymun); LANTAPAN (citymun); TALAKAG (citymun),https://www.facebook.com/mprsdcdo/posts/pfbid02GUgL417BNoDmeefqc43ffYzZMZKaQaWwbVbZmwkSrJ8uLE9o95cYMoUWwSzMDfyQl?__cft__[0]=AZVUeBpWRPRKIjGNkElZord6mD2PybxFgq6hV6cihXS6bOybWdf80Li0VsqkTz5CaZZgegLzEHcMFIHSAEnD4IQXHj1GYk-eWFtMGJCdC4Pp6oLs096NxI8vR0sSFgYuRHDVOEdoghPietQdjVKKhayhA6KD-QdOlxZ7r1QqoDFE8Yj6xqyUVgqvkFrdHHcNrXY&__tn__=%2CO%2CP-R,rainfall / flood
X,dost_pagasa,"thunderstorm advisory no. 6 #ncr_prsd issued at: 6:35 pm, 07 september 2025(sunday) heavy to intense rainshowers with lightning and strong winds are expected over batangas, bataan, pampanga, zambales and tarlac within the next 2 hours. intense to torrential rainshowers with","September 07, 2025 18:35:00",BATANGAS (province); BATAAN (province); PAMPANGA (province); ZAMBALES (province); TARLAC (province),https://x.com/dost_pagasa/status/1964639156866548027,rainfall / flood
Facebook,Davao DRRMO,"cdrrmo-opcen weather update: as of 05:28 pm | september 08, 2025 weather system: easterlies reported rainfall within the areas of marilog, baguio, and calinan districts has stopped. light rains are being experienced in some areas of toril district, while other areas of davao city are experiencing partly cloudy to cloudy skies. all river channels are monitored at code green (safe level). coastal status: > slight seas > high tide #weatherupdate #davaocitydrrmo cdrrmo-opcen weather update: as of 05:28 pm | september 08, 2025 weather system: easterlies reported rainfall within the areas of marilog, baguio, and calinan districts has stopped. light rains are being experienced in some areas of toril district, while other areas of davao city are experiencing partly cloudy to cloudy skies. all river channels are monitored at code green (safe level). coastal status: > slight seas > high tide #weatherupdate #davaocitydrrmo","September 08, 2025 17:28:00",Marilog (barangay); Baguio (barangay); Calinan (Pob.) (barangay); DAVAO CITY (citymun),https://www.facebook.com/DavaoDRRMO/posts/1222391189925195?__cft__[0]=AZUCQh_ONQZd3Cj3lm3O5abLZBKhNshFCTLW1OoodMvadEj5xFR6hll-4dOXndfkKhxArHtZCRdlIs5VKgdgaxGKktW3YMjQ_aY-ZvauKThIq8MLCUIOTPx0Y8-dDD4Wgbh9JwPnfBK9dsYcoTu7evP77KwuUDvepK1a9Y6_1-JlugEKtwaD3yBj4iWosr7yTHE&__tn__=%2CO%2CP-R,rainfall / flood
Facebook,Manila Bulletin,"the daily rundown september 8 1. marcos: flood control probe body to get full powers read: 2. discayas name lawmakers, dpwh execs tied to alleged kickback scheme in flood control projects read: 3. 24 hours after arrival from us, ex-pcso head royina garma leaves ph for malaysia -- bi read: 4. easterlies to bring rain showers, thunderstorms over parts of the philippines read: 5. pope leo xiv canonizes carlo acutis, known as god's influencer related: the daily rundown september 8 1. marcos: flood control probe body to get full powers read: 2. discayas name lawmakers, dpwh execs tied to alleged kickback scheme in flood control projects read: 3. 24 hours after arrival from us, ex-pcso head royina garma leaves ph for malaysia -- bi read: 4. easterlies to bring rain showers, thunderstorms over parts of the philippines read: 5. pope leo xiv canonizes carlo acutis, known as god's influencer related:","September 08, 2025 00:00:00",Philippines (country),https://www.facebook.com/ManilaBulletin/,rainfall / flood
Facebook,PAGASA,"building resilience together: dost-pagasa, bpsu signs moa for the bataan abucay doppler radar station 08 september 2025 | the dost-pagasa and bataan peninsula state university (bpsu) formalizes partnership for the establishment of the bataan abucay doppler radar station through a memorandum of agreement (moa) signing held at the amihan conference room, pagasa central office, quezon city. with the funding support from the office of the president, through the office of civil defense (ocd)/national disaster risk reduction and management council (ndrrmc), the bataan abucay doppler radar station will significantly enhance accuracy of weather forecasts through real-time data enabling local governments to issue timely warnings to communities, and plan disaster responses effectively. dost-pagasa administrator dr. nathaniel t. servando welcomed bpsu officials led by university president dr. ruby santos-matibag, campus director dr. walter valdez, and dean of instruction dr. dharell siano. through this significant agreement between our institutions, we not only strenghten our shared commitment to nation-building but also foster collaboration in research, innovation, and capacity-building, dost-pagasa administrator nathaniel t. servando said. dr. servandos appreciation is also extended to the ocd for closely collaborating with dost-pagasa in ensuring that lives and welfare of the filipino people are safeguarded during natural disasters. dr. marcelino q. villafuerte ii, deputy administrator for r&d, also expressed his gratitude to the bpsu for the establishment of the synoptic station in abucay, bataan in 2021, with this signing ceremony, our partnership begins again and we hope that it could futher enhance our collaboration, as we establish our radar station, for students to potentially use our datasets. bpsu president dr. santos-matibag highlighted that the signing ceremony is more than just a formal partnership, but a celebration of shared commitment to scientific process and public safety of all filipinos. she also said that bataenos are used to warnings pertaining to weather hazards, and this agreement highlights the universitys dedication to supporting research and innovation that address community needs, especially in drr. national capital region-pagasa regional services division (ncr-prsd) chief engr. lorenzo a. moron thanked bpsu president dr. santos-matibag and all involve, emphasizing that the ceremony today is more than technological advancement, but it also represents our promise to be better stewards of public safety. other dost-pagasa executive staff members in attendance were engr. juanito galang (chief of weather division), ms. thelma cinco (chief of climatology and agrometeorology division), mr. michael bala (oic of research & development and training division), and mr. oskar cruz (oic of hydrometeorology division). the pagasa-bpsu doppler radar station is expected to become a vital tool in strengthening the philippines disaster preparedness, providing more accurate forecasts and timely warnings for the protection of communities across the nation. #onedost4u #solutionsandopportunitiesforall building resilience together: dost-pagasa, bpsu signs moa for the bataan abucay doppler radar station 08 september 2025 | the dost-pagasa and bataan peninsula state university (bpsu) formalizes partnership for the establishment of the bataan abucay doppler radar station through a memorandum of agreement (moa) signing held at the amihan conference room, pagasa central office, quezon city. with the funding support from the office of the president, through the office of civil defense (ocd)/national disaster risk reduction and management council (ndrrmc), the bataan abucay doppler radar station will significantly enhance accuracy of weather forecasts through real-time data enabling local governments to issue timely warnings to communities, and plan disaster responses effectively. dost-pagasa administrator dr. nathaniel t. servando welcomed bpsu officials led by university president dr. ruby santos-matibag, campus director dr. walter valdez, and dean of instruction dr. dharell siano. through this significant agreement between our institutions, we not only strenghten our shared commitment to nation-building but also foster collaboration in research, innovation, and capacity-building, dost-pagasa administrator nathaniel t. servando said. dr. servandos appreciation is also extended to the ocd for closely collaborating with dost-pagasa in ensuring that lives and welfare of the filipino people are safeguarded during natural disasters. dr. marcelino q. villafuerte ii, deputy administrator for r&d, also expressed his gratitude to the bpsu for the establishment of the synoptic station in abucay, bataan in 2021, with this signing ceremony, our partnership begins again and we hope that it could futher enhance our collaboration, as we establish our radar station, for students to potentially use our datasets. bpsu pres","September 08, 2025 00:00:00",QUEZON (citymun); ABUCAY (citymun); BATAAN (province),https://www.facebook.com/PAGASA.DOST.GOV.PH/posts/pfbid0Lf1vXi8926rkSo53AjCt16MWMz55KSfNmxoXP2yqndWDapjkq6GXz9JQumB8DJAvl?__cft__[0]=AZVXojCVLmtXik5AHhHBO8OXw1MTgkB-l5I3Txoa_xSOw_5Zxr-6QksUdMbJsc-v09EEIc3HiPyoiE2uFFTSaR53OfJQYM6cfzTWqiWssgWXwiq6v7EzWaKH_xGO5cKDUx3lBFnY_DZ5LgLylmTjDsxb1C3kdJtt1pB24PjiURVwKJmFsU8fOedDaRWHPX5pf_c&__tn__=%2CO%2CP-R,rainfall / flood
X,dost_pagasa,"thunderstorm advisory no. 8 #ncr_prsd issued at: 9:07 pm, 07 september 2025(sunday) moderate to heavy rainshowers with lightning and strong winds are expected over zambales, pampanga, bataan, quezon, batangas, laguna and rizal within the next 2 hours. the above conditions are","September 07, 2025 21:07:00",ZAMBALES (province); PAMPANGA (province); BATAAN (province); QUEZON (province); BATANGAS (province); LAGUNA (province); RIZAL (province),https://x.com/dost_pagasa/status/1964678360698925531,rainfall / flood
X,dost_pagasa,"thunderstorm advisory no. 7 #ncr_prsd issued at: 7:14 pm, 07 september 2025(sunday) heavy to intense rainshowers with lightning and strong winds are expected over zambales, tarlac, bataan, rizal and batangas within the next 2 hours. the above conditions are being experienced in","September 07, 2025 19:14:00",ZAMBALES (province); TARLAC (province); BATAAN (province); RIZAL (province); BATANGAS (province),https://x.com/dost_pagasa/status/1964649956888969654,rainfall / flood
Facebook,Davao DRRMO,"cdrrmo-opcen weather update: as of 06:25 pm | september 08, 2025 weather system: easterlies light to moderate rains are being experienced in some areas of toril, tugbok, and calinan districts, while other areas of davao city are experiencing partly cloudy to cloudy skies. all river channels are monitored at code green (safe level). coastal status: > slight seas > going low tide #weatherupdate #davaocitydrrmo cdrrmo-opcen weather update: as of 06:25 pm | september 08, 2025 weather system: easterlies light to moderate rains are being experienced in some areas of toril, tugbok, and calinan districts, while other areas of davao city are experiencing partly cloudy to cloudy skies. all river channels are monitored at code green (safe level). coastal status: > slight seas > going low tide #weatherupdate #davaocitydrrmo","September 08, 2025 18:25:00",Toril (barangay); Tugbok (Pob.) (barangay); Calinan (Pob.) (barangay); DAVAO CITY (citymun),https://www.facebook.com/DavaoDRRMO/posts/pfbid02VXitDfHnzbdFfYAxq62Wru6JgrS74eNm2W536HUDS8nLLP9tioA9AoobtapgmRy7l?__cft__[0]=AZV5T318Jt4otonUhFd_pJMaxsWhvpeZjWGtgP3c0Y9jItVPVi1gC1gN1yXuzyHr22I4mDXg2q-NhquWEHuSq69Chotq7Kz_SUCyp2r1UgLJjejbMxfPm0R0tGOyvJjhMn1eoaiPc9dfpq4ZR94ME0UL6n1vFjxoX-EJ_YXPbwSoYMN1o3UU0M_gHvJWfgoHkqs&__tn__=%2CO%2CP-R,rainfall / flood
Facebook,Rappler,"ungab calls 2025 budget 'mangled beyond recognition, most corrupt' watch: during the house mega panel hearing on anomalous flood control projects on september 2, davao city 3rd district representative isidro ungab said the 2025 budget is ""the most corrupt budget ever passed in the history of congress."" related story: ungab calls 2025 budget 'mangled beyond recognition, most corrupt' watch: during the house mega panel hearing on anomalous flood control projects on september 2, davao city 3rd district representative isidro ungab said the 2025 budget is ""the most corrupt budget ever passed in the history of congress."" related story: maari po ba humingi ng pabor .. bka pde po pafollow .. klangan ko po kse ng follower sa fb baka sakaling kumita po ako .. bedridden na po ako at di na po makapagtrabaho .. followback po ako bilang kapalit .. salamat po","October 14, 2025 00:00:00",DAVAO CITY (citymun),https://www.facebook.com/rapplerdotcom/,rainfall / flood
Facebook,MPRSD CDO,"general flood advisories issued @6pm, 08 september 2025 region 4a (calabarzon) gfa#2 region 4b (mimaropa) gfa#2 region 5 (bicol region) gfa#1 region 7 (central visayas) gfa#2 region 8 (eastern visayas) gfa#2 region 10 (northern mindanao) gfa#1 region 13 (caraga) gfa#2 barmm gfa#2 general flood advisories issued @6pm, 08 september 2025 region 4a (calabarzon) gfa#2 region 4b (mimaropa) gfa#2 region 5 (bicol region) gfa#1 region 7 (central visayas) gfa#2 region 8 (eastern visayas) gfa#2 region 10 (northern mindanao) gfa#1 region 13 (caraga) gfa#2 barmm gfa#2 general flood advisories issued @6pm, 08 september 2025 region 4a (calabarzon) gfa#2 region 4b (mimaropa) gfa#2 region 5 (bicol region) gfa#1 region 7 (central visayas) gfa#2 region 8 (eastern visayas) gfa#2 region 10 (northern mindanao) gfa#1 region 13 (caraga) gfa#2 barmm gfa#2","September 08, 2025 18:00:00",Ala (barangay); REGION IV-B (MIMAROPA) (region); Mindanao (island_group); REGION XIII (Caraga) (region); REGION V (BICOL REGION) (region); REGION VII (CENTRAL VISAYAS) (region); REGION VIII (EASTERN VISAYAS) (region); REGION X (NORTHERN MINDANAO) (region); NATIONAL CAPITAL REGION (NCR) (region),https://www.facebook.com/mprsdcdo/posts/pfbid028Nrdntbdh2nB4Xe7U5JRhevohiXre7e3ZZ3Ae8FndFJUw2q22FDnT1JGiSaUEyjRl?__cft__[0]=AZX2s6P_B7rMc6K_RjGuQSRp0VmdgJIpY58LlWn8aJkJHWIrf1OiVu9DRYwCuXHC6BnELs71RU-x-x5-o7QK33ZXIUCNDX-_IDSAZTbeogssEj_6bwJmUWFEB2YD6qIEtSG8p_lHJZxm_Y6G5ezRDzBi5VB8I2JRh_SUYExEesYgqe7TRUlv6tAEKFr4aGwgfVWNPraJzZwEKR6wiiMdTSC8fgA-SUCZWXWzaZV-LZuGqA&__tn__=%2CO%2CP-R,rainfall / flood
Facebook,Atenews,"in photos progressive groups staged a mobilization in front of the department of public works and highways (dpwh) region xi office to express their condemnation of anomalies and corruption in the agency's flood control projects, today, september 5. notable contractors involved in flood control projects in davao city include rely construction and supply inc. managing 71 projects, genesis88 construction inc. with 67 projects, abu construction with 32 projects, and monolithic construction & concrete products inc. with 28 projects. thousands of filipinos nationwide question the whereabouts and effectiveness of the funds and projects as severe flooding continues to afflict communities, despite the marcos jr. regime investing over p545 billion to 9,855 infrastructure projects. picket rallies were similarly organized at various dpwh regional offices across the country, reinforcing the demand for government accountability for neglecting communities' access to functional and accessible public facilities. photos by elliot dimasuhid in photos progressive groups staged a mobilization in front of the department of public works and highways (dpwh) region xi office to express their condemnation of anomalies and corruption in the agency's flood control projects, today, september 5. notable contractors involved in flood control projects in davao city include rely construction and supply inc. managing 71 projects, genesis88 construction inc. with 67 projects, abu construction with 32 projects, and monolithic construction & concrete products inc. with 28 projects. thousands of filipinos nationwide question the whereabouts and effectiveness of the funds and projects as severe flooding continues to afflict communities, despite the marcos jr. regime investing over p545 billion to 9,855 infrastructure projects. picket rallies were similarly organized at various dpwh regional offices across the country, reinforcing the demand for government accountability for neglecting communities' access to functional and accessible public facilities. photos by elliot dimasuhid huhhhh unsay labot sa mga duterte? okay ra mo?","September 05, 2025 00:00:00",DAVAO CITY (citymun); REGION XI (DAVAO REGION) (region),https://www.facebook.com/atenews/posts/pfbid02VJ58oZb4njAXBZG2qqE59gDhaUgPeW9DhVaF8UHCbCp6wxGh8EpBtW5SmshfHTTdl?__cft__[0]=AZVq9mnJ1ibqdaY_ZYDadSfxSl62AbaIbIv2QPmTgbe0fTEtdLjf5HAgr6cvxuBN0JP-DXBuC2lSLXAJNaHzg5_-okptdEXv6S6A5jEbmzKswg1luX6zSgkck4MK0U6lICQLjy1zJLb6k345tAq5DurBzeoPyi1lvCjlryn3chY_cvJ5yIgzeE7cIWA6i9v4VBw&__tn__=%2CO%2CP-R,rainfall / flood
Facebook,Civil Defense Davao,"rainfall advisory no. 6 #minprsd weather system: easterlies issued at 08:00 pm 08 september 2025 light to moderate rains are expected over davao deoro(laak), davao del norte(kapalong, talaingod), within the next 1-2 hours. the public and the disaster risk reduction and management offices concerned are advised to monitor the weather condition and watch for the next warning to be issued at 11:00 pm today. source: mindanao prsd rainfall advisory no. 6 #minprsd weather system: easterlies issued at 08:00 pm 08 september 2025 light to moderate rains are expected over davao deoro(laak), davao del norte(kapalong, talaingod), within the next 1-2 hours. the public and the disaster risk reduction and management offices concerned are advised to monitor the weather condition and watch for the next warning to be issued at 11:00 pm today. source: mindanao prsd","September 08, 2025 20:00:00",LAAK (SAN VICENTE) (citymun); DAVAO DEL NORTE (province); KAPALONG (citymun); TALAINGOD (citymun); mindanao (island_group),https://www.facebook.com/civildefensedavao/posts/pfbid02kyTuRBGPKZK4rncs1m5M1PPRU9xWjnkWDjGWaxDZLTYQ9LQ18k8afWBy4H6867Fql?__cft__[0]=AZV2rQifFC4HXmi4RTinF4WOQgHEvQNtUPHM1LxxoWc86VREwVYQHkHo0f187d_XMJsGCyDcFUzcS3HWMkyLiFewEQ8WJj7LjHyvOQaslSuisvkYEJjrTy29I-kNpszoY4tC88IIgsr5gcAoY3XEOTckXELijfusE35avpKk-b1KdHZOPZ6W4hl2NS0Z5gAHOk8&__tn__=%2CO%2CP-R,rainfall / flood
Facebook,Weather Davao,"24-hour localized weather forecast for davao region issued at: 4:00 pm september 08, 2025 valid until: 4:00 pm tomorrow synopsis: easterlies affecting southern luzon, visayas and mindanao. easterlies affecting davao region. forecast: davao region will experience partly cloudy to cloudy skies with isolated rainshowers or thunderstorms due to easterlies. possible flash floods or landslides during severe thunderstorms. light to moderate winds coming from east to northeast will prevail and the coastal waters will be slight to moderate (0.6 to 1.5 meters wave height) kaugalingong pinulungan: ang dakbayan sa davao ug ubang dapit sa davao region makasinati ug panalagsang pagdag-ug ngadto sa madag-umon nga kalangitan inubanan sa pat-ak pat-ak nga pag-ulan, kilat ug dalugdog tungod sa easterlies. posible ang pagbaha ug pagdahili sa yuta kung adunay masinati nga kusog nga mga pag-ulan. hinay ngadto sa kasarangan nga huyop sa hangin nga magagikan sa sidlakan ngadto sa amihanang sidlakan nga direksyon ang mopasulabi, ug ang kadagatan hinay ngadto sa kasarangan and pagbalud (0.6 to 1.5 meters wave height) over davao city: temperatura ugma: 24 c to 32 c sunset (salop) karon: 5:45 pm sunrise (sidlak) ugma: 5:33 am for more information and queries, please call telephone for local number (082)234-0890 and (088)555-0485 for regional or log on to bagong.pagasa.dost.gov.ph /regional /mindanao-prsd or join our facebook group at mindanao prsd (regional office) or pagasa davao 24-hour localized weather forecast for davao region issued at: 4:00 pm september 08, 2025 valid until: 4:00 pm tomorrow synopsis: easterlies affecting southern luzon, visayas and mindanao. easterlies affecting davao region. forecast: davao region will experience partly cloudy to cloudy skies with isolated rainshowers or thunderstorms due to easterlies. possible flash floods or landslides during severe thunderstorms. light to moderate winds coming from east to northeast will prevail and the coastal waters will be slight to moderate (0.6 to 1.5 meters wave height) kaugalingong pinulungan: ang dakbayan sa davao ug ubang dapit sa davao region makasinati ug panalagsang pagdag-ug ngadto sa madag-umon nga kalangitan inubanan sa pat-ak pat-ak nga pag-ulan, kilat ug dalugdog tungod sa easterlies. posible ang pagbaha ug pagdahili sa yuta kung adunay masinati nga kusog nga mga pag-ulan. hinay ngadto sa kasarangan nga huyop sa hangin nga magagikan sa sidlakan ngadto sa amihanang sidlakan nga direksyon ang mopasulabi, ug ang kadagatan hinay ngadto sa kasarangan and pagbalud (0.6 to 1.5 meters wave height) over davao city: temperatura ugma: 24 c to 32 c sunset (salop) karon: 5:45 pm sunrise (sidlak) ugma: 5:33 am for more information and queries, please call telephone for local number (082)234-0890 and (088)555-0485 for regional or log on to bagong.pagasa.dost.gov.ph /regional /mindanao-prsd or join our facebook group at mindanao prsd (regional office) or pagasa davao","September 08, 2025 16:00:00",REGION XI (DAVAO REGION) (region); Luzon (island_group); Sidlakan (barangay); DAVAO CITY (citymun),https://www.facebook.com/weather.davao/posts/pfbid0ZhBq4yuf41MDTAShmonorRMir65ZSrSJfdZ8r8QcxYayUwjq4NRAJ1a5qym3Fzcnl?__cft__[0]=AZXTzGF_x-buF5MQeVyZ3Egnh61FyMwhmyACb_aGsMDNtlOkjLtdpJGaYvIS_Egf3KmTc8dZ5FgwMC47Dh89AmEp2fAueZsJXK07nUpVKZC_cBISr42ydbTVS8xf3i8Da_3Hx4FdTTtV0VPOsoxXOJqGOeEAa106Y6uyaP9xFz88QD4JZjhIxOvVnEJRfFVJtFQ&__tn__=%2CO%2CP-R,rainfall / flood
Facebook,MPRSD CDO,"rainfall advisory no. 6 #minprsd weather system: easterlies issued at 08:00 pm 08 september 2025 light to moderate rains are expected over #bukidnon(malitbog, quezon, doncarlos, kitaotao, sanfernando, cabanglasan, kadingilan, dangcagan), #lanaodelsur(bumbaran, lumbabayabao, wao, kapai, ditsaanramain, buadiposobuntong, mulondo, taraka, poonabayabao, tamparan, masiu, butig), #misamisoriental(claveria, tagoloan, villanueva, jasaan, lugait, opol, manticao), #sultankudarat(palimbang, kalamansig, sen.ninoyaquino, bagumbayan, isulan, lebak, esperanza, lambayong, presidentquirino, cityoftacurong), #maguindanaodelsur(southupi, ampatuan, datusalibo, datuanggalmidtimbang, guindulungan, datusaudiampatuan, shariffaguak, datuunsay, datuhofferampatuan, talayan, rajahbuayan, sultansabarongis, datupiang, mamasapano, shariffsaydonamustapha, datuabdullahsangki, datupaglas, paglat, pandag, gen.s.k.pendatun, pagalungan, pagagawan), #maguindanaodelnorte(upi, datublaht.sinsuat, datuodinsinsuat, kabuntalan, talitay), #cotabatocity, #northcotabato(m'lang, tulunan, pikit), #davaodeoro(laak), #davaodelnorte(kapalong, talaingod), #surigaodelnorte(surigaocity, sanfrancisco), #zamboangacity, #sulu, #tawitawi, #lanaodelnorte(pantar, tagoloan, baloi, linamon and matungao) within the next 1-2 hours. moderate to occasionally heavy rains affecting #bukidnon(cityofmalaybalay, impasugong, sumilao, manolofortich, libona, baungon, talakag, kalilangan, pangantucan, lantapan, cityofvalencia, maramag), #surigaodelsur(lanuza, cortes), #misamisoriental(cagayandeorocity), #lanaodelnorte(iligancity), #lanaodelsur(tagoloanii, bubong, maguing), #agusandelsur(sanluis and lapaz) which may persist within 2-3 hours and may affect nearby areas. the public and the disaster risk reduction and management offices concerned are advised to monitor the weather condition and watch for the next warning to be issued at 11:00 pm today. rainfall advisory no. 6 #minprsd weather system: easterlies issued at 08:00 pm 08 september 2025 light to moderate rains are expected over #bukidnon(malitbog, quezon, doncarlos, kitaotao, sanfernando, cabanglasan, kadingilan, dangcagan), #lanaodelsur(bumbaran, lumbabayabao, wao, kapai, ditsaanramain, buadiposobuntong, mulondo, taraka, poonabayabao, tamparan, masiu, butig), #misamisoriental(claveria, tagoloan, villanueva, jasaan, lugait, opol, manticao), #sultankudarat(palimbang, kalamansig, sen.ninoyaquino, bagumbayan, isulan, lebak, esperanza, lambayong, presidentquirino, cityoftacurong), #maguindanaodelsur(southupi, ampatuan, datusalibo, datuanggalmidtimbang, guindulungan, datusaudiampatuan, shariffaguak, datuunsay, datuhofferampatuan, talayan, rajahbuayan, sultansabarongis, datupiang, mamasapano, shariffsaydonamustapha, datuabdullahsangki, datupaglas, paglat, pandag, gen.s.k.pendatun, pagalungan, pagagawan), #maguindanaodelnorte(upi, datublaht.sinsuat, datuodinsinsuat, kabuntalan, talitay), #cotabatocity, #northcotabato(m'lang, tulunan, pikit), #davaodeoro(laak), #davaodelnorte(kapalong, talaingod), #surigaodelnorte(surigaocity, sanfrancisco), #zamboangacity, #sulu, #tawitawi, #lanaodelnorte(pantar, tagoloan, baloi, linamon and matungao) within the next 1-2 hours. moderate to occasionally heavy rains affecting #bukidnon(cityofmalaybalay, impasugong, sumilao, manolofortich, libona, baungon, talakag, kalilangan, pangantucan, lantapan, cityofvalencia, maramag), #surigaodelsur(lanuza, cortes), #misamisoriental(cagayandeorocity), #lanaodelnorte(iligancity), #lanaodelsur(tagoloanii, bubong, maguing), #agusandelsur(sanluis and lapaz) which may persist within 2-3 hours and may affect nearby areas. the public and the disaster risk reduction and management offices concerned are advised to monitor the weather condition and watch for the next warning to be issued at 11:00 pm today. salamat po sa update","September 08, 2025 20:00:00",BUKIDNON (province); MALITBOG (citymun); QUEZON (province); KITAOTAO (citymun); CABANGLASAN (citymun); KADINGILAN (citymun); LANAO DEL SUR (province); BUMBARAN (citymun); WAO (citymun); KAPAI (citymun); MULONDO (citymun); TARAKA (citymun); Philippines (country); MASIU (citymun); BUTIG (citymun); MISAMIS ORIENTAL (province); TAGOLOAN (citymun); VILLANUEVA (citymun); JASAAN (citymun); LUGAIT (citymun); OPOL (citymun); MANTICAO (citymun); SULTAN KUDARAT (province); PALIMBANG (citymun); KALAMANSIG (citymun); BAGUMBAYAN (citymun); ISULAN (Capital) (citymun); LEBAK (citymun); ESPERANZA (citymun); LAMBAYONG (MARIANO MARCOS) (citymun); AMPATUAN (citymun); GUINDULUNGAN (citymun); Datu (barangay); TALAYAN (citymun); MAMASAPANO (citymun); PAGLAT (citymun); PANDAG (citymun); PAGALUNGAN (citymun); PAGAGAWAN (citymun); UPI (citymun); KABUNTALAN (TUMBAO) (citymun); TALITAY (citymun); COTABATO CITY (citymun); M'LANG (citymun); TULUNAN (citymun); PIKIT (citymun); LAAK (SAN VICENTE) (citymun); DAVAO DEL NORTE (province); KAPALONG (citymun); TALAINGOD (citymun); SURIGAO DEL NORTE (province); ZAMBOANGA CITY (citymun); SULU (province); LANAO DEL NORTE (province); PANTAR (citymun); BALOI (citymun); LINAMON (citymun); MATUNGAO (citymun); SUMILAO (citymun); LIBONA (citymun); BAUNGON (citymun); TALAKAG (citymun); KALILANGAN (citymun),https://www.facebook.com/mprsdcdo/posts/pfbid0GgN9UumE9DroqAwdgmXsVG2xT49icbRir3TwGGaj7pR7c1itA3KsmVH134rb1jy9l?__cft__[0]=AZUz8rawJFECmAw_6FWDwdcoObiwalgAk82EcB_8uNvCVFwQVC03QADr-sTTBimryGSpU4X0a86Py58bTRk_L5Zl-BeLLRHI5Q1Vyjf7yvYGsZThiX4GElz2a1vsn5nxNzJnyoUcRjRUrrnHeTWZskWJMkcme4Be7NgazdYKfz2e4YlyI42XWeGKGOXCDHKp5JA&__tn__=%2CO%2CP-R,rainfall / flood
Facebook,Davao DRRMO,"cdrrmo-opcen weather update: as of 08:03 pm | september 08, 2025 weather system: easterlies light rains are being experienced in some areas of calinan, marilog, and toril districts, while other areas of davao city are experiencing cloudy skies. all river channels are monitored at code green (safe level). coastal status: > slight seas > low tide #weatherupdate #davaocitydrrmo cdrrmo-opcen weather update: as of 08:03 pm | september 08, 2025 weather system: easterlies light rains are being experienced in some areas of calinan, marilog, and toril districts, while other areas of davao city are experiencing cloudy skies. all river channels are monitored at code green (safe level). coastal status: > slight seas > low tide #weatherupdate #davaocitydrrmo medyo lumakas na ulan dito matina aplaya","September 08, 2025 20:03:00",Calinan (Pob.) (barangay); Marilog (barangay); Toril (barangay); DAVAO CITY (citymun),https://www.facebook.com/DavaoDRRMO/posts/pfbid0g1NMcXXysmiPu8zhhzDwbz5JaVMEJgQ5VLTF87fsnkqctZXsxTLsv1r3un2RyYrQl?__cft__[0]=AZUFSSFkme8not4YV7v-6hHjzVDZosJtgRpip1t5LNF21cC_gfZu5xbn_9J5UB2GdSLaTEDCObV0OMyWgPaHHUMUx9Y3Sly4qOTCdmhoz-lkmhLqAyWpvB7p4FfBgdPHWnW0SWb2rFz9tHUXb-ns5jZHxBz1DRgU0X9j65z3pASlX41nERDuyivZgLKpsWc8oiY&__tn__=%2CO%2CP-R,rainfall / flood
Facebook,#floodalert,"class suspension alert | martes, setyembre 9, 2025 nag-anunsyo ang ibat ibang lokal na pamahalaan sa luzon, visayas, at mindanao ng suspensyon ng klase bukas, martes, setyembre 9, 2025, bunsod ng sama ng panahon at posibleng pagbaha dulot ng tuloy-tuloy na pag-ulan. listahan ng mga lugar na may walang pasok (all levels, public and private): metro manila (ilang lungsod) luzon (bulacan, pampanga, rizal, laguna, cavite at iba pa) visayas (cebu city, iloilo city, tacloban, atbp.) mindanao (davao city, cagayan de oro, cotabato city, south cotabato, sultan kudarat, atbp.) kumpletong listahan dito: ayon sa pagasa, ilang rehiyon ang patuloy na makararanas ng malalakas na pag-ulan at thunderstorm na maaaring magdulot ng flash floods at landslides. detalye ng apektadong lugar: paalala: magsubaybay sa mga opisyal na abiso ng inyong lgu at ng department of education para sa pinakabagong update. #walangpasok #weatherupdate #classsuspension #phweather #suspensionofclasses #deped #ched #lguadvisory #rainyseasonph #floodalert #stormwatchph #bagyoph #lpa #habagat #pagasa #weatherpatrol #emergencyupdate class suspension alert | martes, setyembre 9, 2025 nag-anunsyo ang ibat ibang lokal na pamahalaan sa luzon, visayas, at mindanao ng suspensyon ng klase bukas, martes, setyembre 9, 2025, bunsod ng sama ng panahon at posibleng pagbaha dulot ng tuloy-tuloy na pag-ulan. listahan ng mga lugar na may walang pasok (all levels, public and private): metro manila (ilang lungsod) luzon (bulacan, pampanga, rizal, laguna, cavite at iba pa) visayas (cebu city, iloilo city, tacloban, atbp.) mindanao (davao city, cagayan de oro, cotabato city, south cotabato, sultan kudarat, atbp.) kumpletong listahan dito: ayon sa pagasa, ilang rehiyon ang patuloy na makararanas ng malalakas na pag-ulan at thunderstorm na maaaring magdulot ng flash floods at landslides. detalye ng apektadong lugar: paalala: magsubaybay sa mga opisyal na abiso ng inyong lgu at ng department of education para sa pinakabagong update. #walangpasok #weatherupdate #classsuspension #phweather #suspensionofclasses #deped #ched #lguadvisory #rainyseasonph #floodalert #stormwatchph #bagyoph #lpa #habagat #pagasa #weatherpatrol #emergencyupdate","September 09, 2025 00:00:00",luzon (island_group); NATIONAL CAPITAL REGION (NCR) (region); BULACAN (province); PAMPANGA (province); RIZAL (province); LAGUNA (province); CAVITE (province); CEBU CITY (Capital) (citymun); ILOILO CITY (Capital) (citymun); Tacloban (barangay); DAVAO CITY (citymun); COTABATO CITY (citymun); SOUTH COTABATO (province); SULTAN KUDARAT (province); CEBU (province),https://www.facebook.com/hashtag/FloodAlert,rainfall / flood
Facebook,Storm Chasers PH,"rumaragasang baha sa la trinidad, benguet nagngangalit na pagragasa ng baha ang naranasan sa lower bayabas, pico, la trinidad, #benguet nitong lunes ng hapon, september 8, kasabay ng malakas na buhos ng ulan. may drainage umano sa lugar ngunit maliit ang kapasidad nito sa mataas na baha. jh ukay ukay rumaragasang baha sa la trinidad, benguet nagngangalit na pagragasa ng baha ang naranasan sa lower bayabas, pico, la trinidad, #benguet nitong lunes ng hapon, september 8, kasabay ng malakas na buhos ng ulan. may drainage umano sa lugar ngunit maliit ang kapasidad nito sa mataas na baha. jh ukay ukay sometimes it's not the flood control systems that aren't working. it's really the humans settling in places where nature doesn't permit man-made structures.","September 08, 2025 00:00:00",LA TRINIDAD (Capital) (citymun); Pico (barangay); BENGUET (province),https://www.facebook.com/stormchasersPH/,rainfall / flood
Facebook,#bahaph,"panoorin: nagmistulang swimming pool ang m. naval street sa navotas dahil sa abot-baywang na baha ngayong hulyo 24. nagtampisaw ang ilang kabataan sa kalsada, na hindi na madaanan ng mga sasakyan dahil sa panganib ng mataas na tubig-baha. | via edison domingo #net25newsandinformation #navotas #bahaph #habagat #flooding #weatherupdate panoorin: nagmistulang swimming pool ang m. naval street sa navotas dahil sa abot-baywang na baha ngayong hulyo 24. nagtampisaw ang ilang kabataan sa kalsada, na hindi na madaanan ng mga sasakyan dahil sa panganib ng mataas na tubig-baha. | via edison domingo #net25newsandinformation #navotas #bahaph #habagat #flooding #weatherupdate","July 24, 2025 00:00:00",Navotas (barangay),https://www.facebook.com/hashtag/BahaPH,rainfall / flood
X,dost_pagasa,"thunderstorm advisory no. 10 #ncr_prsd issued at: 2:56 am, 08 september 2025(monday) moderate to heavy rainshowers with lightning and strong winds are expected over laguna within the next 2 hours. the above conditions are being experienced in quezon(polillo) which may persist","September 08, 2025 02:56:00",LAGUNA (province); QUEZON (province); POLILLO (citymun),https://x.com/dost_pagasa/status/1964764879841317060,rainfall / flood
X,dost_pagasa,"thunderstorm advisory no. 9 #ncr_prsd issued at: 11:18 pm, 07 september 2025(sunday) moderate to heavy rainshowers with lightning and strong winds are expected over bulacan, nueva ecija, zambales, tarlac and rizal within the next 2 hours. the above conditions are being","September 07, 2025 23:18:00",BULACAN (province); NUEVA ECIJA (province); TARLAC (province); RIZAL (province),https://x.com/dost_pagasa/status/1964710177476948377,rainfall / flood
Facebook,Davao DRRMO,"cdrrmo-opcen weather update: as of 09:52 pm | september 08, 2025 weather system: easterlies reported rainfall within the areas of calinan, marilog, and toril districts has stopped. areas within davao city are experiencing partly cloudy to cloudy skies. all river channels are monitored at code green (safe level). coastal status: > calm seas > low tide #weatherupdate #davaocitydrrmo cdrrmo-opcen weather update: as of 09:52 pm | september 08, 2025 weather system: easterlies reported rainfall within the areas of calinan, marilog, and toril districts has stopped. areas within davao city are experiencing partly cloudy to cloudy skies. all river channels are monitored at code green (safe level). coastal status: > calm seas > low tide #weatherupdate #davaocitydrrmo","September 08, 2025 21:52:00",Calinan (Pob.) (barangay); Marilog (barangay); Toril (barangay); DAVAO CITY (citymun),https://www.facebook.com/DavaoDRRMO/posts/pfbid0AT6djFTfFwZnCuyg6bAMY2ZdV3PE8wTvHW6PNCrK7yNNp8MqFcRpuEeuZDYa799Wl?__cft__[0]=AZXMbpZEAl7IP-JDF69fub4t7wi-ON8hG59fZYepi-5fhM5AVopyH4PR4YYmIYw9n79I7zD-5cg8upl9JFgPv2bqdhZnumjsnXNWb4DpkGrharmsjz1UrKEuMV_Hwk5Geek_cRUgcdpAsB47aitcJqg1OUZyaMKiPRwuOmj5LDFR0olzIGgTbiahrJ29PRhIjpM&__tn__=%2CO%2CP-R,rainfall / flood
Facebook,NDRRMC,"disaster preparedness update | building resilience together: dost-pagasa, bpsu sign moa for the bataan abucay doppler radar station 08 september 2025 | the dost-pagasa and bataan peninsula state university (bpsu) formalizes partnership for the establishment of the bataan abucay doppler radar station through a memorandum of agreement (moa) signing held at the amihan conference room, pagasa central office, quezon city. with the funding support from the office of the president, through the office of civil defense (ocd)/national disaster risk reduction and management council (ndrrmc), the bataan abucay doppler radar station will significantly enhance accuracy of weather forecasts through real-time data enabling local governments to issue timely warnings to communities, and plan disaster responses effectively. source: dost-pagasa #ndrrmc #bawatsegundomahalaga disaster preparedness update | building resilience together: dost-pagasa, bpsu sign moa for the bataan abucay doppler radar station 08 september 2025 | the dost-pagasa and bataan peninsula state university (bpsu) formalizes partnership for the establishment of the bataan abucay doppler radar station through a memorandum of agreement (moa) signing held at the amihan conference room, pagasa central office, quezon city. with the funding support from the office of the president, through the office of civil defense (ocd)/national disaster risk reduction and management council (ndrrmc), the bataan abucay doppler radar station will significantly enhance accuracy of weather forecasts through real-time data enabling local governments to issue timely warnings to communities, and plan disaster responses effectively. source: dost-pagasa #ndrrmc #bawatsegundomahalaga building resilience together: dost-pagasa, bpsu sign moa for the bataan abucay doppler radar station 08 september 2025 | the dost-pagasa and bataan peninsula s  building resilience together: dost-pagasa, bpsu sign moa for the bataan abucay doppler radar station 08 september 2025 | the dost-pagasa and bataan peninsula s  building resilience together: dost-pagasa, bpsu sign moa for the bataan abucay doppler radar station 08 september 2025 | the dost-pagasa and bataan peninsula s","September 08, 2025 00:00:00",QUEZON (citymun),https://www.facebook.com/NDRRMC/posts/pfbid05Zv7Yy59qKA54bhbr2UaRtUg2H4yyCpmxuoLDjJvrPZKXMo12ipyAT7B2prU4qRkl?__cft__[0]=AZVIYYfquZuEdNkVu3S99QpfdFe3YfvfQyh3Och3rAOWCZNlYt1vSDztfFv7ilB1u_kIkBfYeMGFlPlQFTx6GotiWO9bf4qdWCqzrGH4sX9zbIHMrQG28aClcYQB_03uGF6SreqRUINgFBV-os04oGrVEFEXPu0FI-qgT-4MUS81XZT81IrNVOUKpzTEOdYyatXYsrdyj6iCw5dBlOvY4WY9PemvvAYe15NOdAmRvj_wiw&__tn__=%2CO%2CP-R,rainfall / flood
Facebook,#bahaph,"panuorin: ""safe ka na,"" says curlee discaya after an inquiry from sen. jinggoy estrada if any senators were involved in the anomalous ph flood control projects during the senate blue ribbon committee hearing being held today, sept. 8. #ditosapilipinas #dsp #curleediscaya #discaya #sarahdiscaya #floodcontrolph #bahaph #dpwh #infraph #viralph #floodcontrolhearing #wawaobuilders #markallanarevalo #romanromulo #zaldyco #martinromualdez #viralph #jinggoyestrada #senateph panuorin: ""safe ka na,"" says curlee discaya after an inquiry from sen. jinggoy estrada if any senators were involved in the anomalous ph flood control projects during the senate blue ribbon committee hearing being held today, sept. 8. #ditosapilipinas #dsp #curleediscaya #discaya #sarahdiscaya #floodcontrolph #bahaph #dpwh #infraph #viralph #floodcontrolhearing #wawaobuilders #markallanarevalo #romanromulo #zaldyco #martinromualdez #viralph #jinggoyestrada #senateph","September 08, 2025 00:00:00",Philippines (country),https://www.facebook.com/hashtag/BahaPH,rainfall / flood
Facebook,1kgmorlifebarleygrass,"#magatdam critical level #cagayan and #isabela experiencing massive floodings & most areas are now submerged in water. some people are not yet rescued or reached. we do not have enough resources. water is still rising. we need media coverage and assistance so more people would know and help. a lot of people are dying because they drowned waiting for rescuers. they don't have electricity, nothing families are sleeping on the top of their roofs #cagayanvalleyneedshelp #isabelaneedshelp #rescueph #magatdam critical level #cagayan and #isabela experiencing massive floodings & most areas are now submerged in water. some people are not yet rescued or reached. we do not have enough resources. water is still rising. we need media coverage and assistance so more people would know and help. a lot of people are dying because they drowned waiting for rescuers. they don't have electricity, nothing families are sleeping on the top of their roofs #cagayanvalleyneedshelp #isabelaneedshelp #rescueph","September 09, 2025 11:36:00",CAGAYAN (province); ISABELA (province); REGION II (CAGAYAN VALLEY) (region),https://www.facebook.com/1KGMorlifeBarleyGrass/posts/pfbid02tg2PhtNqRUcffxFEAfyCtCHaCYXvudqit7Ar1zFhq83eifWd7hrThrQyJH5bGqd3l?__cft__[0]=AZUdH5ZMuk6lBRHWJNGVXCssulQTpEtSn8HNvbJnUoq04c1rsFrLAr6--EJAlYYO3h7q3EtLbpHJ44h4CusPw26YwsOmUAKjmjY46R7RCyVuOE4WlIxrduD4H26yJzcyjz2AecuUwXUKDFIvIQyKA1WaQZh5HIMNh30R16WKPxxxxry8P1252vGnpl_7yz4zD0g&__tn__=%2CO%2CP-R,rainfall / flood
Facebook,Inquirer.net,here's a quick roundup of today's top stories: ex-bulacan deputy engineer says senators involved in infra issues read more: not safe: estrada dumped p355-m infra deals in bulacan ex-dpwh engr read more: marcos: zero budget for dpwh flood control projects in 2026 read more: not fit to stand trial? icc postpones duterte confirmation hearing read more: victims express disappointment over delay of icc confirmation hearing read more: here's a quick roundup of today's top stories: ex-bulacan deputy engineer says senators involved in infra issues read more: not safe: estrada dumped p355-m infra deals in bulacan ex-dpwh engr read more: marcos: zero budget for dpwh flood control projects in 2026 read more: not fit to stand trial? icc postpones duterte confirmation hearing read more: victims express disappointment over delay of icc confirmation hearing read more:,"October 14, 2026 00:00:00",BULACAN (province),https://www.facebook.com/inquirerdotnet/,rainfall / flood
Facebook,#streetfloodalert,"baha sa harap ng sm bacoor, cavite as of this morning | report from ms. mandy m. tocmo patuloy ang pag-ulan sa bacoor, cavite, at lubog na sa baha ang harap ng sm bacoor. ilang residente ang lumilikas na, habang ilang motorista ay nagtutulak na ng kanilang mga motor, ang iba namay isinakay na sa kolong-kolong upang makatawid. iwasan munang dumaan sa lugar na ito! malamang lubog na ang kalsada delikado at posibleng unpassable na ang daan huwag na pong sumubok pa. mas mabuting umiwas habang mataas pa ang tubig. ccto: ms. mandy m. tocmo mag-ingat tayong lahat. panatilihing ligtas ang sarili at pamilya sa gitna ng patuloy na pag-ulan. #bahaph #smbacoorupdate #caviteupdate #ulanwatch #streetfloodalert #commutechronicles #realtimeulan #tagulanseason #weatherupdateph #basangbasasaulan baha sa harap ng sm bacoor, cavite as of this morning | report from ms. mandy m. tocmo patuloy ang pag-ulan sa bacoor, cavite, at lubog na sa baha ang harap ng sm bacoor. ilang residente ang lumilikas na, habang ilang motorista ay nagtutulak na ng kanilang mga motor, ang iba namay isinakay na sa kolong-kolong upang makatawid. iwasan munang dumaan sa lugar na ito! malamang lubog na ang kalsada delikado at posibleng unpassable na ang daan huwag na pong sumubok pa. mas mabuting umiwas habang mataas pa ang tubig. ccto: ms. mandy m. tocmo mag-ingat tayong lahat. panatilihing ligtas ang sarili at pamilya sa gitna ng patuloy na pag-ulan. #bahaph #smbacoorupdate #caviteupdate #ulanwatch #streetfloodalert #commutechronicles #realtimeulan #tagulanseason #weatherupdateph #basangbasasaulan","September 09, 2025 12:30:00",CAVITE (province),https://www.facebook.com/hashtag/StreetFloodAlert,rainfall / flood
Facebook,MPRSD CDO,"mindanao weather forecast #minprsd issued at: 5:00 am 0 september 2025 valid until: 5:00 am tomorrow synopsis: easterlies affecting mindanao. tc information tropical cyclone outside par as of 3:00 am today tropical depression tapah (formerly ""lannie"") location: 1250 km west northwest of extreme northern luzon (23.0n, 111.5e) maximum sustained winds: 55 km/h near the center gustiness: up to 90 km/h movement: northwestward at 15 km/h forecast: mindanao will be partly cloudy to cloudy with isolated rainshowers and/or thunderstorms due to easterlies. light to moderate winds from northeast to east with slight to moderate seas (0.6 to 1.5 meters). kaugalingong dayalekto: ang mindanao makasinati sa panalagsang pagdag-um ngadto na sa mapanganuron nga kalangitan inubanan sa pat-ak pat-ak nga pag-ulan, kilat ug pagpanalugdog tungod sa easterlies. hinay ngadto sa kasarangan nga hangin ang magagikan sa amihanang silangan ngadto sa silangang direksyon ug ang kadagatan hapsay ngadto sa kasarangan ang pagbalud (0.6 to 1.5 meters). over laguindingan upper air and synoptic station, misamis oriental maximum temperature: 03:00 pm yesterday 36.4 c minimum temperature: 12:00 noon yesterday 24.0 c maximum relative humidity: 12:00 noon yesterday 97 % minimum relative humidity: 08:00 am yesterday -- 81 % astronomical information over el salvador city sunset today : 05:46 pm sunrise today: 05:33 am moonrise today : 06:13 pm moonset today: 06:36 am for more information and queries, please call at telephone number (088) 555-0485 local 102 mindanao prsd website: mindanao prsd facebook account: facebook group: mindanao weather forecast #minprsd issued at: 5:00 am 0 september 2025 valid until: 5:00 am tomorrow synopsis: easterlies affecting mindanao. tc information tropical cyclone outside par as of 3:00 am today tropical depression tapah (formerly ""lannie"") location: 1250 km west northwest of extreme northern luzon (23.0n, 111.5e) maximum sustained winds: 55 km/h near the center gustiness: up to 90 km/h movement: northwestward at 15 km/h forecast: mindanao will be partly cloudy to cloudy with isolated rainshowers and/or thunderstorms due to easterlies. light to moderate winds from northeast to east with slight to moderate seas (0.6 to 1.5 meters). kaugalingong dayalekto: ang mindanao makasinati sa panalagsang pagdag-um ngadto na sa mapanganuron nga kalangitan inubanan sa pat-ak pat-ak nga pag-ulan, kilat ug pagpanalugdog tungod sa easterlies. hinay ngadto sa kasarangan nga hangin ang magagikan sa amihanang silangan ngadto sa silangang direksyon ug ang kadagatan hapsay ngadto sa kasarangan ang pagbalud (0.6 to 1.5 meters). over laguindingan upper air and synoptic station, misamis oriental maximum temperature: 03:00 pm yesterday 36.4 c minimum temperature: 12:00 noon yesterday 24.0 c maximum relative humidity: 12:00 noon yesterday 97 % minimum relative humidity: 08:00 am yesterday -- 81 % astronomical information over el salvador city sunset today : 05:46 pm sunrise today: 05:33 am moonrise today : 06:13 pm moonset today: 06:36 am for more information and queries, please call at telephone number (088) 555-0485 local 102 mindanao prsd website: mindanao prsd facebook account: facebook group:","September 14, 2025 05:00:00",mindanao (island_group); LAGUINDINGAN (citymun),https://www.facebook.com/mprsdcdo/posts/pfbid02q2GQSuwqKKgsGR5P8ZenVYP3vFCnveoWPq2JavguDDZGEvjwK9xEKE4RFr3HjRT7l?__cft__[0]=AZU8PW9mZJ4c3fLHRj-qM35zXbG-ZUBBB4qfYRtclTetCdwSQOYNgJGLIaqSlyy84q2HbGr-5ZlKDdngx-ZJLTR9mh9oRhlrsrti0Xk69RHd2lceMZ_suiMpxz5RhkFGtv9xrF0hXNiBbDEgNSXB1OSufulqO-DvdZOvzYcftHfXLzn_Kd4B1VnIT064BRsELAI&__tn__=%2CO%2CP-R,rainfall / flood
Facebook,#bahaph,"di pala safe inilahad ni ex-dpwh engr. brice ericson hernandez na mayroong iilang senador na may kinalaman sa mga anomalyang nangyayari sa flood control projects na isinasagawa sa bansa nitong martes, ika-9 ng setyembre sa joint inquiry ng house of representatives ukol sa naturang kontrobersiya. #ditosapilipinas #briceericsonhernandez #dpwh #viralph #senateph #houseph #floodcontrolph #bahaph #dsp #infraph di pala safe inilahad ni ex-dpwh engr. brice ericson hernandez na mayroong iilang senador na may kinalaman sa mga anomalyang nangyayari sa flood control projects na isinasagawa sa bansa nitong martes, ika-9 ng setyembre sa joint inquiry ng house of representatives ukol sa naturang kontrobersiya. #ditosapilipinas #briceericsonhernandez #dpwh #viralph #senateph #houseph #floodcontrolph #bahaph #dsp #infraph","September 09, 2025 00:00:00",Philippines (country),https://www.facebook.com/hashtag/BahaPH,rainfall / flood
Facebook,#tsunamialert,"tsunami just hit! its happening, guys. the 8.7 earthquake in russia isn't just talk. tsunami waves are hitting hawaii, alaska, and the west coast of the us as we speak. if youve got any friends or family over there, check in on them now. no time to waste. get them to high ground, this is no drill. and if youre still sitting here on your couch sipping your coffee, you might wanna think twice about how chill youre being. for those of us still on solid ground here in sa, lets keep the thoughts and prayers coming. and remember when the world shakes, its not always about us, but dont be the person who ignored the signs. were not just watching a global headline this is a real-life disaster unfolding. so, if you're in those affected areas, act fast. and if youre safe, stay informed and ready to help. #tsunamialert #earthquakeimpact #globaldisaster #besafe #southafricaknowswhatitfeelslike tsunami just hit! its happening, guys. the 8.7 earthquake in russia isn't just talk. tsunami waves are hitting hawaii, alaska, and the west coast of the us as we speak. if youve got any friends or family over there, check in on them now. no time to waste. get them to high ground, this is no drill. and if youre still sitting here on your couch sipping your coffee, you might wanna think twice about how chill youre being. for those of us still on solid ground here in sa, lets keep the thoughts and prayers coming. and remember when the world shakes, its not always about us, but dont be the person who ignored the signs. were not just watching a global headline this is a real-life disaster unfolding. so, if you're in those affected areas, act fast. and if youre safe, stay informed and ready to help. #tsunamialert #earthquakeimpact #globaldisaster #besafe #southafricaknowswhatitfeelslike","September 08, 2025 22:30:00",Alaska (barangay),https://www.facebook.com/hashtag/tsunamialert,tsunami
Facebook,Storm Chasers PH,"be ready sa banta ng bagyo ngayong setyembre! nasa 2-4 na bagyo ang posibleng mabuo o pumasok sa loob ng par ngayong setyembre, ayon sa pagasa. posible itong dumaan o tumama sa #luzon at #easternvisayas, ngunit maaari din namang mag-recurve o lumihis papalayo ng bansa. inaasahan pa rin ang pag-iral ng #habagat sa buwan na ito na magdadala pa rin ng mga pag-ulan partikular sa kanlurang bahagi ng bansa. pws/psu #handasabagyo #habagatph be ready sa banta ng bagyo ngayong setyembre! nasa 2-4 na bagyo ang posibleng mabuo o pumasok sa loob ng par ngayong setyembre, ayon sa pagasa. posible itong dumaan o tumama sa #luzon at #easternvisayas, ngunit maaari din namang mag-recurve o lumihis papalayo ng bansa. inaasahan pa rin ang pag-iral ng #habagat sa buwan na ito na magdadala pa rin ng mga pag-ulan partikular sa kanlurang bahagi ng bansa. pws/psu #handasabagyo #habagatph most likely during northeastern windflows coming from the north and northeast, typhoons are commonly moving downward then slightly upward. in relation of this, the most likely affected of this scenario with high chance of probability will be manila an","September 01, 2025 18:01:00",luzon (island_group); Manila (barangay),https://www.facebook.com/stormchasersPH/posts/pfbid02QHgHaKMKraj1vAxmaktanKVaZAZSLSDjBkWrRjDTrVi93Ws8YcPo4denLg2Vzp2Xl?__cft__[0]=AZUeieTpR7QVT0AG_HvfCSa-jXakdH0_LIFSFFzqM_PEFVC-2uuk6pEEELHvzEG1AV7be8m-CB4POJ7oO9OS0SUyOrstGA5k3gLHhjZUn8tahRiQG4qgXze5fbgrWvGREXRT1rberKz1x7e3sn1L9Y5M0SDAz50ylfaHDnMebD-vSbVf6Jtm4EmSNHJVjR1zDyQ&__tn__=%2CO%2CP-R,typhoon
Facebook,Storm Chasers PH,"most likely during northeastern windflows coming from the north and northeast, typhoons are commonly moving downward then slightly upward. in relation of this, the most likely affected of this scenario with high chance of probability will be manila and its nearby cities within outskirt portions strategically because of possible direct hit of typhoon.","September 01, 2025 18:01:00",Manila (barangay),https://www.facebook.com/stormchasersPH/posts/pfbid02QHgHaKMKraj1vAxmaktanKVaZAZSLSDjBkWrRjDTrVi93Ws8YcPo4denLg2Vzp2Xl?comment_id=1397433918410756&__cft__[0]=AZUeieTpR7QVT0AG_HvfCSa-jXakdH0_LIFSFFzqM_PEFVC-2uuk6pEEELHvzEG1AV7be8m-CB4POJ7oO9OS0SUyOrstGA5k3gLHhjZUn8tahRiQG4qgXze5fbgrWvGREXRT1rberKz1x7e3sn1L9Y5M0SDAz50ylfaHDnMebD-vSbVf6Jtm4EmSNHJVjR1zDyQ&__tn__=R-R,typhoon
Facebook,NDRRMC,"ano ang storm surge? #panatagangmayalam babala: mataas ang tyansang magka-storm surge kapag may bagyo. ano ba ang storm surge? anong dapat gawin kapag may banta nito? alamin mula kay @dingdong dantes sa video na ito. i-search ang #panatagangmayalam sa youtube at facebook para sa ibang pang tips laban sa sakuna. maging ligtas, maging #panatagpilipinas #ndrrmc #bawatsegundomahalaga ano ang storm surge? #panatagangmayalam babala: mataas ang tyansang magka-storm surge kapag may bagyo. ano ba ang storm surge? anong dapat gawin kapag may banta nito? alamin mula kay @dingdong dantes sa video na ito. i-search ang #panatagangmayalam sa youtube at facebook para sa ibang pang tips laban sa sakuna. maging ligtas, maging #panatagpilipinas #ndrrmc #bawatsegundomahalaga ano ang storm surge? #panatagangmayalam babala: mataas ang tyansang magka-storm surge kapag may bagyo. ano ba ang storm surge? anong dapat gawin kapag may ban  ano ang storm surge? #panatagangmayalam babala: mataas ang tyansang magka-storm surge kapag may bagyo. ano ba ang storm surge? anong dapat gawin kapag may ban  ano ang storm surge? #panatagangmayalam babala: mataas ang tyansang magka-storm surge kapag may bagyo. ano ba ang storm surge? anong dapat gawin kapag may ban ","September 03, 2025 14:00:00",Philippines (country),https://web.facebook.com/NDRRMC/posts/pfbid0321PsgdbJYj2zFjfk8LxGnqp9xZUP8DZUbQop1dekq4QB1jAYAxz3FHw65LwDqpYEl?__cft__[0]=AZVfBjnlKAkoDPspUgn7LZcDUVpFEg9hkyonkvrcAqmQe6CyyuRA1ps6JMjf0r0-_p7CLMP_s3RyR78f0fDPL5OXNNYQ-xt_ZhJ3uozYNStR4NjvcpUlmqCPnMGKb8We0fGwiVL9j0BR4faDuHThWtG-2rIiI37ovHI3OkL7ABDpftVXmAm-0W0T8ESjlFMwd3rsfdHEPBRkvThrAmD17Zkskad6GLdXSMGOMXd03jb--uUcTniQ3Ejxmm4zR4p2_Vk&__tn__=%2CO%2CP-R,typhoon
X,ndrrmc_opcen,"tropical cyclone bulletin nr. 1 tropical depression #kikoph issued at 11:00 am, 03 september 2025 the low pressure area east northeast of extreme northern luzon developed into tropical depression kiko. the center of tropical depression kiko was estimated based on all available","September 03, 2025 11:00:00",luzon (island_group),https://x.com/NDRRMC_OpCen/status/1963083169420427723,typhoon
Facebook,Storm Chasers PH,"bagong lpa, posibleng mabuo malapit sa #northernluzon sa susunod na 2 araw. may posibilidad na maging bagyo at tatawaging #lannieph. amen","September 03, 2025 18:35:00",Luzon (island_group),https://www.facebook.com/stormchasersPH/posts/pfbid0wccH52hG6PqByGN2Qu9LCXEc9d2pSGGAp13t37FYiNpQtDrbfqEFeraF5Q2aCDqal?__cft__[0]=AZXUD7uGDf1i5Usf-A8wtB4yHMT2nCjjxqG1vNJyyuIGgDDeeaNMA_SCkaFqlHxzguOAPxkEkT2pAo1tsP9yMdemxw7VTNiBPqa-jLpMVpnJ-EcBo6NUyhZ8v_HbLF0E5jk44beKIk4vEIshjxU106ww7ldTT70O7D0fl41Vkwj7bbnJkp1uVmcnN0QuOt-ItLk&__tn__=%2CO%2CP-R,typhoon
X,dost_pagasa,"tropical cyclone bulletin nr. 1 tropical depression #kikoph issued at 11:00 am, 03 september 2025 valid for broadcast until the next bulletin at 5:00 pm today. the low pressure area east northeast of extreme northern luzon developed into tropical depression kiko.","September 03, 2025 11:00:00",luzon (island_group),https://x.com/dost_pagasa/status/1963076181936505112,typhoon
Facebook,Manila Bulletin,"the daily rundown september 6 1. pbbm rallies support for creative industries month read: 2. sarah discaya, 4 other contractors formally issued subpoenas in house inquiry read: 3. dnd defends teodoro after chinese embassy's rant read: * china warns ph officials anew: provocations, troublemaking will 'backfire' read: 4. tropical depression lannie forms west of northern luzon, seen to exit par today pagasa read: 5. israel strikes high-rise building as it sets sights on taking over gaza city read: the daily rundown september 6 1. pbbm rallies support for creative industries month read: 2. sarah discaya, 4 other contractors formally issued subpoenas in house inquiry read: 3. dnd defends teodoro after chinese embassy's rant read: * china warns ph officials anew: provocations, troublemaking will 'backfire' read: 4. tropical depression lannie forms west of northern luzon, seen to exit par today pagasa read: 5. israel strikes high-rise building as it sets sights on taking over gaza city read:","September 06, 2025 00:00:00",Luzon (island_group); Israel (Balian Israel) (barangay),https://www.facebook.com/ManilaBulletin/,typhoon
X,dost_pagasa,"tropical cyclone bulletin nr. 1 tropical depression #lannieph issued at 5:00 am, 06 september 2025 valid for broadcast until the next bulletin at 11:00 am today. the low pressure area west of northern luzon developed into tropical depression lannie.","September 06, 2025 05:00:00",luzon (island_group),https://x.com/dost_pagasa/status/1964078176843292869,typhoon
Facebook,NDRRMC,"summary of 24-hour observation of active volcanoes mt. taal, mayon, bulusan and kanlaon 31 august 2025 source: philippine institute of volcanology and seismology (phivolcs-dost) #ndrrmc #bawatsegundomahalaga summary of 24-hour observation of active volcanoes mt. taal, mayon, bulusan and kanlaon 31 august 2025 source: philippine institute of volcanology and seismology (phivolcs-dost) #ndrrmc #bawatsegundomahalaga","August 31, 2025 00:00:00",BATANGAS (province); ALBAY (province); SORSOGON (province); NEGROS OCCIDENTAL (province),https://www.facebook.com/NDRRMC/posts/pfbid0UG16WVhyYMeFNdv72YgtyGZXjgXXLFdYfRgZExEMTWW4NB9HEv18uww3xG6z5z1ul?__cft__[0]=AZVz1xyR-YjAQKbb87Nrgd43briAQCekPf99vNQxA_Ls7yd034CE0lZmSClX6SrK042zvzNdf0J_cvZOuwlbkGDx-_THTHy1aDSGNRnREcP_V4YH6Nx8W3DzuFxA2NLKERaOeICviNJt6Sm3ThrBo3fKLWXjcr1jnIZiroulSmpHak9C2lhpMDb1WtOtX0rH5mE&__tn__=%2CO%2CP-R,volcanic eruption
Facebook,NDRRMC,"summary of 24-hour observation of active volcanoes mt. taal, mayon, bulusan and kanlaon 31 august 2025 source: philippine institute of volcanology and seismology (phivolcs-dost) #ndrrmc #bawatsegundomahalaga summary of 24-hour observation of active volcanoes mt. taal, mayon, bulusan and kanlaon 31 august 2025 source: philippine institute of volcanology and seismology (phivolcs-dost) #ndrrmc #bawatsegundomahalaga the amount of sulfur dioxide these volcanoes are releasing to the environment is also alarming, as sulfur dioxide causes the formation of acid rain, which can affect soils, bodies of water, plant and aquatic life. acid rain also contributes to the spee","August 31, 2025 00:00:00",BATANGAS (province); ALBAY (province); SORSOGON (province); NEGROS OCCIDENTAL (province),https://www.facebook.com/NDRRMC/posts/pfbid02Y7SohAdoPjpuvLqYAhfVV2VKHKvzKQznx375VzM3UixySbJTzCLyM7QGo5f8Ng97l?__cft__[0]=AZUWnGulxrzeXaW3zQ7Y2JlNs0d0KV50e9-p0rWKMsKsx554UQ1GNTs4VH7tgcnRSKcgrggsBXZ3LtUKmpsyqkDqy1EY_zdCbHw4d8HX-3vw5HVLtySJlsuc_06_hNfORNWmnsKqwjmmPypc-wssW1yWI-U1Bu9V5b4PPgXgy6ZYKQxVTYI1jssfoAgi1MOw3Gs&__tn__=%2CO%2CP-R,volcanic eruption
Facebook,PHIVOLCS,bulkang mayon buod ng 24 oras na pagmamanman 01 setyembre 2025 alas-12 ng umaga #mayonvolcano filipino: english: volcano: mayon alert level: 1 status alert level: bahagyang aktibidad volcanic earthquake: 0 volcanic earthquakes banaag/crater glow: natatakpan ng ulap ang bulkan sulfur dioxide flux(so2): 458 tonelada / araw (20 agosto 2025) plume (steaming): katamtamang pagsingaw; napadpad sa kanluran-timog-kanluran ground deformation: pamamaga ng bulkan bulkang mayon buod ng 24 oras na pagmamanman 01 setyembre 2025 alas-12 ng umaga #mayonvolcano filipino: english: volcano: mayon alert level: 1 status alert level: bahagyang aktibidad volcanic earthquake: 0 volcanic earthquakes banaag/crater glow: natatakpan ng ulap ang bulkan sulfur dioxide flux(so2): 458 tonelada / araw (20 agosto 2025) plume (steaming): katamtamang pagsingaw; napadpad sa kanluran-timog-kanluran ground deformation: pamamaga ng bulkan,"September 01, 2025 00:00:00",ALBAY (province),https://www.facebook.com/PHIVOLCS/posts/pfbid0Wt8eC3h8bpnCJ83U3J8K9i9r3SfZTHsBxxRvPRV9Hxp1ALkfsFuVrs8dPHKZqD1Ql?__cft__[0]=AZVOvGp_3Bnj1PFdQY5OPJ2CVtD6m7PbVlEO4Xa8F11E5VtutwBOqAB2blwF7GYs4FxMpdcEnQThNsG4Br33XJ-dD5dWqjlNwdDwqDK-undtyicRhPx_mGOe85UsZD1FpVuwG0PghnJ2RlMzKyfPp5ztLanvQg8V22NbgGUeJ0iviuUe3DeIl74WuElADjpIbzI&__tn__=%2CO%2CP-R,volcanic eruption
Facebook,#rescueph,update po sana may makapasok na rescue sa street namin marami na po na trap na ibang kapitbahay namin na need po ng help lucero st. brgy. kanluran #paengph #rescueph update po sana may makapasok na rescue sa street namin marami na po na trap na ibang kapitbahay namin na need po ng help lucero st. brgy. kanluran #paengph #rescueph,"September 01, 2025 18:01:00",Lucero (barangay); Kanluran (barangay),https://www.facebook.com/hashtag/RescuePH,volcanic eruption
X,phivolcs_dost,bulkang kanlaon buod ng 24 oras na pagmamanman 03 setyembre 2025 alas-12 ng umaga #kanlaonvolcano filipino: english: volcano: kanlaon alert level: 2 status alert level: pagtaas ng aktibidad volcanic earthquake: 0 volcanic,"September 03, 2025 00:00:00",NEGROS OCCIDENTAL (province),https://x.com/phivolcs_dost/status/1962983873039761671,volcanic eruption
X,ndrrmc_opcen,"summary of 24-hour observation of active volcanoes mt. taal, mayon, bulusan and kanlaon 03 september 2025 source: philippine institute of volcanology and seismology (phivolcs-dost) #ndrrmc #bawatsegundomahalaga","September 03, 2025 00:00:00",BATANGAS (province); ALBAY (province); SORSOGON (province); NEGROS OCCIDENTAL (province),https://x.com/NDRRMC_OpCen/status/1963016264257020155,volcanic eruption
Facebook,ABS-CBN,"phivolcs reported of an increased seismic activity in mayon volcano on saturday, september 6, 2025. a total of 26 volcanic earthquakes have been recorded in mayon since 12 a.m., according to an advisory issued by the agency at 5:30 p.m. phivolcs also said the volcano has been exhibiting non-uniform inflation or swelling in its northeastern and south to southwestern sectors since october 2024 and march 2025, respectively. ""increased seismicity today as well as longer-term swelling of the edifice could indicate deep magma intrusion may be taking place beneath the volcano, which could increase the chances of steam-driven or phreatic eruptions occurring at the crater,"" the advisory read. mayon volcano remains at alert level 1. phivolcs reported of an increased seismic activity in mayon volcano on saturday, september 6, 2025. a total of 26 volcanic earthquakes have been recorded in mayon since 12 a.m., according to an advisory issued by the agency at 5:30 p.m. phivolcs also said the volcano has been exhibiting non-uniform inflation or swelling in its northeastern and south to southwestern sectors since october 2024 and march 2025, respectively. ""increased seismicity today as well as longer-term swelling of the edifice could indicate deep magma intrusion may be taking place beneath the volcano, which could increase the chances of steam-driven or phreatic eruptions occurring at the crater,"" the advisory read. mayon volcano remains at alert level 1. grabi malas nayon naging swimming pool na ang manila tas iba na nman lindol galit na kalikasan sa vangag at kbaklaan mas dami bakla kysa puno","September 06, 2025 00:00:00",ALBAY (province),https://www.facebook.com/abscbnNEWS/posts/pfbid0VhzJoTra1hmB5SGfwfxQWPANS76LCZbYrw7DCLLfyG4YyidyrKx82aDmQbQRmwP3l?__cft__[0]=AZUrl_5KaG9TOQsY6QLnelGjTrLVQ-E-ZlNFAolNRap_wzqV5bs_8AbaZtPEoHVWenVv0T9KD9MqR5Ro6xvXTsVw2Cw--vEqqMYbgpjW22rwsMSGpz5dzKNxbtp4zuo-i5Hoq0Vo2cxKf8vXTbDcNyyKhcdXzsR0L93O8GxOjybIHPwiw3YXL51Q6_uXiaKf-4k&__tn__=%2CO%2CP-R,volcanic eruption
Facebook,PHIVOLCS,"mayon volcano advisory 06 september 2025 5:30 pm this is a notice of increased seismic activity in mayon volcano. since 12:00 am today, 6 september 2025, a total of 26 volcanic earthquakes have been recorded by the mayon volcano network. these events registered at strengths of ml0.4-ml2.7 and most originated at depths of 5-10 kilometers beneath the northeast flank of the mayon edifice. mayon has been exhibiting non-uniform inflation or swelling in its northeastern sector since october 2024 and its south to southwestern sectors since march 2025 based on continuous gps, electronic tilt and edm ground deformation data. sulfur dioxide so2 emissions have remained near background levels, averaging 430 tonnes/day this year with the latest measurements on 3 september 2025 averaging 609 tonnes/day. increased seismicity today as well as longer-term swelling of the edifice could indicate that deep magma intrusion may be taking place beneath the volcano, which could increase the chances of steam-driven or phreatic eruptions occurring at the crater. dost-phivolcs would like to remind the public that mayon volcano is at alert level 1, which means that it is at an abnormal condition. although this means that no magmatic eruption is imminent as of present, the public is strongly advised to refrain from entering the 6-kilometer radius permanent danger zone (pdz) due to life-threatening hazards such as rockfall, landslides/avalanches, ballistic projectiles and short pyroclastic density currents (pdcs) or uson that could be generated by a sudden phreatic eruption from the summit. active stream/river channels and those identified as perennially lahar-prone areas on all sectors of the volcano should also be avoided especially during extreme weather conditions when there is heavy and prolonged rainfall. civil aviation authorities must advise pilots to avoid flying close to the volcanos summit as airborne ash and ballistic fragments from sudden explosions and pdcs may pose hazards to aircraft. dost-phivolcs maintains close monitoring of mayon volcano and any new development will be communicated to all concerned stakeholders. dost-phivolcs mayon volcano advisory 06 september 2025 5:30 pm this is a notice of increased seismic activity in mayon volcano. since 12:00 am today, 6 september 2025, a total of 26 volcanic earthquakes have been recorded by the mayon volcano network. these events registered at strengths of ml0.4-ml2.7 and most originated at depths of 5-10 kilometers beneath the northeast flank of the mayon edifice. mayon has been exhibiting non-uniform inflation or swelling in its northeastern sector since october 2024 and its south to southwestern sectors since march 2025 based on continuous gps, electronic tilt and edm ground deformation data. sulfur dioxide so2 emissions have remained near background levels, averaging 430 tonnes/day this year with the latest measurements on 3 september 2025 averaging 609 tonnes/day. increased seismicity today as well as longer-term swelling of the edifice could indicate that deep magma intrusion may be taking place beneath the volcano, which could increase the chances of steam-driven or phreatic eruptions occurring at the crater. dost-phivolcs would like to remind the public that mayon volcano is at alert level 1, which means that it is at an abnormal condition. although this means that no magmatic eruption is imminent as of present, the public is strongly advised to refrain from entering the 6-kilometer radius permanent danger zone (pdz) due to life-threatening hazards such as rockfall, landslides/avalanches, ballistic projectiles and short pyroclastic density currents (pdcs) or uson that could be generated by a sudden phreatic eruption from the summit. active stream/river channels and those identified as perennially lahar-prone areas on all sectors of the volcano should also be avoided especially during extreme weather conditions when there is heavy and prolonged rainfall. civil aviation authorities must advise pilots to avoid flying close to the volcanos summit as airborne ash and ballistic fragments from sudden explosions and pdcs may pose hazards to aircraft. dost-phivolcs maintains close monitoring of mayon volcano and any new development will be communicated to all concerned stakeholders. dost-phivolcs","September 06, 2025 17:30:00",ALBAY (province),https://www.facebook.com/PHIVOLCS/posts/pfbid0LgYZ25QnLUzpu99QucgMmpmFeCNKqjA6Lq6RdQuv7JdMonrdTa7Jb3w9aRq1QDcSl?__cft__[0]=AZVAZq4Qt7su0yaNSmeZ0L5tP9Pb5INhtNfZ-CEWSCWfdONz_vh9FfgDGssd4IUEfhrElhQ_wG7laWMcNWecp86-ZxcvkbqPGq91nl-KChk4rsgXRq9HZGOycEFzVkCUzWUCs4CHtNei3oV5yxFG8OyZnAU3RaGSep__VQB-d8V8tesfR-tw_v75212HW51afqU&__tn__=%2CO%2CP-R,volcanic eruption
Facebook,NDRRMC,"summary of 24-hour observation of active volcanoes mt. taal, mayon, bulusan and kanlaon 07 september 2025 source: philippine institute of volcanology and seismology (phivolcs-dost) #ndrrmc #bawatsegundomahalaga summary of 24-hour observation of active volcanoes mt. taal, mayon, bulusan and kanlaon 07 september 2025 source: philippine institute of volcanology and seismology (phivolcs-dost) #ndrrmc #bawatsegundomahalaga","September 07, 2025 00:00:00",BATANGAS (province); ALBAY (province); SORSOGON (province); NEGROS OCCIDENTAL (province),https://www.facebook.com/NDRRMC/posts/pfbid0edD3CXvJcU17XnxMgGpPu8PXjn5A2oyiTnzHBGsoRRAAdZwLpALznbi8oo2SL9rFl?__cft__[0]=AZU_n9O5PitjtS35brZa-xeegCdb1hopKCNBhPjVa9gH-h2Dt8scyUkHJLbKdNuf09DRsBtf1XMQNqswuhfZggNpBGmb8FCeaEXtYGfKPG9sPVYke1nFp58S3478FSqI_2X3bVIdl7jshoRFoxl4MGOP60HJDd72w7-pYPrR7cyWuIVi2xIJ4PymYik77bNqxD4&__tn__=%2CO%2CP-R,volcanic eruption
X,phivolcs_dost,bulkang kanlaon buod ng 24 oras na pagmamanman 07 setyembre 2025 alas-12 ng umaga #kanlaonvolcano filipino: phivolcs.dost.gov.ph/volcano-hazard english: phivolcs.dost.gov.ph/volcano-hazard,"September 07, 2025 00:00:00",NEGROS OCCIDENTAL (province),https://x.com/phivolcs_dost/status/1964433429191078090,volcanic eruption
X,phivolcs_dost,bulkang bulusan buod ng 24 oras na pagmamanman 07 setyembre 2025 alas-12 ng umaga #bulusanvolcano filipino: phivolcs.dost.gov.ph/volcano-hazard english: phivolcs.dost.gov.ph/volcano-hazard,"September 07, 2025 00:00:00",SORSOGON (province); Bulu (barangay),https://x.com/phivolcs_dost/status/1964433429455683688,volcanic eruption
X,phivolcs_dost,bulkang mayon buod ng 24 oras na pagmamanman 07 setyembre 2025 alas-12 ng umaga #mayonvolcano filipino: phivolcs.dost.gov.ph/volcano-hazard english: phivolcs.dost.gov.ph/volcano-hazard,"September 07, 2025 00:00:00",ALBAY (province),https://x.com/phivolcs_dost/status/1964433430080283003,volcanic eruption
Facebook,NDRRMC,"paalala | mga dapat gawin pagkatapos ng volcanic eruption #panatagangmayalam matapos ang volcanic eruption, ano nga ba ang dapat nating gawin? let @dingdong dantes answer that for you! makinig sa mga dapat gawin pagkatapos ng pagputok ng bulkan. i-search ang #panatagangmayalam sa youtube at facebook para sa ibang pang tips laban sa sakuna. maging ligtas, maging #panatagpilipinas #ndrrmc #bawatsegundomahalaga #kanlaonvolcano paalala | mga dapat gawin pagkatapos ng volcanic eruption #panatagangmayalam matapos ang volcanic eruption, ano nga ba ang dapat nating gawin? let @dingdong dantes answer that for you! makinig sa mga dapat gawin pagkatapos ng pagputok ng bulkan. i-search ang #panatagangmayalam sa youtube at facebook para sa ibang pang tips laban sa sakuna. maging ligtas, maging #panatagpilipinas #ndrrmc #bawatsegundomahalaga #kanlaonvolcano paanoorin | mga dapat gawin pagkatapos ng volcanic eruption #panatagangmayalam matapos ang volcanic eruption, ano nga ba ang dapat nating gawin? let @dingdong  paanoorin | mga dapat gawin pagkatapos ng volcanic eruption #panatagangmayalam matapos ang volcanic eruption, ano nga ba ang dapat nating gawin? let @dingdong  paanoorin | mga dapat gawin pagkatapos ng volcanic eruption #panatagangmayalam matapos ang volcanic eruption, ano nga ba ang dapat nating gawin? let @dingdong ","September 08, 2025 19:00:00",Philippines (country),https://www.facebook.com/NDRRMC/posts/pfbid02NA4EbFPTLbNHmB5Ls6p2ZjwVQ4M2mrEx781potczP3CppDMPQ2kezrSuQbjKwFyul?__cft__[0]=AZWSQ4FQ5brITTYpwyr_s1Y6wZ1yeS4nBjxI90_JzdohyiS8_JD_45kkmQbitxkKBEIqlSSKRBlBlRvxwhKjtVrjpdLT6Ptb4sX4q6V0RyEdbt1WYfoVa5LSkCMJZCL6KDhpQttWnkfwOpzGzpqeUBIr1Hlaxc7q8PxhNU19n_sRR-6yfJ6MA-dbwQvGU85V5ssVrIzJWDA0snF9NE9sfLm5heUD6friGJqhSOnqIVYQoGOS_sj8dHWYMqYCHnbr6UU&__tn__=%2CO%2CP-R,volcanic eruption
Facebook,Davao DRRMO,"cdrrmo-opcen public advisory: september 09, 2025 | tuesday at exactly 12:00 noon today, the davao city disaster risk reduction and management office (cdrrmo) will conduct a citywide siren testing with all barangay sirens. the following citywide sirens will be triggered remotely, these are located at barangays: 1. marapangi 2. talomo proper (salakot) 3. matina pangi 4. tigatto (jade valley) 5. bunawan proper 6. lasang 7. bucana (brgy. hall annex) 8. tigatto (bypass road) 9. bago aplaya 10. matina crossing meanwhile, the citywide sirens below will be triggered manually: 1. sirawan 2. lizada 3. talomo (taal) 4. matina aplaya 5. bucana 6. maa 7. 39-d 8. 23-c 9. panacan 10. vicente duterte the siren in barangay lapu-lapu is still undergoing maintenance. you will hear a ""steady-tone"" for the said testing. cdrrmo-opcen public advisory: september 09, 2025 | tuesday at exactly 12:00 noon today, the davao city disaster risk reduction and management office (cdrrmo) will conduct a citywide siren testing with all barangay sirens. the following citywide sirens will be triggered remotely, these are located at barangays: 1. marapangi 2. talomo proper (salakot) 3. matina pangi 4. tigatto (jade valley) 5. bunawan proper 6. lasang 7. bucana (brgy. hall annex) 8. tigatto (bypass road) 9. bago aplaya 10. matina crossing meanwhile, the citywide sirens below will be triggered manually: 1. sirawan 2. lizada 3. talomo (taal) 4. matina aplaya 5. bucana 6. maa 7. 39-d 8. 23-c 9. panacan 10. vicente duterte the siren in barangay lapu-lapu is still undergoing maintenance. you will hear a ""steady-tone"" for the said testing.","September 09, 2025 00:00:00",Marapangi (barangay); Matina Pangi (barangay); Tigatto (barangay); Bucana (barangay); Bago Aplaya (barangay); Matina Crossing (barangay); Sirawan (barangay); Lizada (barangay); Talomo (barangay); BATANGAS (province); Matina Aplaya (barangay); Lapu-lapu (barangay),https://www.facebook.com/DavaoDRRMO/posts/pfbid0qUv1Kb11GhKfok94oZwnaZDxDkL2ACpQx5VBfGzoeDcNQAQUm96bnCji9K6xJt6Pl?__cft__[0]=AZWaoefy64hANbAt_hKdL8ncmsAArsXRssb3_Xg6CpUPu1G_dHn5gYq6ubgR8R84A2v5VIWKhFIAa37bEmOiQ1R8AtcwVHITolRY6zdw3iekuPx8D8fci7QA31vR_lYfnE38oWXWflxRQAGF5UaBzKLEpa7OqwEGrOLWHmE_fk1HXpNZBCMyJxUTkYvrPEP3Hwg&__tn__=%2CO%2CP-R,volcanic eruption