source,page_source,date-time,text_content,url
Facebook,ABS-CBN,2025-07-22 00:00:00,update as of 5 p m 22 july 2025 the low pressure area east of aurora developed into tropical depression dante dante is not seen to make landfall but will enhance the southwest monsoon or habagat through friday july 25 no wind signals are expected to be hoisted the enhanced habagat will bring significant rainfall over luzon and some parts of visayas up to torrential rains may be expected over pangasinan zambales bataan cavite batangas occidental mindoro and metro manila serious threats of flooding and landslides remain dante was spotted 1 130 km east of northern luzon at 4 p m tuesday with winds of 45 kph and gusts up to 55 kph it is moving north northwestward at 20 kph the disturbance will intensify up to tropical storm strength while moving northwestward over the philippine sea it may exit the philippine area of responsibility late thursday or early friday meanwhile the low pressure area near batanes may either merge with the broader circulation of dante or cross extreme northern luzon towards the northern west philippine sea via ariel rojas abs cbn news,https://www.facebook.com/abscbnNEWS
Facebook,GMA News,,nadaraanan na ng mga motorista ang ilang bahagi ng nlex matapos itong bahain at hindi madaanan kahapon,https://www.facebook.com/gmanews
Facebook,Manila Bulletin,2025-07-22 00:00:00,the armed forces of the philippines afp on tuesday july 22 responded to public inquiries regarding its visibility during the recent onslaught of heavy rains and flooding caused by the tropical storm crising and southwest monsoon habagat,https://www.facebook.com/ManilaBulletin/
Facebook,SunStar Philippines,2025-04-18 00:00:00,lorainne powao received a signed chessboard and certificate at the russian consulate in cebu recognizing her standout performance in the april 18 chess event,https://www.facebook.com/SunStarPhilippines/
Facebook,Philstar News,2025-07-22 00:00:00,flood in rizal residents of cainta rizal wade through the flood caused by the southwest monsoon habagat on july 22 2025 reuters eloisa lopez,https://www.facebook.com/philstarnews/
Facebook,PAGASA,2025-07-22 00:00:00,tropical cyclone bulletin nr 1 tropical depression issued at 5 00 pm 22 july 2025 valid for broadcast until the next bulletin at 11 00 pm today the low pressure area east of aurora developed into tropical depression dante location of center 4 00 pm the center of tropical depression dante was estimated based on all available data at 1 115 km east northeast of central luzon or 1 130 km east of northern luzon 18 3n 132 4e intensity maximum su stained winds of 45 km h near the center gustiness of up to 55 km h and central pressure of 1000 hpa present movement north northwestward at 20 km h extent of tropical cyclone winds strong winds extend outwards up to 220 km from the center tropical cyclone wind signals tcws in effect no wind signal currently hoisted other hazards affecting land areas heavy rainfall outlook refer to weather advisory no 29 issued at 5 00 pm today for the heavy rainfall outlook due to the southwest monsoon enhanced by dante the low pressure area east of batanes and tropical cyclone wipha over vietnam severe winds the enhanced southwest monsoon will bring strong to gale force gusts over the following areas especially in coastal and upland areas exposed to winds today zambales bataan metro manila calabarzon mimaropa visayas and dinagat islands tomorrow 23 july ilocos region zambales bataan bulacan metro manila calabarzon mimaropa visayas zamboanga del norte misamis occidental lanao del norte camiguin and dinagat islands friday 18 july ilocos region abra benguet central luzon metro manila calabarzon mimaropa visayas zamboanga del norte misamis occidental lanao del norte camiguin and dinagat islands hazards affecting coastal waters 24 hour sea condition outlook up to rough seas over the following coastal waters up to 3 0 m the seaboards of batanes and kalayaan islands the western seaboards of zambales bataan lubang island occidental mindoro and calamian islands mariners of small seacrafts including all types of motorbancas are advised not to venture out to sea under these conditions especially if inexperienced or operating ill equipped vessels up to moderate seas over the following coastal waters up to 2 5 m the seaboards of babuyan island and ilocos region the southern seaboard of bataan the western seaboards of cavite batangas and palawan up to 2 0 m the seaboards of camarines norte oriental mindoro marinduque and romblon the northern and eastern seaboards of catanduanes and northern samar the eastern seaboards of albay sorsogon and davao oriental the western seaboard of masbate the southern seaboard of quezon the remaining seaboard of batangas and occidental mindoro the northern seaboard of camarines sur mariners of motorbancas and similarly sized vessels are advised to take precautionary measures while venturing out to sea and if possible avoid navigation under these conditions track and intensity outlook dante is forecast to move northward or north northwestward over the philippine sea from tonight to tomorrow 23 july before turning northwestward towards the ryukyu islands and the east china sea on the track forecast dante may exit the philippine area of responsibility par on thursday 24 july or on friday 25 july dante may reach tropical storm category tomorrow further intensification into a severe tropical storm remains less likely but is not ruled out considering these developments the public and disaster risk reduction and management offices concerned are advised to take all necessary measures to protect life and property persons living in areas identified to be highly or very highly susceptible to these hazards are advised to follow evacuation and other instructions from local officials for heavy rainfall warnings thunderstorm rainfall advisories and other severe weather information specific to your area please monitor products issued by your local pagasa regional services division the next tropical cyclone bulletin will be issued at 11 00 pm today dost pagasa,https://www.facebook.com/PAGASA.DOST.GOV.PH/
Facebook,NDRRMC,2025-07-22 00:00:00,maging alerto mga lalawigan ng at ndrrmc 5 10pm 22jul25 orange rainfall warning sa metro manila rizal at cavite nagbabanta ang matinding pag ulan pagbaha at pagguho ng lupa,https://www.facebook.com/NDRRMC
Facebook,untvnewsrescue,,panoorin ang mga napapanahong balita sa ito ang balita ngayon subscribe to our official youtube channel be the first to know about the latest updates on local and global issues news and current affairs 911 untv rescue and public services we serve the people we give glory to god for updates visit check out our official social media accounts instagram account feel free to share but do not re upload,https://www.facebook.com/UNTVNewsRescue
Facebook,ABS-CBN,2025-08-24 00:00:00,the edca sites will serve as staging areas for prepositioning rescue equipment and consolidating relief goods via anc 24 7 link to full story in the comments section,https://www.facebook.com/abscbnNEWS
Facebook,GMA News,,dingdong dantes stars in an important video of the national disaster risk reduction and management council ndrrmc about the essential flood recovery checklist read more,https://www.facebook.com/gmanews
Facebook,Philstar News,,stay safe and dry pagasa raised an orange rainfall warning over zambales bataan metro manila rizal cavite pampanga laguna and portions of batangas tarlac and bulacan as of 5 p m tuesday as intense southwest monsoon rains continued to pour a yellow warning was also raised over metro manila bulacan rizal cavite batangas laguna and tarlac meanwhile light to moderate rains with occasional heavy downpours are also affecting nueva ecija and quezon,https://www.facebook.com/philstarnews/
Facebook,NDRRMC,2025-07-22 00:00:00,press briefing tropical depression dante at 5pm july 22 2025 tuesday dost pagasa asst weather services chief chris perez,https://www.facebook.com/NDRRMC
Facebook,untvnewsrescue,,sanay nang lumikas ang ilang residente ng tondo at iba pang bahagi ng maynila sa tuwing may matinding pag ulan bagamat handa ang lokal na pamahalaan sa pagtanggap ng mga evacuee kailangan pa rin ng karagdagang pondo kayat pinag iisipan na ng lungsod ang pagdedeklara ng state of calamity,https://www.facebook.com/UNTVNewsRescue
Facebook,Davao City DRRMO,2025-07-22 00:00:00,cdrrmo opcen weather update as of 05 57 pm july 22 2025 weather system southwest monsoon areas within davao city are experiencing cloudy weather conditions all river channels are monitored at code green safe level coastal status calm seas going low tide,https://www.facebook.com/DavaoDRRMO
Facebook,people,,baha update bagong silangan qc around 1pm 68 veterans barangay bagong silangan quezon city hanggang bewang na ang baha sa lugar kahit hindi malakas ang ulan matagal na rin pero hindi pa rin humuhupa ang tubig walang mga batang naglalaro sa lansangan tahimik pero lubog ang paligid kahit hindi malakas ang ulan baha pa rin sana maagapan stay safe po sa mga residente ng bagong silangan i monitor lagi ang lagay ng panahon at iwasan ang paglusong sa baha thank you for watching,https://www.facebook.com/people/Weather-Update-Today-Philippines/61568208630146/
Facebook,Rappler,,tropical depression dante the philippines fourth tropical cyclone for 2025 is far from landmass the enhanced southwest monsoon however will remain a threat,https://www.facebook.com/rapplerdotcom
Facebook,GMA News,,tingnan welcome din ang mga alagang hayop sa mga evacuation center sa quezon city kasunod ng malalakas na pag ulang nararanasan sa lugar courtesy qc mayor joy belmonte facebook,https://www.facebook.com/gmanews
Facebook,Philstar News,,why do some metro manila roads become death traps when it rains a disaster expert points to something hiding in plain sight,https://www.facebook.com/philstarnews/
Facebook,untvnewsrescue,2025-07-23 00:00:00,isa nang ganap na bagyo ang dating low pressure area na ngayon ay tinawag ng pagasa na bagyong dante kaugnay nito sinuspinde na ng malacanang ang klase sa lahat ng antas at ang pasok sa mga tanggapan ng pamahalaan sa metro manila at piling lalawigan bukas miyerkules july 23,https://www.facebook.com/UNTVNewsRescue
Facebook,#bahaph,,live newspack happening now water level sa marikina river umakyat na naman sa 15 1 meters na lang o unanf alarma as of 6pm ayon sa marikina pio via raymond gomez nias news philippines photo via marikina pio live newspack happening now water level sa marikina river umakyat na naman sa 15 1 meters na lang o unanf alarma as of 6pm ayon sa marikina pio via raymond gomez nias news philippines photo via marikina pio,https://www.facebook.com/hashtag/BahaPH
Facebook,Manila Bulletin,2025-07-22 00:00:00,no pets left behind kasama sila sa evacuation look the philippine animal welfare society paws expresses gratitude on tuesday july 22 as more evacuation centers begin to welcome animals alongside families during times of crisis by opening their doors to pets lgus not only save lives but also uplift and support responsible pet owners who refuse to leave their beloved companions behind in times of emergency paws wrote the group urges more lgus to recognize the bond between humans and their companion animals and to ensure that no pet is left behind during emergencies paws facebook,https://www.facebook.com/ManilaBulletin/
Facebook,Philstar News,2025-07-22 00:00:00,sinuspinde ng malacanang ang lahat ng paghahanda para sa darating na state of the nation address ni pangulong ferdinand bongbong marcos jr ito ay matapos mag viral sa social media ngayong martes hulyo 22 ang mga larawan ng mga tauhan ng department of public works and highways na nagpapaskil ng karatula ng sona sa maynila sa gitna ng malakas na ulan at malawakang pagbaha dahil sa habagat panoorin,https://www.facebook.com/philstarnews/
Facebook,untvnewsrescue,,humupa na ang baha sa ilang bahagi ng rizal na ilang araw ding nalubog sa tubig dahil sa walang tigil na ulan ngunit iniwan nito ang matinding pinsala lalo na sa brgy burgos montalban rizal ayon sa mga residente,https://www.facebook.com/UNTVNewsRescue
Facebook,SunStar Davao,,president ferdinand marcos jr has directed all concerned government agencies to focus all efforts in ensuring the safety and welfare of the filipino people as many communities are battling heavy flooding due to the effects of habagat southwest monsoon,https://www.facebook.com/sunstardavaonews
Facebook,jomsjoan24,,graaabe sa laki mag iingat po kayo sa baha lalo na sa mga naglalakad at nagsswimming jan nakakakilabot graaabe sa laki mag iingat po kayo sa baha lalo na sa mga naglalakad at nagsswimming jan nakakakilabot,https://www.facebook.com/jomsjoan24/posts/pfbid02K8Jwp75drqbS3A4WmzakvaBNt13ZhgR2PhRYDNViicJh4ZaabcuGUP3MMt6rawual?__cft__[0]=AZXi8O6B_BZvEOo-iKe_5UkWhBM3BTi_l3hL4rW_dOmoEhb8HjzUKIr6SuG3WWO1I-kalyi2M67pQPYpM08GJwFGuapA6rFJw2dDzwqBofAsRKMHNODhD3xk28Alzf00FH1T1asMCN1RU8_G4zGI4Ax7qtyNWsh1rv93DR1IMZmUoCHoqTRynmz07kwK7fQn07o&__tn__=%2CO%2CP-R
Facebook,GMA News,,tingnan nagpatupad na ang mga awtoridad ng forced evacuation sa brgy lasip calasiao pangasinan kung saan hanggang dibdib na ang baha matapos ang tuloy tuloy na pag ulan na epekto ng habagat courtesy calasiao information office via gma regional tv one north central luzon,https://www.facebook.com/gmanews
Facebook,untvnewsrescue,,hindi pa rin madaanan ang ilang bahagi ng brgy dalandanan valenzuela city dahil sa bahang dulot ng patuloy na pag ulan pahirapan ang pagdaan lalo na para sa mga malalaking sasakyan kabilang ang mga garbage truck na dapat sanay mangongolekta ng basura dahilan ng inaasahang delay sa serbisyo,https://www.facebook.com/UNTVNewsRescue
Facebook,Manila Bulletin,2025-07-22 00:00:00,senator loren legarda called for the strict enforcement of environmental laws on tuesday july 22 as massive flooding hit parts of metro manila and luzon highlighting the role of improper waste disposal and illegal structures in exacerbating the situation senator loren legarda called for the strict enforcement of environmental laws on tuesday july 22 as massive flooding hit parts of metro manila and luzon highlighting the role of improper waste disposal and illegal structures in exacerbating the situation,https://www.facebook.com/ManilaBulletin/posts/pfbid0VMKdupC2LastU1qqB383BES3MomQFQ1yJgCCX5wiEfaTE2SvHk6fZNhGtK61q4cdl?__cft__[0]=AZWE6aXrdZ7dCu4Ki8ThCrNRDDR0YYYrO8I5RrlaLDXB37cJySx3QZPAlb_1r_6icZ_BKqIALsSVsga3DHXHnFAPgMF4BK8pwGsLwWkHbBgaTK8KvHkzs6JnJbF77aZdmHQqT-D5HLxHFpBEB_sV7eF2KOmgFih28G2ssPQfDzNUnst_Ve3pNY93TyXaJD_C870&__tn__=%2CO%2CP-R
Facebook,Philstar News,,is it really just rain or bad planning disaster scientist mahar lagmay explains why floodwaters always find their way back turning streets into deadly traps during storms read is it really just rain or bad planning disaster scientist mahar lagmay explains why floodwaters always find their way back turning streets into deadly traps during storms read corrupt govt,https://www.facebook.com/philstarnews/posts/pfbid05iQbZj18Wx6dv64g56kwuBBvHPiizdQXVA3wGPUTTZ4e3ULE6HtZbJJGQeiJ98DKl?__cft__[0]=AZUIcMENGPvukUuyM2E42lRjzXAKaEMwnY-NsinGUlg0wsCcqOXE19BjywtOTKYY1yMxVHMBhR7G1btRA3J9hmWE4fooMXkcs6S-kVpYDCg7zJaCHwN7h-q1quUvHFJU_57stWl2Gl9kUZDZSUPBRpihtdFbT-lr8WYsN_5NspXR1NAV5MCCJWD1W042tafODnk&__tn__=%2CO%2CP-R
Facebook,PAGASA,2025-07-22 00:00:00,flood bulletin no 4 for pampanga river basin issued at 6 00 pm 22 july 2025 flood bulletin no 4 for pampanga river basin issued at 6 00 pm 22 july 2025 jester alvarez gagi may bagyo tlga hahahaha,https://www.facebook.com/PAGASA.DOST.GOV.PH/posts/pfbid0jda76r6o6U3y9u5acsMiBWcoAr25mQYAd9nQkq9cN2jaA55cbzmMQtNBTMHRphT1l?__cft__[0]=AZXtZ_syndX6XsBrn6Yp9MRu2-YUfFViguSgR7hK1pCkjXGCxlp4zesFxqYinlLNiO_p1b8T8SVIuTSuzPUPjSeLXBWy929VULn0eHieO_c9tac1pbUmKIMV7KszotjFf9KrrCFZcSJ0Tc-2a_2mn-hR5UciBBde9RH6jDnUS-Dd745cmlqV8Ujd7gRHLqaecHA&__tn__=%2CO%2CP-R
Facebook,untvnewsrescue,,lebel ng tubig sa marikina river bumaba na dredging operations tuloy tuloy upang maibsan ang pagbaha basura nanguna pa rin sa mga dahilan ng pagbaha sa maraming lugar sa metro manila ayon sa mmda ilang infra projects nakaapekto rin sa mga daluyan ng tubig state of calamity posibleng ideklara sa lungsod ng maynila lebel ng tubig sa marikina river bumaba na dredging operations tuloy tuloy upang maibsan ang pagbaha basura nanguna pa rin sa mga dahilan ng pagbaha sa maraming lugar sa metro manila ayon sa mmda ilang infra projects nakaapekto rin sa mga daluyan ng tubig state of calamity posibleng ideklara sa lungsod ng maynila dolmite daw haha,https://www.facebook.com/UNTVNewsRescue/posts/pfbid02Lt6QazVb6r5TmQU2zReN1SKK6dG5jk6bK4jUk6hHLWA4qCicPqZYruwFbztWPjDCl?__cft__[0]=AZWkK4QRzToYaFOr93aou6oseVTOQLO7NDsyENnO1cS_Fr1X69rgPcIqgZjEfjVu6j8m4FxNsGVxNWryYVOSt5eGKBCNOZwFkCqNJoiWb2H14BZhGL6RJzLqnR_vvLLVdLnJnKRvPe9A0dIxbgrAuScK90NeScGIToUdtFyQCKfQI3SsjY42nuZeSXaDYzKvgFY&__tn__=%2CO%2CP-R
Facebook,PHIVOLCS,2025-07-22 00:00:00,earthquake information no 1 date and time 22 july 2025 07 37 pm magnitude 1 9 depth 019 km location 13 01n 124 54e 038 km s 85 e of prieto diaz sorsogon earthquake information no 1 date and time 22 july 2025 07 37 pm magnitude 1 9 depth 019 km location 13 01n 124 54e 038 km s 85 e of prieto diaz sorsogon,https://www.facebook.com/PHIVOLCS/posts/pfbid08VbrarzUneJCPGotB9afTwBKGGTSEDL6ESf3EXGek5StsRNYTE8RktV8wbAibUsWl?__cft__[0]=AZWC79Qf8ZJDiEJXf0gx0Zi6G1F0Z6tV6kQBVW43hHsGnUYnokQH9Xan7Lb8Vakjzc9fTTUzNA-sx14Pkoj4MmK4V2yiq10spTIO13HpU1jOqjgezhJF16u2EmI9bFneVbk3FocQ9hYYE_v5Wco6x75XEw873Q-GKdqgDfsUr3tDsc82fZHJq6xav9RIqZEfHtA&__tn__=%2CO%2CP-R
Facebook,ABS-CBN,2025-08-05 00:00:00,several local government units have been placed under a state of calamity due to the effect of the onslaught of the southwest monsoon several local government units have been placed under a state of calamity due to the effect of the onslaught of the southwest monsoon balik tayo sa tanong nasaan ang 5 500 flood control na pinagyabang ni lbm,https://www.facebook.com/abscbnNEWS/posts/pfbid0kMQ6iUAUfB2L9iJgj3A8eNg4ra5BtEjiSg8qiD5bCeEJHWuagoxfVWRKkSp7DDVwl?__cft__[0]=AZWtL01war6hfa68SSl3WOwTv0p862DBoqiMFHpXpSo3CzIbtn4MtEZf9MYi8kf5Xo9XUOe08kzUHJnPuDp5RzofOSskuucNP317sLltmwW6LczwlxDj4y-5_FRlWogrAmFdWU5Ec29_E59vq4vYuzx_Kq4pXMMN8S3WHnBvgyyE2Kgq-PsF_AseoUkPj8IXnd8&__tn__=%2CO%2CP-R
Facebook,GMA News,,hindi sinanto ng hanggang dibdib na baha ang makasaysayang barasoain church sa malolos bulacan sa kabila niyan tuloy ang kasal nanaig ang pagmamahalan ng magkasintahang lumakad sa altar kahit baha hindi sinanto ng hanggang dibdib na baha ang makasaysayang barasoain church sa malolos bulacan sa kabila niyan tuloy ang kasal nanaig ang pagmamahalan ng magkasintahang lumakad sa altar kahit baha grabe naman sa hanggang sa dibdib ang baha pakiayos nyo po balita nyo its oa,https://www.facebook.com/gmanews/
Facebook,untvnewsrescue,,napilitang lumikas ang mga residente ng brgy lambakan marilao bulacan kagabi dahil sa pag apaw ng ilog sa kanilang lugar napilitang lumikas ang mga residente ng brgy lambakan marilao bulacan kagabi dahil sa pag apaw ng ilog sa kanilang lugar,https://www.facebook.com/UNTVNewsRescue/posts/pfbid02PGFBGbsbKuB4sDtnkEBXvLxpmCrWYya9QKJwgXj8MsJ55UG8Xv17rnYET2Hdynqvl?__cft__[0]=AZWnWcTbMwCK5noey6Z0yKx-7Znc0pslEcnXuJ3wgU6mdQk0kfhjK8gccDPN4dnS_VHdXgZI1TsTdZtVq2okHyUdzw6W5xww5Ta92baWQuIpyJLgrbq4Jpzq6LRtfJp5WIOcjRcLtghKksrRGdtnZd4HVjCx3iLgSSPdrrhA2gzj7KnkVUZzxwZ78B5NZMUUohmynCRnXtQANmHhNip_3qMkqDx2jmwbOxceS1H6qKC4oA&__tn__=%2CO%2CP-R
Facebook,SunStar Davao,,at least eight dioceses across the regions are currently being monitored closely by the humanitarian arm of the catholic church in the philippines amid the devastating effects of tropical cyclone crising and the southwest monsoon habagat read more at least eight dioceses across the regions are currently being monitored closely by the humanitarian arm of the catholic church in the philippines amid the devastating effects of tropical cyclone crising and the southwest monsoon habagat read more,https://www.facebook.com/sunstardavaonews/posts/pfbid02Xezczf61EMD2cizwt6e7SzY2pEJWv9spmf6QLNuKLEcTnHFMFyMmFSQbtYhE7HDml?__cft__[0]=AZV9oVy4YxxA_Di4VqQd_4vTltlHhCxUHmy6UgLl0Gk3BjSnbusFwNinLVSzkG7i8XfDKNBKenreuVQvx-SUTmSo-7lFYNrLYLt8z8uZA7VdKPzrD-FwbhSQl2xK5L2Nw_57wCe1JLXANbsObqR73zqGUxVCJWeAZtZXYE2OvR-2adAElvC2yIjreYHUdZ0nhsg&__tn__=%2CO%2CP-R
Facebook,PHIVOLCS,2025-07-22 00:00:00,earthquake information no 1 date and time 22 july 2025 08 03 pm magnitude 1 5 depth 035 km location 10 20n 124 23e 012 km n 62 w of talibon bohol earthquake information no 1 date and time 22 july 2025 08 03 pm magnitude 1 5 depth 035 km location 10 20n 124 23e 012 km n 62 w of talibon bohol,https://www.facebook.com/PHIVOLCS/posts/pfbid02PKdWhedWGUkhpaKawDC4ZChYBxkfH7if1tgCBbZ6DNQft5ZSnseKp7Vtoocn6U7el?__cft__[0]=AZUY2Nc4Yl2TZ0VfHGn5pnUvL9AIDDuUAejcCe6ZHdk0-pDauerFwJh7oNwFso7jmXECAuAa_v81pthDhTAr9noIIIKF9uzGVHlaOjma922C7qTuBaZ7Jn34mbPU5e2GBaKI-SaDdSH_I79a9T2_IIPlAyDWZwkfXXTBFpHY6iLVyB4X8IL8nZNhnjQX1sil3Oc&__tn__=%2CO%2CP-R
Facebook,ABS-CBN,2025-07-22 00:00:00,lubog sa tubig ang kalsada at ilang bahay sa barangay pulang lupa uno las pinas city martes hulyo 22 2025 dahil sa high tide at pag ulang dulot ng habagat via angelica daniel bmpm intern lubog sa tubig ang kalsada at ilang bahay sa barangay pulang lupa uno las pinas city martes hulyo 22 2025 dahil sa high tide at pag ulang dulot ng habagat via angelica daniel bmpm intern ingat po ang lahat,https://www.facebook.com/abscbnNEWS/
Facebook,Rappler,2025-07-23 00:00:00,join lian buan and iya gozum in a watch party on july 23 as the world court delivers its landmark advisory opinion on climate change join lian buan and iya gozum in a watch party on july 23 as the world court delivers its landmark advisory opinion on climate change,https://www.facebook.com/rapplerdotcom/posts/pfbid0ec6BqAMR7brSyQ5rJCyWLvTpzkFknHtKNnN6VJwDfNwuRSouNhdisZ4TbKMEQD5Zl?__cft__[0]=AZUzpxWvx06M9z7fWg5BwM1qZP8JdXeFPiDH6BHjmg2BrPfqcrvpnuD04lqfirMgsR6wA8t797wQ__TYear68FSMpE5E2RK2u9-lxVwqOWIX1zlRyQQAX9A99I2lgyQKugAq8piYW_FbqFypl0m_R7bpM-KiAUmtZ6B50uklGQUeVPzjRFFE1J_fcKFdud7W6yU&__tn__=%2CO%2CP-R
Facebook,Manila Bulletin,2025-07-22 00:00:00,just in malabon city mayor jeannie sandoval declared a state of calamity on tuesday july 22 due to heavy rains and widespread flooding brought by the southwest monsoon habagat the declaration made through sangguniang panlungsod resolution a17 2025 enables the city government to access its quick response fund qrf which comprises 30 percent of the local disaster risk reduction and management drrm fund to strengthen relief operations emergency response and other essential services via hannah nicol just in malabon city mayor jeannie sandoval declared a state of calamity on tuesday july 22 due to heavy rains and widespread flooding brought by the southwest monsoon habagat the declaration made through sangguniang panlungsod resolution a17 2025 enables the city government to access its quick response fund qrf which comprises 30 percent of the local disaster risk reduction and management drrm fund to strengthen relief operations emergency response and other essential services via hannah nicol,https://www.facebook.com/ManilaBulletin/posts/pfbid0kXmsWxWAh66n665QokTqkxK9pjt2CGUhMgaewyWG1QDdQb4Y6BTd2TRMbVvsJWuMl?__cft__[0]=AZUj6tzpadwmVwlWwaMVGhkLV2mAEO1AGSaHdAuUJpfhUBrptb29MaRKbZcJVwIapgpiUSnqdpwTQnd2b4dgU4xJGRAaBL2-E0REtxmjPL7IDZl6CdI6CWPd2BWTz0GaR1kkaG1aeLWyI5bMTYgqBNwzoSdpwQm-tPJTLwCELaTlBU_IaY29h1gHldzQFhZEKyc&__tn__=%2CO%2CP-R
Facebook,Philstar News,,kinaaliwan ng mga followers ng tv host na si kuya kim atienza ang kanyang kakaibang getup na nakasuot lang ng shorts at walang suot na pang itaas habang nasa gitna ng buhos ng ulan sa at kalsada pero bukod sa ulat panahon nagbahagi rin siya ng kaalaman alam niyo ba na ang pagligo sa ulan ay maganda para sa ating balat wala itong calcium wala itong magnesium low in minerals sabi niya video by kuya kim instagram kinaaliwan ng mga followers ng tv host na si kuya kim atienza ang kanyang kakaibang getup na nakasuot lang ng shorts at walang suot na pang itaas habang nasa gitna ng buhos ng ulan sa at kalsada pero bukod sa ulat panahon nagbahagi rin siya ng kaalaman alam niyo ba na ang pagligo sa ulan ay maganda para sa ating balat wala itong calcium wala itong magnesium low in minerals sabi niya video by kuya kim instagram musta na ang anak mong babae kuya kim naipa enroll niyo na ba sa ibang bansa,https://www.facebook.com/philstarnews/
Facebook,Inquirer.net,2025-07-22 00:00:00,look a funeral mass proceeds as scheduled despite flooding inside the barasoain church in malolos bulacan on tuesday july 22 the church also proceeded with a wedding and a mass earlier this morning amid ongoing rains caused by the southwestern monsoon also known as habagat our lady of mount carmel parish barasoain church facebook via liam recacho inquirer net for more stories visit inquirer net look a funeral mass proceeds as scheduled despite flooding inside the barasoain church in malolos bulacan on tuesday july 22 the church also proceeded with a wedding and a mass earlier this morning amid ongoing rains caused by the southwestern monsoon also known as habagat our lady of mount carmel parish barasoain church facebook via liam recacho inquirer net for more stories visit inquirer net amen,https://www.facebook.com/inquirerdotnet/posts/pfbid02tpxDFTKupYKBBRZxhVhaVGVKd1osRpdriy8TJSmWW43c2p3AornexLCwmBSSUAM6l?__cft__[0]=AZWiRtbNyY8Zroy40JiBBFPzYwXkzbViej6lWODndW4G3SfRhs98TSCnPCv8rci0t1oFKxsHVYwEJL5XrOl2AgNjSNx7i94ie2OWW8xSxF-5HI_EJrL7zcYFOHqdTAlIddBk1irHc2UTFlbZw9EeYmi9GOVnd67TKI6I4KpF_Tm0iSQ9EXfE9nKSRvA2NJKdK3o&__tn__=%2CO%2CP-R
Facebook,PAGASA,2025-07-22 00:00:00,tropical cyclone update as of 8 00 pm today 22 july 2025 tropical depression dante formerly lpa 07g is being monitored inside the philippine area of responsibility par the low pressure area lpa 7h is also being monitored inside par and still has a medium potential of developing into tropical depression within the next 24 hours meanwhile another low pressure area lpa 07i is being monitored outside par also has a medium potential of developing into a tropical depression within the next 24 hours all are advised to monitor updates from dost pagasa tropical cyclone update as of 8 00 pm today 22 july 2025 tropical depression dante formerly lpa 07g is being monitored inside the philippine area of responsibility par the low pressure area lpa 7h is also being monitored inside par and still has a medium potential of developing into tropical depression within the next 24 hours meanwhile another low pressure area lpa 07i is being monitored outside par also has a medium potential of developing into a tropical depression within the next 24 hours all are advised to monitor updates from dost pagasa,https://www.facebook.com/PAGASA.DOST.GOV.PH/posts/pfbid0uTYDxa4aFcRrP8wiAA6bJBemibfRxR3h3LRNHVSM95ehob6mH24d2rNWLSr5GqGGl?__cft__[0]=AZUPfazGPJQH1areyLrmA9Ma_NbbY-HCgGYR9gtKfCx4pDH1fM6qdfhb1oFPzKdV_wFjCPfiiYBoeO8i_E3wpq3t4eVJBzsmDnz77cgGQuEEXAnWU1DJGMwx3lpbzxtuMrptyyp-L223LSQDZYyTqKBGKyY8g7nMCESvRxnoGQpnBrnIPaea2FDmj__KZ6mhk2w&__tn__=%2CO%2CP-R
Facebook,NDRRMC,2025-07-20 00:00:00,disaster response update philippine marines assist in evacuation efforts in bongao tawi tawi personnel from the philippine marine corps under marine battalion landing team 4 mblt 4 in close coordination with the municipal disaster risk reduction and management office mdrrmo of bongao successfully conducted a humanitarian evacuation for residents of barangay tubig tanah bongao tawi tawi on july 20 2025 following the impact of typhoon crising this operation underscores the afps steadfast role in safeguarding communities during emergencies source armed forces of the philippines see more disaster response update philippine marines assist in evacuation efforts in bongao tawi tawi personnel from the philippine marine corps under marine battalion landing team 4 mblt 4 in close coordination with the municipal disaster risk reduction and management office mdrrmo of bongao successfully conducted a humanitarian evacuation for residents of barangay tubig tanah bongao tawi tawi on july 20 2025 following the impact of typhoon crising this operation underscores the afps steadfast role in safeguarding communities during emergencies source armed forces of the philippines see more,https://www.facebook.com/NDRRMC/posts/pfbid02ywTYzw58BXS8QmSUJDwPfBf9KVfR2TfxQnbkgK8JGqENjHvyqNd2GcFxrmxuERs6l?__cft__[0]=AZWg7DiGKGlfQ1UZ4H2drvQOYgaCOUFYck_zz-fVjQutU_FvfkXQ0nADz_QopHUsgB2K6oGEQ_EHQR2_jvwKaEBd2EAn-cDgE4_JeXVpEvV4ns52C781EKdtUixs4aKXgWZ0pcGymAv7XE3dJp7b1ZBTPDSeg_oOYd_kjFJEEJ0Jp2R3f8qW-scuY6b6jKEthhA&__tn__=%2CO%2CP-R
Facebook,PHIVOLCS,2025-07-22 00:00:00,earthquake information no 1 date and time 22 july 2025 10 36 pm magnitude 2 8 depth 003 km location 16 84n 121 02e 002 km east of hungduan ifugao earthquake information no 1 date and time 22 july 2025 10 36 pm magnitude 2 8 depth 003 km location 16 84n 121 02e 002 km east of hungduan ifugao yhan yhan kits eto ata naramdaman nuo,https://www.facebook.com/PHIVOLCS/posts/pfbid02jZ6NNYtySNAh2guttWpT48DpbF6mke3PTJ5z2bMRHxqUH4ZhLNeHvUAHwJwEtNmtl?__cft__[0]=AZX304qnnBFk_u7EWWbEG5Zxq95pLoIQsz1VSx2NVfGnhZKGju1iOe4uPaG-WnGGwShUQbteTFMgQFuxIEWwcU2tKeRJNJiuitTtJU7ydsYEhrrp-Mqm2SqrkCZ_aFqywlh4AKWcGFCmMoXGcnllE_SDNnHlfj3iwAU_kss17OcmXxoavbZuuJo6tP_sfGAdGKc&__tn__=%2CO%2CP-R
Facebook,GMA News,2025-08-11 00:00:00,tropical depression slightly intensified as it continued to move northwestward over the philippine sea pagasa said in its 11 p m cyclone bulletin read more tropical depression slightly intensified as it continued to move northwestward over the philippine sea pagasa said in its 11 p m cyclone bulletin read more ingat po tayong lahat agannad tayo amin kakabsat,https://www.facebook.com/gmanews/posts/pfbid0n6dtaLoZFvnqarSoefNYSk9yAnJKWtAvwSvSyZgcztbHbitjtqD7A6ydmRkf1rdol?__cft__[0]=AZVmsG0pOEuQ_PSs_G6Kech1CL8dAEi78TvNeYWybpc1kpstZz3448T1pYHwigyoGdMfcvzdIv9wqo3egwymC6ROqEooPPgIE1lcesP3IQFjlfDocoRjdRh0uSB9YgDcWpNK8MW6HJ4XeZ0c0ATBykvVoQaZVpSLXPEZcy2grllslYA1Ni485LzWTaWe1zqVFFg&__tn__=%2CO%2CP-R
Facebook,Philstar News,2025-08-01 00:00:00,bathing in the rain might not be as refreshing as it sounds while rainwater is naturally pure the first rain can be particularly problematic due to contaminants it may carry here are some reasons why bathing in the rain might not be ideal 1 2 pollutants and toxins the first rain can wash away dirt pollutants and residues from the atmosphere and surface runoffs making it potentially acidic and harmful to the skin these pollutants can cause skin irritation allergic reactions and other health issues microorganisms rainwater can contain bacteria viruses and parasites that can cause waterborne diseases like cholera typhoid and diarrhea these microorganisms can also lead to skin infections and other health problems skin issues prolonged exposure to rainwater can strip the skin of its natural oils leading to dryness and irritation some people might experience skin rashes fungal infections or other skin conditions due to the pollutants and bacteria in rainwater respiratory problems breathing in polluted air during the first rain can trigger respiratory issues especially for people with asthma or other pre existing conditions hypothermia taking a cold shower or bath especially during rainy weather can lower body temperature significantly and increase the risk of hypothermia,https://www.facebook.com/philstarnews/
Facebook,PAGASA,2025-07-22 00:00:00,press briefing tropical depression dante at 11pm july 22 2025 tuesday dost pagasa weather specialist loriedin de la cruz galicia press briefing tropical depression dante at 11pm july 22 2025 tuesday dost pagasa weather specialist loriedin de la cruz galicia,https://www.facebook.com/PAGASA.DOST.GOV.PH/
Facebook,untvnewsrescue,2025-08-05 00:00:00,sana matuto na kayo sa mga 5 500 flood control project nila na inu uto tayong lahat at sila lang ang magandang sitwasyon hindi nabahaan ang bahay ng nag hati hati sa pera ng bayan,https://www.facebook.com/UNTVNewsRescue/posts/pfbid02PGFBGbsbKuB4sDtnkEBXvLxpmCrWYya9QKJwgXj8MsJ55UG8Xv17rnYET2Hdynqvl?comment_id=1441902780386170&__cft__[0]=AZVm_9rdAalnJxQql756DVZWwtKii5TJSzVV2bol4nAOV_J7QajlXEOiCuPW8tFLzxSFOiAJ14Mkm8uxhRbK7ITnkyjMf-OY-kOqdgpLJc3-C8og6EvEKkE_hM3oJc5xnyJAFTfuaP_M5zMtJz-jISQmuuKRO06RiP-sAWBbUg5SS8yzkjWGVih_2kavzV_SCu2EueXD4F2DRjt6GRfYwsF8EC2hb1Fe8e3PXrU1QiJexQ&__tn__=R-R
Facebook,PHIVOLCS,2025-07-23 00:00:00,earthquake information no 1 date and time 23 july 2025 12 20 am magnitude 2 0 depth 033 km location 09 64n 122 48e 004 km n 26 e of hinoba an negros occidental earthquake information no 1 date and time 23 july 2025 12 20 am magnitude 2 0 depth 033 km location 09 64n 122 48e 004 km n 26 e of hinoba an negros occidental,https://www.facebook.com/PHIVOLCS/posts/pfbid035AWvHLTiQe2vSHHHFuQrwJQUHL3d57v9zYqon3wgv39hWqdUes26V4Gw9vFoYxEQl?__cft__[0]=AZWaOp-xxjGQ854XVHFbOQyUxzpg8jrzsdZVZiL4ZZ_FckJmTi4xiBcYxj5zyLxeVkhpaQRGqypJ2-LgB7kyRZfpAJ8uJJo8ahPg9TmFMrmmzk7R_LH2zgeZcbZN5vqwvzxa6oqwpQ2M1fm19OM7ybq_oSqMsOWv1NNU_V5GimgIA9c3-tXZp5rJpbXaOrS8R_E&__tn__=%2CO%2CP-R
Facebook,ABS-CBN,2025-07-23 00:00:00,weather update 6 10 am july 23 2025 wednesday weather update 6 10 am july 23 2025 wednesday good morning po good morning maupan at maulap na umaga kuya ariel good morning,https://www.facebook.com/abscbnNEWS/
Facebook,GMA News,2025-07-23 00:00:00,lubog ngayon sa baha ang buong bayan ng calumpit sa bulacan at inaasahan pang palalalain ng high tide sa miyerkoles july 23 ang ilang residente na halos masanay na sa baha umaasang matutuloy na ang flood control project sa kanilang bayan lubog ngayon sa baha ang buong bayan ng calumpit sa bulacan at inaasahan pang palalalain ng high tide sa miyerkoles july 23 ang ilang residente na halos masanay na sa baha umaasang matutuloy na ang flood control project sa kanilang bayan you deserve what you tolerate ika nga hindi magbabago yan hangga t tanggap niyo na ninanakawan kayo ng flood control projects,https://www.facebook.com/gmanews/
Facebook,ABS-CBN,2025-07-23 00:00:00,weather update 6 10 am july 23 2025 wednesday weather update 6 10 am july 23 2025 wednesday wala nang ulan dito sa makati good morning day po maulan na umaga po im annamie parajes albino po from sta cruz manila city po camnorte lang malakas good morning po,https://www.facebook.com/abscbnNEWS/
Facebook,GMA News,2025-07-23 00:00:00,state weather bureau pagasa has issued orange and yellow rainfall warnings over some parts of luzon as of 5 00 am today july 23 2025 courtesy pagasa state weather bureau pagasa has issued orange and yellow rainfall warnings over some parts of luzon as of 5 00 am today july 23 2025 courtesy pagasa,https://www.facebook.com/gmanews/posts/pfbid0jK1KTdSD7HQpBv69gPWjsBvt6oyPporwB7nxRSG2eVJj1pSCRN8tYau4ugxQdkKTl?__cft__[0]=AZVi82o8aU-Aa2yotGhTI3rvxSp2iLZ1jKdprNNN3gzDW95rNun4ccD19aHSWQDtmbEUdOJf3-e1i6tm7hRk0abEIHaVeJsoEUJImbeHy41sHBnCNgALvQbhjo_D_c_PYfqaviZ9YbeXBFqlYNS7mxaVuMlbN7M58M6P328pzBnZP1MZx_kbWCoSK-7YiSU9dno&__tn__=%2CO%2CP-R
Facebook,Inquirer.net,,tip from australian police leads to rescue of sexual abuse victims tip from australian police leads to rescue of sexual abuse victims,https://www.facebook.com/inquirerdotnet/posts/pfbid02nEcFV9e3SCyNiVcyW3hmQD9FZ7StBUMRtNTKdsJC8HHndnJd3z2dSgaZqEUmXbP8l?__cft__[0]=AZVw-ZSg6X7jkFFVXMWQbw6FvwZkMMzfchSQDltuwwnFXWyGx2Akvm6824sYMrLAxthLxFcy1KnxUdzbgPrafcz0N9fAjLORf20u53FA-kkqcWBbMcFo1mwdgJ-5SX7DEzF5L7cBEPELnqQdV4WHwX2OLxy_l_lm7q8oLz2olwDc6T2RP6w9cd6Mi6BgtpFKxm4&__tn__=%2CO%2CP-R
Facebook,Rappler,2025-07-22 00:00:00,pagasa says tropical depression dante s maximum sustained winds increased to 55 km h on tuesday evening july 22 the enhanced southwest monsoon will still trigger rain pagasa says tropical depression dante s maximum sustained winds increased to 55 km h on tuesday evening july 22 the enhanced southwest monsoon will still trigger rain goshhh,https://www.facebook.com/rapplerdotcom/posts/pfbid0Vi5A5ZEJZw9ubPRjnV9y877BwdaswoYbTg6uZ7CvHgqNUhjbgi1ts9xBgMUcaR7cl?__cft__[0]=AZWR5dYuz21mepg8dBbmnt9L8YDMC-HeFmUjPD9qVrPY3dGbbloRg0aJiGHmqJB4pDoJf8aEXO0bb8MtXAzi7OW8kHrvNexPpbPVs5XTP7tyYc9jIKMwl0OAzNFv9A-0FyMTk6VBMJqfT_CpAFmo-lLCaHl6cFdfmiAE8tGQrRNMxHgfXo36rlrDIquuGOphjDo&__tn__=%2CO%2CP-R
Facebook,untvnewsrescue,,ipinag utos kahapon ni afp chief of staff gen romeo brawner jr ang paggamit sa mga edca sites bilang command and control hub magiging sentro ito ng isinasagawang humanitarian assistance and disaster response sa mga pagbaha dulot ng sama ng panahon ipinag utos kahapon ni afp chief of staff gen romeo brawner jr ang paggamit sa mga edca sites bilang command and control hub magiging sentro ito ng isinasagawang humanitarian assistance and disaster response sa mga pagbaha dulot ng sama ng panahon buti pinagbigyan pkiusap ni gibu,https://www.facebook.com/UNTVNewsRescue/posts/pfbid0Dp1d4S18LzMRnS66pcJec5CbJmiJMDQsJDWYD9EZKRiFeD4SLdZBXuGgt8Nx9iMBl?__cft__[0]=AZWa7LBVP0pqR0nMHNISVcX1wxzF4CJ2vOh06MH8-PUrMC8_W0MURB7Ns7Stpo3iQk6s9y4B8wvoprass-MAKqMwvnr8e6Eim4ZlChXvO6sq4v3tOwFMh1kRZH2KrxjvcDJQz_oqZKSEtfYhs61fAwXZ1kPie4r7jVSB82F-0Y2Uw-M0zZkUnI7b3k71RD6z3DM&__tn__=%2CO%2CP-R
Facebook,PHIVOLCS,2025-07-23 00:00:00,bulkang taal buod ng 24 oras na pagmamanman 23 hulyo 2025 alas 12 ng umaga filipino english volcano taal alert level 1 status alert level bahagyang aktibidad volcanic earthquake 0 volcanic earthquakes sulfur dioxide flux so2 504 tonelada araw 15 hulyo 2025 ph 0 3 19 february 2025 temperature 68 7 c 15 april 2025 plume steaming mahinang pagsingaw napadpad sa hilagang silangan ground deformation pangmatagalang pag impis ng kalakhang taal caldera na may panandaliang pamamaga ng timog silangang bahagi ng taal volcano island bulkang taal buod ng 24 oras na pagmamanman 23 hulyo 2025 alas 12 ng umaga filipino english volcano taal alert level 1 status alert level bahagyang aktibidad volcanic earthquake 0 volcanic earthquakes sulfur dioxide flux so2 504 tonelada araw 15 hulyo 2025 ph 0 3 19 february 2025 temperature 68 7 c 15 april 2025 plume steaming mahinang pagsingaw napadpad sa hilagang silangan ground deformation pangmatagalang pag impis ng kalakhang taal caldera na may panandaliang pamamaga ng timog silangang bahagi ng taal volcano island,https://www.facebook.com/PHIVOLCS/posts/pfbid02DjkXfJfkhrsY8JpFcovx2d6rV2HCqEB56jVSnVD45m5X9PoFu5tP99rco63NT2Qml?__cft__[0]=AZWTZVWj5VJ139Y5BFnXLrWiBX2GjC57VfMtySrIKjjG6ZyCBU7SK6ZwJkbHEkIIK_bRqkxMEvyrkiKRpI57sdKk5HRoO2AhFCX9DRdXOHYJsIlisKsjkIlPoyuRo64-c6-XTFuXcHD_4F5-emvtZDnsebYMVLW5i2SKO8HDenG752ACWC9eYYC2hQ3ktvQo4aE&__tn__=%2CO%2CP-R
Facebook,GMA News,2025-07-23 00:00:00,state weather bureau pagasa has issued a yellow rainfall warning over ilocos sur and pangasinan as of 5 00 am today july 23 2025 courtesy pagasa state weather bureau pagasa has issued a yellow rainfall warning over ilocos sur and pangasinan as of 5 00 am today july 23 2025 courtesy pagasa safe kayo may flood control ok lang yan daming ginastos para sa flood control so for sure safe kayo,https://www.facebook.com/gmanews/posts/pfbid02XJu9zbraFRiN5ssGxXvSnnxRYNeCKrhTuEuoboR5rAV6pJd4Qi4R85zszgDbLpmMl?__cft__[0]=AZUzQcIg6j6hdUT_BPgAkJ2uA7JKt563JpnufDnlRri0ODiiBXldul0UNUJI3eHUOgRj0qbgPubAnotiNFiXM22Foh9iG_4QeLYNyx7XrkDhCFSu8JvAwRz1zYMwccm9u7LFjXopQ6BlbPsbuGuBHaLoza0kacDe9Walq2r0U-yKojBgMRsocvdCYBmwrGbjgKE&__tn__=%2CO%2CP-R
Facebook,NDRRMC,2025-07-23 00:00:00,dam advisory hydrological situationer for la mesa dam issued at 6am 23 july 2025 dam advisory hydrological situationer for la mesa dam issued at 6am 23 july 2025,https://www.facebook.com/NDRRMC/posts/pfbid0oUaYDvugfMd7y5pSGXMDVmFMspCPo8PUGTBNFkjfe57kUpHhfWy2CbRjTvBQNgB1l?__cft__[0]=AZV-NBk89QKGhfzrU6s7XfO6d16WZiEUyczz-snLuxYDOCUtjWr_5foVa6n-uxu0UGtC64sIq92eDWfj5JzR9ylAo-xGqRBwLUxFd378MDtuhF-ofxAxVBq0c1T3BzK_AAB1BuNpSNprMT1dbdGGSyWeQAE0euK7RI7VBpH3s_6iSBmbJ2EwREiw0K7Zrap0VD8&__tn__=%2CO%2CP-R
Facebook,untvnewsrescue,2025-08-09 00:00:00,bagyong dante napanatili ang lakas ilang probinsya at bayan sa bansa nagdeklara ng state of calamity dahil sa naging epekto ng pinagsamang bagyong crising at habagat p339 3 m halaga ng pinsala sa agrikultura iniwan ng bagyong crising at habagat 9 national roads hindi madaanan usapin hinggil sa ph us trade deal malapit nang matapos bagyong dante napanatili ang lakas ilang probinsya at bayan sa bansa nagdeklara ng state of calamity dahil sa naging epekto ng pinagsamang bagyong crising at habagat p339 3 m halaga ng pinsala sa agrikultura iniwan ng bagyong crising at habagat 9 national roads hindi madaanan usapin hinggil sa ph us trade deal malapit nang matapos,https://www.facebook.com/UNTVNewsRescue/posts/pfbid02ggL4q5R7pQ5XkFg4PotpEnqhykSmHyraFYBQpenNWRTwdpRgq5EBcPakLFk2tV2Jl?__cft__[0]=AZW_wQQgMbhiWl16zYhGyrcvSsHpnlDSJqiZtTQ_NQABA7l3foKE2KVQCmwkEdHINpxR2VqmcPF1oAYiiJLHQCab5CxR2evvXlHXjXE86W_xCInqTV-Zaj67eKH02uORFGLdG3MzI5JGKRfMEimzZRtW8C3pxDo4KPwd0-cl6nGsX8lFEzCezCGLHSRRV_LU50A&__tn__=%2CO%2CP-R
Facebook,PHIVOLCS,2025-07-23 00:00:00,earthquake information no 1 date and time 23 july 2025 06 29 am magnitude 3 2 depth 002 km location 11 32n 124 58e 008 km n 65 w of capoocan leyte reported intensities instrumental intensity intensity ii carigara leyte intensity i leyte leyte earthquake information no 1 date and time 23 july 2025 06 29 am magnitude 3 2 depth 002 km location 11 32n 124 58e 008 km n 65 w of capoocan leyte reported intensities instrumental intensity intensity ii carigara leyte intensity i leyte leyte,https://www.facebook.com/PHIVOLCS/posts/pfbid05rGgZYz1CKGZqS2N2XTY6kWh8LPAEghCZ9KvJb2GSh8W42rF2gCS7rC3TT9gMDFfl?__cft__[0]=AZXmL_3NoywKVKrAPh6bV8iaTsmtbBcsABC-sAYngtdXC3MH3BhIwNV_NnrsWEkfQMiaV4et_bMKS-BYudmYKDcF0x0MKFuQp388dhA8GU559bOq3sx0_LfCEKH5FHnrzdrWwHDc6VhmAA_JYffdFdMOBQPavOumFHZJnvJGsgYNcBNqKM5Dkn_HBEP434rRzVs&__tn__=%2CO%2CP-R
Facebook,untvnewsrescue,2025-08-19 00:00:00,nasa p339 3 million pesos na halaga sa agrikultura ang nasira dahil sa nagdaang bagyong crising at habagat batay sa partial report ng national irrigation administration o nia kahapon nasa p339 3 million pesos na halaga sa agrikultura ang nasira dahil sa nagdaang bagyong crising at habagat batay sa partial report ng national irrigation administration o nia kahapon makakatulong sana kong hindi sinayan ni joel chua ang 19 million na public fund s pinagawang building sa mga nangketa sa manila kaya giniba ni yorme,https://www.facebook.com/UNTVNewsRescue/posts/pfbid02W3jFWpBaEyysvN1gKur7TLMtYk23u1cETuwvXTqWziitkjZoa3maYtU5b3BTLnMJl?__cft__[0]=AZX10-PU5Nwh8cRpPsYgQTwpTVup0boEjFBnZfGavLRrTgOsOXThSv1JpvDY0RKsC6lCPbqWbYgYzjakFYnRyUa9v1Ga2rZb-TLo09I6wKDxQ_fvSxRD6vecWtKLuBQo4vYA-KV1NWIQXyjpJHzfyGDuOnQB-JGeaJP_VywouTCMnM0_uXg_csiRqENMX4hTTFo&__tn__=%2CO%2CP-R
Facebook,PHIVOLCS,2025-07-23 00:00:00,earthquake information no 1 date and time 23 july 2025 06 49 am magnitude 4 4 depth 010 km location 09 36n 127 02e 091 km n 62 e of bayabas surigao del sur earthquake information no 1 date and time 23 july 2025 06 49 am magnitude 4 4 depth 010 km location 09 36n 127 02e 091 km n 62 e of bayabas surigao del sur,https://www.facebook.com/PHIVOLCS/posts/pfbid035iBqJ7LMdq4uwp7h9Qapu7HWiotqJVFWggnguEPnCUUtcXYrxxCSyi8vbhkuLM73l?__cft__[0]=AZVytxVpSVMfQv4b-J5b8RVkHQ-_IpaPT7fTk-04XRIw2hL6jzloK6PC3_vl_n1-XRaFcdbRqzweeJrB3p3_X9DJRp1WYUIy8gPDq4_NPrufEWUylJ4uxTwxRFy8WoHGyKOWnkvsNXsEaYOUw35m7AuqxQMt5la8u0B-xjJ5Np4XNlRZjgYuJGPbQy-U5gvpuDk&__tn__=%2CO%2CP-R
Facebook,ABS-CBN,,tropical depression is expected reach tropical storm intensity on wednesday it will exit the philippine area of responsibility by late thursday or early friday tropical depression is expected reach tropical storm intensity on wednesday it will exit the philippine area of responsibility by late thursday or early friday,https://www.facebook.com/abscbnNEWS/
Facebook,GMA News,,a landslide was reported in barangay bagong silangan quezon city early wednesday morning according to a report of gma integrated news james agustin on unang balita a landslide was reported in barangay bagong silangan quezon city early wednesday morning according to a report of gma integrated news james agustin on unang balita,https://www.facebook.com/gmanews/posts/1225462729625382?__cft__[0]=AZVGegpiVUyq7LmfuZ_4uf3Y5Yz8_eIE4yRowjnH_N1w2OAPWShzcjcZkzxBrlFDOwzL8Bg5isZytG82SQq1WazmWwhfzXmmH2i8mAB4x8QmLottggFxkhbSHebQI_tOZTFjEpsxiYCYRAFBiV898_aYKJs_PR3_27rTQRSr2MNAP8qs-m_uWWNagUwQD3Ze9No&__tn__=%2CO%2CP-R
Facebook,Manila Bulletin,2025-08-12 00:00:00,at least 12 people died while nine others were reported missing amid the heavy rains that continue to pound and trigger widespread flooding in almost all parts of the country since last week the philippine national police pnp reported on wednesday july 23 at least 12 people died while nine others were reported missing amid the heavy rains that continue to pound and trigger widespread flooding in almost all parts of the country since last week the philippine national police pnp reported on wednesday july 23 dahil sa 1 kaya nangyari yan,https://www.facebook.com/ManilaBulletin/posts/1197168952451309?__cft__[0]=AZVrGiGqwNUJ3lJFoy_PFAPjM520dI61EkEnqfYNphuKYGzhqFRfbMKHG1VJ8bs5Dztq_20-Dgfmhwv4iWK0_p5wrwvMzCEtkf8FDov3XtmrIf6S98Z8gqgo6eYrFLHuj5WGKiSZP_0dq20d7qv2TdtCB5SyRrPD-G5r2lITGHulAx4WEsrpU7QwF3L2F7CULbQ&__tn__=%2CO%2CP-R
Facebook,SunStar Philippines,,nagmahay na ang usa ka laborer nga nipatay sa iyang kaugalingong igsuon human nga nahuwasan na gikan sa impluwensiya sa ilimnong makahubog nagmahay na ang usa ka laborer nga nipatay sa iyang kaugalingong igsuon human nga nahuwasan na gikan sa impluwensiya sa ilimnong makahubog,https://www.facebook.com/SunStarPhilippines/posts/1189276499894534?__cft__[0]=AZUZnMpH5sZYuJjBu4tP-lIO41vYaLQO01chqABF1ZjwqgLf6rINKJu7mcBpQ6m5Yyhko9riku_zDnJ7xGmBYH56ZfInvta0U_4eWWjiUUcyrd5EcZlLwu2j0KMxJYqQ2HkHSSMgjbJLQ60vtwnqUPwiabSbewKH5MFmNMEwA4zZCO3JaKK4ktiiEMAHmma1jEc&__tn__=%2CO%2CP-R
Facebook,Philstar News,,malabon placed under state of calamity due to floods malabon city has been placed under a state of calamity following heavy rains high tide and damage to the malabon navotas river navigational gate mayor jeannie sandoval announced tuesday the declaration allows the city to tap its quick response fund for emergency operations malabon placed under state of calamity due to floods malabon city has been placed under a state of calamity following heavy rains high tide and damage to the malabon navotas river navigational gate mayor jeannie sandoval announced tuesday the declaration allows the city to tap its quick response fund for emergency operations,https://www.facebook.com/philstarnews/posts/1181480370689381?__cft__[0]=AZUCggQJL8JnjD-sYGbJ_if8_4xi_9Q3BdTkSjlSTxpS_eZ-r_EQYAWlEMQLrjechanDAaGsz4OuYXdSs17PfHT3STQqKpTSdJK5bC8Fxue0NH5Cwlt_kFInncS8hH7Zt07fMYhSy6ZyqHYHp5wh423hoQKc18ufBZ7dNlmY4t1celqi99HfvdBl0NtdtU-VIWU&__tn__=%2CO%2CP-R
Facebook,Inquirer.net,2025-07-23 00:00:00,watch residents of sapang gody taytay rizal are still wading through knee deep floodwaters as of 9 a m on wednesday july 23 roi joshua baeta follow live updates here watch residents of sapang gody taytay rizal are still wading through knee deep floodwaters as of 9 a m on wednesday july 23 roi joshua baeta follow live updates here,https://www.facebook.com/inquirerdotnet/
Facebook,NDRRMC,2025-07-23 00:00:00,maging alerto lalawigan ng ndrrmc 8 00 am 23jul25 orange rainfall warning sa occidental mindoro nagbabanta ang matinding pag ulan pagbaha at pagguho ng lupa maging alerto lalawigan ng ndrrmc 8 00 am 23jul25 orange rainfall warning sa occidental mindoro nagbabanta ang matinding pag ulan pagbaha at pagguho ng lupa ibahagi at ikomento ang kalagayan sa inyong lugar mag ingat po tayong lahat ndrrmc di na po makalaot mga mangingisda,https://www.facebook.com/NDRRMC/posts/1054403370195896?__cft__[0]=AZWPyT0KV454d_72KV1ogMGb3cDEEvB9Xglsj1ObThQaUaghS3vw6neTClDWDQwrq0Mx51mcIwkB6fidNOX6BlGmkWbr62zT0T6q2xKUgQ2oaDGroCyTFH48Y6xyfdTgXx8W77b-zQ1A6eTAyJQiUdE0zehHSsgdhk5t-RjLG-1tTh34XmwCw6BmqGct6xjRRRI&__tn__=%2CO%2CP-R
Facebook,PHIVOLCS,2025-07-23 00:00:00,earthquake information no 1 date and time 23 july 2025 08 33 am magnitude 1 6 depth 032 km location 10 02n 126 26e 020 km s 90 e of burgos surigao del norte earthquake information no 1 date and time 23 july 2025 08 33 am magnitude 1 6 depth 032 km location 10 02n 126 26e 020 km s 90 e of burgos surigao del norte,https://www.facebook.com/PHIVOLCS/posts/1064164612574169?__cft__[0]=AZXDtRaPDZJCK5Xm0VmWiy1BPJxjEcICmZo2WBLmkOFenmEEmhcsIl3LCLPTBl9nBDdE8qzJ_Uh1xuXLBpXRDiYRzRv6y_J2LMs1xxMjLQ-WXoZHQlN2SiPIBwuX-cTM143QfnA5c6KY7XEsWs9cPeuAOQLY4uo9VJlBEXCBDoqifiv_sDl8mUzP2yTSTx7MMYA&__tn__=%2CO%2CP-R
Facebook,ABS-CBN,,tingnan pagsagip sa mga residente at alaga nilang hayop sa gitna ng mataas na baha sa quezon city nitong martes bfp facebook tingnan pagsagip sa mga residente at alaga nilang hayop sa gitna ng mataas na baha sa quezon city nitong martes bfp facebook,https://web.facebook.com/abscbnNEWS/posts/1229553055886615?__cft__[0]=AZUCUKldk-nhuVsslLJHbZo3fOkzKMt20mVDNA1Z2Yvnz4RN392m_MOnFYoSLXvG87q4WlRiGt04iYzsudsrxJYpPDkcigO9PjRyy5FDmCw04M9pjirPM_MGfMu44iFpASurNWOVySG5mXWRk8EEU1qhQBugsc77Y5cpa3RkoTNJY-5f1ljoQNLptvv7AeXOOMs&__tn__=%2CO%2CP-R
Facebook,GMA News,,pagdating pa lang nila naisip ko na agad na ilibre ko yung kakainin nila nagulat ako na maluha luha nu ng narinig ko na isang order lang ng lugaw ang sinabi ni tatay marami ang naantig sa ginawa ng isang lugawan sa san simon pampanga nang makita nilang naghahati hati sa isang mangkok ng lugaw ang isang pamilya sabi ng ilang netizens ganitong kindness sana ang mamayani ngayong panahon ng kalamidad panoorin ang video pagdating pa lang nila naisip ko na agad na ilibre ko yung kakainin nila nagulat ako na maluha luha nu ng narinig ko na isang order lang ng lugaw ang sinabi ni tatay marami ang naantig sa ginawa ng isang lugawan sa san simon pampanga nang makita nilang naghahati hati sa isang mangkok ng lugaw ang isang pamilya sabi ng ilang netizens ganitong kindness sana ang mamayani ngayong panahon ng kalamidad panoorin ang video,https://web.facebook.com/gmanews/
Facebook,Manila Bulletin,,billy joel is doing much better the piano man singer wants fans to know in may joel canceled all his upcoming concerts across north america and england after being diagnosed with fluid buildup in his brain that has affected his hearing vision and balance the condition is called normal pressure hydrocephalus a brain disorder that can affect brain related abilities including thinking and concentrating memory movement and more the cleveland clinic says read the full article in the comments section below billy joel is doing much better the piano man singer wants fans to know in may joel canceled all his upcoming concerts across north america and england after being diagnosed with fluid buildup in his brain that has affected his hearing vision and balance the condition is called normal pressure hydrocephalus a brain disorder that can affect brain related abilities including thinking and concentrating memory movement and more the cleveland clinic says read the full article in the comments section below billy joel is doing much better the piano man singer wants fans to know in may joel canceled all his upcoming concerts across north america and england after being diagnosed with fluid buildup in his brain that has affected his hearing vision and balance the condition is called normal pressure hydrocephalus a brain disorder that can affect brain related abilities including thinking and concentrating memory movement and more the cleveland clinic says read the full article in the comments section below,https://web.facebook.com/ManilaBulletin/posts/1197285155773022?__cft__[0]=AZWbELoWFoHKOaV7iLYhfBP9aeOhtYcdfv2nFqG5GRZT2KBx9OcF9SFzpsJR0JnsnYo3dsFV323dJYhPDZJjjbjyrdgtLoPLemItQ4EABXB9x7NRXwkZNpLXmQ2q11-eZVd-CSPnfJUMISY_t0K9paqy5674xzvw_zCLBfb3At2Dds3ldKDzacJ0EXIAzEGb2MX00imQiqXjolecBmuCMJvsavOA95YFxfoKdaO19i2qWA&__tn__=%2CO%2CP-R
Facebook,Philstar News,2025-07-21 00:00:00,hanggang binti na yung tuhod this was how the reporter explained the viral mix up during a live report on flooding in the city of manila on monday july 21 via interaksyon hanggang binti na yung tuhod this was how the reporter explained the viral mix up during a live report on flooding in the city of manila on monday july 21 via interaksyon,https://web.facebook.com/philstarnews/posts/1181589794011772?__cft__[0]=AZW6RBfI4Qp5wfxNe3g2TSskIj3ImEmbLneyTXGyY6B_MET7UWB7NrqUvz0nPJ-xQZ7QlWfGiu_yKD6y7c6YgnHFwp9lq9POqvOvt1D3CJ8Pnr3aym7fyDCc1d4UivwicrTHy3cXT2V4ZHfMFzGJhtBORz5Hp34L273LAXzcI6jYyaidjIxzQvX5eG_flKKfyEg&__tn__=%2CO%2CP-R
Facebook,PAGASA,2025-07-23 00:00:00,tropical cyclone bulletin nr 1 tropical depression issued at 11 00 am 23 july 2025 valid for broadcast until the next bulletin at 5 00 pm today the low pressure area west of babuyan islands developed into tropical depression emong location of center 10 00 am the center of tropical depression emong was estimated based on all available data at 115 km west northwest of laoag city ilocos norte 18 7n 119 6e intensity maximum sustained winds of 45 km h near the center gustiness of up to 55 km h and central pressure of 996 hpa present movement west southwestward at 35 km h extent of tropical cyclone winds strong winds extend outwards up to 150 km from the center tropical cyclone wind signals tcws in effect tcws no 1 wind threat strong winds luzon ilocos norte the western portion of ilocos sur sinait san juan cabugao santo domingo magsingal bantay san ildefonso san vicente santa catalina city of vigan caoayan santa narvacan santa maria san esteban santiago city of candon santa lucia santa cruz tagudin the northwestern portion of la union city of san fernando san juan bacnotan luna balaoan bangar bauang and the western portion of pangasinan dasol burgos agno bani bolinao city of alaminos mabini anda warning lead time 36 hours range of wind speeds 39 to 61 km h beaufort 6 to 7 potential impacts of winds minimal to minor threat to life and property other hazards affecting land areas heavy rainfall outlook refer to weather advisory no 32 issued at 11 00 am today for the heavy rainfall outlook due to emong and the southwest monsoon enhanced by emong and dante severe winds the wind signals warn the public of the general wind threat over an area due to the tropical cyclone local winds may be slightly stronger enhanced in coastal and upland mountainous areas exposed to winds winds are less strong in areas sheltered from the prevailing wind direction minimal to minor impacts from strong winds are possible within any of the areas under wind signal no 1 based on the current forecast scenario the highest possible wind signal that may be hoisted is wind signal no 2 furthermore should there be changes in the track forecast the expansion of areas under wind signals to cover other localities in northern luzon is possible the enhanced southwest monsoon will bring strong to gale force gusts over the following areas especially in coastal and upland areas exposed to winds today zambales bataan bulacan aurora metro manila calabarzon bicol region mimaropa visayas zamboanga del norte misamis occidental lanao del norte camiguin dinagat islands davao occidental and davao oriental tomorrow 24 july central luzon metro manila calabarzon bicol region mimaropa visayas zamboanga del norte misamis occidental lanao del norte camiguin davao occidental and davao oriental friday 25 july ilocos region cordillera administrative region central luzon metro manila bicol region mimaropa visayas zamboanga del norte misamis occidental lanao del norte camiguin davao occidental and davao oriental hazards affecting coastal waters up to rough seas over the following coastal waters up to 3 5 m the western seaboards of batanes babuyan islands zambales bataan and lubang island up to 3 0 m the seaboards of kalayaan islands the northern seaboard of ilocos norte the western seaboards of occidental mindoro and calamian islands mariners of small seacrafts including all types of motorbancas are advised not to venture out to sea under these conditions especially if inexperienced or operating ill equipped vessels up to moderate seas over the following coastal waters up to 2 5 m the remaining seaboards of babuyan islands batanes and ilocos region the southern seaboard of bataan the western seaboards of cavite batangas and palawan up to 2 0 m the seaboards of camarines norte oriental mindoro marinduque and romblon the northern and eastern seaboards of catanduanes and northern samar the eastern seaboards of albay sorsogon surigao del sur and davao oriental the western seaboard of masbate the southern seaboard of quezon the remaining seaboards of batangas occidental mindoro and palawan the northern seaboard of camarines sur mariners of motorbancas and similarly sized vessels are advised to take precautionary measures while venturing out to sea and if possible avoid navigation under these conditions track and intensity outlook emong is forecast to move generally southwestward today before looping over the west philippine sea tomorrow 24 july due to its interaction with tropical storm dante afterwards it will move generally northeastward while accelerating and pass close to ilocos region babuyan islands and batanes on the track forecast a landfall scenario over ilocos region babuyan islands and or batanes remains possible especially if there are eastward shif,https://web.facebook.com/PAGASA.DOST.GOV.PH/posts/1188381286666856?__cft__[0]=AZUIFb4jqjS8Zw55lLg_ehpOMR918WdFoSBXMmafE0PQhOosusV0E4j-iGmpkLxTfBHjKkNProkAAZRtgTKycnJTbbHlKYS7wqoTOK6c3Rhgz90PKlcuwc_6IEIGFDKccFkKkNc8F7kMkjb15_-Ka9i_9D15b1XOawMf8HbtwUb_V9070g0L6ht5js9exXt9G8E&__tn__=%2CO%2CP-R
Facebook,untvnewsrescue,2025-08-07 00:00:00,sisimulan na bukas ng metropolitan manila development authority o mmda ang pagpapalaki sa inlet ng drainage sa ilalim ng batasan station ng mrt line 7 ito ay matapos ang naranasang matinding pagbaha sa commonwealth avenue noong lunes sisimulan na bukas ng metropolitan manila development authority o mmda ang pagpapalaki sa inlet ng drainage sa ilalim ng batasan station ng mrt line 7 ito ay matapos ang naranasang matinding pagbaha sa commonwealth avenue noong lunes dapat po bago p lng dumating ang tag ulan ay inayos nyo na po yan,https://web.facebook.com/UNTVNewsRescue/posts/1198911435610916?__cft__[0]=AZVi02UvoydntLJQzl-N5GzP7FUlhAmcdhL6oxA28ccCx8l1yy_7JVYfZw8XD9YXw15REyDkGBxFkOJEjy14DNXiwBGMMt5eoOBAkMULnznA1kfO8zysmWlbJu_8GdEfbdVsrSAW7APIiNvMtqUvym1BOQLMeyBBoCANsAxh_cxMBGHV3WxsRaDC2vBz5Fxk36E&__tn__=%2CO%2CP-R
Facebook,PHIVOLCS,2025-07-23 00:00:00,earthquake information no 1 date and time 23 july 2025 12 35 pm magnitude 1 7 depth 030 km location 08 29n 125 97e 012 km n 12 w of bunawan agusan del sur earthquake information no 1 date and time 23 july 2025 12 35 pm magnitude 1 7 depth 030 km location 08 29n 125 97e 012 km n 12 w of bunawan agusan del sur,https://web.facebook.com/PHIVOLCS/posts/1064281775895786?__cft__[0]=AZWxmB6N2VIf5ZIhxK7yofwL5jo557EvVU7qd86ycEQNTwd7LQcPZN7lh5jCM-oQIxj4slhRhz8GMLAk5I_B672W7eCETFLj7uX7FfPACrmxBwikgqLukCAOIy53vmR87jXnh8p3qSupNnMIVxrZD2FbhGlyP9mkfBgNl3ERApHE8oWxFKQimIanCC4CCTRH2QI&__tn__=%2CO%2CP-R
Facebook,SunStar Davao,2025-08-03 00:00:00,philippine national police pnp chief general nicolas torre iii has accepted davao city acting mayor sebastian baste dutertes fistfight challenge saying it should be done as a charity boxing match to raise funds for people affected by the effects of the southwest monsoon habagat philippine national police pnp chief general nicolas torre iii has accepted davao city acting mayor sebastian baste dutertes fistfight challenge saying it should be done as a charity boxing match to raise funds for people affected by the effects of the southwest monsoon habagat undercard kami ni polong kahit tatlo pa sila ni omar at rigo 3 vs 1 mali mo itatama ko locked profile,https://www.facebook.com/sunstardavaonews/posts/pfbid0hQGTJ88jk4UWdqThyTmkkm4rPyLn8A85gRdUpqqDdouDDAtPny1BdpcThYuWJzVil?__cft__[0]=AZW2B8WzOSObgLa2xI170Mit1_hyrGw8QkJ-wrpduvwNWsYCVUdVmGhLp-W6xHL2_UTcijvL-jZLJzHBO47zQx0ijVcttqdblvZNiIrR-m5AGhXnDRRdU3ETtq3WQjp3y0EHptdIURqibeeJUUkAV-sHNv6aU7rsb_SSa3RX_8XmBfcJpjN3Nsmn0FbFDIHMSSc&__tn__=%2CO%2CP-R
Facebook,GMA News,2025-07-23 00:00:00,panoorin sumiklab ang sunog sa brgy sto nino cainta rizal pasado ala 1 ng hapon ngayong july 23 2025 ayon kay youscooper ezekiel fernandez agad rumesponde ang barangay san juan fire rescue cainta bfp at ilang residente sa pinangyarihan ng sunog courtesy youscooper ezekiel fernandez panoorin sumiklab ang sunog sa brgy sto nino cainta rizal pasado ala 1 ng hapon ngayong july 23 2025 ayon kay youscooper ezekiel fernandez agad rumesponde ang barangay san juan fire rescue cainta bfp at ilang residente sa pinangyarihan ng sunog courtesy youscooper ezekiel fernandez,https://www.facebook.com/gmanews/
Facebook,Manila Bulletin,,watch philippine national police pnp chief gen nicolas torre iii sees nothing wrong with the challenge of acting davao city mayor sebastian baste duterte for a fistfight but the 54 year old torre wants the fistfight to be meaningful and beneficial as he signified his intention to upgrade the challenge to a charity boxing match with the proceeds of the earnings for tickets and pay per view to the victims of tropical storm crising and other weather disturbances since last week via aaron recuenco mb watch philippine national police pnp chief gen nicolas torre iii sees nothing wrong with the challenge of acting davao city mayor sebastian baste duterte for a fistfight but the 54 year old torre wants the fistfight to be meaningful and beneficial as he signified his intention to upgrade the challenge to a charity boxing match with the proceeds of the earnings for tickets and pay per view to the victims of tropical storm crising and other weather disturbances since last week via aaron recuenco mb,https://www.facebook.com/ManilaBulletin/
Facebook,SunStar Philippines,,senators alan peter cayetano and ping lacson have filed separate bills aimed at tax reformcayetano seeks to abolish the travel tax to boost tourism and ease travel costs while lacson proposes allocating 1 of vat collections to a development fund for high performing lgus to promote self sufficiency and inclusive growth senators alan peter cayetano and ping lacson have filed separate bills aimed at tax reformcayetano seeks to abolish the travel tax to boost tourism and ease travel costs while lacson proposes allocating 1 of vat collections to a development fund for high performing lgus to promote self sufficiency and inclusive growth,https://www.facebook.com/SunStarPhilippines/posts/pfbid0thCbQkvH1uy6T27hpSGMWNE2X2Jz14RP2eTbxUX5qNE3dGHRsntwDFVNm1GLWZC4l?__cft__[0]=AZWiOGiv814_eMEC0lb44vqL95FSqFDNc1AScqe2Jj-rSL0qHlDHyqSHAYcMF3ZzqZb4ikbNYxvelBJFH9VBofeyjG59rdTB__6mSbeHlg93v2rH8yH716lIG2Tb81o_HzkNaNKspqja4yu1ZFGOo5ZPEl9jeatp5SB-gy_VfOn5P47SEDkszUe7AoSCDuzv4_I&__tn__=%2CO%2CP-R
Facebook,PAGASA,2025-07-23 00:00:00,tropical cyclone tc threat potential forecast date issued 23 july 2025 validity valid within the forecast period unless superseded by succeeding forecast forecast summary week 1 july 23 2025 july 29 2025 sa kasalukuyan dalawang bagyo ang binabantayan sa loob ng philippine arae of responsibility par para sa unang linggo ng forecast period week 1 si bagyong dante ay kumikilos pahilaga ng par at inaaasahan na kikilos patungong taiwan ryuku area samantala si bagyong emong naman ay nabuo sa west philippine sea at posibleng kumilos patungong bashi balintang taiwan area isang tropical cyclone like vortex tclv1 naman ang inaasahan na mabubuo sa silangang bahagi ng tropical cyclone advisory domain tcad at kikilos pahilaga patungong southern japan sa ngayon ay mataas ang tyansa na ito ay mabuo bilang isang bagyo week 2 july 30 2025 august 05 2025 para naman sa ikalawang linggo ng forecast period week 2 ay panibagong tclv2 ang inaaasahan na mabubuo sa hilagang parte ng pagasa monitoring domain ngunit mababa ang tyansa na ito ay ma develop bilang isang bagyo maaaring natitirang bahagi ng week 1 tc activities dahil dito nakataas pa rin ang tc threat potential sa unang linggo ng forecast period para sa karagdagang impormasyon bisitahin ang link na ito gayunpaman ang anumang mga pagbabago sa pagtaya na ito ay susubaybayan ng ahensya at ang mga updates tungkol dito ay ibibigay kung kinakailangan bisitahin lang ang link na nasa baba para ma access ang rainfall exceedance probability forecast ng ahensya nilalahad sa produktong ito kung saang lugar sa bansa ang maaaring makaranas ng malalakas na mga pagulan sa susunod na dalawang linggo mahalagang paalala para sa publiko inaanyayahan ang publiko at mga local disaster risk reduction and management offices ldrrmos na mag antabay sa mga susunod na updates ng ahensya dahil maaari pang magbago ang pagtaya o forecast na ito anumang oras ang produktong ito ay ina update tuwing lunes miyerkules at biyernes mwf upang masiguro na ang forecasts na ini issue ng ahensya ay updated contact us 02 8284 0800 local 4921 4920 email climps dost gov ph pmd pagasa monitoring domain par philippine area of responsibility tcad tropical cyclone advisory domain tcid tropical cyclone information domain tclv tropical cyclone like vortex tropical cyclone tc threat potential forecast date issued 23 july 2025 validity valid within the forecast period unless superseded by succeeding forecast forecast summary week 1 july 23 2025 july 29 2025 sa kasalukuyan dalawang bagyo ang binabantayan sa loob ng philippine arae of responsibility par para sa unang linggo ng forecast period week 1 si bagyong dante ay kumikilos pahilaga ng par at inaaasahan na kikilos patungong taiwan ryuku area samantala si bagyong emong naman ay nabuo sa west philippine sea at posibleng kumilos patungong bashi balintang taiwan area isang tropical cyclone like vortex tclv1 naman ang inaasahan na mabubuo sa silangang bahagi ng tropical cyclone advisory domain tcad at kikilos pahilaga patungong southern japan sa ngayon ay mataas ang tyansa na ito ay mabuo bilang isang bagyo week 2 july 30 2025 august 05 2025 para naman sa ikalawang linggo ng forecast period week 2 ay panibagong tclv2 ang inaaasahan na mabubuo sa hilagang parte ng pagasa monitoring domain ngunit mababa ang tyansa na ito ay ma develop bilang isang bagyo maaaring natitirang bahagi ng week 1 tc activities dahil dito nakataas pa rin ang tc threat potential sa unang linggo ng forecast period para sa karagdagang impormasyon bisitahin ang link na ito gayunpaman ang anumang mga pagbabago sa pagtaya na ito ay susubaybayan ng ahensya at ang mga updates tungkol dito ay ibibigay kung kinakailangan bisitahin lang ang link na nasa baba para ma access ang rainfall exceedance probability forecast ng ahensya nilalahad sa produktong ito kung saang lugar sa bansa ang maaaring makaranas ng malalakas na mga pagulan sa susunod na dalawang linggo mahalagang paalala para sa publiko inaanyayahan ang publiko at mga local disaster risk reduction and management offices ldrrmos na mag antabay sa mga susunod na updates ng ahensya dahil maaari pang magbago ang pagtaya o forecast na ito anumang oras ang produktong ito ay ina update tuwing lunes miyerkules at biyernes mwf upang masiguro na ang forecasts na ini issue ng ahensya ay updated contact us 02 8284 0800 local 4921 4920 email climps dost gov ph pmd pagasa monitoring domain par philippine area of responsibility tcad tropical cyclone advisory domain tcid tropical cyclone information domain tclv tropical cyclone like vortex v name of typhoon should be vergil because he is the storm that is approaching,https://www.facebook.com/PAGASA.DOST.GOV.PH/posts/pfbid026eMg56DqNkWg6bj2fwr7Z67kaSh61FW6mNTsrEeScoFM5kjwTXC3TjTru6NVLgxwl?__cft__[0]=AZU4BwyxJ75PyTuOorwPQQ9KppxXVMshgvzfZnHMyAfTZ2KAoWAOmYXm0eLrIlCWYwrTdEHgSg3jEMvBMIQzTIto9Gf4phMr8ZLB5zSMeio1HPUiPUg8bjsSUGMO5pn2Lvb31XIosjckvOq9pnQl4G8l3wEVPAuLbN11TqS08Dj56V_PfDubKvUF04lylzJHla0&__tn__=%2CO%2CP-R
Facebook,ABS-CBN,,baha pa ang kalsada sa medicion ii f imus cavite sinamantala naman ng isang pamilya ang pagkakataon upang linisin ang kanilang binahang bahay via mark demayo abs cbn news baha pa ang kalsada sa medicion ii f imus cavite sinamantala naman ng isang pamilya ang pagkakataon upang linisin ang kanilang binahang bahay via mark demayo abs cbn news pipili ako bibigyan ko ng jikass ngayon sa mag sad sa comment ko game,https://www.facebook.com/abscbnNEWS/
Facebook,Rappler,,walang exempted may mga lugar na hindi natin inaasahang bahain pero napasok ng tubig says dagupan mayor belen fernandez walang exempted may mga lugar na hindi natin inaasahang bahain pero napasok ng tubig says dagupan mayor belen fernandez,https://www.facebook.com/rapplerdotcom/posts/pfbid0YCSx9UzMsaw2pedtmzmwbKBx9zeQofK18kBLHxWJCn2PygTbX46GE3sgBiYLDbk3l?__cft__[0]=AZWkXp2erUNdoGwUAvXxab1iK9jrZ_qm_65-TMlzNLjbVPfsqMOwSJzBbZVv4l_Vpo1kqUX-1OspW93vl4YxhN4LzxZIzalFT7705JFWmpzqFOz6-KCZj0tgQKJ820EHvyWZDt3FbLLwkz726tT9q3WAodOy2XasryNOjUJC-tX_ViJML0m6VEg1ATJynCMM0po&__tn__=%2CO%2CP-R
Facebook,GMA News,2025-08-24 00:00:00,tropical storm is still being monitored inside the philippine area of responsibility par according to pagasa tropical depression has now developed into a tropical storm pagasa also reported that the low pressure area being monitored outside par has a high potential of developing into a tropical depression within the next 24 hours courtesy dost pagasa facebook tropical storm is still being monitored inside the philippine area of responsibility par according to pagasa tropical depression has now developed into a tropical storm pagasa also reported that the low pressure area being monitored outside par has a high potential of developing into a tropical depression within the next 24 hours courtesy dost pagasa facebook,https://www.facebook.com/gmanews/posts/pfbid0zpF1UPvVJeuWb6JZNTg5w2yFCsvzycAfxN4qamPxUPvjf1VDMcB5PuPyraGCemDal?__cft__[0]=AZUxvqRQt-Wovwj3tfz708W5gE8G_8nFLyvvEYGDKtBhfGUeCwF94pyo4aqoRKmv4yNWZH2NbwyQyM2JUIfXshjrVkmggN9dRVzlUfRIYV84J-xJYmF6eUsg_IYsbgSZYrvDIge5XqdLkSnBUUzw-QkdqOOS4oQGPLQlaIfF0vDJmd86RHOXUrxjHzLggGpcvzg&__tn__=%2CO%2CP-R
Facebook,Manila Bulletin,2025-07-23 00:00:00,the philippine atmospheric geophysical and astronomical services administration pagasa on wednesday july 23 reported that ipo ambuklao and binga dams continue to release water amid rising inflows caused by the southwest monsoon or habagat the philippine atmospheric geophysical and astronomical services administration pagasa on wednesday july 23 reported that ipo ambuklao and binga dams continue to release water amid rising inflows caused by the southwest monsoon or habagat,https://www.facebook.com/ManilaBulletin/posts/pfbid02GxPesfWbHgR3CVwJDhLHDwHJZvHdKqV7w26pakeFdsR4vJRTrQEND5SfJvY1yATql?__cft__[0]=AZXIFSqtZuTuiqEGB1YQBoALn8IjHLoR32B2bLgnS8Q3spZz1xY_GbCaF8rVR7ym1yIs34ERXLxu8FTz7VQJD4_fMvkbfUPd8S54U_9-y3Ny0xi3SZwtts0xHAsiRcwUePKT5XbI6JbLvq-xshX_KMGUEOS0mfVxl7ROXeBRCR3XGiCKB3R6xRIcb1yEVnmJt6E&__tn__=%2CO%2CP-R
Facebook,PAGASA,2025-07-23 00:00:00,flood bulletin no 9 for agno river basin issued at 5pm 23 july 2025 flood bulletin no 9 for agno river basin issued at 5pm 23 july 2025,https://www.facebook.com/PAGASA.DOST.GOV.PH/posts/pfbid08SyrqEWzM26Q3rX5Sa1cHTtuqKf1tCWyqyznwvW9FdQ7wovUBRBfv8y2K8CxbxPKl?__cft__[0]=AZUuuZRG_wZ06fA_HwMo1OQqNRDSrwcOYzMwOPJ1XrWH1PrgHEdLizG0t3hLTUaWQuHwT-SBRiZoQlrZtKAlWEQlArUkvRDRWGW5xolP9WiCqB0EZdEYxoOwzbuvzCEOWanArCvNLQq2lF5S1NaILtl5F_L5rpyUurmMvGXbAFPMlGoazwYrTyhT0AydypEFIuA&__tn__=%2CO%2CP-R
Facebook,NDRRMC,,in the news the philippine coast guard successfully rescued a pregnant mother and an infant amidst the heavy flooding in barangay hulong duhat malabon city they were safely evacuated to malabon city national high school which serves as one of the city s temporary shelters all evacuees underwent necessary medical evaluation especially senior citizens pregnant women infants and children to ensure their well being this rainy season photos from pcg source pia metro manila link in the news the philippine coast guard successfully rescued a pregnant mother and an infant amidst the heavy flooding in barangay hulong duhat malabon city they were safely evacuated to malabon city national high school which serves as one of the city s temporary shelters all evacuees underwent necessary medical evaluation especially senior citizens pregnant women infants and children to ensure their well being this rainy season photos from pcg source pia metro manila link thank you phil coastguard sir,https://www.facebook.com/NDRRMC/posts/pfbid02fhed9ti5zaa3WLzM2vaMpWHGdJatBwpL9xQ4fo4xF3jPdW3hZEfq4iBwLvsnq38kl?__cft__[0]=AZWrOYVdS16XlFQMtqfor-wWH7B7WDVt9cZp72YAuYS_nJ25-NZbNVNyE5mwPcrH6ratlFifXczbpb9dDpd_F33k4oKu3TVFMHQ_OCTPQJvgHJUYlcONT0w9cns8w0omOnuEc2ZA8pCgMrC4bHwsMGKzwGG2Q7WM0aYycRvu7sVdzBZDouCJaWzRyfeqBsOHnkM&__tn__=%2CO%2CP-R
Facebook,ABS-CBN,2025-08-27 00:00:00,baha nagba bye basura nag hi matapos bahain ang ilang kalsada sa metro manila tumambad naman ang samu t saring basura ayon sa mmda nasa 27 truckloads na ng basura ang kanilang nahakot sa nakaraang dalawang araw mmda baha nagba bye basura nag hi matapos bahain ang ilang kalsada sa metro manila tumambad naman ang samu t saring basura ayon sa mmda nasa 27 truckloads na ng basura ang kanilang nahakot sa nakaraang dalawang araw mmda picture that you can smell,https://www.facebook.com/abscbnNEWS/posts/pfbid0P14nXes5iPJM3Y2JZRUqsJCPpMJafywXn2gWnZLLqBmeT7HRffQULvUjVEYVxPYKl?__cft__[0]=AZWEJfL723ToTdlOcHT2-B7C4XxtQSXBX_6VNFd-RHaBUg9llmeB0p5TQ_cub3c3RyibCNh9TgC8TPVIz5I7z1fUNtGMmkVujE9KXonASGzMy2iMosexaO9edUf3A3JwpD3a8hKZL8ZNhJ_LyolaIVp8qOOXQviSrASbUDzmQiBEuVJzAtsmA_Z0P6J441J9MFY&__tn__=%2CO%2CP-R
Facebook,GMA News,2025-07-23 00:00:00,state weather bureau pagasa provides a weather update on wednesday afternoon july 23 2025 courtesy pagasa state weather bureau pagasa provides a weather update on wednesday afternoon july 23 2025 courtesy pagasa mag subscribe sa gma news youtube youtube com gmanews para sa pinakamalalaking balita,https://www.facebook.com/gmanews/
Facebook,Manila Bulletin,2025-07-24 00:00:00,malacanang has announced the suspension of classes in several areas across luzon and visayas on thursday july 24 due to the continuous heavy rainfall brought about by the southwest monsoon read malacanang has announced the suspension of classes in several areas across luzon and visayas on thursday july 24 due to the continuous heavy rainfall brought about by the southwest monsoon read,https://www.facebook.com/ManilaBulletin/posts/pfbid02t2DEHBaa9vo2UxH6nXQ85gBJg2cZBafgDu5Cm4xJtVwC4spQghGXzykw7iytmxMXl?__cft__[0]=AZWxtB03fCGvPagkhlV_X6_L5lMmKvGJROQ-NccbQvWhUFpEeEQn9dxHlESeHJuJ3eBqNbi_S9hxDsnwxJlJnh_xZVqu73dT-J0Wn-bgfIPfs6HZNVhxWU8ObRU1h3fXldg3aZ7RwwPSMwNZV5YYnu00J7Lw3DsXHm6hpny9A2-dNf6bpyyB80_L22lHVOlm4EY&__tn__=%2CO%2CP-R
Facebook,Philstar News,2025-08-23 00:00:00,nagsasagawa ng isang press briefing nitong miyerkules huloy 23 ang pagasa tungkol sa bagyong at video by dost pagasa nagsasagawa ng isang press briefing nitong miyerkules huloy 23 ang pagasa tungkol sa bagyong at video by dost pagasa,https://www.facebook.com/philstarnews/
Facebook,PAGASA,2025-07-23 00:00:00,tropical cyclone bulletin nr 2 tropical storm issued at 5 00 pm 23 july 2025 valid for broadcast until the next bulletin at 11 00 pm today emong intensifies into a tropical storm as it moves southwestward over the west philippine sea location of center 4 00 pm the center of tropical storm emong was estimated based on all available data at 150 km west of laoag city ilocos norte 18 2n 119 1e intensity maximum sustained winds of 65 km h near the center gustiness of up to 80 km h and central pressure of 994 hpa present movement southwestward at 20 km h extent of tropical cyclone winds strong to gale force winds extend outwards up to 220 km from the center tropical cyclone wind signals tcws in effect tcws no 1 wind threat strong winds warning lead time 36 hours range of wind speeds 39 to 61 km h beaufort 6 to 7 potential impacts of winds minimal to minor threat to life and property luzon ilocos norte ilocos sur la union the northern and western portions of pangasinan dasol burgos agno bani bolinao city of alaminos mabini anda labrador sual binmaley dagupan city lingayen bugallon infanta sison mangaldan san fabian san jacinto pozorrubio apayao abra and benguet other hazards affecting land areas heavy rainfall outlook refer to weather advisory no 33 issued at 5 00 pm today for the heavy rainfall outlook due to the southwest monsoon enhanced by dante and emong severe winds the enhanced southwest monsoon will bring strong to gale force gusts over the following areas especially in coastal and upland areas exposed to winds today central luzon metro manila calabarzon bicol region mimaropa visayas zamboanga del norte misamis occidental lanao del norte camiguin dinagat islands and davao oriental tomorrow 24 july central luzon metro manila calabarzon bicol region mimaropa visayas zamboanga del norte misamis occidental lanao del norte camiguin and davao oriental friday 25 july isabela quirino nueva vizcaya central luzon metro manila bicol region mimaropa visayas zamboanga del norte misamis occidental lanao del norte camiguin and davao oriental hazards affecting coastal waters a gale warning is in effect over the western seaboard of northern luzon refer to gale warning no 1 issued at 5 00 pm today 24 hour sea condition outlook up to very rough seas over the following coastal waters up to 6 0 m the western seaboard of pangasinan up to 4 5 m the western seaboards of zambales and bataan sea travel is risky all types or tonnage of vessels all mariners must remain in port or if underway seek shelter or safe harbor as soon as possible until winds and waves subside up to rough seas over the following coastal waters up to 4 0 m the seaboard of lubang island up to 3 5 m the western seaboards of ilocos sur la union cavite batangas occidental mindoro and calamian islands up to 3 0 m the seaboards of batanes marinduque and kalayaan islands the western seaboard of babuyan island the southern seaboard of quezon the eastern seaboard of oriental mindoro the northern and western seaboards of romblon mariners of small seacrafts including all types of motorbancas are advised not to venture out to sea under these conditions especially if inexperienced or operating ill equipped vessels up to moderate seas over the following coastal waters up to 2 5 m the remaining seaboards of babuyan islands bataan cavite and calamian islands the seaboard of isabela pampanga bulacan metro manila and surigao del sur the western seaboards of bicol region mainland palawan and antique the eastern seaboard of davao oriental up to 2 0 m the seaboard of mainland cagayan aurora aklan and northern samar the remaining seaboard of bicol region batangas occidental mindoro oriental mindoro romblon and palawan the southwestern seaboard of negros occidental and iloilo the western seaboard of guimaras mariners of motorbancas and similarly sized vessels are advised to take precautionary measures while venturing out to sea and if possible avoid navigation under these conditions track and intensity outlook emong is forecast to move generally southwestward tonight before looping over the west philippine sea tomorrow morning through afternoon 24 july due to its interaction with tropical storm dante afterwards it will move generally northeastward while accelerating on the track forecast emong will make landfall over ilocos sur la union or pangasinan tomorrow evening or on friday 25 july early morning this tropical cyclone will emerge over the luzon strait on friday afternoon after crossing the mountainous terrain of northern luzon emong is forecast to continuously intensify and may reach severe tropical storm category before making landfall on friday its passage over northern luzon will weaken emong into a tropical storm considering these developments,https://www.facebook.com/PAGASA.DOST.GOV.PH/posts/pfbid02gPHxYhKNqC7iiH8GUXc6RfNKhHnVT6mHdA4PkLhchyKhBMqTbXY12VccjHmxa9Tnl?__cft__[0]=AZXhHSabbQdMqYuFEJMayblYuRnbwsAvmHeaO3qkXYakDmfdXbsYWLW5bN6kY1eVPF8Zl5fr4Ep3PL1KTDJWhs2nYt84-op20g5kqX3RN9wZeNlNRUawi7MYsnuWHdQA0HIyYxyp4L_r-GhwX-HcUvLjehxrkAjUChvQc2EPIwdbhHv8xX4J_ymd5WJT7dgczos&__tn__=%2CO%2CP-R
Facebook,untvnewsrescue,,hindi umano ramdam ng ilang pilipino ang mga flood control projects sa bansa samantala pagdating naman sa maynila mayroong drainage master plan ang pamahalaang lungsod upang maibsan ang problema sa baha hindi umano ramdam ng ilang pilipino ang mga flood control projects sa bansa samantala pagdating naman sa maynila mayroong drainage master plan ang pamahalaang lungsod upang maibsan ang problema sa baha opo tulong sa mga bulsa niyo,https://www.facebook.com/UNTVNewsRescue/posts/pfbid0Jgkq991dtkS3hpb42z9EjWDdRXcVkrD9cj5ghAxmApmbmsgSZcC1Rhv9Suj2BYGhl?__cft__[0]=AZUXhHxOVCU3Ok7LoBtp76ZBhLEuegl8hBNxbLCFrP-iq-o1vkTuqL22DQB9LhMQlmFZn3Z5XVVSAJ1hPapWmp9IIG2J7nJw8-kAoQ9cW2Bd0SHGsMSVeTCuDD07qf7yU0FRkDLEbd-bVTc_cLn0zakLMseRw527KQORvBkd1Eug5yxQV-ntQ1eWk6BC6IkvK5I&__tn__=%2CO%2CP-R
Facebook,Davao City DRRMO,2025-07-23 00:00:00,cdrrmo opcen weather forecast issued at 05 00 pm 23 july 2025 valid until 05 00 pm tomorrow synopsis at 3 00 pm today the center of tropical storm dante francisco was estimated based on all available data at 845 km east northeast of extreme northern luzon 22 1n 129 9e with maximum sustained winds of 65 km h near the center and gustiness of up to 80 km h it is moving north northwestward at 25 km h meanwhile at 3 00 pm the center of tropical storm emong was estimated at 130 km west of laoag city ilocos norte 18 2n 119 3e with maximum sustained winds of 65 km h near the center and gustiness of up to 80 km h southwest monsoon affecting mindanao forecast davao city will have partly cloudy to cloudy skies with isolated rainshowers or thunderstorms due to the southwest monsoon light to moderate winds from the southwest with slight to moderate seas source dost pagasa cdrrmo opcen weather forecast issued at 05 00 pm 23 july 2025 valid until 05 00 pm tomorrow synopsis at 3 00 pm today the center of tropical storm dante francisco was estimated based on all available data at 845 km east northeast of extreme northern luzon 22 1n 129 9e with maximum sustained winds of 65 km h near the center and gustiness of up to 80 km h it is moving north northwestward at 25 km h meanwhile at 3 00 pm the center of tropical storm emong was estimated at 130 km west of laoag city ilocos norte 18 2n 119 3e with maximum sustained winds of 65 km h near the center and gustiness of up to 80 km h southwest monsoon affecting mindanao forecast davao city will have partly cloudy to cloudy skies with isolated rainshowers or thunderstorms due to the southwest monsoon light to moderate winds from the southwest with slight to moderate seas source dost pagasa,https://www.facebook.com/DavaoDRRMO/posts/pfbid0EfbNHgHufPN3kUy1ycVDK8f848dbBe6yavTzDPTYt5YSEGAogUMajid8pJsdxC5Bl?__cft__[0]=AZXdkghd5x5rTXNmkjLWGDiB3PbP4B5OW1bD8eC03sHGmI_jbsV32kRMUFSq3dX0yibn3hHfDfpCcR4zQ-eTcr-nxR5RxRBxHWGv6aqq1d3IPmB9nV7BXA7l7uzAPWNnocet_cQlVzODXZRZXr8gO_X6tM7LnAP5JlQzXRMvpqrj9FFdjQr_Y_GyRmpTMknnWDU&__tn__=%2CO%2CP-R
Facebook,SunStar Davao,2025-07-23 00:00:00,despite widespread flooding caused by heavy monsoon rains and back to back storms the national food authority nfa has reported no damage to its rice buffer stocks nationwide malacanang said wednesday july 23 2025 despite widespread flooding caused by heavy monsoon rains and back to back storms the national food authority nfa has reported no damage to its rice buffer stocks nationwide malacanang said wednesday july 23 2025,https://www.facebook.com/sunstardavaonews/posts/pfbid0sa7PpjTVsPGqnVhFDCBL48mYDFZCnE8yaVPF7Yqyy2UejzopXqFPqRyRKHK5FGw5l?__cft__[0]=AZUJz7jxoMB5NQHyWijhSM7J_VKBr_LnB8kJCsmKj3kL13m2cVXlPrzZQNWPFpIlKUPKit060wcHbVer_Sike7Nj0_jjeImmdkKg0Zy3jIRVtTFWyObCg5LtWS6FAtQQo-O75tTTPpaJliwng-JUZCGwrVHt-f5U7JXvjqRWZRkO_mGOgfjlFZhS77Hi4CmROaU&__tn__=%2CO%2CP-R
Facebook,PHIVOLCS,2025-07-23 00:00:00,earthquake information no 1 date and time 23 july 2025 06 21 pm magnitude 3 9 depth 128 km location 06 34n 126 20e 037 km s 21 e of governor generoso davao oriental earthquake information no 1 date and time 23 july 2025 06 21 pm magnitude 3 9 depth 128 km location 06 34n 126 20e 037 km s 21 e of governor generoso davao oriental,https://www.facebook.com/PHIVOLCS/posts/pfbid02WadprAmnyEsADBgUJjxP1ejsPwYtT52V8NkeFGyFngf8PzJ9ZQhe9uSQzHC4ADnyl?__cft__[0]=AZV7CS_Cp0UTEnhPASmSzbWpUnBkDPK1AH5IAydcHnQbtAIU-kid9ucfZTViWUrUOtDc9eXzdhy6Gu_ens9NokQNoEnHWrc2Nlv_aBNikes7DD0G7SwXeFbU0tQm9oVWgHM2PYEiG6pQKNDuBoR6iVhYOYXZkobLOGxLraASWrT2G-w7zE8TVqJJjhwH6XG03uw&__tn__=%2CO%2CP-R
Facebook,PHIVOLCS,2025-07-23 00:00:00,earthquake information no 1 date and time 23 july 2025 06 53 pm magnitude 3 5 depth 033 km location 04 11n 124 85e 158 km s 24 w of balut island municipality of sarangani davao occidental earthquake information no 1 date and time 23 july 2025 06 53 pm magnitude 3 5 depth 033 km location 04 11n 124 85e 158 km s 24 w of balut island municipality of sarangani davao occidental,https://www.facebook.com/PHIVOLCS/posts/pfbid0v4bYi6cRwViXsSJfEvijNqFarcddTRoqtFZxD16MrBi54QeaYB4Ah2xv6S9ukKqZl?__cft__[0]=AZWqKoRqoG40npI5iISihfyvEkBB8tDHy67iLTZoABuESpl8FkUt_9PPmEL1qg33WUM7j3zrUD6IkjSgv9AAqUGDSjzhbqJtEorjNpn3it8-cdxFMCZhwRtQpsPi3aqne9Xmu0G9QMgYPnWtXVnG1KKm9af-GMr-daYotJ9GfoFSBb-vhoFJASWvDnfFL6qPze0&__tn__=%2CO%2CP-R
Facebook,Rappler,2025-07-23 00:00:00,pagasa warns of moderate to intense rain from emong which strengthened on wednesday afternoon july 23 and moderate to torrential rain from the enhanced southwest monsoon pagasa warns of moderate to intense rain from emong which strengthened on wednesday afternoon july 23 and moderate to torrential rain from the enhanced southwest monsoon,https://www.facebook.com/rapplerdotcom/posts/pfbid02Ti6C56oVD6Ykq8Vh9VtLrQg85zY3bySCMuwggwH2Fnx8ARJDE3EfZSiyyZwXEQWvl?__cft__[0]=AZUSHB1R9GteURMk_YvLGCGMOWWUyk3oMzgkFHcuPFqScvMBprMh_WY-3mFbo2FGODM6KRWW9A3FRJa-ej0ujp5kOtpvSl7rH9BoMoOYdHdWloZ8YRKZUMdheKId43xYJxiseCMTgapClUE0t8wX4hX_lqnAxEdJ0K_I2uQj-EmfJfs_6V8mDLvLbnnX9e2cyYM&__tn__=%2CO%2CP-R
Facebook,Manila Bulletin,,the municipal governments of cainta san mateo and rodriguez rizal have declared a state of calamity in their respective towns due to severe flooding brought on by the enhanced habagat southwest monsoon and typhoon crising in the province the municipal governments of cainta san mateo and rodriguez rizal have declared a state of calamity in their respective towns due to severe flooding brought on by the enhanced habagat southwest monsoon and typhoon crising in the province fear god and obey his commands,https://www.facebook.com/ManilaBulletin/posts/pfbid024J4cLAK6mpx9ZL9hu3vaMX5f685jaxKpRoynrTvGDoW3hLJG5Dj9Hp9QXPs8VtnZl?__cft__[0]=AZU_v5dSfGtJuwe-QHRixZeYytE8zmT54M29-sQOvsDm4_z6-yERhwntUfuqtCH7YOlGTIzLGOtN-jtamaivYmLRlVlA1eauhqR2Z9AUgTLzDF4QRCX0F3Tr5XKBhQbLIa6wPFHia0GgqfZafB14MKuaAzBovZAo1dVUI6kS0STWvW_r_bvxF49BK9Y-XBFVs4A&__tn__=%2CO%2CP-R
Facebook,SunStar Philippines,,philhealth backed the department of health in reminding the public to stay safe amid the torrential rain and massive flooding in the country philhealth backed the department of health in reminding the public to stay safe amid the torrential rain and massive flooding in the country,https://www.facebook.com/SunStarPhilippines/posts/pfbid02Hz29KZEe1zGwPBDXqTL1GscghiJnYuAjfw34pM8fVr2yrAzoasQKVSKSQqX38YpKl?__cft__[0]=AZVWxVV1r76XroYnf1ZYZj_gJLRMglJe962R046RpxuaObJs_Ahe2vJZzoUlYbU9sBV2tAdtVOPnZrMgUtF0ZWGCexoyUFOsxvvAPR1_CIkSst-nl8Gz4y_rEwLVnGZN56LbyNBwoYkelDAz7VctKQtC-rhu9hj7Z4oIH0IwlTjX0Wh5hXrLpug5PJLavNtHBKo&__tn__=%2CO%2CP-R
Facebook,Philstar News,,kinlaro ni pangulong ferdinand bongbong marcos jr na sa piling sektor lang hindi magpapataw ng taripa ang pilipinas sa mga produktong galing amerika matapos ianunsyo ni dating us president donald trump na magiging open market na ang bansa para sa us the major areas that he said were automobiles because we have a tariff on american automobiles we will open that market and no longer charge tariffs on that ani marcos bukod sa sasakyan kasama rin sa mga merkado na bubuksan ng pilipinas ang soy products wheat products pharmaceuticals at iba pa basahin video by rtvm kinlaro ni pangulong ferdinand bongbong marcos jr na sa piling sektor lang hindi magpapataw ng taripa ang pilipinas sa mga produktong galing amerika matapos ianunsyo ni dating us president donald trump na magiging open market na ang bansa para sa us the major areas that he said were automobiles because we have a tariff on american automobiles we will open that market and no longer charge tariffs on that ani marcos bukod sa sasakyan kasama rin sa mga merkado na bubuksan ng pilipinas ang soy products wheat products pharmaceuticals at iba pa basahin video by rtvm ang flood control,https://www.facebook.com/philstarnews/
Facebook,NDRRMC,,disaster response update clearing operations in full swing to help combat severe flooding across metro manila amid the rain personnel from the mmda continue their clearing operations along major roads in metro manila to prevent further flooding mmda chair atty don artes called on the cooperation of the residents to avoid throwing their garbage in canals and waterways to prevent severe flooding and compromise the efficiency of the pumping stations aside from the regular clearing operations mmda rescue personnel are also on standby along with the agencys assets to provide immediate response source pia metro manila read more disaster response update clearing operations in full swing to help combat severe flooding across metro manila amid the rain personnel from the mmda continue their clearing operations along major roads in metro manila to prevent further flooding mmda chair atty don artes called on the cooperation of the residents to avoid throwing their garbage in canals and waterways to prevent severe flooding and compromise the efficiency of the pumping stations aside from the regular clearing operations mmda rescue personnel are also on standby along with the agencys assets to provide immediate response source pia metro manila read more pag walang pumupukpok na mag clearing sa kanila hindi talaga cla kikilos nasanay cla sa nakaraang mayora na dugyot din,https://www.facebook.com/NDRRMC/posts/pfbid0YVGSXvrkgYV4iTq2yfV1BpekZ45mH7DF4bBJECDxPj4VoDJknKFrexZHPtgrMp9jl?__cft__[0]=AZVvxgTsPYv2Fxq6IvBpzP8tFpWzb9_mzhLkPBemCMzjeqqjBLQbfmDId1MFK6wGyrIKzBUJb6Y2AP5Aq1uy1I10rTo_XDHpwBmOMT-lBzuHRJMbQ3oeImnDx9fSZm9Nb_bOH4DDMDimHQOPnqBJ-thBCToz3Pb6aj3c-Ic0b7j18jJ0pdLGqNd3iWl084j5AtA&__tn__=%2CO%2CP-R
Facebook,SunStar Davao,2025-07-28 00:00:00,greenpeace to pbbm this is the real state of the nation ahead of president bongbong marcos state of the nation address sona on july 28 greenpeace activists staged a striking protest in a flooded cainta neighborhood placing a cardboard figure of marcos in murky waters to demand climate accountability their call make climate polluters pay now will the president respond noel celis greenpeace greenpeace to pbbm this is the real state of the nation ahead of president bongbong marcos state of the nation address sona on july 28 greenpeace activists staged a striking protest in a flooded cainta neighborhood placing a cardboard figure of marcos in murky waters to demand climate accountability their call make climate polluters pay now will the president respond noel celis greenpeace bomboang,https://www.facebook.com/sunstardavaonews/posts/pfbid029MHuAKmySozUXvvmD1FYpPFj7FsHTgAV5ZpPvYf3eYUPTarDnYek39c4QSz1HAoul?__cft__[0]=AZUmIfquNtITRNn2P8PjjzJIHN8QPcVB8UGsJOcrh1lMOIdax1f6AUpvrXZpT-JYumyBPi30YzIZUFwVLUOF9M9AQp4HyGO1NTiJYpXeEYrUPDK8kTIllNuBrf6IeT6AX8nrsJIT9p71FXix7iRDeQMQfHgeXkaIFVS9R4FUQHtayR2bwP061dKjD2CB0W-iFj0&__tn__=%2CO%2CP-R
Facebook,PHIVOLCS,2025-07-23 00:00:00,earthquake information no 1 date and time 23 july 2025 07 37 pm magnitude 2 0 depth 018 km location 07 83n 123 17e 007 km n 78 w of tigbao zamboanga del sur earthquake information no 1 date and time 23 july 2025 07 37 pm magnitude 2 0 depth 018 km location 07 83n 123 17e 007 km n 78 w of tigbao zamboanga del sur,https://www.facebook.com/PHIVOLCS/posts/pfbid02nKdeXhzmyqgzjdD2HN9CJG4p8UKsjUZpNz6hitSMFJzBUWwbGDUgkL66vvJyxGeyl?__cft__[0]=AZWmx3Glhe5hAaQzLPr9b095kyStSMyvwlKAeC2zYPrY2ftPvBoVZ8pFlUSsqlJd_Y77HikJnMA6Pel7_OKK0wPCKq3oauoecvcQKyv_l3ucrlocTwbymLT5I4Wmvcwd8oUcIz-zEbHNGhUykRvSt7ki5-9t-DwbpWPXHbN56Mxz8c8U1cYVKS0inrgyNWx6rxw&__tn__=%2CO%2CP-R
Facebook,ABS-CBN,,lalaki patay nang makuryente sa kasagsagan ng pagbaha at pag ulan lalaki patay nang makuryente sa kasagsagan ng pagbaha at pag ulan,https://www.facebook.com/abscbnNEWS/
Facebook,Rappler,2025-07-23 00:00:00,the international court of justice will deliver its advisory opinion on the climate crisis on wednesday july 23 join rapplers justice reporter lian buan and environment reporter iya gozum in a watch party anticipating a defining moment for climate vulnerable countries like the philippines the international court of justice will deliver its advisory opinion on the climate crisis on wednesday july 23 join rapplers justice reporter lian buan and environment reporter iya gozum in a watch party anticipating a defining moment for climate vulnerable countries like the philippines,https://www.facebook.com/rapplerdotcom/posts/pfbid0mjT7BVfUqHke7xZNT5NTULt1hQLXHFzeed8iY4mF84kzUUW9xVJrEt8b9UzWDLnjl?__cft__[0]=AZVFNhmnX7kXBTM4HjUXN-919Hqr1Ek0pGe3XY5AZh83Kxf4HxDkl5hdYHcLvG3OJ_b8mX-Zk3cY41MTTmzqIguk6L40yELuYORPM3BxYSB8CzqKJeNn1cxyAqqMBT3G6t0GrlM50WtbKF1nTVVdsBapfPYRl5EwdQXavee130Hot1bI1Rfmt1ZFMl5Uxdl1jcw&__tn__=%2CO%2CP-R
Facebook,Manila Bulletin,2025-08-24 00:00:00,more than 24 000 public schools across the country have been impacted by tropical depression dante and the southwest monsoon habagat according to the latest situation report from the department of education deped more than 24 000 public schools across the country have been impacted by tropical depression dante and the southwest monsoon habagat according to the latest situation report from the department of education deped just asking what happened to commonwealth avenue this is mind boggling commonwealth ave had been flood free since time immemorial until the recent flood which affected the metropolis and other areas i subscribe to the theory of experts that the construction of mrt 7 is the main culprit aside of course the torrential rains why do i say that the ongoing construction is the culprit as a backgrounder across commonwealth ave is a creek with the construction were the depth and width of the creek just maintained or only drainages canals were installed how many drainage canals was dredging done on the creek to deepen it attention congressmen of q c districts 2 and 5 you have had pdf for flood control and even caused the insertion allegedly for the same purpose sino ba talaga ang dapat managot or responsable ang congressmen na may pdf the dpwh which is responsible for technical supervision of the construction the dotr planner project leader and mrt 7 contractors infrastructure development projects dapat meron coa audits both districts 2 5 congressmen maawa naman kayo sa bayan natin puro personal interests hoping maipasa senate bill family dynasties nila robinhood kiko god bless our country,https://www.facebook.com/ManilaBulletin/posts/pfbid02T5wboFdBkqzPDsEr8vUkv1h2fDDWowDdHBcRpZ71JeBwemg3wW5k4sxQG5yQ1qEel?__cft__[0]=AZUaPH2w9yk6jF4n_e_AlMO12IsFFWPEFw2oKYHBGh8NsvSA9QLVuRMk7QCcjyEEB4OBB-e24O3DKmAjZ_JFuASvfw1uJ0lhLKV50AAs_cbhZgwoZciQ1aCBVGzrEeNIlRnlu5Lh011aZMQMITZKVDOSogaTQ5kuhEPjC8tPNLbR4Nj3hb5kJWGZpvh6LVgPIu4&__tn__=%2CO%2CP-R
Facebook,Inquirer.net,,acting davao city mayor baste duterte challenged philippine national police chief general nicolas torre iii to a fistfight read more acting davao city mayor baste duterte challenged philippine national police chief general nicolas torre iii to a fistfight read more pupunta ako sa china i will ask the navy to bring me to the nearest boundary dyan sa spratly scarborough bababa ako sasakay ako ng jetski dala dala ko yung flag ng pilipino at pupunta ako dun sa airport nila tapos itanim ko then i would say this is ours and do what you want with me bahala na kayo,https://www.facebook.com/inquirerdotnet/
Facebook,PHIVOLCS,2025-07-23 00:00:00,earthquake information no 1 date and time 23 july 2025 08 39 pm magnitude 2 4 depth 001 km location 07 53n 124 46e 010 km n 77 e of buldon maguindanao del norte earthquake information no 1 date and time 23 july 2025 08 39 pm magnitude 2 4 depth 001 km location 07 53n 124 46e 010 km n 77 e of buldon maguindanao del norte,https://www.facebook.com/PHIVOLCS/posts/pfbid0mBTAastQyyHzEEMvmFL1Nra9Qzd889Mc45y3goiYNHN175n4sgefvWVM2etvoDg1l?__cft__[0]=AZV_60eL9ovoZ-LoWUsj7MfRbWY6HiteqgMBNO8wGBcfYp3CDTmRczvA3HpB0Hu0cf3CifG5jmKejrCpu6jNxsNG-zdzj-8-6D-PCfdoaXQbs1LY0ozFaxfyPLPGdKAK29P5LB1rz45pB-89F6hk7Br5p-hLNCbj0_kO-3cP_Pnxqt2Dtc5B7QNXaAyhB1zPcus&__tn__=%2CO%2CP-R
Facebook,ABS-CBN,,several roads in malabon remained submerged in floodwaters as of wednesday evening despite the weakening of recent rains caused by the southwest monsoon several roads in malabon remained submerged in floodwaters as of wednesday evening despite the weakening of recent rains caused by the southwest monsoon,https://www.facebook.com/abscbnNEWS/posts/1229924325849488?__cft__[0]=AZXOBxq3WjEJZfTXznfydahNTYOMGm3cNm7Vm3VujfP4yTcO9cWEHWscZWs6KgcGqT7475LYNvxKx-yXSeatTjlI8k2mvX0h6oqk8UmXKh10KY6adEmbO1rBH2YV064n_4pNeqBuewqCWEDVXCYDuHiLOPu-TWVKgY6MYX55SVgogGwJRo2QIzQvzZPHe2-O9ZQ&__tn__=%2CO%2CP-R
Facebook,Rappler,,theres a time and place for everything including humor theres a time and place for everything including humor ngayong bagyo naalala ko na naman ang halaga ng sierra madre sana wag nang kalbuhin ang kalikasan at gawing subdivision magtanim ng magtanim dapat gawing mandatory ang pagtatanim ng bawat lalawigan or lungsod ang kalikasan ay napakahalaga sa global warming walang mayaman at mahirap kapag lahat ay lubog sa baha,https://www.facebook.com/rapplerdotcom/posts/1261055599389839?__cft__[0]=AZWrAqJgGKN4uaSVR4Cflw3rOL_OwaU76JeCSqy28nOnZsTvm02B0-iUkYBfVFpsO_ICwDEUOuNsZq7p71iuPgMFNYRdg_BDX9m73bvbI0v83QkhsPAxsCoruIYm7k2VQ18-qrwLk9BZDaIhUgv_tbR8iknstxT8LesFLMg1UBZcAVCaQHuCl__fDM64MQx44A0&__tn__=%2CO%2CP-R
Facebook,GMA News,2025-08-03 00:00:00,binaha ang bucayao calapan city oriental mindoro dahil sa ulang dala ng hanging habagat base sa video na kuha ni youscooper dr erwin geroleo jr bandang 3 pm ayon kay youscooper erwin pauwi siya ng naujan oriental mindoro nang makita niya ang bahang kalsada na hindi na madaanan ng mga light vehicle dahil dito tinulak at binuhat ng ilang motorista ang mga motorsiklo para itawid sa baha courtesy youscooper dr erwin geroleo jr doc erwin binaha ang bucayao calapan city oriental mindoro dahil sa ulang dala ng hanging habagat base sa video na kuha ni youscooper dr erwin geroleo jr bandang 3 pm ayon kay youscooper erwin pauwi siya ng naujan oriental mindoro nang makita niya ang bahang kalsada na hindi na madaanan ng mga light vehicle dahil dito tinulak at binuhat ng ilang motorista ang mga motorsiklo para itawid sa baha courtesy youscooper dr erwin geroleo jr doc erwin best president si bbm we love you kung gusto nyo ng patunay check nyo post ko bago kayo magsalita ng masama kay bbm,https://www.facebook.com/gmanews/
Facebook,Inquirer.net,2025-07-23 00:00:00,look religious group pentecostal missionary church of christ 4th watch together with dalaw kalinga foundation prepares a relief operation on wednesday july 23 for people severely impacted by the southwest monsoon that poured in luzon this week pentecostal missionary church of christ 4th watch facebook via kevin ortiz for more stories visit inquirer net look religious group pentecostal missionary church of christ 4th watch together with dalaw kalinga foundation prepares a relief operation on wednesday july 23 for people severely impacted by the southwest monsoon that poured in luzon this week pentecostal missionary church of christ 4th watch facebook via kevin ortiz for more stories visit inquirer net,https://www.facebook.com/inquirerdotnet/posts/1169128925398061?__cft__[0]=AZUIxRCHeemmLPhyfhoGIGMMFWATfsl7l7qqtBDf-5FHKA9fIPpeXcTC36rV4v8NFScU9zWyEH-7CAuXdWB1sfi28yCXuGEFweVDlATYiuHtj_RWi4xKjYnIOTzLzSdaNEsCaYdL70gqS2Xowrsr2-uAY1WZ54PpgwowSeBt5bt2Ld6g6KVr_fVTwbW9zkW51N8&__tn__=%2CO%2CP-R
Facebook,PAGASA,2025-07-23 00:00:00,heavy rainfall warning no 3 weather system southwest monsoon habagat issued at 08 00 pm 23 july 2025 orange warning and associated hazard flooding is threatening in low lying areas and near river channels landslides are threatening in landslide prone areas meanwhile light to moderate rains are expected over sanjose presentacion lagonoy caramoan garchitorena bato balatan libon jovellar guinobatan camalig polangui cityoftabaco daraga oas cityofligao pioduran legazpicity malilipot santodomingo bacacay caramoran sanandres virac balud mandaon aroroy and claveria within the next 2 to 3 hours moderate rains affecting sanpascual torrijos buenavista gasan boac tigaon ocampo goa nagacity pili irigacity sagnay baao buhi nabua bula minalabac milaor canaman bombon calabanga magarao tiwi and malinao which may persist within 2 to 3 hours and may affect nearby areas the public and the disaster risk reduction and management offices concerned are advised to monitor the weather condition and watch for the next warning to be issued at 11 00 pm today heavy rainfall warning no 3 weather system southwest monsoon habagat issued at 08 00 pm 23 july 2025 orange warning and associated hazard flooding is threatening in low lying areas and near river channels landslides are threatening in landslide prone areas meanwhile light to moderate rains are expected over sanjose presentacion lagonoy caramoan garchitorena bato balatan libon jovellar guinobatan camalig polangui cityoftabaco daraga oas cityofligao pioduran legazpicity malilipot santodomingo bacacay caramoran sanandres virac balud mandaon aroroy and claveria within the next 2 to 3 hours moderate rains affecting sanpascual torrijos buenavista gasan boac tigaon ocampo goa nagacity pili irigacity sagnay baao buhi nabua bula minalabac milaor canaman bombon calabanga magarao tiwi and malinao which may persist within 2 to 3 hours and may affect nearby areas the public and the disaster risk reduction and management offices concerned are advised to monitor the weather condition and watch for the next warning to be issued at 11 00 pm today heavy rainfall warning no 3 weather system southwest monsoon habagat issued at 08 00 pm 23 july 2025 orange warning and associated hazard flooding is threatening in low lying areas and near river channels landslides are threatening in landslide prone areas meanwhile light to moderate rains are expected over sanjose presentacion lagonoy caramoan garchitorena bato balatan libon jovellar guinobatan camalig polangui cityoftabaco daraga oas cityofligao pioduran legazpicity malilipot santodomingo bacacay caramoran sanandres virac balud mandaon aroroy and claveria within the next 2 to 3 hours moderate rains affecting sanpascual torrijos buenavista gasan boac tigaon ocampo goa nagacity pili irigacity sagnay baao buhi nabua bula minalabac milaor canaman bombon calabanga magarao tiwi and malinao which may persist within 2 to 3 hours and may affect nearby areas the public and the disaster risk reduction and management offices concerned are advised to monitor the weather condition and watch for the next warning to be issued at 11 00 pm today umay na ang luzon,https://www.facebook.com/PAGASA.DOST.GOV.PH/posts/1188681539970164?__cft__[0]=AZX3DTI4nXNEjqLJCcb1NNaDFIFllpzPT1Mzw92PBkC2MaDcqjr2mkJChbpClI_JiQUZdN6NrcTi0414esuJFaGRnPu4GpVPi_CbJbJv1zjtZIfTUe3L-jLAPEjzL3IOGpJJUzYv3C8qy60QOxlB3xceqyFFDd_kQ5QHkq1xjPn858V-1Ag5RiZwPp9PUPMrQTaZxIEdt_W8BPh1jL3R78GBFU0U1ZFtbTDgLG93uvzfLQ&__tn__=%2CO%2CP-R
Facebook,PHIVOLCS,2025-07-23 00:00:00,earthquake information no 1 date and time 23 july 2025 09 21 pm magnitude 1 9 depth 039 km location 09 87n 126 02e 005 km s 86 e of del carmen surigao del norte earthquake information no 1 date and time 23 july 2025 09 21 pm magnitude 1 9 depth 039 km location 09 87n 126 02e 005 km s 86 e of del carmen surigao del norte,https://www.facebook.com/PHIVOLCS/posts/1064564342534196?__cft__[0]=AZW1XD_fTC5x4KVtg3lPFMaCLfCqE8nCT5kPCp-pIT3SOdRNxKHyuJJE6DZ66eeJw7KCWg9Q0NVFkTl9KtDzvDvrmgV-wAB3dU7bnrClG5U0HvRHKWCfNCD7T8Z2Kv1L_7EJsHOirGNlQSRwXOdWeVp9-AmK0t0Obf-h7YLZYZnVusUbuYeL7NOB_9Xs4k-mRVU&__tn__=%2CO%2CP-R
Facebook,GMA News,,panoorin nagsagawa ng psycho social activity and intervention ang municipal social welfare and development ng calasiao pangasinan para sa mga evacuee na nananatili sa calasiao sports complex ang pinakamalaking evacuation center sa munisipyo ayon sa lgu ito ay para maiwasan ang stress na dulot ng kalamidad at para na rin maaliw at maging masaya ang mga batang nananatili roon dagdag pa ng lokal na pamahalaan naging aktibo ang mga batang evacuees sa pakikilahok sa mga aktibidad sa evacuation center tiniyak ng calasiao lgu na natututukan at natutugunan ang mga pangangailangan ng evacuees sa mga evacuation center sa bayan courtesy aceey jorge via gma regional tv one north central luzon panoorin nagsagawa ng psycho social activity and intervention ang municipal social welfare and development ng calasiao pangasinan para sa mga evacuee na nananatili sa calasiao sports complex ang pinakamalaking evacuation center sa munisipyo ayon sa lgu ito ay para maiwasan ang stress na dulot ng kalamidad at para na rin maaliw at maging masaya ang mga batang nananatili roon dagdag pa ng lokal na pamahalaan naging aktibo ang mga batang evacuees sa pakikilahok sa mga aktibidad sa evacuation center tiniyak ng calasiao lgu na natututukan at natutugunan ang mga pangangailangan ng evacuees sa mga evacuation center sa bayan courtesy aceey jorge via gma regional tv one north central luzon,https://www.facebook.com/gmanews/
Facebook,Manila Bulletin,,emong was located 150 kilometers west of laoag city ilocos norte it has intensified into a tropical storm with maximum sustained winds of 65 kilometers per hour and gusts of up to 80 kilometers per hour read emong was located 150 kilometers west of laoag city ilocos norte it has intensified into a tropical storm with maximum sustained winds of 65 kilometers per hour and gusts of up to 80 kilometers per hour read,https://www.facebook.com/ManilaBulletin/posts/pfbid035d7tfQdQZp6tZKbBa14haRYGFbZ9dHofGz6tPDbCtv38oDPhkuu3rookR7hsFAVl?__cft__[0]=AZWLmMOu91R3gFT7IG9mzy_OzxEP-gnPM9EuVNcpaYDDehdLzv_2WX6b9MBTDMg88RT46sdZu5Vi3bmJA6jcqztHCuV_N7mKASFoiKJBZZ9bNdWLtfPqFiXpc2K3XHmvAN3TXHCl7qxcTP9AA5PKDGlpZUJ3PdjXwsR7kc2OhkQoVuO4wkCGgPbDfN0dMGfXkPM&__tn__=%2CO%2CP-R
Facebook,NDRRMC,2025-07-23 00:00:00,maging alerto lalawigan ng ndrrmc 8 11pm 23jul25 orange rainfall warning sa iloilo nagbabanta ang matinding pag ulan pagbaha at pagguho ng lupa maging alerto lalawigan ng ndrrmc 8 11pm 23jul25 orange rainfall warning sa iloilo nagbabanta ang matinding pag ulan pagbaha at pagguho ng lupa sespend ang bagyo kusog ang klase,https://www.facebook.com/NDRRMC/posts/pfbid02m8W5nBcLUwxRf28MivRS8oqzCqw8fvv4yKdGSwjiZosgSNQ6D5RYLXuSFAk2h8Qgl?__cft__[0]=AZVob2wb8XKylsJR7rKWdGqFLtXKk20lckJ0PZqMNHMKto76ky0Eaptf5CjQVtEH6B-6AkkSmaBHsjfTLlrlSV8DXCqOv2K3JxNboG2fxuww8l6zv6LG1dLXPOLP7l_DBHs4kUj3h4rpc6JZ7oA_Z0nohIc_pCFwAOwwUDz2AAWdcZfIGEaIQIbXDaQNGH8ntnM&__tn__=%2CO%2CP-R
Facebook,PHIVOLCS,2025-07-23 00:00:00,earthquake information no 1 date and time 23 july 2025 10 24 pm magnitude 2 5 depth 116 km location 06 07n 125 90e 027 km s 58 e of don marcelino davao occidental earthquake information no 1 date and time 23 july 2025 10 24 pm magnitude 2 5 depth 116 km location 06 07n 125 90e 027 km s 58 e of don marcelino davao occidental,https://www.facebook.com/PHIVOLCS/posts/pfbid0haXtiQierJPaqZihrtPY7qRde8oYDUFuB2Gpx3215WksySwmUeJLnuffxVsnFS71l?__cft__[0]=AZUiWlt9BSuqmWVPPgFFJnW0wgUVSL5CKCujijbYKRAltHZYqPhwon82sFrMne5IEPOvOQmvKzsCK88-7y04llLqA2-jFAIcUVMNLIIZbzq5mskIb2jwj9AMRu1jghLNYisREB26ZxaPSLwiGpsX_8veuaSvCl92xBHgIBhjxDLFFU6bDudgrRe_07Fhxguf2gs&__tn__=%2CO%2CP-R
Facebook,#firealert,2025-07-23 00:00:00,bahay nasunog sa quezon palawan panoorin isang lola ang humahagulgol habang pinagmamasdan ang kanyang bahay na nilalamon ng apoy sa barangay alas 2 ng kahapon hulyo 22 2025 ayon sa ulat hindi pa tukoy ang sanhi ng sunog sa ngayon analyn pabol hazard web philippines 23 jul 2025 bahay nasunog sa quezon palawan panoorin isang lola ang humahagulgol habang pinagmamasdan ang kanyang bahay na nilalamon ng apoy sa barangay alas 2 ng kahapon hulyo 22 2025 ayon sa ulat hindi pa tukoy ang sanhi ng sunog sa ngayon analyn pabol hazard web philippines 23 jul 2025,https://www.facebook.com/hashtag/FireAlert
Facebook,PAGASA,2025-07-23 00:00:00,tropical cyclone bulletin nr 3 tropical storm co may issued at 11 00 pm 23 july 2025 valid for broadcast until the next bulletin at 2 00 am tomorrow emong slightly intensifies while moving southwestward over the west philippine sea location of center 10 00 pm the center of tropical storm emong was estimated based on all available data at 235 km west of sinait ilocos sur 17 5n 118 3e intensity maximum sustained winds of 85 km h near the center gustiness of up to 105 km h and central pressure of 990 hpa present movement southwestward at 15 km h extent of tropical cyclone winds strong to gale force winds extend outwards up to 220 km from the center tropical cyclone wind signals tcws in effect tcws no 2 wind threat gale force winds luzon the northwestern portion of pangasinan bolinao anda bani agno burgos warning lead time 24 hours range of wind speeds 62 to 88 km h beaufort 8 to 9 potential impacts of winds minor to moderate threat to life and property tcws no 1 wind threat strong winds luzon ilocos norte ilocos sur la union the central and the remaining northwestern portions of pangasinan dasol city of alaminos mabini labrador sual binmaley dagupan city lingayen bugallon infanta sison mangaldan san fabian san jacinto pozorrubio basista villasis malasiqui tayug urbiztondo bautista mapandan binalonan aguilar alcala san manuel asingan santo tomas santa maria city of urdaneta laoac mangatarem san carlos city manaoag bayambang calasiao san nicolas santa barbara the northern portion of zambales santa cruz candelaria apayao abra kalinga mountain province benguet ifugao cagayan including babuyan islands calayan dalupiri fuga pamuktan camiguin and didicas islands the northern and western portions of isabela santo tomas delfin albano quezon mallig quirino roxas san manuel aurora san mateo ramon cordon burgos cabatuan cabagan san pablo santa maria tumauini gamu luna maconacon and the western portion of nueva vizcaya santa fe bambang kayapa ambaguio bayombong solano villaverde bagabag diadi aritao warning lead time 36 hours range of wind speeds 39 to 61 km h beaufort 6 to 7 potential impacts of winds minimal to minor threat to life and property other hazards affecting land areas heavy rainfall outlook refer to weather advisory no 34 issued at 11 00 pm today for the heavy rainfall outlook due to the southwest monsoon enhanced by dante and emong severe winds the wind signals warn the public of the general wind threat over an area due to the tropical cyclone local winds may be slightly stronger enhanced in coastal and upland mountainous areas exposed to winds winds are less strong in areas sheltered from the prevailing wind direction minor to moderate impacts from gale force winds are possible within any of the localities where wind signal no 2 is hoisted minimal to minor impacts from strong winds are possible within any of the areas under wind signal no 1 the highest wind signal which may be hoisted during the occurrence of emong is wind signal no 4 the enhanced southwest monsoon will bring strong to gale force gusts over the following areas especially in coastal and upland areas exposed to winds today central luzon metro manila calabarzon bicol region mimaropa visayas zamboanga del norte misamis occidental lanao del norte camiguin dinagat islands and davao oriental tomorrow 24 july central luzon metro manila calabarzon bicol region mimaropa visayas zamboanga del norte misamis occidental lanao del norte camiguin and davao oriental friday 25 july isabela quirino nueva vizcaya central luzon metro manila bicol region mimaropa visayas zamboanga del norte misamis occidental lanao del norte camiguin and davao oriental hazards affecting coastal waters a gale warning is in effect over the western seaboard of northern luzon refer to gale warning no 1 issued at 5 00 pm today 24 hour sea condition outlook up to very rough seas over the following coastal waters up to 6 0 m the western seaboard of pangasinan up to 4 5 m the western seaboards of zambales and bataan sea travel is risky all types or tonnage of vessels all mariners must remain in port or if underway seek shelter or safe harbor as soon as possible until winds and waves subside up to rough seas over the following coastal waters up to 4 0 m the seaboard of lubang island the western seaboard of occidental mindoro the eastern seaboard of isabela up to 3 5 m the western seaboards of ilocos sur la union cavite batangas and northern palawan including calamian islands the eastern seaboard of mainland cagayan up to 3 0 m the seaboards of batanes marinduque and kalayaan islands the western seaboard of babuyan island the southern seaboard of quezon the eastern seaboard of oriental mindoro the northern and western seaboards of r,https://www.facebook.com/PAGASA.DOST.GOV.PH/posts/pfbid0Gwr4s7GyvDqv4x9Keg1dCY365D91TXT6WjJpreTv7bdepRjreQmmicG724qbjq2rl?__cft__[0]=AZW3SyXf-PZrxZ0KPpMW7pHL-c1h1fNPwuo2yIGpmwtjwN9x1_LDp2qYzAiawMUsmxWqgBcvelCrgv-TxWJWniOZ0pE61uK8FCZk2qz-lMrYfjtM5VJUCc5mA1W22_4HAI9XJM0Nh0NEAwU-5uGF8oDbl9ouPTC5-J8CiTXdHcGYTkKMoTU4E54rAvZJ0X8-Ovo&__tn__=%2CO%2CP-R
Facebook,NDRRMC,2025-07-23 00:00:00,maging alerto mga lalawigan ng at ndrrmc 11 25pm 23jul25 red rainfall warning sa oriental mindoro at romblon asahan ang matinding pag ulan pagbaha at pagguho ng lupa maging alerto mga lalawigan ng at ndrrmc 11 25pm 23jul25 red rainfall warning sa oriental mindoro at romblon asahan ang matinding pag ulan pagbaha at pagguho ng lupa lorna vicente ingat kayo mii ni papa,https://www.facebook.com/NDRRMC/posts/pfbid0rzh8giWTnXSprPcTXtcw9wGYntHYBZToLWKM5ygR2NTN3dSfoiYJAU71cSjqppA9l?__cft__[0]=AZXIsOHSo92yEioh-OpxW13rgNwSiZWYMAWBUoQQbU4O9aaOqWpHw-ZM66k-U03y57pAeuL7_alUuvsa6S3m4CVhEtvSup2JFa60SoCLg9V2qpLr5OHg9bB6atOguuLPm4olBctfedQ58Mi-8XbD828IX3WrZSOHI09QNqJywTlhHc2ydwlupU2Y4Bl-cYGi2lE&__tn__=%2CO%2CP-R
Facebook,PHIVOLCS,2025-07-23 00:00:00,earthquake information no 1 date and time 23 july 2025 11 48 pm magnitude 4 4 depth 099 km location 13 71n 127 13e 244 km n 46 e of san policarpo eastern samar earthquake information no 1 date and time 23 july 2025 11 48 pm magnitude 4 4 depth 099 km location 13 71n 127 13e 244 km n 46 e of san policarpo eastern samar,https://www.facebook.com/PHIVOLCS/posts/pfbid02mwF94AGyfaNdDjuLHG3ikTDRA9uxs5wHrhyuumwqkCwKjWazGUQazMSi4e2wX4zHl?__cft__[0]=AZXBZVkDMnz6fJzUGRBj4Ht07UXzqEXz_cfLShbioCT40ZNz_04WH7kBBgxH3RsF6kfMasIYd4SXIsATKJNysrPXAq8YBND_8jMvDBZ7EShtFTUsA4Dlh6TzTZWevL5xa5Q1oUL8bVXsMZUItI6_uaUwzknZmpkpjshhp-6hjmyjyqOncBJU4RFDxiU1TWNWkag&__tn__=%2CO%2CP-R
Facebook,ABS-CBN,,sa gitna ng pananalasa ng habagat at pagbaha isang huling habilin ang ipinaabot ni marieta de asis tiria sa mga kaanak ang muling makita ang kaniyang mga kaanak bago mahuli ang lahat sa gitna ng pananalasa ng habagat at pagbaha isang huling habilin ang ipinaabot ni marieta de asis tiria sa mga kaanak ang muling makita ang kaniyang mga kaanak bago mahuli ang lahat dto s pinagbuhatan marami de asis,https://www.facebook.com/abscbnNEWS/posts/pfbid0219FBWttNgU9j916qbrNa9T5prGgPNepkKVpHrq9rfBanuYDMH8VEKGViaZcRqrtjl?__cft__[0]=AZUE7doxLWsauXZUDjFbfb7Db8-eloCCvEToBu5vNE064fDDid1MONUzNb_Qr5z_keczUm6s1-JPsy6Ze235er3TcHSRNkAIX4EDTj6ihVTAxIDnPnPHOcDi96a7wuCTbZwfJDLUF8mHplW5iKKKJhBrvBScgrrwU9B65Kb-KGhUGyWqqjJNVVAfviD56pvoWME&__tn__=%2CO%2CP-R
Facebook,GMA News,2025-07-22 00:00:00,tila naging buwis buhay ang pag responde ng ilang kawani ng barangay tuyo sa balanga city bataan 3 30 pm nitong july 22 2025 matapos tuluyang mabutas ang dike sa lugar ayon sa social media post ng sangguniang barangay ng tuyo nagsasagawa ng sandbagging ang mga naturang kawani sa lugar upang mapigilan ang pagtagas ng tubig at maprotektahan ang mga kabahayan sa paligid nang tuluyang masira ang dike sa kabila ng pangyayari ligtas na nailikas ang mga apektadong pamilya sa tulong ng mga barangay tanod opisyal sk at mga volunteer courtesy sangguniang barangay ng tuyo tila naging buwis buhay ang pag responde ng ilang kawani ng barangay tuyo sa balanga city bataan 3 30 pm nitong july 22 2025 matapos tuluyang mabutas ang dike sa lugar ayon sa social media post ng sangguniang barangay ng tuyo nagsasagawa ng sandbagging ang mga naturang kawani sa lugar upang mapigilan ang pagtagas ng tubig at maprotektahan ang mga kabahayan sa paligid nang tuluyang masira ang dike sa kabila ng pangyayari ligtas na nailikas ang mga apektadong pamilya sa tulong ng mga barangay tanod opisyal sk at mga volunteer courtesy sangguniang barangay ng tuyo nabili po ako ng lumang psp psvita ps4 wii wiiu nintendo switch see more,https://www.facebook.com/gmanews/
Facebook,Manila Bulletin,,the community pantry ph has launched a large scale feeding initiative to support evacuees affected by days of heavy rainfall and flooding serving hot meals through more than 100 community kitchens across metro manila and nearby provinces the community pantry ph has launched a large scale feeding initiative to support evacuees affected by days of heavy rainfall and flooding serving hot meals through more than 100 community kitchens across metro manila and nearby provinces,https://www.facebook.com/ManilaBulletin/posts/pfbid028ERPmwTqzd9YHGzZCv3PpaEzqSqwUDrKfyXjMzrY35BkfYTueCYhhSCEXchpbb26l?__cft__[0]=AZVsrPVEUZEllRp8cDSdHiLpkB5N00oVnEaUtPciItS5TT_hbreJ58vflnQ8y4lkyxB1SxK-KpL5gsQRtsRbICGgnGD7naEAls3kC8GyGyClJisx0DoTQpd2YR1q0qs_FBzp0v6RrtMwYh4b2uzSkFsLNZ3HIde4oxX3f2qb1pcJuN4J55ADqCyj7KHTGOLgH9M&__tn__=%2CO%2CP-R
Facebook,Philstar News,,the who said it was picking up exactly the same early warning signs as in a major outbreak two decades ago and wanted to prevent a repeat the who said it was picking up exactly the same early warning signs as in a major outbreak two decades ago and wanted to prevent a repeat,https://www.facebook.com/philstarnews/posts/pfbid027UxPRH5YW3MS38foiB4o12Z4gjurx8cUXEkcLLLXFmAwmBDfu3hja87tHqFf1Vezl?__cft__[0]=AZWsWGiV1A5bWAg5FT3YD8JLJdwALzpTQlQVEC4pFouDFFMmmgH1aFM7cn2Q_NQbGjHvM0dA2SCPZuNCdpLvuWe4iqRySqNvLSUYaaDdfFTp59qGd9FOd7WgeoXy6yxfJ-747Got6Pks2Bv99ykouPSgmlxBaYoqmEmxEh_F-mTgStiM98V7_aE4SwAIEIp7qJ4&__tn__=%2CO%2CP-R
Facebook,PAGASA,2025-07-24 00:00:00,heavy rainfall warning no 4 auxiliary weather system southwest monsoon habagat issued at 01 00 am 24 july 2025 red warning and associated hazard severe flooding in flood prone areas higher chances of landslides over the landslide prone areas orange warning associated hazard flooding is threatening in low lying areas and near river channels landslides are threatening in landslide prone areas yellow warning associated hazard possible flooding in low lying areas near river channels meanwhile moderate to occasionally heavy rains affecting sanpascual balud mandaon aroroy claveria baleno milagros cityofmasbate mobo monreal sanjacinto sanfernando batuan and which may persist within 2 to 3 hours and may affect nearby areas the public and the disaster risk reduction and management offices concerned are advised to monitor the weather condition and watch for the next warning to be issued at 02 00 am today heavy rainfall warning no 4 auxiliary weather system southwest monsoon habagat issued at 01 00 am 24 july 2025 red warning and associated hazard severe flooding in flood prone areas higher chances of landslides over the landslide prone areas orange warning associated hazard flooding is threatening in low lying areas and near river channels landslides are threatening in landslide prone areas yellow warning associated hazard possible flooding in low lying areas near river channels meanwhile moderate to occasionally heavy rains affecting sanpascual balud mandaon aroroy claveria baleno milagros cityofmasbate mobo monreal sanjacinto sanfernando batuan and which may persist within 2 to 3 hours and may affect nearby areas the public and the disaster risk reduction and management offices concerned are advised to monitor the weather condition and watch for the next warning to be issued at 02 00 am today heavy rainfall warning no 4 auxiliary weather system southwest monsoon habagat issued at 01 00 am 24 july 2025 red warning and associated hazard severe flooding in flood prone areas higher chances of landslides over the landslide prone areas orange warning associated hazard flooding is threatening in low lying areas and near river channels landslides are threatening in landslide prone areas yellow warning associated hazard possible flooding in low lying areas near river channels meanwhile moderate to occasionally heavy rains affecting sanpascual balud mandaon aroroy claveria baleno milagros cityofmasbate mobo monreal sanjacinto sanfernando batuan and which may persist within 2 to 3 hours and may affect nearby areas the public and the disaster risk reduction and management offices concerned are advised to monitor the weather condition and watch for the next warning to be issued at 02 00 am today lakas po ng ulan at hangin dto sa las pinas ngayon,https://www.facebook.com/PAGASA.DOST.GOV.PH/posts/pfbid025sgzWCY1g8MBdsZRiNqFQhdi6U2sxHV4KhQHqL5bju74J2YsgKWwphLGMRYPicDgl?__cft__[0]=AZXE-TuxjfBYX0SCs6PTNs48DjkIkAlGO8x5M5qe_D589pZeOMZrPN55njAuGPPVa8ol8CDrt5P6UbSgs7Ij1_25YG-_e21GGAtW0ToV9ueeLHBappIP-XC6ydNKOAMGDtaaD4Yxe_A68Uew7fBC9Gs3SKQfJ4ekibhG9O13zyyE1B9qhV5V2H2r2_pmPnnkAtTWwKnWdL4CloSNnrxuLajh9Kj8kG_GrVRoIFmUsH63sg&__tn__=%2CO%2CP-R
Facebook,PHIVOLCS,2025-07-24 00:00:00,earthquake information no 1 date and time 24 july 2025 01 36 am magnitude 2 4 depth 016 km location 08 50n 126 06e 008 km s 65 w of barobo surigao del sur earthquake information no 1 date and time 24 july 2025 01 36 am magnitude 2 4 depth 016 km location 08 50n 126 06e 008 km s 65 w of barobo surigao del sur,https://www.facebook.com/PHIVOLCS/posts/pfbid031mPjkkocYGpgrgBvb4YD4SzhKC1HkeJeWvBYiRUKZPDknQEZP6tcSRs8uToJAWMEl?__cft__[0]=AZUNfTL2Iip7L7xqJgnu-nlIio0nckgoTJsWk2n3By2u9vRC6ey77xRIuTo6x_D7jqopTjyNViaJ5JYPrzax7xgjcVRYrqoVrQiMpgQriWED74HZCFIhsWEVFu4HU2JANGxAyi96O4rJdAx3DGKGxYi4VAyPuKytJQeuiSwfykZLCMYssCO8I4LFwQlbD76TOe4&__tn__=%2CO%2CP-R
Facebook,ABS-CBN,2025-07-24 00:00:00,heavy rainfall warning for sts habagat 8am july 24 2025 red level occidental mindoro oriental mindoro orange level metro manila bataan rizal laguna cavite batangas albay calamian islands palawan yellow level western pangasinan zambales tarlac pampanga bulacan quezon romblon camarines sur serious and widespread flooding and landslides remain likely in these areas next update at 11am via abs cbn resident meteorologist ariel rojas heavy rainfall warning for sts habagat 8am july 24 2025 red level occidental mindoro oriental mindoro orange level metro manila bataan rizal laguna cavite batangas albay calamian islands palawan yellow level western pangasinan zambales tarlac pampanga bulacan quezon romblon camarines sur serious and widespread flooding and landslides remain likely in these areas next update at 11am via abs cbn resident meteorologist ariel rojas,https://web.facebook.com/abscbnNEWS/posts/pfbid0JAHcmq5cifCrSijwM5ryJX4ns7crE4Ad2B95WFCL9F5txTBHHMC47DVHrrwbDRDDl?__cft__[0]=AZWKq-VUFz9tHzli9VkQRNzP7f2Ts8SWu1eyGPnmQhIom74eJaltne6LZS8DKRees1NhD4X-qisdWeH0WhHZfIBvGc2KEOhpv6N5wJgN9T4gojJEIeTsMqLaALmmG0PxQf_ppastTAg1-53CpI1z5S7iAMyy-Gdlo2dG_R6rO17T5vDDDK2ni7tdFd99-IwuXWk&__tn__=%2CO%2CP-R
Facebook,ABS-CBN,,severe tropical storm emong maintained its strength as it crept closer to northern luzon on thursday morning pagasa said severe tropical storm emong maintained its strength as it crept closer to northern luzon on thursday morning pagasa said,https://web.facebook.com/abscbnNEWS/posts/pfbid0WBGPqFoHa39sHJVnR2tqqi4DR77z8pCNMqEg6STzmx84wyjuU1hch9ZrHCojBKmrl?__cft__[0]=AZXmazEoNUJ99nOd6t3_HgdCR-DFaGtxVZ-ue0MWwnq1U3--kgVHX_F-5JJeIYChBFur7QCryqU5URwwk2EETiNLImmZP7EtZKMgm1LVJs1YDjKlNH84SUI-c3NqETninFms-d4RQURBRetKU_ysxo7zx4CHe5ZT2WG7Ax2jnvRfVuSTBd6fs4BkH6f-U2D_Ts4&__tn__=%2CO%2CP-R
Facebook,GMA News,,nasa state of calamity itong calumpit bulacan dahil sa matinding baha na epekto ng habagat na pinalakas ng bagyong crising pag apaw ng tubig mula sa ipo dam at high tide nasa state of calamity itong calumpit bulacan dahil sa matinding baha na epekto ng habagat na pinalakas ng bagyong crising pag apaw ng tubig mula sa ipo dam at high tide,https://web.facebook.com/gmanews/
Facebook,NDRRMC,,alamin safety tips para sa bagyo o typhoon ano ano ang kailangang i handa bago dumating ang bagyo alamin yan kay dantes i search ang sa youtube at facebook para sa ibang pang tips laban sa sakuna maging ligtas maging alamin safety tips para sa bagyo o typhoon ano ano ang kailangang i handa bago dumating ang bagyo alamin yan kay dantes i search ang sa youtube at facebook para sa ibang pang tips laban sa sakuna maging ligtas maging safety tips para sa bagyo o typhoon ano ano ang kailangang i handa bago dumating ang bagyo alamin yan kay dantes i search ang see more safety tips para sa bagyo o typhoon ano ano ang kailangang i handa bago dumating ang bagyo alamin yan kay dantes i search ang see more safety tips para sa bagyo o typhoon ano ano ang kailangang i handa bago dumating ang bagyo alamin yan kay dantes i search ang see more,https://web.facebook.com/NDRRMC/posts/pfbid0nwZgNqqtgiaoaNkHEDGFafUurbg1PPsecoNpQmA94JeeSVfe5UsAkK6Btdu6mqX9l?__cft__[0]=AZUYY-nq9OiHZjBcudLHCLs4skvi2PXEKNYezvsFstwyC7wg0GxX3MN0_f5fyX7AgUdMVtB-2jmv4C0-GS9bd5nxA2tfZmgrZVv8Qq_ngzyjSYtV1o7KeWmm2w3dU64rAZj5Lxdn1iB7J3oh0_zE4TTDQtsSwSMh1hr21kxkBha3tHQjYl5V4lMZ5Ue62OUtZg_qXE-iIWKdP9KDB_6eLxMTAnpNhTPdv9z3p5V6EZXDmjsC2qrF_fWT9CvGHelbPR4&__tn__=%2CO%2CP-R
Facebook,Manila Bulletin,2025-07-24 00:00:00,watch the philippine institute of volcanology and seismology phivolcs issued a lahar flow advisory for mayon volcano on thursday july 24 due to potential risks from tropical storm dante severe tropical storm emong and the enhanced southwest monsoon habagat watch the philippine institute of volcanology and seismology phivolcs issued a lahar flow advisory for mayon volcano on thursday july 24 due to potential risks from tropical storm dante severe tropical storm emong and the enhanced southwest monsoon habagat,https://web.facebook.com/ManilaBulletin/
Facebook,GMA News,,president ferdinand bongbong marcos jr on thursday inspected the evacuation centers in san mateo rizal to check the situation of residents affected by the bad weather president ferdinand bongbong marcos jr on thursday inspected the evacuation centers in san mateo rizal to check the situation of residents affected by the bad weather epal masyado buti pa si vp sara duterte napakasipag kahit walang camera at media maayos ang trabaho wfh siya ngayon work from the hague ada macatangay true tamad yan si lustay,https://www.facebook.com/gmanews/posts/pfbid0FuZbZEfPTgdZwCtrHvXLDjjVDkB2n2e7xKnDFXjNKwvDVXtTnoUJaoChC58jChE5l?__cft__[0]=AZWljjyQ8EtbxQQiDK7irulFN468q91iflO8oZVqoRkduBeK4elUtXjIWGxaWvZLRG4TH2nDMJzh-h4S-mGThlC8jIaKgRhSY631jtiATRsN-w1h-JpLCLLjLswsm8XRSa-VzBOHn1dUWQoDHYsxmPVvtpMSGF3l9LX7ca70JmopONt0dXk3JWSlsdbT-zWUfR8&__tn__=%2CO%2CP-R
Facebook,Inquirer.net,,metro cebu could self destruct amid flooding crisis expert via cdn digital metro cebu could self destruct amid flooding crisis expert via cdn digital,https://www.facebook.com/inquirerdotnet/posts/pfbid02GLu6LGW3FUJjMv6gmNKkKyX5zp3rFvVjH3XahSiwZjb3NosWUanMXGPK2t4DgTNwl?__cft__[0]=AZVKNmpoMO3RzlUdZ8p_AFxE8pbSisjbRt30dhrtEIDXg9M4pub47sARu--OkYoVXIijOeYVN_OgzREjFWMuo3-fvRpW5zyZKTfBGNpZniGcCM9CkgIfDx2ENrZsiLDOyJqy9kz3F7-co2Tv0OZ4k6H3ISxS6CLTsX1DVUPLE7U6ZYa4FPl4ds7VdYhfn_1WpAY&__tn__=%2CO%2CP-R
Facebook,PAGASA,2025-07-24 00:00:00,as of 8 00 am 24 july 2025 tropical storm dante international name francisco is still being monitored within the philippine area of responsibility par severe tropical storm emong international name co may is also being monitored within the philippine area of responsibility par meanwhile the low pressure area lpa 07i which is outside the par has a developed into a tropical depression and is still being monitored all are advised to monitor official updates from dost pagasa as of 8 00 am 24 july 2025 tropical storm dante international name francisco is still being monitored within the philippine area of responsibility par severe tropical storm emong international name co may is also being monitored within the philippine area of responsibility par meanwhile the low pressure area lpa 07i which is outside the par has a developed into a tropical depression and is still being monitored all are advised to monitor official updates from dost pagasa,https://www.facebook.com/PAGASA.DOST.GOV.PH/posts/pfbid02i3Q3R3V3o6zRHoPu2Yo76QKz69dXxMSSRJigFnSeYfvbTFf9BZCXHCfq5B18ctJnl?__cft__[0]=AZXsu8oqd3_Dq9Y3d0VdEV_GAvRolNC0sS8INVCijvzAKtf30d6_J9rlKf3Fiotk7P6DqIGJdlXaWqhnqbpfNcQZSCvkESCou_Za4GjNJncHw0yatDKcR0R6hQGgRLh4o4Pnz7vrV4P5vss7VxUlB-grkrRcr03-r8iBY9kjI0_tYtzC6i1SISs30aj6Dofmuqs&__tn__=%2CO%2CP-R
Facebook,Inquirer.net,,marcos visits rizal school to check on evacuees after flooding marcos visits rizal school to check on evacuees after flooding,https://www.facebook.com/inquirerdotnet/posts/1169524518691835?__cft__[0]=AZWosq1Q4z7FD_izQC5MAoGkZeXuqAaFS3u6vwIQ9doM07gTqW9CLtt17RCQLqfFjeBp_dwfDZFPmN6sdZm3NlIPqmMnyHQW-QsDzPprkiwPB-hQSmDTi76zFLakJrGePSQ59CawsbpJjT98nS2F8mPDBIUz-CeR3tMMFseett-tTmxC-qAbFdRLJSO1KBQQcn4&__tn__=%2CO%2CP-R
Facebook,PHIVOLCS,2025-07-24 00:00:00,earthquake information no 1 date and time 24 july 2025 09 11 am magnitude 1 6 depth 029 km location 09 01n 125 87e 020 km n 70 w of san miguel surigao del sur earthquake information no 1 date and time 24 july 2025 09 11 am magnitude 1 6 depth 029 km location 09 01n 125 87e 020 km n 70 w of san miguel surigao del sur,https://www.facebook.com/PHIVOLCS/posts/1064921939165103?__cft__[0]=AZVieMSAn4lMISoSat_5PDfEmkZhIEwHkqZeXVe5vplLGA-zwV6ly_pZiudZHqfmtSW5d3mypnsaeimqVnLxlwucCxWmyphpTtTH04CDzwFersvbVUGQg9InNPrWJ4xcfSPBKsSwqeYComDY_JCy1dosPXJVvcP3ta9zJqlHFFRkloMzM2xaXJV6xMupmIH4NXQ&__tn__=%2CO%2CP-R
Facebook,ABS-CBN,,is now a severe tropical storm and is expected to intensify further into a typhoon later this thursday abs cbn resident meteorologist ariel rojas gives updates is now a severe tropical storm and is expected to intensify further into a typhoon later this thursday abs cbn resident meteorologist ariel rojas gives updates,https://www.facebook.com/abscbnNEWS/
Facebook,untvnewsrescue,2025-08-07 00:00:00,emong maintains its strength as it prepares to move southeastward location of center 7 00 am the center of severe tropical storm emong was estimated based on all available data at 245 km west of bacnotan la union 16 5n 118 1e intensity maximum sustained winds of 110 km h near the center gustiness of up to 135 km h and central pressure of 980 hpa present movement south southwestward at 15 km h extent of tropical cyclone winds strong to storm force winds extend outwards up to 220 km from the center emong maintains its strength as it prepares to move southeastward location of center 7 00 am the center of severe tropical storm emong was estimated based on all available data at 245 km west of bacnotan la union 16 5n 118 1e intensity maximum sustained winds of 110 km h near the center gustiness of up to 135 km h and central pressure of 980 hpa present movement south southwestward at 15 km h extent of tropical cyclone winds strong to storm force winds extend outwards up to 220 km from the center,https://www.facebook.com/UNTVNewsRescue/posts/pfbid0CWmPk2dWY9LDrJ2xUtQTLm9HEcbvG7xpgcvkPxosHR32JHdtjgQ4MSHnVgu14R9Fl?__cft__[0]=AZX3jwE7uPa8IvAWdZB-F2Tipw1golMD43ipkpu8c68Y5IsVDQyaSvvno5ZQuivwe7oqA8d38338vKng9A2sgu582CaxdLiORLnv6uWWkwhWKlQJs7Nm4T6SHZ7vigXNmIZL-J8_XOvxDi_J3vAo_WapMZGBVxDXGU-XkqVok4dGM_DiQO7dqKEm0NpaB1RMW4E&__tn__=%2CO%2CP-R
Facebook,ABS-CBN,,breaking is now a typhoon with winds of 120 kph and gusts up to 150 kph according to pagasa meanwhile tropical storm is about to exit the philippine area of responsibility to the far east of visayas a tropical depression has also formed but it will not enter par via abs cbn resident meteorologist ariel rojas breaking is now a typhoon with winds of 120 kph and gusts up to 150 kph according to pagasa meanwhile tropical storm is about to exit the philippine area of responsibility to the far east of visayas a tropical depression has also formed but it will not enter par via abs cbn resident meteorologist ariel rojas,https://www.facebook.com/abscbnNEWS/posts/pfbid02nwzw1CKj8MU7yWrzTTTXUcThrRNe7YziuERBvQF5t119XmpKm5QaTPB4BeEr2yjjl?__cft__[0]=AZW862mXsFDzjUL5-gp86YA3nRfX0m2BcD1v40cMJgw3VKzxb9omA4U9v8LXg-uDauvr6tWeMU-Su6Rr6QBZIpzWFdSHDUXDXEdbrdBbDSDNIB86FqnPwxfJgSua2YATGRR-3H-6b9pKT68tqrhTogS8U7An-X_Hp1AR1KusuXnPCW0BiKIbIOS4XC196Op0Y3Q&__tn__=%2CO%2CP-R
Facebook,Rappler,2025-07-24 00:00:00,just in pagasa says emong co may intensified into a typhoon on thursday morning july 24 2025 the low pressure area outside the philippine area of responsibility also developed into a tropical depression dante francisco meanwhile remains a tropical storm just in pagasa says emong co may intensified into a typhoon on thursday morning july 24 2025 the low pressure area outside the philippine area of responsibility also developed into a tropical depression dante francisco meanwhile remains a tropical storm,https://www.facebook.com/rapplerdotcom/posts/pfbid0eBoRpnp8ZfWKFqYAuWv9N2rpw7Ank6WBmbvnpKUS5KyvraTWngjYSqEQJhF1jSRl?__cft__[0]=AZV8rA0pKF8XKITcnBc0S1hkAFs9taLB9QfykDtgG54uTYmDCfF6q6Jvzs4df-PPnO7HK4eMfuZ6Y_iJnE_jCif_n0kPK8VSJJJMgusp3CgBi5IbVrX_iVgeaz-81mZ0ohu0bJtIPfEGi_7Fn3nK5Ry9L-6Ej3QQWSkrfYJ2ewyxAsyJFspkweJ_CBLwLAn8Fqg&__tn__=%2CO%2CP-R
Facebook,GMA News,,2 bagyo sa loob at 1 bagyo sa labas ng par as of 8 00 am tropical storm is still being monitored within the philippine area of responsibility par has intensified into a typhoon and is also being monitored within par meanwhile the lpa which is outside par has developed into a tropical depression and is still being monitored courtesy dost pagasa fb 2 bagyo sa loob at 1 bagyo sa labas ng par as of 8 00 am tropical storm is still being monitored within the philippine area of responsibility par has intensified into a typhoon and is also being monitored within par meanwhile the lpa which is outside par has developed into a tropical depression and is still being monitored courtesy dost pagasa fb,https://www.facebook.com/gmanews/posts/pfbid02i4i5SiBSn3WSdWdugNZ1jofRddTTcZBzQCsDNoe7Wq6Te3CEQpnxGB3VFsoZaUoMl?__cft__[0]=AZWzLG0W_dXtnQ5FVSLr46hUIV20oBYg8j7kNthP94lKa8Bp3ZL2HdmHckr7RuOeQ_reFCApIfYl0kQ79kXuPWsICOCuRu2qEHwpjpZIMIoTjeBsoz0yEPeo2CF812WqRHu6wVU0Egw1h4wJnQWJ6BEKQojRASdCBMZqKZ8SweENYuHMCxZyJUskY0WUFs2J9og&__tn__=%2CO%2CP-R
Facebook,ABS-CBN,,some roads in metro manila and several provinces remained submerged in floods on thursday due to the rains brought by the habagat severe tropical storm emong and tropical storm dante some roads in metro manila and several provinces remained submerged in floods on thursday due to the rains brought by the habagat severe tropical storm emong and tropical storm dante in moments like these dun mo masasabi na worth it yung condo investments mo ang daming binabaha may tulo sa kisame lumilipad ang bubong pero pag high quality condo in most cases sara mo lang bintana mo okay kana resume nerflix na ulit and chill,https://www.facebook.com/abscbnNEWS/posts/pfbid0ui4kBEMuFF5ALyfWTyC6sEV8KmSnMSLJJFYb3s7h4ZC3UbshMFTJRZRfXzUQVQbal?__cft__[0]=AZXmuyUPaCclzwOfbnXFg73pY9VW7bsgztc8lf-NikavO8HiNorAvpl7I0PTKrkFxoS80lfd_IUSWKOglZSK93ifOscZlP4l2PfzAwmoXZfLQsZfkiIJNzeVpwg9-UvbWEfekoW0jaARcmYn8mw5tt-nMDT2P0z0EElfYDm6zccJBz2h1FFxT4chDbSfuFO-Z4s&__tn__=%2CO%2CP-R
Facebook,GMA News,,panoorin maaliwalas na panahon ang nararansan sa ngayon sa bahagi ng san fernando la union kung saan nakataas ang signal no 3 sa kabila ng ganitong lagay ng panahon ay nakaalerto umano ang mga awtoridad sa probinsya at magkakaroon din ng mga pagpupulong para pag usapan ang mga paghahanda sa posibleng epekto ng bagyong via john consulta gma integrated news panoorin maaliwalas na panahon ang nararansan sa ngayon sa bahagi ng san fernando la union kung saan nakataas ang signal no 3 sa kabila ng ganitong lagay ng panahon ay nakaalerto umano ang mga awtoridad sa probinsya at magkakaroon din ng mga pagpupulong para pag usapan ang mga paghahanda sa posibleng epekto ng bagyong via john consulta gma integrated news,https://www.facebook.com/gmanews/
Facebook,Manila Bulletin,2025-08-02 00:00:00,watch the united states will be sending a crisis action team to the philippines to assist in the rescue and relief efforts as the country is continuously being battered with heavy rains that so far affected over 2 7 million people due to widespread flooding and other weather disturbances related problems video courtesy of rtvm watch the united states will be sending a crisis action team to the philippines to assist in the rescue and relief efforts as the country is continuously being battered with heavy rains that so far affected over 2 7 million people due to widespread flooding and other weather disturbances related problems video courtesy of rtvm,https://www.facebook.com/ManilaBulletin/
Facebook,PAGASA,,on a very and strictly intellectual note i m very curious if there has been a time in history when three storms typhoons merged together into one area,https://www.facebook.com/PAGASA.DOST.GOV.PH/posts/pfbid02wANeoEUegA7ji1EGRyRyNG2XTnAc4PmsNV1No41cQgK74NMo1RuxrELboN6aCctml?comment_id=1087909653447998&__cft__[0]=AZUPHhtUIRJcPRrob74Fg98tp6nf4Boid5CzPQ2q_WlNZN_5BvzpgWPgB3lquxemWqH-ZNBqX549uMFJCJxAgHhTUbQrfGLdsQWsQ-dwdtCdGPmzpXhzhwh7vrCTYJogt9uFlWlRknJ44aSq1vJWgwDXmdvQC4DginHG_jr0fPlF6vRpdv0WP8RSaMcLxtMc3kg&__tn__=R-R
Facebook,ABS-CBN,,nakataas ang signal no 3 sa pangasinan at la union dahil sa bagyong nakataas din ang signal no 2 sa ilocos norte ilocos sur apayao abra benguet at ilang probinsya sa northern luzon samantala muling sinuspinde ng malacanang ang pasok sa lahat ng antas at sa mga gov t offices sa ilang rehiyon dahil sa habagat na pinalakas ng 2 bagyo nakataas ang signal no 3 sa pangasinan at la union dahil sa bagyong nakataas din ang signal no 2 sa ilocos norte ilocos sur apayao abra benguet at ilang probinsya sa northern luzon samantala muling sinuspinde ng malacanang ang pasok sa lahat ng antas at sa mga gov t offices sa ilang rehiyon dahil sa habagat na pinalakas ng 2 bagyo mag ingat tayo g lahat god bless us all,https://www.facebook.com/abscbnNEWS/
Facebook,GMA News,2025-07-25 00:00:00,look pagasas heavy rainfall outlook for july 25 to 27 2025 due to tropical cyclone and southwest monsoon habagat courtesy pagasa facebook look pagasas heavy rainfall outlook for july 25 to 27 2025 due to tropical cyclone and southwest monsoon habagat courtesy pagasa facebook,https://www.facebook.com/gmanews/posts/1226388562866132?__cft__[0]=AZUkihsGQL76oFiGtGdRiGlhfnCU_gCDEzNy_R_duTxK_EmrfbLw8bEnzYesSJQ24p57Afdngt8sVdw36LB7ila5AZOm799wxBAfQ6-SJ9aLSzGj7q9KHYP994Y_AV_cUptGA9qGmjObRRKB93_f0_VQdelg929ZIr1JQ0C1g1Uv1m0HE84DdUqXkBYZvjwCoEE&__tn__=%2CO%2CP-R
Facebook,Manila Bulletin,2025-07-23 00:00:00,a woman who went missing after a sports utility vehicle suv was swept away by floodwaters in caloocan city was found dead near the taliptip fishport in bulakan bulacan on wednesday afternoon july 23 a woman who went missing after a sports utility vehicle suv was swept away by floodwaters in caloocan city was found dead near the taliptip fishport in bulakan bulacan on wednesday afternoon july 23,https://www.facebook.com/ManilaBulletin/posts/1198044059030465?__cft__[0]=AZVVQKZDZm5-PgbAYJgX0C-k7Tg3cvDG1GQZaEqkpYvMa_pWPu-vOwuczBH2FiUGr_GZ9n-eEvZ_yPVuhxWRlp_GzF7Rk3c2sj8CKOw4bIJXYY9l-BspzPWIEaCqYbdJJp312cOQqgdARhHA7ydD405oafh0ypqXz7oZzmI8BnCJS4FJwX_NnVqexNsqYqzKSoQ&__tn__=%2CO%2CP-R
Facebook,SunStar Philippines,2025-07-24 00:00:00,storm signals raised due to several areas in northern luzon have been placed under tropical cyclone wind signals tcws due to severe tropical storm emong whose center was located at 245 kilometers west of bacnotan la union as of 7 a m thursday july 24 2025 tcws 3 the northern portion of pangasinan anda bolinao bani and the western portion of la union luna balaoan bacnotan san juan city of san fernando bauang caba bangar tcws 2 ilocos norte ilocos sur the rest of la union apayao abra kalinga mountain province ifugao benguet the central portion of pangasinan agno burgos mabini city of alaminos sual labrador bugallon infanta dasol lingayen binmaley dagupan city calasiao santa barbara mangaldan mapandan manaoag laoac binalonan san manuel san nicolas pozorrubio sison san fabian san jacinto the northwestern and western portions of mainland cagayan rizal santa praxedes claveria and the western portion of nueva vizcaya kayapa santa fe tcws 1 batanes the rest of cagayan including babuyan islands the western and central portions of isabela santo tomas delfin albano quezon mallig quirino roxas san manuel aurora san mateo ramon cordon burgos cabatuan cabagan san pablo santa maria tumauini gamu luna maconacon alicia san mariano naguilian san guillermo city of cauayan echague ilagan city angadanan benito soliven city of santiago reina mercedes san agustin divilacan san isidro jones the rest of nueva vizcaya quirino the rest of pangasinan the northern and central portions of zambales santa cruz candelaria masinloc palauig iba botolan cabangan tarlac and the western and central portions of nueva ecija carranglan lupao talugtug cuyapo nampicuan guimba science city of munoz san jose city pantabangan rizal llanera talavera santo domingo quezon licab aliaga zaragoza san antonio jaen cabanatuan city santa rosa general mamerto natividad palayan city bongabon laur stay safe everyone pagasa storm signals raised due to several areas in northern luzon have been placed under tropical cyclone wind signals tcws due to severe tropical storm emong whose center was located at 245 kilometers west of bacnotan la union as of 7 a m thursday july 24 2025 tcws 3 the northern portion of pangasinan anda bolinao bani and the western portion of la union luna balaoan bacnotan san juan city of san fernando bauang caba bangar tcws 2 ilocos norte ilocos sur the rest of la union apayao abra kalinga mountain province ifugao benguet the central portion of pangasinan agno burgos mabini city of alaminos sual labrador bugallon infanta dasol lingayen binmaley dagupan city calasiao santa barbara mangaldan mapandan manaoag laoac binalonan san manuel san nicolas pozorrubio sison san fabian san jacinto the northwestern and western portions of mainland cagayan rizal santa praxedes claveria and the western portion of nueva vizcaya kayapa santa fe tcws 1 batanes the rest of cagayan including babuyan islands the western and central portions of isabela santo tomas delfin albano quezon mallig quirino roxas san manuel aurora san mateo ramon cordon burgos cabatuan cabagan san pablo santa maria tumauini gamu luna maconacon alicia san mariano naguilian san guillermo city of cauayan echague ilagan city angadanan benito soliven city of santiago reina mercedes san agustin divilacan san isidro jones the rest of nueva vizcaya quirino the rest of pangasinan the northern and central portions of zambales santa cruz candelaria masinloc palauig iba botolan cabangan tarlac and the western and central portions of nueva ecija carranglan lupao talugtug cuyapo nampicuan guimba science city of munoz san jose city pantabangan rizal llanera talavera santo domingo quezon licab aliaga zaragoza san antonio jaen cabanatuan city santa rosa general mamerto natividad palayan city bongabon laur stay safe everyone pagasa,https://www.facebook.com/SunStarPhilippines/posts/1190278056461045?__cft__[0]=AZVRUOym9ukkvdNHukJBm8GWWX8HbMahe0Dfsyebe3ewFBqou2ePzGjHAUxjJUYRkBJEuryCmhBQaLMXydHQFglNKS8fj-cEphJWWQy12VZGa5gWDiVcKOq4ATrNzgZiO5rculipzHCGQP5S136Xxn1WkdXY34Hz2T7UoSKqerSoRWPBtiWb326y1jY16vhaOnA&__tn__=%2CO%2CP-R
Facebook,NDRRMC,2025-07-24 00:00:00,tropical cyclone bulletin nr 6 tropical depression emong 24 july 2025 8 00 am emong maintains its strength as it prepares to move southeastward the center of severe tropical storm emong was estimated based on all available data at 245 km west of bacnotan la union it is moving south southwestward at 15 km h near the center with maximum sustained winds of 110 km h near the center gustiness of up to 135 km h and central pressure of 980 hpa tropical cyclone wind signals tcws in effect signal batanes the rest of cagayan including babuyan islands the western central portions of isabela the rest of nueva vizcaya quirino the rest of pangasinan the northern and central portions of zambales tarlac the western and central portions of nueva ecija signal ilocos norte ilocos sur the rest of la union apayao abra kalinga mountain province ifugao benguet the central portion of pangasinan signal the northern portion of pangasinan the western portion of la union source dost pagasa tropical cyclone bulletin nr 6 tropical depression emong 24 july 2025 8 00 am emong maintains its strength as it prepares to move southeastward the center of severe tropical storm emong was estimated based on all available data at 245 km west of bacnotan la union it is moving south southwestward at 15 km h near the center with maximum sustained winds of 110 km h near the center gustiness of up to 135 km h and central pressure of 980 hpa tropical cyclone wind signals tcws in effect signal batanes the rest of cagayan including babuyan islands the western central portions of isabela the rest of nueva vizcaya quirino the rest of pangasinan the northern and central portions of zambales tarlac the western and central portions of nueva ecija signal ilocos norte ilocos sur the rest of la union apayao abra kalinga mountain province ifugao benguet the central portion of pangasinan signal the northern portion of pangasinan the western portion of la union source dost pagasa,https://www.facebook.com/NDRRMC/posts/1055231630113070?__cft__[0]=AZV8B01T4E400-IJw7BL75MK-AhscWdlrNbz6_bQMCbwQMbpsZSfpUOrH0lSyAqTq3ctbWpb2J_RQtE03fRiiGCPNEsviuJicEeYv6CygvnCZuEhxbejexWfTuG1uWcHwqkArFAug1lIDbz940DKQKDjSXSBuXxGjKHPENZUMn8HS1j4PygdG67CHQ3zcx7-z-4&__tn__=%2CO%2CP-R
Facebook,ABS-CBN,,president ferdinand marcos jr on thursday presides over a meeting at the ndrrmc headquarters in camp aguinaldo quezon city to assess the countrys current situation amid inclement weather due to and via bianca dava abs cbn news mpc pool president ferdinand marcos jr on thursday presides over a meeting at the ndrrmc headquarters in camp aguinaldo quezon city to assess the countrys current situation amid inclement weather due to and via bianca dava abs cbn news mpc pool ano bang gagawin natin,https://www.facebook.com/abscbnNEWS/
Facebook,SunStar Philippines,,flooding again in cebu city a disaster resilient infrastructure specialist explains whats really behind this ongoing problem details flooding again in cebu city a disaster resilient infrastructure specialist explains whats really behind this ongoing problem details,https://www.facebook.com/SunStarPhilippines/posts/pfbid0PCkbMouAjJQCdHxhjJB5peG4F7zKtm3CqNP6JeUWaxssQasRbxFV6HqYYj2Dectql?__cft__[0]=AZXcXr6u0QMmqdkO-nCu_JIbjxfvH_AUoKIL8a8ClKtUsfr0xo7ZJEKxQJ2MntnLWzmWa2onMUYu1pK4Tbczc88pQjjXaF-_bLeuJj-Sq5Z0_q2wX8GGGDN_l5V_mlinEFPzvolOzgAmF32UrwOnd8CTlRkL7fepq4Cofwl-WYzpjJoI-ml1irQ6KZ2F90HeB1c&__tn__=%2CO%2CP-R
Facebook,Philstar News,2025-08-11 00:00:00,a fishing vessel with 11 crewmembers on board sank off the coast of lian batangas amid bad weather and rough sea conditions before dawn yesterday a fishing vessel with 11 crewmembers on board sank off the coast of lian batangas amid bad weather and rough sea conditions before dawn yesterday,https://www.facebook.com/philstarnews/posts/pfbid02RiSK7iBFuWnBvd5TYKbca5r82a8eZM6eucfF4191gsZKcLZsxzXLxxDLV4qTPhjtl?__cft__[0]=AZUo485jWD99Bx5zQlGXb5k4cTqgE5KRXu3Ub45cvALXmBDQJRt3nbcwBg76H0q_LXJHfI4-NquR3Aej-D5CGQ4FN6dKGfR2-Rs6E1Pvr89vnuwNkBKvbVhym15Vn2jti_x8S0fXSkDDmARrSkRhScreecp0sHtP8iLjxlSqWSggLNhnrsxpn34NckFuqSvgbD0&__tn__=%2CO%2CP-R
Facebook,PAGASA,2025-07-24 00:00:00,weather advisory no 36 for tropical cyclone emong and southwest monsoon issued at july 24 2025 11 a m heavy rainfall outlook due to tropical cyclone emong today to tomorrow noon 50 100 mm cagayan kalinga apayao isabela nueva vizcaya and nueva ecija 100 200 mm ilocos norte tarlac abra mountain province and ifugao 200 mm ilocos sur la union pangasinan zambales and benguet tomorrow noon to saturday noon july 26 50 100 mm ilocos sur abra and kalinga 100 200 mm ilocos norte apayao batanes and cagayan heavy rainfall outlook due to southwest monsoon today to tomorrow noon 50 100 mm quezon oriental mindoro palawan marinduque romblon antique camarines sur and albay 100 200 mm metro manila pampanga bulacan cavite batangas laguna and rizal 200 mm bataan and occidental mindoro tomorrow noon to saturday noon july 26 50 100 mm nueva vizcaya nueva ecija bulacan metro manila laguna rizal oriental mindoro palawan marinduque and romblon 100 200 mm zambales bataan occidental mindoro la union pangasinan benguet tarlac pampanga cavite and batangas saturday noon to sunday noon 27 july 50 100 mm tarlac pampanga and palawan 100 200 mm zambales bataan and occidental mindoro forecast rainfall may be higher in mountainous and elevated areas moreover impacts in some areas may be worsened by significant antecedent rainfall the public and disaster risk reduction and management offices concerned are advised to take all necessary measure to protect life and property pagasa regional services division may issue heavy rainfall warnings rainfall thunderstorm advisories and other severe weather information specific to their areas of responsibility as appropriate unless significant changes occur the next weather advisory will be issued at 5 00 pm today for additional information the key difference between a heavy rainfall warning and a weather advisory lies in their forecast period coverage areas and accuracy a heavy rainfall warning provides forecasts for the next three hours and applies up to the municipal level it is more precise as it utilizes doppler radar technology to track real time rainfall intensity making it highly effective for immediate decision making in flood prone areas a weather advisory on the other hand covers a 24 hour period but is issued only at the provincial level it provides a broader outlook on potential weather disturbances but lacks the short term accuracy of heavy rainfall warnings for class suspensions or other official decisions please refer to heavy rainfall warnings issued by the respective pagasa regional services divisions northern luzon prsd pagasa national capital region prsd pagasa southern luzon pagasa visayas prsd mindanao prsd weather advisory no 36 for tropical cyclone emong and southwest monsoon issued at july 24 2025 11 a m heavy rainfall outlook due to tropical cyclone emong today to tomorrow noon 50 100 mm cagayan kalinga apayao isabela nueva vizcaya and nueva ecija 100 200 mm ilocos norte tarlac abra mountain province and ifugao 200 mm ilocos sur la union pangasinan zambales and benguet tomorrow noon to saturday noon july 26 50 100 mm ilocos sur abra and kalinga 100 200 mm ilocos norte apayao batanes and cagayan heavy rainfall outlook due to southwest monsoon today to tomorrow noon 50 100 mm quezon oriental mindoro palawan marinduque romblon antique camarines sur and albay 100 200 mm metro manila pampanga bulacan cavite batangas laguna and rizal 200 mm bataan and occidental mindoro tomorrow noon to saturday noon july 26 50 100 mm nueva vizcaya nueva ecija bulacan metro manila laguna rizal oriental mindoro palawan marinduque and romblon 100 200 mm zambales bataan occidental mindoro la union pangasinan benguet tarlac pampanga cavite and batangas saturday noon to sunday noon 27 july 50 100 mm tarlac pampanga and palawan 100 200 mm zambales bataan and occidental mindoro forecast rainfall may be higher in mountainous and elevated areas moreover impacts in some areas may be worsened by significant antecedent rainfall the public and disaster risk reduction and management offices concerned are advised to take all necessary measure to protect life and property pagasa regional services division may issue heavy rainfall warnings rainfall thunderstorm advisories and other severe weather information specific to their areas of responsibility as appropriate unless significant changes occur the next weather advisory will be issued at 5 00 pm today for additional information the key difference between a heavy rainfall warning and a weather advisory lies in their forecast period coverage areas and accuracy a heavy rainfall warning provides forecasts for the next three hours and applies up to the municipal level it is more precise as it utilizes doppler radar technology to track,https://www.facebook.com/PAGASA.DOST.GOV.PH/posts/pfbid0nYC92Eh2B78QpYkwR87VCYtiW9LFqhM424TJ28MYKosoRE1ydjUsrRPH3MgMxkoql?__cft__[0]=AZXM_qE_dAuIOzET2YuZPcsk_j1BxeBzyPrHQ2zte6Tt0F-qVHoZHfKMEEndWSvfi2ewWLo-gwEyYXv3bHuBiKzOwp9P-IxBHAd0Ay9gdqD6Wj5FYgV_s9IW7ZfG7BeyiiXu213H_RzM2whYx5HqqPXiaqiAmfQIyyqQQNIb5MOzeYyk18DGB93Raw17ieVXFOc&__tn__=%2CO%2CP-R
Facebook,untvnewsrescue,2025-08-10 00:00:00,emong international name co may has intensified into a typhoon image from pagasa issued 10 00am emong international name co may has intensified into a typhoon image from pagasa issued 10 00am dante wala napo ba,https://www.facebook.com/UNTVNewsRescue/posts/pfbid0f798XYPfjuSdcTZuohmxCpqJBhTVRTNZMt3PoWfUSnMFuRSrW9dh6uWtuSyTupZ7l?__cft__[0]=AZUhqZoRtcMZ-UkN3Au4YSsq6FVzae0bqrWyaYVZie_cwK1LaMYEcawD3md-ZI-MOCMkhWStwNTnAgLh96Jp7E8w6DXLHnaaB-7tEEIQC0f4-mXkdfPexC4o1pxJTxT5Y0fWYbnBoswOwJNxzLSfoWL9y0I38Utu-71GDvXp1ueL0EPDHGU6xe-oXgH1dGIATHE&__tn__=%2CO%2CP-R
Facebook,PHIVOLCS,2025-07-24 00:00:00,earthquake information no 1 date and time 24 july 2025 10 05 am magnitude 2 0 depth 019 km location 11 70n 125 01e 001 km s 23 w of san sebastian samar earthquake information no 1 date and time 24 july 2025 10 05 am magnitude 2 0 depth 019 km location 11 70n 125 01e 001 km s 23 w of san sebastian samar,https://www.facebook.com/PHIVOLCS/posts/pfbid02dh1jkgHtLLU1g3a2wemXREiJsnKcwtPcLSeDs8TGrqWCcZFHSVtho8Gc4jLPBZfql?__cft__[0]=AZVnUxYBU7lDicFlkF5m6rU2bxObCxP7RIUVKtiMdmTlgFe62XBf2kociTu2hUbX0IH01CHXutuvSbCRFiMC6iNN8IVOiT8Pzc4RJ98DjR2fwPqeprG82dWsYtwGiAqP-wADEwKjlBh-6kFlUXRypXXfhsOR4om3vGZNLDjohm_1ykJAxsbBgYn6TkumOSYBIMM&__tn__=%2CO%2CP-R
Facebook,Rappler,2025-08-02 00:00:00,watch wins in the historic world court opinion on climate crisis the international court of justice delivered its historic advisory opinion on climate crisis giving some wins to small states which wanted a legal framework to hold accountable the big states that are in breach of their responsibility to protect climate systems reporters lian buan and iya gozum give initial summaries right after the 2 hour session at the hague watch wins in the historic world court opinion on climate crisis the international court of justice delivered its historic advisory opinion on climate crisis giving some wins to small states which wanted a legal framework to hold accountable the big states that are in breach of their responsibility to protect climate systems reporters lian buan and iya gozum give initial summaries right after the 2 hour session at the hague,https://www.facebook.com/rapplerdotcom/
Facebook,Manila Bulletin,,watch activists on wednesday called for more protests of a new law that they say weakens ukraines anti corruption watchdogs following the first major anti government demonstration in over three years of war video courtesy of associated press watch activists on wednesday called for more protests of a new law that they say weakens ukraines anti corruption watchdogs following the first major anti government demonstration in over three years of war video courtesy of associated press nagising sila laban sa lider nilang adik,https://www.facebook.com/ManilaBulletin/
Facebook,SunStar Davao,2025-08-20 00:00:00,after years of anticipation and relentless collaboration the department of trade and industry dti davao de oro officially inaugurated a p13 6 million shared service facility ssf for natural crumb rubber spr 20 processing at the laak multipurpose cooperative lampco after years of anticipation and relentless collaboration the department of trade and industry dti davao de oro officially inaugurated a p13 6 million shared service facility ssf for natural crumb rubber spr 20 processing at the laak multipurpose cooperative lampco,https://www.facebook.com/sunstardavaonews/posts/pfbid0aV2gJksrkhUVvQ5ij25UjBtXSvKK6GjsDYdZHGR2ZNZhkbo1dvhGtRRQXXuMV15Jl?__cft__[0]=AZVvBpuhvurr1P97OY1GPSkFFKW8qWcwvzCg8dEkHhBB-ssEpUj9KWhdvYTsxk--kJ45OsSmedj8kUijtclFtXhfWaYdGQ15f15iC1y8O2iEozn7cz2ygK4kJnLFUmvnU5dTL6D-4zqtBd8oYVEKxhZ-LnnS79_fv5IuhDID8fTTrsjVV0L4jD20inKDL1Peac4&__tn__=%2CO%2CP-R
Facebook,#floodalert,2025-07-24 00:00:00,river wall sa navotas city bumigay tubig baha rumagasa panoorin sa kuha ng isang netizen makikita ang mabilis na pagragasa ng tubig baha sa ilang kabahayanhindi dahil sa malakas na ulan kundi bunsod ng pagkasira ng bahagi ng pader ng isang pribadong kompanya sa gilid ng navotas river sa st brgy ngayong umaga ng huwebes hulyo 24 2025 ayon sa mga ulat mataas na ang tubig sa ilang bahagi ng celestino st at pinangangambahang tumaas pa lalo dahil sa inaasahang high tide dayana bolante zapiter via facebook hazard web philippines 24 july 2025 river wall sa navotas city bumigay tubig baha rumagasa panoorin sa kuha ng isang netizen makikita ang mabilis na pagragasa ng tubig baha sa ilang kabahayanhindi dahil sa malakas na ulan kundi bunsod ng pagkasira ng bahagi ng pader ng isang pribadong kompanya sa gilid ng navotas river sa st brgy ngayong umaga ng huwebes hulyo 24 2025 ayon sa mga ulat mataas na ang tubig sa ilang bahagi ng celestino st at pinangangambahang tumaas pa lalo dahil sa inaasahang high tide dayana bolante zapiter via facebook hazard web philippines 24 july 2025,https://www.facebook.com/hashtag/FloodAlert
Facebook,Rappler,2025-07-24 00:00:00,watch vehicles and pedestrians deal with floods along parts of c arellano street in malabon city on thursday morning july 24 2025 the flooding is exacerbated by the broken malabon navotas navigational gate which remains in disrepair a year after president marcos ordered concerned agencies to fix it video by carolyn vicencio watch vehicles and pedestrians deal with floods along parts of c arellano street in malabon city on thursday morning july 24 2025 the flooding is exacerbated by the broken malabon navotas navigational gate which remains in disrepair a year after president marcos ordered concerned agencies to fix it video by carolyn vicencio,https://www.facebook.com/rapplerdotcom/
Facebook,GMA News,,yero na lang ang natira sa tahanan ng isang lola sa palawan matapos nitong masunog umalis daw saglit ang matanda para pumunta sa bahay ng kanyang anak pagbalik niya nilalamon na ng apoy ang pinakaingat ingatan niyang bahay panoorin ang video sa mga nais mag abot ng tulong maaaring makipag ugnayan sa apo ni lola maria na si leonel gregorio loresto o sa kanyang kapitbahay na si charles q degillo sa kanilang facebook accounts yero na lang ang natira sa tahanan ng isang lola sa palawan matapos nitong masunog umalis daw saglit ang matanda para pumunta sa bahay ng kanyang anak pagbalik niya nilalamon na ng apoy ang pinakaingat ingatan niyang bahay panoorin ang video sa mga nais mag abot ng tulong maaaring makipag ugnayan sa apo ni lola maria na si leonel gregorio loresto o sa kanyang kapitbahay na si charles q degillo sa kanilang facebook accounts awwww,https://www.facebook.com/gmanews/
Facebook,Manila Bulletin,2025-07-24 00:00:00,watch tropical cyclone emong international name co may intensified into a severe tropical storm on thursday morning july 24 while moving over the sea west of ilocos region on thursday morning july 24 said the philippine atmospheric geophysical and astronomical services administration pagasa pagasa added that it may strengthen into a typhoon before landfall over ilocos between thursday evening and early friday morning july 25 read more watch tropical cyclone emong international name co may intensified into a severe tropical storm on thursday morning july 24 while moving over the sea west of ilocos region on thursday morning july 24 said the philippine atmospheric geophysical and astronomical services administration pagasa pagasa added that it may strengthen into a typhoon before landfall over ilocos between thursday evening and early friday morning july 25 read more,https://www.facebook.com/ManilaBulletin/
Facebook,SunStar Philippines,2025-07-22 00:00:00,474 ka mga tinun an ug bag ohay lang nga nigraduwar sa davao del norte state college dnsc nakadawat og tabang pinansiyal ilawom sa department of social welfare and developments dswd cash for work program atol sa culmination ceremony nga nahitabo niadtong hulyo 22 sa dnsc gymnasium 474 ka mga tinun an ug bag ohay lang nga nigraduwar sa davao del norte state college dnsc nakadawat og tabang pinansiyal ilawom sa department of social welfare and developments dswd cash for work program atol sa culmination ceremony nga nahitabo niadtong hulyo 22 sa dnsc gymnasium,https://www.facebook.com/SunStarPhilippines/posts/pfbid02EVYb33bafQsZF3h5L39bS6Sgv5knXFBLtbUto9WZDfJY7k3DcGXbrrB9nyaUuDiMl?__cft__[0]=AZUUKlwPHmkUv3iWKRDR2Se20BYXSQOJ7sX7CmPAPw62Coht_DY8IH19ss6JhmEKnVbQq4ddgVjmiuIt9V79meEx98745ywzQcvGS8U5KnPrpaBpTb-Y0qmsjmfD5Ej3cf7taummdIYfAOvqNqqmCa6Vk4hwwJ8YEJt2ukgUMsDzqX8q26klAV9RkeUNWDEasUU&__tn__=%2CO%2CP-R
Facebook,NDRRMC,2025-07-24 00:00:00,press conference ts dante ty emong and soutwest monsoon at 11am july 24 2025 thursday press conference ts dante ty emong and soutwest monsoon at 11am july 24 2025 thursday more clouds more water inland 4th 3rd 2nd,https://www.facebook.com/NDRRMC/
Facebook,ABS-CBN,2025-08-03 00:00:00,the laguna lake development authority said this signals a heightened risk of flooding for lakeshore and low lying communities the laguna lake development authority said this signals a heightened risk of flooding for lakeshore and low lying communities may need the paranaque spillway cause it will take 3 to 4 months to subside,https://www.facebook.com/abscbnNEWS/posts/pfbid029vpVgYUnTHm5JKPx9umvJq7zkc8yFDJqaagv6GzVzdZydydkf8KJiERVP9KxBavkl?__cft__[0]=AZWKdL0va9IMmhQRJn69l4_g5AmUhix__xvIxyjzfFMTtqtZzcaC4HtUnDSwk0VcqcfIEEgWhyldm0jVPa0yipaWRCi8RFyk-2Khu8o_rZPTXDHNAArMQk_tBG1tK1UebOOsCvRuxl5EHYnhJ_oCzZx_JzsUu_gOYQYwvOLF9LmztPbdkA-Tbe7OdVw8X-CY2rU&__tn__=%2CO%2CP-R
Facebook,GMA News,,forced evacuation ipinatupad sa brgy gsis sa san pedro laguna dahil sa banta ng masamang panahon unang balita forced evacuation ipinatupad sa brgy gsis sa san pedro laguna dahil sa banta ng masamang panahon unang balita,https://www.facebook.com/gmanews/
Facebook,SunStar Philippines,,massive losses in pampanga crop and fisheries losses in pampanga have soared to over p470 million due to the impact of three typhoons and the southwest monsoon the pdrrmo reported rice crop damage alone accounted for p143 3 million with apalit candaba and arayat towns the hardest hit massive losses in pampanga crop and fisheries losses in pampanga have soared to over p470 million due to the impact of three typhoons and the southwest monsoon the pdrrmo reported rice crop damage alone accounted for p143 3 million with apalit candaba and arayat towns the hardest hit,https://www.facebook.com/SunStarPhilippines/posts/pfbid0472v8uz2STNyveQyy274yNfwEHrD8UUdPbE2b8anyMjvzUnSEWaQFdoAaws1GvYzl?__cft__[0]=AZUBS81hS3zwKQjRD_nTlX1OK5lX6RSwu9W-mSNhJBHhREDoQPIcVFi03SbPo0KCYu8umCp6meHbJ00zKqzzVD41Gnbd87HtHaiUIO-nRlwDjMcjwjO13W9Zaz5LgUz6PrDnXsJ6tiVpLtk33HjRKDyK7qzsnIfGq_BUureDblTSO4IAuB3xXGjPmdXBztgk_TA&__tn__=%2CO%2CP-R
Facebook,PAGASA,2025-07-24 00:00:00,flood advisory for cagayan river basin issued at 11 00am 24 july 2025 flood advisory for cagayan river basin issued at 11 00am 24 july 2025,https://www.facebook.com/PAGASA.DOST.GOV.PH/posts/pfbid02GL8kerDckY5GZExiKkBdcAD2ZwUFXY3MP6CqvmMwewmU8eFPmh1NqPG3XLHhmi98l?__cft__[0]=AZWkovb3pljGOB0AJnNsdFsfUDsYeJ6WNj-xjYjM1-X7B8-bRRIn-SKZN-A_O2ybOUj2j2MYKg9dyg2cXUZiZ6UQ7AGo6jn7C8kdJtcQ3XEbrFcMQaV_lgvi8b7oNmLS-jQGPqWDYfK4dsXBnkQgjIUmd9dI6onxbtqKM4xpWKWJPVMeTISov3MYor-KvUUou8I&__tn__=%2CO%2CP-R
Facebook,NDRRMC,2025-07-24 00:00:00,maging alerto lalawigan ng ndrrmc 11 55am 24jul25 signal sa ilocos sur malakas na hangin ang inaasahan sa loob ng 18 oras lahat ay pinag iingat maging alerto lalawigan ng ndrrmc 11 55am 24jul25 signal sa ilocos sur malakas na hangin ang inaasahan sa loob ng 18 oras lahat ay pinag iingat ibahagi at ikomento ang kalagayan sa inyong lugar mag ingat po tayong lahat,https://www.facebook.com/NDRRMC/posts/pfbid0B2APBK8ELftE1W1JcYknt2BKHUoYEAR8Nfo2VdrNbV8AafARXvE3iDqaV2KozHt6l?__cft__[0]=AZUql-WooDPqCGXvgMIMesJT_0pxB5goeOEgMhh3I8DkHGBXsOJiwIGwnlLVXT6FixwEprcslRr9QBZhh2GyejRErVxrpOpbF6V99AZZNCfimrTcq0s6NTtOG4P7ynZl0LYT2a-Q_H5MnNTyUAcQMxa3w0hYCt2cpgvaSbTY1xplC98yVfVuMrt1hyGdTBaLufE&__tn__=%2CO%2CP-R
Facebook,Davao City DRRMO,2025-07-25 00:00:00,ugma hulyo 25 2025 sa alas 9 sa buntag ipahigayon ang ika 5 nga city wide full scale earthquake and tsunami shake out simulation exercise sabay sabay ta mag drop cover and hold on sulod sa usa 1 ka minuto unya mag evacuate pa gawas sa inyong mga panimalay o establisiyemento kung adunay mga warning signs nga nagpakita og posibilidad sa tsunami magpagula dayon og abiso ang atong opcen patingogon ang mga sirena ug muadto dayon kamo sa pinakaduol nga high ground kung naa mo sa mga tsunami prone areas gina awhag namo ang tanang dabawenyo nga moapil ug mupartisipar sa ipahigayong city wide full scale earthquake and tsunami shake out simulation exercise daghang salamat kini usa ra ka simulation exercise dili mag panic ugma hulyo 25 2025 sa alas 9 sa buntag ipahigayon ang ika 5 nga city wide full scale earthquake and tsunami shake out simulation exercise sabay sabay ta mag drop cover and hold on sulod sa usa 1 ka minuto unya mag evacuate pa gawas sa inyong mga panimalay o establisiyemento kung adunay mga warning signs nga nagpakita og posibilidad sa tsunami magpagula dayon og abiso ang atong opcen patingogon ang mga sirena ug muadto dayon kamo sa pinakaduol nga high ground kung naa mo sa mga tsunami prone areas gina awhag namo ang tanang dabawenyo nga moapil ug mupartisipar sa ipahigayong city wide full scale earthquake and tsunami shake out simulation exercise daghang salamat kini usa ra ka simulation exercise dili mag panic,https://www.facebook.com/DavaoDRRMO/posts/pfbid02ppmoiHgMdCDHHTuNhUfq3JaaxsjxX6fXK7CmWWF12qFMsZ3fPbqh3jA3VbEikHTCl?__cft__[0]=AZUi3ZeHA9bb-l4fxiU9Erg1mnXqXKYxV_PpiVQMI2HzgvJu0unw2HN4KyWpyvtsAdkvK8KkELn2RnbqP8Oj5KoLpWlfHNqJ1UDFFocmLk1XUcVdGVctmbDR2C5Qvsic2Rr2MEVp0PGPUV1kzyCxDCVKjSqRjcyLpCU9vnFLUCkIgVJRBU8z5dDtSaDs0s2pTfA&__tn__=%2CO%2CP-R
Facebook,PHIVOLCS,2025-07-24 00:00:00,earthquake information no 1 date and time 24 july 2025 11 48 am magnitude 2 6 depth 025 km location 06 73n 126 73e 047 km s 41 e of tarragona davao oriental earthquake information no 1 date and time 24 july 2025 11 48 am magnitude 2 6 depth 025 km location 06 73n 126 73e 047 km s 41 e of tarragona davao oriental,https://www.facebook.com/PHIVOLCS/posts/pfbid02Amxswk7NDhkWrXTMeAGuhphwAd4gTV3HUmAHTbNAkchPsK187u3mZnQ9bwdoWvobl?__cft__[0]=AZUMdTn0Ao7LMCnAqkdsqLzQTj6sMSZduJaaNhE7dCOx28GsT-lBHs4b1zaCxbJS5cB1Ir5XGtdQpaLZYoja3O13VYN2sUFi2h9ZIEi-zwxssuviXGkOGxHOTA-dd4AukmADfg560BhmUCdGqqM86CPk16a4T2OfWA-0l07hEVhky7vYzvYIWq6-MgIbfdPvebo&__tn__=%2CO%2CP-R
Facebook,ABS-CBN,2025-07-24 00:00:00,nakalabas na ng philippine area of responsibility ang bagyong as of 3 p m huwebes hulyo 24 2025 ayon sa pagasa nakalabas na ng philippine area of responsibility ang bagyong as of 3 p m huwebes hulyo 24 2025 ayon sa pagasa,https://www.facebook.com/abscbnNEWS/posts/pfbid02H9kTZDHMWxF9REhW2KFAxaF3w6PBYfwU6g1fNnWpve1GFiLjm8csn1MQaC9nMZLzl?__cft__[0]=AZXJxqbH4DTV_dWiYCnuXavcGZJzJZNDddL65sEC6r4-5MvVS86-6-BxKhRo11pEBOyZUcT89_PuFjKn4059yjCXhSVTgN8pdTVNC3voNAzj82Fzc7W9q1TnVcrpJd5wmkTAXywXmowSE_o6GWmS9LVJ4otOXe3NPgNqf8sBbg2VGpaCPE_biPg2CUyH4z2bZtA&__tn__=%2CO%2CP-R
Facebook,Rappler,,of the six f 16 fighter jets that thailand readied to deploy along the disputed border one of the aircraft fires into cambodia and destroys a military target the thai army says of the six f 16 fighter jets that thailand readied to deploy along the disputed border one of the aircraft fires into cambodia and destroys a military target the thai army says not in asean pls,https://www.facebook.com/rapplerdotcom/posts/pfbid02XY1HNA4dVgFrPzTiugdzGtxLrBEj7vjMQYJah1K1Qz211mPY4x8piVbNuNPXvy3Fl?__cft__[0]=AZW9jivYHdTdPe0MmmTdpWC30x9SFRO1-IsHUsdm3-zNIuUfpfVUwptRI0DYVhqRXwDrzI5Y27U1dX21V0cSiY6e5mMRHduDnOS_fql6hVpTjwbJvoTpy4jkzCf9HaTow7N7MV4cI-S6bhFfmw1FEh-uHPExRd0ITYXtNd9Jx2pmdnMdApgEOFwjPuZmTCP0MnM&__tn__=%2CO%2CP-R
Facebook,Manila Bulletin,2025-07-25 00:00:00,several metro manila cities have announced the suspension of classes on friday july 25 due to the continued effects of the southwest monsoon habagat and the threat of flooding from high tide read several metro manila cities have announced the suspension of classes on friday july 25 due to the continued effects of the southwest monsoon habagat and the threat of flooding from high tide read 2 several,https://www.facebook.com/ManilaBulletin/posts/pfbid0q3LJCpNbpJV39SLWWEtA5EW8eM8GiF3rGskdc827CTuFSJSoAtdgq3WqYbmC4Mpzl?__cft__[0]=AZWdzLgasgW2GAzO5kVLS5jfvsQ9-DRbtyy5KZPM2p-vlPyOSW1qTSkKUqjbZ5-1IrGf6X1oTcngDe7kg_dntq5ZjCX_vg_0mPm03O7Mf5Q3Dl3oNNe1lGDYK-DIWLe7oVy-GvMpvqQVh_CoHWU2PyrsDfb5yAHU6b28dsr8qftUpr3dMupwJkkH4t6HMWSjrNs&__tn__=%2CO%2CP-R
Facebook,Philstar News,,the association of firearms and ammunition dealers of the philippines inc afad said the recent amendment to the philippines guns law would be a huge boost for the countrys shooting industry via philstar sports hub the association of firearms and ammunition dealers of the philippines inc afad said the recent amendment to the philippines guns law would be a huge boost for the countrys shooting industry via philstar sports hub,https://www.facebook.com/philstarnews/posts/pfbid02vmsowV15Rvz4LpjRrE1hkzkTRMAKFzqwdemeGguPVjV1eiMdoUmZAfqpUtkjKmYFl?__cft__[0]=AZVvsmqCWxngIQq99jZ09wOmpJT33o2HAB8kafD9Y0BPyhC89en9tLjE62MW_H9xtm75WB525JPgEeOKVjsuaDulZ15GFejDZuikIwNWZJoJ_z5omr12eU_lDjFORevhLQDYxdnD11so7PdqDRMgJl6xdjX1eMlK72W1QDAaQLRf37964FUHKlPr6wpXUfAWUWY&__tn__=%2CO%2CP-R
Facebook,PAGASA,2025-07-24 00:00:00,at 03 00 pm today july 24 tropical storm dante exited the philippine area of responsibility par at 03 00 pm today july 24 tropical storm dante exited the philippine area of responsibility par thank you lord,https://www.facebook.com/PAGASA.DOST.GOV.PH/
Facebook,NDRRMC,2025-07-24 00:00:00,maging alerto mga lalawigan ng at ndrrmc 2 32pm 24jul25 asahan 2 3 metro taas ng alon at storm surge dulot ni bagyong emong humanda sa paglikas ang nasa mababang lugar na nasa tabing dagat maging alerto mga lalawigan ng at ndrrmc 2 32pm 24jul25 asahan 2 3 metro taas ng alon at storm surge dulot ni bagyong emong humanda sa paglikas ang nasa mababang lugar na nasa tabing dagat ibahagi at ikomento ang kalagayan sa inyong lugar mag ingat po tayong lahat,https://www.facebook.com/NDRRMC/posts/pfbid02sYFhiY1NLFypTKichbd8cFbgMczCgwzD8qNQCsUQ17S6fPcVjsMLntqkdzSQmD5cl?__cft__[0]=AZXVz2ohCaGGp2qQfstGVKBdyL0PZCGYdhILT4q7MYraBX3I4mgoimUnprevLJ2yzGTYQW73ErVn2MKcPlAcj52N341QLj5asOFwKJxNeMWtDR_1_fwWl6vXsxUPlHy7bwJq7EYzVkndA0POL8_3y_AeZdY0u0VI3lpcujghNv7Kmf8cRk9mi2rcF7mCDrCq3tk&__tn__=%2CO%2CP-R
Facebook,Davao City DRRMO,,habagat southwest winds an ilocano word for abagatan meaning south it occurs june to september during the humid and rainy season,https://www.facebook.com/DavaoDRRMO/posts/pfbid0Fuzw63gVAtPcdUrUrcNaR5nLvzR9pHw18wnbkzDVVjyfMNB5KNWFirUewvK2Q2sYl?comment_id=612052638235665&__cft__[0]=AZXH9h3Tb28cCdlNiXsTPN329I-tylSAlQfXayKGHJ1Fsahby0lPTf1JEYTsNL4nEl1tNzkc9rnwdLFDK_owPqBtTzAZf3I-g12tr8I8mUd11tWMqfwTadrmzPsBuVyPKonFuJdunWXYuxMuzn5cTWQ4q7A8KVSnCdOgY-4WFJusGHM9C7ANRw0CuKvCMMrhQQI&__tn__=R-R
Facebook,PHIVOLCS,2025-07-24 00:00:00,earthquake information no 1 date and time 24 july 2025 03 17 pm magnitude 1 5 depth 068 km location 14 06n 120 41e 024 km s 85 w of nasugbu batangas earthquake information no 1 date and time 24 july 2025 03 17 pm magnitude 1 5 depth 068 km location 14 06n 120 41e 024 km s 85 w of nasugbu batangas,https://www.facebook.com/PHIVOLCS/posts/pfbid0AR78jVVgB4UBQAVpTV2Wr6Fd3qk965ZRo9XAQ2zDPrJdjZ9LSZAtedmHwthi9cnKl?__cft__[0]=AZUpsx6ub7kfk4TDxjdcB9c-Ctb6E_kRVOhbPYCGEe6rVoZ_JZOV2qMMntaQKgKAepiVKxFKUa7HbuS4FiNLhzgOj-zw-SEm19c56y-LGCeS0ynLCU5GrCAwewtQOK4nUwBvyPrzrVf0R53d_6WWRjLA671GHhQ8id6R5Wqybb9vGgWF6Vg7UrK6GdafsCDyok4&__tn__=%2CO%2CP-R
Facebook,Philstar News,2025-07-24 00:00:00,valenzuela is now under state of calamity valenzuela city has been placed under a state of calamity on thursday july 24 due to flooding caused by the southwest monsoon habagat and tropical storms and valenzuela city via facebook valenzuela is now under state of calamity valenzuela city has been placed under a state of calamity on thursday july 24 due to flooding caused by the southwest monsoon habagat and tropical storms and valenzuela city via facebook,https://www.facebook.com/philstarnews/posts/pfbid02dqyAaXpWJVcbJHhHFSjcsqF7Ls4ZTUHYivc5eNU4w9SWMXvcTENEZFPZP6oTybe8l?__cft__[0]=AZV6VeHJ0UIJjNfjCThfB-RgYaPMwZCQ7-q-ghD4pvW6qpk4h2De6j_yKGeHn4lTehYZpQ0uu7GbLSibzcyqXRSRNy-oDEbH8C2EH9Lhvx2ApxHuVuDu_0upyl6RRuipKIvtUqSX10p19INCpS53L1urERG5Yuh5jlG-KehPSXwgB81-GbaWkCtpwYLX-09YumY&__tn__=%2CO%2CP-R
Facebook,NDRRMC,,pbbm visits flood hit area leads aid distribution in rizal town president ferdinand r marcos jr on thursday visited families displaced by massive flooding in san mateo rizal during his visit to the maly elementary school in san mateo town marcos checked on the condition of the residents temporarily seeking shelter at the evacuation site source pna news read more pbbm visits flood hit area leads aid distribution in rizal town president ferdinand r marcos jr on thursday visited families displaced by massive flooding in san mateo rizal during his visit to the maly elementary school in san mateo town marcos checked on the condition of the residents temporarily seeking shelter at the evacuation site source pna news read more may suspension po ba tomorrow ndrrmc,https://www.facebook.com/NDRRMC/posts/pfbid02Ar7aVSnoVuptEH1gGfk4ZueEQytE4xMcSoXcY9Hcu3jLS4szELEt1dfaiTHNYkmgl?__cft__[0]=AZXQeUWAaA8B3oGmNQbHhFPebUVP-YUBMl1I6BR-SBS_1c2bfclOF1YVaQ04WTtyrgU06BDxKSlgOTvThzFv2JiRWSo4u5frigebYDAVQ6BxPXwChHkWdv8px3GL7iDa4FiH_NAbOAB-yubrHIV5ClYyMqPfcMzc0clNytorXmGcF8_sciUbJ3kwpXJih4XkXGQ&__tn__=%2CO%2CP-R
Facebook,ABS-CBN,,a united states military aircraft is on its way to the philippines to bring in humanitarian assistance and disaster response hadr equipment as the country dealt with the effects of successive tropical cyclones and the enhanced southwest monsoon or habagat a united states military aircraft is on its way to the philippines to bring in humanitarian assistance and disaster response hadr equipment as the country dealt with the effects of successive tropical cyclones and the enhanced southwest monsoon or habagat yown my spam at vienna sausage na kaso pag dating sa makakatanggap ligo at cdo meat loaf na aray ko,https://www.facebook.com/abscbnNEWS/posts/pfbid0c9nmUKaBHd9HKartqfKTyyG6fDpCe7Mof9moAywhsBzPXQFoq7qxGfbHCXnE3fUyl?__cft__[0]=AZVhgEwLt8hh_N-bNnVvIvmXxMy0nPr7Le-48gNcN06XCm6er1EMwYLQYDEE_b03gT024qzkAbXj9jpkrrSlZQ0RDhINi4SfzHsNK6pD2B1pwr0u_bP1g2XomAx5_dpmfXX84kZzhKPhmz5Swj5dw1UFpt6gWJCcrBL0xWi8uyYuM1vUfLiM8c-r0dp1dMywyhg&__tn__=%2CO%2CP-R
Facebook,Manila Bulletin,,president marcos said the government is now looking for other teaching ways in order for students to continue learning amid the suspension of classes which has now reached four consecutive days due to typhoons president marcos said the government is now looking for other teaching ways in order for students to continue learning amid the suspension of classes which has now reached four consecutive days due to typhoons dumating na ba si bangag sarap cguro sumakay ng gulfstream global 8000 sayang hindi nag crash magkita na sana suka ni marcos sr,https://www.facebook.com/ManilaBulletin/posts/pfbid02Awgd1nHJr3mBJ56MJkU52psAqDBz7kEMz58SwhtvqCDuVuX9bZXRoUzvtuJoHPG9l?__cft__[0]=AZXKzzrkooGJBF2Ck1xw2Of3bWbA1z5y13M3_xebYLuCOrXGDr2MsB_JZgacrO8I8eCcKH_qJPwFr5K2VPstrM_B4_0OlIb3xbA3TBSqwgnJgjm9XlZs1-TzWVGWQRd5MMIW_T9O-4j02rec_omioClWn0KVnbMN8NhCSHJyH8Ght8ocwQ77J2EII_UC61dQBhI&__tn__=%2CO%2CP-R
Facebook,SunStar Philippines,2025-08-03 00:00:00,amid flooding in pampanga doh region 3 director corazon flores led a visit to evacuation centers to monitor health conditions the agency provided medical care flood related medicines and worked to maintain sanitation and water safety while remaining on code white alert amid flooding in pampanga doh region 3 director corazon flores led a visit to evacuation centers to monitor health conditions the agency provided medical care flood related medicines and worked to maintain sanitation and water safety while remaining on code white alert,https://www.facebook.com/SunStarPhilippines/posts/pfbid02ZGom8TKiDhKEi7zpkyibM2iAZUxG9u2RaCb4ybtLsbUY7VwUuhvsaAnfpx5Ese9Ml?__cft__[0]=AZXf85w4R0nPK-LoK9fy7e-r2gH9PLnwqWqOqWlNsirvQEufdUdRkwsweIWTdwTveD1JwEjP98qc1Us9xgBu9p85qwx7r_NhP4qni-Klfhb2Ihtur9Iomkg92CJy_Br5zQzZr3Th3e1fjDsVK8_WQuVLwx0gRI8ClqTL3_uh2mmJ61aZooxUjeLk_gZXvOoe6W8&__tn__=%2CO%2CP-R
Facebook,NDRRMC,,what is fujiwhara effect ever wonder what happens when two tropical cyclones get too close to each other the dost pagasa confirmed that and are beginning to interact as they draw closer to each other this weather phenomenon is called the fujiwhara effect source pia metro manila read more what is fujiwhara effect ever wonder what happens when two tropical cyclones get too close to each other the dost pagasa confirmed that and are beginning to interact as they draw closer to each other this weather phenomenon is called the fujiwhara effect source pia metro manila read more wala pong pasok bukas,https://www.facebook.com/NDRRMC/posts/pfbid02drxB2McUeu4HWSZQXzRKmVJrxHEGrRmnRHhc3VKRBt1pwzGmqikXcwXzzsxR7LbWl?__cft__[0]=AZXEh8aWCe-A67XJowM7Grn4cEhesQmRNVIaGfdgLhn1GvzFcOKPqedTohQmVMYje6P1P_N0XDSA45IPBgPLjHNc9uT1wK-Jl9LEJnukyiJBVdt0sqed7zaRUv3q4zNP2gDZzGSySkIs76b-AArC9TAROvgHbzPk9bJrorIlcZcs0DzRrGMYROHU4ARE5-jUzqQ&__tn__=%2CO%2CP-R
Facebook,untvnewsrescue,2025-07-24 00:00:00,nalulusaw ang ilang pananim na lettuce sa isang farm sa la trinidad benguet dahil sa walang tigil na ulan problema rin ang bentahan dahil sa mga kalsadang naapektuhan ng landslide at rockslide kuha ang video ngayong huwebes july 24 2025 nalulusaw ang ilang pananim na lettuce sa isang farm sa la trinidad benguet dahil sa walang tigil na ulan problema rin ang bentahan dahil sa mga kalsadang naapektuhan ng landslide at rockslide kuha ang video ngayong huwebes july 24 2025,https://www.facebook.com/UNTVNewsRescue/
Facebook,SunStar Davao,,nearly 50 areas in luzon provinces have declared a state of calamity due to a series of weather systems that have brought heavy rains and massive flooding read more nearly 50 areas in luzon provinces have declared a state of calamity due to a series of weather systems that have brought heavy rains and massive flooding read more,https://www.facebook.com/sunstardavaonews/posts/pfbid0Uri9vRNNdAqxXHd4PfqUpKx9ZFZADocb9R3UVpHRrpnp8KV8cvWFeo4umZXtVf1Pl?__cft__[0]=AZUqFryQUwCNdGaeGWR-geZQM8lPDmU9XcOs0zqtppcTfMQPUb--Tm9LSKjVmgKszMdTgtkKgFA_-xBDDJSMqXHOf14xfJtsMviX3mUpi2and2i3tLlPrmZKOccnhawrNoFSCjZCI6-vYkklifFFOHpGlgEl49qCHh5pzzNG1hS-9PBnAmBffSFVu1z4YJN2lHM&__tn__=%2CO%2CP-R
Facebook,GMA News,,this is the new normal president ferdinand bongbong marcos jr made this assessment as various weather systems hit the philippines in succession this week resulting in torrential rains and floods across most parts of the country during a situational briefing with key government officials on thursday marcos pointed out that tropical cyclones are inevitable this is not an extraordinary situation anymore do not think of it as a special situation this is i hate to use the overused phrase but this is the new normal ganito na talaga ang buhay natin kahit ano pa ang gawin natin marcos said read the article in the comments section for more details this is the new normal president ferdinand bongbong marcos jr made this assessment as various weather systems hit the philippines in succession this week resulting in torrential rains and floods across most parts of the country during a situational briefing with key government officials on thursday marcos pointed out that tropical cyclones are inevitable this is not an extraordinary situation anymore do not think of it as a special situation this is i hate to use the overused phrase but this is the new normal ganito na talaga ang buhay natin kahit ano pa ang gawin natin marcos said read the article in the comments section for more details,https://www.facebook.com/gmanews/posts/pfbid02CgbSAHJAVrwrpPPM17bHgvLicVdpi2pmHYopZjaTudZCFTkU6dd7NSECmdJYfBvsl?__cft__[0]=AZWWD35ym3kPTvNjNHVFuBd_Ui2o4-_p4bSDsvnt0hthZP6Nmk2sn0zNoYfxXLRfm-rwnH666cZstwgtYwFcvgrHXzsE-O6b5bH7ai_xm6SAyTcVXC-mp1imy3n2wOPvO7-1BedARfDLnmmZbyrifMAKspPYn1bWGE4vJYB1EslSqvyUyftH6yDeWrwi5UpE74M&__tn__=%2CO%2CP-R
Facebook,Philstar News,,as more filipinos face heavy rains and floods of the southwest monsoon gcash lends a hand for ngos in their efforts to provide disaster relief through its gbayanihan platform as more filipinos face heavy rains and floods of the southwest monsoon gcash lends a hand for ngos in their efforts to provide disaster relief through its gbayanihan platform,https://www.facebook.com/philstarnews/posts/pfbid02Gxihtk47kgwLFiXhJBtMGqywgZ4vLJgPrYPnSYYZnLEmFKhzuSPgsjtuFbh9QKkfl?__cft__[0]=AZU0HND-0vKXIMqTiM3ndX2DjWVTF4tOtWxa_hGGS9NyWUxKqe7RQlVDOIPb-ysaVcN1Tr1uxikORTHaW-MjTulbsI1pMta01tfA3fh3zQr8sbLB3P1XfIpGAuzpFdLNhmnLGmmF3vY9zkQKxejymSRgCJ1iHFtPUS294_MXI6yZc6jvOaxpdBYrKd1MhbhZln4&__tn__=%2CO%2CP-R
Facebook,Philstar News,2025-07-25 00:00:00,here are the areas that have suspended classes and government work on friday july 25 due to the southwest monsoon and typhoon some government offices will implement a hybrid work setup depending on their respective agencies according to dilg here are the areas that have suspended classes and government work on friday july 25 due to the southwest monsoon and typhoon some government offices will implement a hybrid work setup depending on their respective agencies according to dilg,https://www.facebook.com/philstarnews/posts/pfbid0b4LdVoiDkFM5x2KDhYznjoCXXTPNdzoWwL1d2bgDEka8uqUuxoJw2izQo6JS4ucZl?__cft__[0]=AZVVrhd3D9o5Frg5Y79X_PAsJnX08DGZoNxvBDgussG6eby1hHE3RJjtfXwB4Zu4t9GC_M2VViK19J8wXQwaXJDNUSddJ2Os7_V4ktRr9n8onKQ6YOMv8IA2mIFv6WMfb_ZzicPWMB5JsPWO1lEdifQdSJuXd45bCJimaiaZctsUvAjHNa5Zz9JbTEtvspRi7kY&__tn__=%2CO%2CP-R
Facebook,untvnewsrescue,,panoorin paghahanda ng untv news and rescue para sa gagawing response and rescue operation sa mga kababayan nating binaha sa pampanga untv nar panoorin paghahanda ng untv news and rescue para sa gagawing response and rescue operation sa mga kababayan nating binaha sa pampanga untv nar ingatan nawa mga kapatid,https://www.facebook.com/UNTVNewsRescue/
Facebook,SunStar Davao,,pbbm orders medical teams alternative classes president ferdinand r marcos jr pbbm has ordered the deployment of medical teams to evacuation centers and the implementation of alternative learning for students affected by class suspensions in a situation briefing marcos stressed the need for long term plans on evacuation health and education saying disasters like this are now part of the new normal pco facebook pbbm orders medical teams alternative classes president ferdinand r marcos jr pbbm has ordered the deployment of medical teams to evacuation centers and the implementation of alternative learning for students affected by class suspensions in a situation briefing marcos stressed the need for long term plans on evacuation health and education saying disasters like this are now part of the new normal pco facebook,https://www.facebook.com/sunstardavaonews/posts/pfbid0NLJCWBDHphLp7GfjZ3Q5h4JGhiyFbmNvhLc5CZPuGnAyqv9hdJdbMd6cLTHHfU5Vl?__cft__[0]=AZVZu4Wr9NbOdmM30wNgkbJVNcqWILa4TSqzjDDdlT3zglgff72_dRQCtIwnj1uhzDKtIHuB_ijzS0BhbS1BMExB3DASRZY2NHkVNQmiH84H0du5-oT2GZm0w7QzWFWyrHbQo9hjHsSI1iLMdFCbHhBvDryuJloPFdnwQjKLCQCZ9nRTARo_-MoTw175N4j6Slo&__tn__=%2CO%2CP-R
Facebook,PHIVOLCS,2025-07-23 00:00:00,the department of science and technology dost conducted the 8th national research and development conference nrdc participated by government funding agencies local government units academe and research and development institutes on july 23 24 2025 at the manila hotel city of manila on the first day dost phivolcs and dost pagasa facilitated the breakout session on wealth protection one of the four pillars of dost that intensifies the development and transfer of more climate and disaster resilient technologies and provides science and technology based information and services for warning disaster preparedness and mitigation ms charmaine v villamil dost phivolcs senior science research specialist srs provided the preliminaries and moderated the session dost phivolcs director teresito c bacolcol delivered the opening remarks and session overview ms mabelline t cahulogan supervising srs of dost phivolcs presented a topic on enhancing disaster resilience and climate adaptation the critical role of geospatial technology in safeguarding national wealth in the philippines ms joan c salcedo supervising srs of dost phivolcs imparted her insights on empowering decision makers through redas a multi hazard simulation and impact assessment tool other speakers were secretary robert e a borje vice chairperson and executive director of the climate change commission mr emmanuel t balajadia of the office of civil defense and dr marcelino q villafuerte ii deputy administrator for research and development of dost pagasa dr joseph q basconcillo scientist i and senior weather specialist of dost pagasa led the open forum and synthesis the session ended with a closing remarks from dr nathaniel t servando dost pagasa administrator in addition dost phivolcs showcased its dost funded accelerated earthquake multi hazards mapping and risk assessment program of the philippines acer program in the exhibit hall with this years theme r d building lives leveraging transdisciplinary r d for well being wealth creation wealth protection and sustainability the nrdc aims to promote multi disciplinary and collaborative r d to coordinate and rationalize the r d agenda to harmonize all r d agenda and priorities and to facilitate dissemination of outputs of programs and projects under the harmonized national r d agenda to various research institutions and agencies tags dost philippines dost pagasa dost research and development the department of science and technology dost conducted the 8th national research and development conference nrdc participated by government funding agencies local government units academe and research and development institutes on july 23 24 2025 at the manila hotel city of manila on the first day dost phivolcs and dost pagasa facilitated the breakout session on wealth protection one of the four pillars of dost that intensifies the development and transfer of more climate and disaster resilient technologies and provides science and technology based information and services for warning disaster preparedness and mitigation ms charmaine v villamil dost phivolcs senior science research specialist srs provided the preliminaries and moderated the session dost phivolcs director teresito c bacolcol delivered the opening remarks and session overview ms mabelline t cahulogan supervising srs of dost phivolcs presented a topic on enhancing disaster resilience and climate adaptation the critical role of geospatial technology in safeguarding national wealth in the philippines ms joan c salcedo supervising srs of dost phivolcs imparted her insights on empowering decision makers through redas a multi hazard simulation and impact assessment tool other speakers were secretary robert e a borje vice chairperson and executive director of the climate change commission mr emmanuel t balajadia of the office of civil defense and dr marcelino q villafuerte ii deputy administrator for research and development of dost pagasa dr joseph q basconcillo scientist i and senior weather specialist of dost pagasa led the open forum and synthesis the session ended with a closing remarks from dr nathaniel t servando dost pagasa administrator in addition dost phivolcs showcased its dost funded accelerated earthquake multi hazards mapping and risk assessment program of the philippines acer program in the exhibit hall with this years theme r d building lives leveraging transdisciplinary r d for well being wealth creation wealth protection and sustainability the nrdc aims to promote multi disciplinary and collaborative r d to coordinate and rationalize the r d agenda to harmonize all r d agenda and priorities and to facilitate dissemination of outputs of programs and projects under the harmonized national r d agenda to various research,https://www.facebook.com/PHIVOLCS/posts/pfbid02xBM8wug3qMtd6rhd1yUNYKJSYXizB2MQ2BKDXJj5MzxQqqgrgfaxDLmpS7vRzCZzl?__cft__[0]=AZUpSLVjXDuUFMgEP2RYN5-oBPhoyOSqNkoLClMjNLcpo57PDyfwycfyabE2NyRfUGv6cRADB_Ta-KHzgE-jvnzmD-IGiwCnZSX3FWNLheVjBvyzoYRJHhKnYBhjJf2ftsE9uscmOQcLuf9nA8p5t2GnjHT96S8Nie5aKo1d10fJu79rKIeWQMjuTqsvB_SI8DU&__tn__=%2CO%2CP-R
Facebook,ABS-CBN,2025-07-24 00:00:00,tuluyan na umanong humupa ang baha sa marikina city nitong huwebes ng umaga hulyo 24 at bumalik na sa kanilang tahanan ang ilang lumikas para makapaglinis tingnan ang comments section para sa buong ulat tuluyan na umanong humupa ang baha sa marikina city nitong huwebes ng umaga hulyo 24 at bumalik na sa kanilang tahanan ang ilang lumikas para makapaglinis tingnan ang comments section para sa buong ulat,https://www.facebook.com/abscbnNEWS/posts/pfbid02v8dsqcH2hJsbadSijB3B2Nw43aEiPFoTbsrrjweEVwcATckJwyCymu8mUj5uYsjdl?__cft__[0]=AZUHXMZR2lQDOc72YMKjF22lw89kZXsdMtj9KvyAt4jB0PoDZaxPuVvvJN-H76bKXtIoFtmWp2G6JM-2RIZWdRhc2i_WSclh2oULsm2QNHQGPQt-7QFZJvridWRN3g4I-Kt0ziOmG0bQrbwCXa-DfEvjwBo61tjg3nSAg0GJ1kUHgj4o4Ld3UD4s_u8qjpJBDVY&__tn__=%2CO%2CP-R
Facebook,GMA News,2025-07-25 00:00:00,classes at all levels and government work in metro manila and 34 provinces on friday july 25 2025 have been suspended due to projected heavy rains from typhoon emong and the southwest monsoon habagat interior and local government secretary jonvic remulla released the list of covered areas on thursday afternoon classes at all levels and government work in metro manila and 34 provinces on friday july 25 2025 have been suspended due to projected heavy rains from typhoon emong and the southwest monsoon habagat interior and local government secretary jonvic remulla released the list of covered areas on thursday afternoon,https://www.facebook.com/gmanews/posts/pfbid0exqjS92oBdqxnnZUPtcYuYy7YhQximDAFv2qeV5No9Dvs2SKVYzrXD8pExNTeJGfl?__cft__[0]=AZVkVsexydmjXHde5S-PweS383qLDw_-w4nJYx1gIO1gsPTgYdMYe2TbTCKUGJV_2VTWfKRtYsxfGxA8i2lRv2DuxFMDMTGpUr1nKiXTMLkbQCwoN8i3HvgINkcnNKqMovM70k-SBV1qXqzL8HpTnucOlfwyLAj2U5IfSBtHv1yULjo52BRY4bYZwGpuZACUyGg&__tn__=%2CO%2CP-R
Facebook,Manila Bulletin,,she was not a typhoon she was just a severe tropical storm but wet and wild she was just the same at least as far as her effects were felt read she was not a typhoon she was just a severe tropical storm but wet and wild she was just the same at least as far as her effects were felt read,https://www.facebook.com/ManilaBulletin/posts/pfbid02kBnhs7mT3s2AChDtu3zfzgU3Q671NiMpKTSZq7WPdURY63oVovTgf21dN3AFuq1Hl?__cft__[0]=AZXdZ53rMyB_Z_7SVs8n53bH3xkpZHlrAQ7H8CNV19vXjAqCL9jO39GN-6roA3qZegNqPWpYqHSwUcjqja0LOs32eGC8-XMCE5T5jpoY6f-WJT5mK3wldv_QHO5naCCDZTQOXY0fhevmbAppNlbsLO7dvdTspUQ6GFywxKJmR-UVCVSPJd8sDUHGyO80ljIMdpc&__tn__=%2CO%2CP-R
Facebook,SunStar Philippines,2025-08-18 00:00:00,a sharp 18 drop in korean tourist arrivals has cebu officials on high alert once cebus top foreign visitors korean tourists are now choosing other destinations like vietnam whats driving them away and how does cebu plan to bounce back read more here a sharp 18 drop in korean tourist arrivals has cebu officials on high alert once cebus top foreign visitors korean tourists are now choosing other destinations like vietnam whats driving them away and how does cebu plan to bounce back read more here,https://www.facebook.com/SunStarPhilippines/posts/pfbid02PvaW4yRb2KxXBcaFvVk6RNZEdJg55pq1zTz3oBGHmJMSv7GkcmGwQGjsZLvFecRDl?__cft__[0]=AZXDWvc2skf-E0NKTM2NTDOCzU6ArBN1Mv-4IwYB4segIHdt9PkpWhn26N-cg_aaMNgEJnVKEW3DheQU0SLImI1bnPM9moGAuO9eQ7iiFK6pql01t2WpmEQ72VMhEIKbW1zf_nFkrR5G30d4j1l6moGpRorQqr5hwcXnYR01mEogKMKIW0RekxOM36edcBuyB-Q&__tn__=%2CO%2CP-R
Facebook,PAGASA,2025-07-24 00:00:00,24 hour public weather forecast issued at 4 00 pm 24 july 2025 synopsis at 3 00 pm today the center of typhoon emong co may was estimated over the coastal waters of dasol pangasinan 15 9n 119 9e with maximum sustained winds of 120 km h near the center and gustiness of up to 165 km h it is moving east southeastward slowly southwest monsoon affecting central and southern luzon visayas and mindanao tropical cyclone outside par as of 3 00 pm today tropical storm francisco formerly dante tropical storm krosa location 795 km northeast of itbayat batanes 25 1n 128 0e location 2 040 km east of southeastern luzon virac 14 3n 143 1e maximum sustained winds 75 km h maximum sustained winds 65 km h gustiness up to 90 km h gustiness up to 80 km h movement northward at 15 km h movement northward at 20 km h forecast weather conditions area ilocos region cordillera administrative region batanes and cagayan weather condition stormy caused by ty emong impacts possible floods or landslides due to moderate to heavy with at times intense rains minor to moderate threat to life and property due to strong winds area the rest of cagayan valley zambales tarlac and nueva ecija weather condition rains with gusty winds caused by ty emong impacts possible floods or landslides due to moderate to heavy with at times intense rains minimal to minor threat to life and property due to strong winds area metro manila calabarzon and the rest of central luzon weather condition monsoon rains caused by southwest monsoon impacts possible floods or landslides due to moderate to heavy with at times intense rains area mimaropa bicol region and western visayas weather condition occasional rains caused by southwest monsoon impacts possible flash floods or landslides due to moderate to heavy rains area the rest of visayas weather condition cloudy skies with scattered rains and thunderstorms caused by southwest monsoon impacts possible flash floods or landslides due to moderate to at times heavy rains area mindanao weather condition partly cloudy to cloudy skies with isolated rainshowers or thunderstorms caused by southwest monsoon impacts possible flash floods or landslides during severe thunderstorms forecast wind and coastal water conditions area the western section of southern luzon wind speed strong wind direction west to southwest coastal waters rough 2 8 to 5 5 meters area the rest of central and southern luzon and the western section of visayas wind speed moderate to strong wind direction southwest coastal waters moderate to rough 1 5 to 3 4 meters area the rest of the country wind speed moderate wind direction southwest coastal waters moderate 1 0 to 2 5 meters extremes of temperature and relative humidity for the 24 hour period ending 4 00 pm today minimum temperature 24 5 c 4 30 am maximum temperature 26 1 c 2 00 pm minumum relative humidity 94 2 00 pm maximum relative humidity 97 2 00 am tides and astronomical information over metro manila sunrise tomorrow 5 38am sunset today 6 28pm moonrise tomorrow 5 48am moonset tomorrow 7 02pm illumination tomorrow 1 for other information about weather please log on to pagasa dost gov ph or bagong pagasa dost gov ph or call at 02 927 1335 02 926 4258 24 hour public weather forecast issued at 4 00 pm 24 july 2025 synopsis at 3 00 pm today the center of typhoon emong co may was estimated over the coastal waters of dasol pangasinan 15 9n 119 9e with maximum sustained winds of 120 km h near the center and gustiness of up to 165 km h it is moving east southeastward slowly southwest monsoon affecting central and southern luzon visayas and mindanao tropical cyclone outside par as of 3 00 pm today tropical storm francisco formerly dante tropical storm krosa location 795 km northeast of itbayat batanes 25 1n 128 0e location 2 040 km east of southeastern luzon virac 14 3n 143 1e maximum sustained winds 75 km h maximum sustained winds 65 km h gustiness up to 90 km h gustiness up to 80 km h movement northward at 15 km h movement northward at 20 km h forecast weather conditions area ilocos region cordillera administrative region batanes and cagayan weather condition stormy caused by ty emong impacts possible floods or landslides due to moderate to heavy with at times intense rains minor to moderate threat to life and property due to strong winds area the rest of cagayan valley zambales tarlac and nueva ecija weather condition rains with gusty winds caused by ty emong impacts possible floods or landslides due to moderate to heavy with at times intense rains minimal to minor threat to life and property due to strong winds area metro manila calabarzon and the rest of central luzon weather condition monsoon rains caused by southwest monsoon impacts possible floods or landslides due to moderate to heavy with at times intense ra,https://www.facebook.com/PAGASA.DOST.GOV.PH/posts/pfbid0hsnidfc9NZy4mJN6TNDPg9Ewmysqe44DcxKtM75aJw7gto8AhCKxQdvVvNkwqNAEl?__cft__[0]=AZWG6kbTTGE8vZ5rNCp73XDQT8YNmt573OxswVyZx1d222YfMRWz7VBogDXJEaNIFCSrELVt_ltXVrYWQFaPxxq9VOlD9SqVGcSIHeaDTmFGRRqsvq4dCvYl1dqpwoMoRiQbHJKlkfR5eKecscY6F_rbrFMJgI8pyVR9PNFf7dK1F-vXf4brSMr7Bp6tfPHYg5w&__tn__=%2CO%2CP-R
Facebook,NDRRMC,,iniutos ni pangulong ferdinand r marcos jr ang pagtatalaga ng medical teams sa evacuation centers at ang paghahanap ng alternatibong paraan ng pag aaral para sa mga estudyanteng apektado ng class suspension giit ni pbbm sa situation briefing kaugnay ng epekto ng habagat at iba pang weather systems na kasalukuyang nakaapekto sa bansa bahagi na ng bagong normal ang ganitong sakuna kayat kailangan ng pangmatagalang plano sa evacuation kalusugan at edukasyon source presidential communications office iniutos ni pangulong ferdinand r marcos jr ang pagtatalaga ng medical teams sa evacuation centers at ang paghahanap ng alternatibong paraan ng pag aaral para sa mga estudyanteng apektado ng class suspension giit ni pbbm sa situation briefing kaugnay ng epekto ng habagat at iba pang weather systems na kasalukuyang nakaapekto sa bansa bahagi na ng bagong normal ang ganitong sakuna kayat kailangan ng pangmatagalang plano sa evacuation kalusugan at edukasyon source presidential communications office susko ngayon plng,https://www.facebook.com/NDRRMC/posts/pfbid034yNt78kuPdSk5R8oCXgFY7C4eyqX57Ew5xigoJviL5Atd1v1b6dmX1DCq6XQyaCPl?__cft__[0]=AZWvVWVoQLWBph3P8QPMvGsAHwTDnyKVUjEC_G1crkAIrC8ru2umAW1aI5XHOMU0YwGUloKSPI3TXDlUA4uJNQlaDb8OgX5SOazWL6vnjhZsRNhXr_38XszdJf2BEosE7n9Wl6qI0HwiMOZCnII1uhzbQPKemskARI2_6cO2hBwzuKNxJJf96MNecxycfhx0s3g&__tn__=%2CO%2CP-R
Facebook,ABS-CBN,2025-07-25 00:00:00,abiso motorista suspendido pa rin ang pagpapatupad ng number coding scheme sa metro manila sa biyernes hulyo 25 2025 dahil sa nararanasang sama ng panahon ayon sa mmda mmda abiso motorista suspendido pa rin ang pagpapatupad ng number coding scheme sa metro manila sa biyernes hulyo 25 2025 dahil sa nararanasang sama ng panahon ayon sa mmda mmda,https://www.facebook.com/abscbnNEWS/posts/pfbid02CkR8ZNiGzQwGQ5BLQLvagN5vhPBdwC8zr8fdDwuTorjfeUmqeNfA5cSKFrX7hbzpl?__cft__[0]=AZUyXbGSykmorBMtsk8Dw5pwZGvGxFr3i2mxOnlu_b7IFApbxVpJHLGrq0hzi3s7jJmFeFlOuA1um_pr-0j71sMmaEdOZp5dPcVJKngu33kG7C9HbQu8wzfgONKwrlAel7_tRMQiDSvVNwSecWeBgi6q6heBEE5vi5mUeCJTuwJOPfjW2dQuVcHgw5pdBNTznG8&__tn__=%2CO%2CP-R
Facebook,Rappler,,the video shows a june 2025 flash flood in menchaca queretaro mexico not recent footage of crising s impact in the philippines the video shows a june 2025 flash flood in menchaca queretaro mexico not recent footage of crising s impact in the philippines,https://www.facebook.com/rapplerdotcom/posts/pfbid02Sno8hS8a13W3FetokNcaFGFcbLZU9kiq27jmC6ScA2vfJmCc2u4ptz5sqWG6vKrKl?__cft__[0]=AZX_T98Wl8xE_5_I5dZfBMktqGCcWMSoF_fT_DQ8c5GN1qYPr7u3edyXGyyIItGPtk5KPQiXbqddbDwGnFABL-s5QRHLHjHvsNx0qLxSAkk2sGzenp04xo-Y45I9Mp7W1QUsR2Kye1erJMXT8yBFRVlOW9yvtSdokkU_uy3L3lKtVi736eg1ak3G2s1MQGmdVwI&__tn__=%2CO%2CP-R
Facebook,GMA News,,warning sensitive content the national bureau of investigation nbi on thursday announced the rescue of a minor from exploitation in banaybanay davao oriental warning sensitive content the national bureau of investigation nbi on thursday announced the rescue of a minor from exploitation in banaybanay davao oriental,https://www.facebook.com/gmanews/posts/pfbid02s6vAuWuex1HNZeftSLik4q5vfAiahrzKetv5kXiZFkitqEowrmmRVZmfFthcm1zCl?__cft__[0]=AZWBFzuxWcpxoAMail0fe15YO-4cxlPaAHKv2Sl-4kzmgn6aqSHbKdTfRUGThLCxj1OzwyFgIkdBEOBIVPO4dHAQO8ZjiSMd473NfV1S_QJp2DJ8Xz6OrhecbMNz3T5Wda092AycaxI0sI3o2XkACkKUeMT-uvW5_w6AAl0NjQ--i-zQ1h8JzrkbfzWNgUg3FuY&__tn__=%2CO%2CP-R
Facebook,Manila Bulletin,2025-07-24 00:00:00,the navotas city government declared a state of calamity on thursday july 24 following the collapse of a private wall in barangay san jose that triggered severe flooding and emergency response operations the navotas city government declared a state of calamity on thursday july 24 following the collapse of a private wall in barangay san jose that triggered severe flooding and emergency response operations,https://www.facebook.com/ManilaBulletin/posts/pfbid04kGsg2MB1mB4Bcj3hVhfSF7sjMCFqaQ7FQkbd1s6JNWFbfQaCdCYWWtMD1vX7XLHl?__cft__[0]=AZVlMO2iK57h4G9GiWCS-UglWQo4HAGiFsMOPr7hX6RqY9Mp3oQPXgrxYXpmwZ7uA_tfaaTUkhAmJYFPIpH7ZXCwMMWqciO7dfuOXLYgNwIWAp-DS3UnB9VMZYAN8d6CYyRDlIJ9HUYfV-26G0AZqVKHyXPtfXn-YWj6f7Mt1XhCJgh3XEd4ANvN-QJ_ZL5-OZA&__tn__=%2CO%2CP-R
Facebook,Philstar News,,tropical storm dante has left the philippine area of responsibility the state weather bureau pagasa said tropical storm dante has left the philippine area of responsibility the state weather bureau pagasa said,https://www.facebook.com/philstarnews/posts/pfbid0kG3mq1Tir94MvtWZYTzdDRS7ihYWoV326BDiYDr6c1dRdLKJNuZknN8wGd4xMxiol?__cft__[0]=AZWSsUkoKHXXztzkiF5pcdOvuxpJuKoCuRlzfxpgbGBPgfTmIV8H2zCjNgDSvIYKoq48SBsDFsa3E9qfZ4AyNXEeNW5tQUnPKeFLcfVDKcQJav5yRgBrOu_Ufu_ta9yllznSqYIMzQlGn40hu9Xgj5BsBI5NUCnIby_XcQMSKRZQdRzwF31p45xFJPUX6reUUUQ&__tn__=%2CO%2CP-R
Facebook,Inquirer.net,2025-07-24 00:00:00,maraming salamat volunteers look volunteers conducted a community pantry at san nicolas chapel for residents affected by the southwest monsoon and two tropical cyclones on thursday july 24 via be an inquirer maraming salamat volunteers look volunteers conducted a community pantry at san nicolas chapel for residents affected by the southwest monsoon and two tropical cyclones on thursday july 24 via be an inquirer maraming salamat volunteers look volunteers conducted a community pantry at san nicolas chapel for residents affected by the southwest monsoon and two tropical cyclones on thursday july 24 san nicolas community pantry shared with the inquirer that over 300 residents have received packed rice and vegetables from the pantry today san nicolas community pantry facebook via lance bautista inquirer net trainee send us your experience here maraming salamat volunteers look volunteers conducted a community pantry at san nicolas chapel for residents affected by the southwest monsoon and two tropical cyclones on thursday july 24 san nicolas community pantry shared with the inquirer that over 300 residents have received packed rice and vegetables from the pantry today san nicolas community pantry facebook via lance bautista inquirer net trainee send us your experience here maraming salamat volunteers look volunteers conducted a community pantry at san nicolas chapel for residents affected by the southwest monsoon and two tropical cyclones on thursday july 24 san nicolas community pantry shared with the inquirer that over 300 residents have received packed rice and vegetables from the pantry today san nicolas community pantry facebook via lance bautista inquirer net trainee send us your experience here,https://www.facebook.com/inquirerdotnet/posts/pfbid02JUR4HV79EZfFtCfqZv4VwhECrcVdw354fpYv2PZZi629HnrYwoS36jnpRwvvrV6Vl?__cft__[0]=AZU4m1y85eGvpGiiCqAJYB6ux7FP-6yU6rOrfv6btyb_PuvwSvjta87FfjyOohmZCr4ZUKB6R9Xa_hZIDZ6gAjQV-9pWmgLbJVnxrmCPXkiEifA_C3mtehVmZ7-fPwTGhGjUhY8duHJO9EvYa9-wkmX-NMXsssFIbV6HnEWh7QhHbfT9L8kbn4Ge4PPZd66Uo4nH0YfHNcSRCNwCrOWGj6Od-F1x3YYNw9rM07SJKo_yTw&__tn__=%2CO%2CP-R
Facebook,NDRRMC,,sa gitna ng malakas na pag ulan dulot ng epekto ng habagat tropical storm at tropical depression patuloy ang banta ng pagbaha at pagguho ng lupa sa malaking bahagi ng luzon at visayas manatiling nakaantabay sa balita at anunsyo ng pamahalaan para sa karagdagang impormasyon source department of national defense philippines sa gitna ng malakas na pag ulan dulot ng epekto ng habagat tropical storm at tropical depression patuloy ang banta ng pagbaha at pagguho ng lupa sa malaking bahagi ng luzon at visayas manatiling nakaantabay sa balita at anunsyo ng pamahalaan para sa karagdagang impormasyon source department of national defense philippines,https://www.facebook.com/NDRRMC/posts/pfbid02n9g5UHnhxk5pRQ2p4Ge6fYTVsfDy3HJVsgqsD8P26xfBH7Yp9TB3tpvPbPQggmnl?__cft__[0]=AZXdi5SAcBXr9FLUIulCTKnJnspimafzWPgWfw3VKz5o1LViAKDDwTk7j3IxlsDdMslaYnXF7vT940mExT-O6LbnyYqWEv8fRNcHzKE-dyb2Gyimf8zsrYUQ1iNt-C2eRHOG912RI-dojDCv7A0sx7M_yDZpI2LWHqfqT9PNYzg4T8c3spUvr9gvgAKzdB_gWS8&__tn__=%2CO%2CP-R
Facebook,ABS-CBN,2025-08-24 00:00:00,the philippines shut down schools and cancelled flights as torrential rains driven by a typhoon and a separate tropical storm pounded the country s northern island of luzon via anc 24 7 link to full story in the comments section the philippines shut down schools and cancelled flights as torrential rains driven by a typhoon and a separate tropical storm pounded the country s northern island of luzon via anc 24 7 link to full story in the comments section,https://www.facebook.com/abscbnNEWS/posts/pfbid02aEPrycUzm2nA6nmMsy5F7Y7KT3z9KXRBdGU8wTADzcjyLjo5UHmJCX4p8HPaCHbtl?__cft__[0]=AZXUQFmyQXlNhsmlXWfZzasC_GvqKj1haUMSxT9OY33hCFymoWwWOBIXN2Z9IHyIiVyLNmWlHswgwt3r_sSnuA6llrsSk0VTGoBITO9dEIir2BKCAO8H5HWC4pTkW7sAoEyatRIlo7vrRcmq60yGSU2apu3H7yEjHQy8tlXg5_vIqc7gHMvU7rqFM3Cj96HOkI4&__tn__=%2CO%2CP-R
Facebook,GMA News,,icymi nagmadaling isinalba ng ilang magsasaka ang kanilang mga pananim bago itu tuluyang malubog sa baha tinatayang lagpas sa 300 milyong pison ang halaga ng mga nasirang pananim sa buong bansa dahil sa masamang panahon sa nakalipas na mga araw icymi nagmadaling isinalba ng ilang magsasaka ang kanilang mga pananim bago itu tuluyang malubog sa baha tinatayang lagpas sa 300 milyong pison ang halaga ng mga nasirang pananim sa buong bansa dahil sa masamang panahon sa nakalipas na mga araw,https://www.facebook.com/gmanews/
Facebook,Inquirer.net,,no longer just a guest watch a fur parent caught a wholesome video of her neighbor spoiling cloud her ten month old persian himalayan mix who seemed to be making herself at home via be an inquirer no longer just a guest watch a fur parent caught a wholesome video of her neighbor spoiling cloud her ten month old persian himalayan mix who seemed to be making herself at home via be an inquirer no longer just a guest watch a fur parent caught a wholesome video of her neighbor spoiling cloud her ten month old persian himalayan mix who seemed to be making herself at home uploader glenda baldonado told the inquirer that her neighbors werent initially cat lovers but they have since grown fond of her cat she shared that she entrusts cloud to them whenever shes out of town as theyre also her close friends kasa kasama rin namin si cloud pag nagka camping or gala with kapitbahays she added tiktok via courtney ora a inquirer net trainee got any interesting stories photos or videos send us your experience here no longer just a guest watch a fur parent caught a wholesome video of her neighbor spoiling cloud her ten month old persian himalayan mix who seemed to be making herself at home uploader glenda baldonado told the inquirer that her neighbors werent initially cat lovers but they have since grown fond of her cat she shared that she entrusts cloud to them whenever shes out of town as theyre also her close friends kasa kasama rin namin si cloud pag nagka camping or gala with kapitbahays she added tiktok via courtney ora a inquirer net trainee got any interesting stories photos or videos send us your experience here no longer just a guest watch a fur parent caught a wholesome video of her neighbor spoiling cloud her ten month old persian himalayan mix who seemed to be making herself at home uploader glenda baldonado told the inquirer that her neighbors werent initially cat lovers but they have since grown fond of her cat she shared that she entrusts cloud to them whenever shes out of town as theyre also her close friends kasa kasama rin namin si cloud pag nagka camping or gala with kapitbahays she added tiktok via courtney ora a inquirer net trainee got any interesting stories photos or videos send us your experience here,https://www.facebook.com/inquirerdotnet/posts/pfbid05mU19sR2Bt3S9Jh3iLZEQjyGUTdW55UmcWc4uRevtFbUz9L7X3BtYssZKJSs32cVl?__cft__[0]=AZVn9MIUR7GrallBTj9t2XBNLZV7xWsAMnw77s0-FKL946eQksQUppSOkhd8d4OqberqH2kRcS_h2vgRZGXYpb55_UXwUNICIX8FAanBTlFGa4LcJNlFNADgRU6Ri1lWBrnJyPF2wPTzPwSQy1u0Vx0lwcKnmcAGud4GxGmraqMSLZWM7dZVPjYzoT-5faEMszjbA4M7vgW9sa1YHUO__O7Tz3uW9xZcjT51SDrPYttAjg&__tn__=%2CO%2CP-R
Facebook,PAGASA,2025-07-24 00:00:00,press briefing typhoon emong and southwest monsoon at 5pm july 24 2025 thursday dost pagasa weather specialist benison estareja press briefing typhoon emong and southwest monsoon at 5pm july 24 2025 thursday dost pagasa weather specialist benison estareja pagasa is always looking for ways to improve its weather products and services your feedback is valuable click the link below to get started with our short survey thank you for your efficient work pag asa salamat po sa malinaw na ulat panahon ingat na lng po tayong lhat watching here in rainy albay rosemarie recuerdo ruffa mae tongga,https://www.facebook.com/PAGASA.DOST.GOV.PH/
Facebook,NDRRMC,2025-07-24 00:00:00,press briefing typhoon emong and southwest monsoon at 5pm july 24 2025 thursday dost pagasa weather specialist benison estareja press briefing typhoon emong and southwest monsoon at 5pm july 24 2025 thursday dost pagasa weather specialist benison estareja may pasok po ba from palawan philippines may pasok po ba good evening po,https://www.facebook.com/NDRRMC/
Facebook,ABS-CBN,2025-08-22 00:00:00,the department of public works and highways dswd said thursday over 22 national road sections across the country are closed due to soil collapse washed out detour road landslide and flooding caused by the inclement weather the department of public works and highways dswd said thursday over 22 national road sections across the country are closed due to soil collapse washed out detour road landslide and flooding caused by the inclement weather i encourage government and lgu sa ilocos region cordillera at cagayan valley dahil sa typhoon emong implementing forced evacuation sa mga nakatira sa mga dagat sa mga binabaha sa mga nakatira sa ilog at sa mga landslide prone areas tulad sa benguet baguio city at iba pang mga lugar sa cordillera at sa nueva vizcaya at sa iba pang matataas na lugar mountainous areas sa northern luzon,https://www.facebook.com/abscbnNEWS/posts/pfbid0Z2HNgiqrBL6oZuS789wL9zTi6XeG11oCMkGL73D7TvwCvciHaezWBoiRfh8XbmSVl?__cft__[0]=AZU_2KcbR3VFCAzAQXUax6RvT6Ix1QCEQmgAcUUMBRiC6Zy629GvEuFNJQ6O8go_ocA4IzTfsoS-QbRGM7-ua3bvoQsCArAe72bza7zxLBeZNZ7FPunb7dmOVgfZdrrBMEA9h4Y4S64u3M-77kTdzMYc_UqXYIMOvSUMKFCM2vX7RNWt0ZF0XY-JgbdrDzUm54k&__tn__=%2CO%2CP-R
Facebook,Rappler,,journalism is stronger with your voice in it when you join rapplers community insights youll be invited to take surveys and help us understand what readers think about key issues signing up is completely free and it supports our fearless journalism sign up for community insights here journalism is stronger with your voice in it when you join rapplers community insights youll be invited to take surveys and help us understand what readers think about key issues signing up is completely free and it supports our fearless journalism sign up for community insights here all these happening in our country is overwhelming,https://www.facebook.com/rapplerdotcom/posts/pfbid02KvQ3fLVq9erFoBCkjk46AQKf6bPCBM3j9H5xLwh4GtFiwF2bBc9MxKQKQmm8AvaZl?__cft__[0]=AZX4HUGQEpu7w3GHUaSAi69hxCpeVQfvUVn6heOVDFvmtTIKrfIagHIcVraxneaYOOKZ6dPacWpeLrEoyOBLjlU8cS7t5FzrEmtYiYciPf7p9YLMBgcX3hebP_YD59V3XlAerkYo-j_cgM0qX0AmBmTopVI-bmTy_wnG390-p7ALHuPNvGhRj9aA1GwngsCW820&__tn__=%2CO%2CP-R
Facebook,GMA News,2025-07-22 00:00:00,panoorin patuloy na pinaghahahanap ng mga rescuer at awtoridad ang 3 anyos na batang pinaniniwalaang inanod ng ilog sa kasagsagan ng sama ng panahon nitong martes july 22 2025 sa brgy tubo tubo dinalupihan bataan via oscar oida gma integrated news panoorin patuloy na pinaghahahanap ng mga rescuer at awtoridad ang 3 anyos na batang pinaniniwalaang inanod ng ilog sa kasagsagan ng sama ng panahon nitong martes july 22 2025 sa brgy tubo tubo dinalupihan bataan via oscar oida gma integrated news pipili ako bibigyan ko ng jikass ngayon sa mag sad sa comment ko game,https://www.facebook.com/gmanews/
Facebook,untvnewsrescue,,rescue operation patuloy na tumutulong ang team ng untv news and rescue para mailikas ang mga residente sa apalit pampanga na apektado ng baha rescue operation patuloy na tumutulong ang team ng untv news and rescue para mailikas ang mga residente sa apalit pampanga na apektado ng baha rescue operation patuloy na tumutulong ang team ng untv news and rescue para mailikas ang mga residente sa apalit pampanga na apektado ng baha see more rescue operation patuloy na tumutulong ang team ng untv news and rescue para mailikas ang mga residente sa apalit pampanga na apektado ng baha see more rescue operation patuloy na tumutulong ang team ng untv news and rescue para mailikas ang mga residente sa apalit pampanga na apektado ng baha see more,https://www.facebook.com/UNTVNewsRescue/posts/pfbid0DPDnbfKPSoZRw5nrwo7GbADbmBLef8ocDZTjaoPoUqLuFk39MchQR8kAPARaMsGTl?__cft__[0]=AZVz3AT1IQE-7ezVRogH7eNwDbMLJG4XCAu4zudRq-NI4NJeaqXjDGEydiF0d2RYCGvwODWJOtPtXyPaI9YlvGVpzMXSFfLciTux2ba1GiHaUZ34lHGIK5aPRT3ITe_gGauDcVdR09cNSIrnB3P9z3Q9ROuppOy5wGZED_oAj4Q4RavAP5WN77BYXwgXKtcmlECpU64GmFpB7NGs4ha8qCpglOw6IZUAhg1-ZOqCDip7NA&__tn__=%2CO%2CP-R
Facebook,PHIVOLCS,2025-07-21 00:00:00,atm redas training reaches sorsogon province dost phivolcs leads a training on mainstreaming disaster risk reduction into the local development contingency and emergency preparedness planning process through the use of redas software for sorsogon province the training held at cristinas resort and hotel sorsogon city on july 21 25 2025 features three modules including redas function to simulate earthquake hazards such as ground shaking liquefaction landslides and tsunami mr raden d dimaano head of the provincial disaster risk reduction and management office pdrrmo welcomed the participants while mr franco eric o ravanilla sorsogon provincial administrator sent his message of support to this initiative training participants represent the pdrrmo provincial planning and development office and provincial agriculturist office and municipalities of barcelona bulan bulusan castilla casiguran donsol gubat irosin juban magallanes pilar prieto diaz and sorsogon city also personnel from department of the interior and local government dilg sorsogon philippine national police and guest participants from hinundayan and malitbog in southern leyte and bacacay in albay joined the training tag sorsogon provincial information office spio atm redas training reaches sorsogon province dost phivolcs leads a training on mainstreaming disaster risk reduction into the local development contingency and emergency preparedness planning process through the use of redas software for sorsogon province the training held at cristinas resort and hotel sorsogon city on july 21 25 2025 features three modules including redas function to simulate earthquake hazards such as ground shaking liquefaction landslides and tsunami mr raden d dimaano head of the provincial disaster risk reduction and management office pdrrmo welcomed the participants while mr franco eric o ravanilla sorsogon provincial administrator sent his message of support to this initiative training participants represent the pdrrmo provincial planning and development office and provincial agriculturist office and municipalities of barcelona bulan bulusan castilla casiguran donsol gubat irosin juban magallanes pilar prieto diaz and sorsogon city also personnel from department of the interior and local government dilg sorsogon philippine national police and guest participants from hinundayan and malitbog in southern leyte and bacacay in albay joined the training tag sorsogon provincial information office spio,https://www.facebook.com/PHIVOLCS/posts/pfbid0ZmrgzMLpktoxFHM6GU2UzgTo64AzvM8jqzL2CGVJRGwKHu98nFRo87zNkZ5ieeeLl?__cft__[0]=AZUN0F_S6FDMBjtX9FOaBr8IQnD8woT1Tz53gsTH59qnNzxG6JhItPDcolq2cMyz9FnnOKJ36g3OK0lkLcKRNmrIjfewDq3t_v181wLNtAutQ_Q3F0ziZNtPzs3wTwDZjiy8usailblK0zfXYAiHGbprywrDMpJwASCW7IG4FnAkcIaUd2UzM_IX-dZav-ACdVA&__tn__=%2CO%2CP-R
Facebook,GMA News,2025-07-24 00:00:00,thick smoke was seen billowing from a store next to a gas station in kantharalak district of thailands sisaket province which borders cambodia on thursday july 24 amid clashes between the neighbouring countries firefighters were at the scene working to extinguish the blaze as smoke rose visibly into the sky from the affected building a thai f 16 fighter jet bombed targets in cambodia on thursday both sides said as weeks of tension over a border dispute escalated into clashes that have killed at least two civilians of the six f 16 fighter jets that thailand readied to deploy along the disputed border one of the aircraft fired into cambodia and destroyed a military target the thai army said both countries accused each other of starting the clash early on thursday courtesy reuters thick smoke was seen billowing from a store next to a gas station in kantharalak district of thailands sisaket province which borders cambodia on thursday july 24 amid clashes between the neighbouring countries firefighters were at the scene working to extinguish the blaze as smoke rose visibly into the sky from the affected building a thai f 16 fighter jet bombed targets in cambodia on thursday both sides said as weeks of tension over a border dispute escalated into clashes that have killed at least two civilians of the six f 16 fighter jets that thailand readied to deploy along the disputed border one of the aircraft fired into cambodia and destroyed a military target the thai army said both countries accused each other of starting the clash early on thursday courtesy reuters first ulit,https://www.facebook.com/gmanews/
Facebook,Manila Bulletin,,we cannot normalize this chaos we cannot shrug and say this is how it is when it rains why should we accept that we have the right to expect roads that dont flood drainage that works traffic plans that prioritize peoples lives over politics the anger we feel stuck in traffic under monsoon skies isnt pointless its a reminder that metro manila needs fixing and that change real lasting overdue change is not impossible read we cannot normalize this chaos we cannot shrug and say this is how it is when it rains why should we accept that we have the right to expect roads that dont flood drainage that works traffic plans that prioritize peoples lives over politics the anger we feel stuck in traffic under monsoon skies isnt pointless its a reminder that metro manila needs fixing and that change real lasting overdue change is not impossible read,https://www.facebook.com/ManilaBulletin/posts/pfbid0gPx3kNPHfxRkqGuhSV9fdqgRcSbWuTfbHGoGtuamsn1bXLaUjmjfcb5wfqF5LXFTl?__cft__[0]=AZU6d97lirQjwqXC7KsPKvPYP57zl75y4u3hLpmFgW9q4MREAO9ghqDSbzwtxYcq19TN2loOKMWc7thpW0Ia2mVoq2ioHoAmt6JVKlAsw2F71Z7w69Y_TbEmtl3aOQtB03cVkcbpwxUt2w9m_6TiU7lwko5Xwxx9d0BWPhskR4UUUmsxbgWYyIqsIKZ47xOWBi4&__tn__=%2CO%2CP-R
Facebook,Philstar News,2025-07-24 00:00:00,an orange rainfall warning remains in effect over zambales bataan cavite batangas and laguna as of 5 p m thursday july 24 due to the enhanced southwest monsoon and typhoon meanwhile a yellow rainfall warning was still raised over metro manila tarlac pampanga bulacan and rizal with possible flooding in flood prone areas according to pag asa an orange rainfall warning remains in effect over zambales bataan cavite batangas and laguna as of 5 p m thursday july 24 due to the enhanced southwest monsoon and typhoon meanwhile a yellow rainfall warning was still raised over metro manila tarlac pampanga bulacan and rizal with possible flooding in flood prone areas according to pag asa si baste duterde daw may lagnat nabasa ng ulan palusot takot kay general torre,https://www.facebook.com/philstarnews/posts/pfbid02L1kPz2qgoT98zVJhxxM7DSVCb4iqRvbAisWM2UHXjh3TduvzLEQi9H646gYminagl?__cft__[0]=AZVxGlziIBbPDTotLj5W3yIaHyHs9Xjq1YTG4Q7U1US7oxPjt4l6DYWt3R0JhahSSUMWGo-M1MI9_tN4ajt_cO8GA9tzSebPSv2uDZnkCZ9UdY4zC3gbVqQbjRM4QqXzVZC5LY32iAwxZoc5kgMLGfVmajqzkywBJxvRazCx1cWMuV0QrCwQJw3tlNn_EFSxW5A&__tn__=%2CO%2CP-R
Facebook,Inquirer.net,2025-08-04 00:00:00,weather update remains slow moving over the coastal waters west of pangasinan signal no 3 and 4 are raised over the following areas follow live updates here weather update remains slow moving over the coastal waters west of pangasinan signal no 3 and 4 are raised over the following areas follow live updates here,https://www.facebook.com/inquirerdotnet/posts/pfbid02jszEU5kBixjbTRCFQz2aQ6KV5HtpnndXurD6FbEqc3LNCzKZCDQja81NJQGTzSB5l?__cft__[0]=AZVHqb-i7YUTOHNGIRJ0e7ewi89QhYLUmrWuCssfp0kHfiyqAl9dwcV83e5Z2G0DwiZD9RQU-rLj5GTxn92L6W5AOdDwd5qC6K1f7EreaFZROIaPUBCk1vp0THHkFBx-gyhXSQfRGyMTRqYHIJCHa-5wRU7chbtiNj_fJy34eAGzjYKfgl9LQKqltLnb6XfIsR0&__tn__=%2CO%2CP-R
Facebook,ABS-CBN,,tropical cyclone wind signal no 4 was raised over parts of the ilocos region on thursday afternoon as typhoon emong moved slowly over the coastal waters of pangasinan state weather bureau pagasa said tropical cyclone wind signal no 4 was raised over parts of the ilocos region on thursday afternoon as typhoon emong moved slowly over the coastal waters of pangasinan state weather bureau pagasa said,https://www.facebook.com/abscbnNEWS/posts/pfbid0HBwCgVH1X6nsAhPAr4KjQswCnH3etQ593Tyr9ydWXbvEjRwjhmx9SCe3QDuUjmeDl?__cft__[0]=AZVyYYebwnYPP7FG7bvEKfHBUsHqiuE9-I3wbt6zVHSKCw_28bfE9VpDljDavPW_dCmwCkrz1myE770adwNJn3BpvFFbWPsYsZqvZjmCyKB8Gdj4CzFRecuTIHNPvPUvhAIjSZP35xphs_G9vmNYHG67SSXsMoax6qMK5mpy1nvTQgxhD3UZCw8pVpO_hLwz2XY&__tn__=%2CO%2CP-R
Facebook,GMA News,,several catholic churches in some luzon areas were flooded on thursday due to the inclement weather brought by the southwest monsoon habagat and tropical cyclones and several catholic churches in some luzon areas were flooded on thursday due to the inclement weather brought by the southwest monsoon habagat and tropical cyclones and,https://www.facebook.com/gmanews/posts/pfbid0UPjcNMx3KT8ekRYBW9w8GRAW6Lk1hxYeQTa1MAuBxLEoNRYDEecKM1AXecEZQ9KLl?__cft__[0]=AZWhbcVzmy4QwpWLC_2VpVppuZsQIXYnI3KsGBV_xsuzqGnP32zXzG53nBL97Cq4RRaRqyhmT4fNSCkMZ653LlqEhtLmYKhaR4QD7obdB8n0YPE44a5ojp81ohk2zfhhQzhWMptr2Gz0Jkw1i6lEbeQLLq1nmjITPoge1D1E4gZlGe5zRJ0d_DXY_UXEW6ot9PA&__tn__=%2CO%2CP-R
Facebook,Philstar News,,the catholic bishops social action arm is appealing for aid to help families and communities affected by flooding caused by continuous rains via interaksyon the catholic bishops social action arm is appealing for aid to help families and communities affected by flooding caused by continuous rains via interaksyon,https://www.facebook.com/philstarnews/posts/pfbid0DoaLQ6GEJxTNwapCoPEe6qwwyUjcBicpFJ6BFJsZBU9gJ5t5AURND4KowT3THvQwl?__cft__[0]=AZWMLsq8kpgUtAQbDpkna3OADl-i13q3peKnY0w5pxNLZMlw3dxJRH7S1BpnPRLoBscf6kJfTooXgK7LGedcX0Hq2w08OSbq_HURLR0O-JFQPSz-ufda-M8LHWR9TFax3cywjrTzkEOFuCPZQZagEOQ_BOUVPDoZWAYNfKwa_tGCFv1I05Qcavol9qnD7bqf8Yk&__tn__=%2CO%2CP-R
Facebook,PAGASA,2025-07-24 00:00:00,general flood advisories issued 24 july 2025 ncr national capital region gfa car cordillera administrative region gfa region 1 ilocos region gfa region 2 cagayan valley gfa region 3 central luzon gfa region 4a calabarzon gfa region 4b mimaropa gfa region 5 bicol region gfa region 6 western visayas gfa general flood advisories issued 24 july 2025 ncr national capital region gfa car cordillera administrative region gfa region 1 ilocos region gfa region 2 cagayan valley gfa region 3 central luzon gfa region 4a calabarzon gfa region 4b mimaropa gfa region 5 bicol region gfa region 6 western visayas gfa,https://www.facebook.com/PAGASA.DOST.GOV.PH/posts/pfbid02DoMcATrX26aNgjmVLzGLvDRAq1XKHrcqP4Kxehe5tgcskMwpvWjXx4nVFCCqugoLl?__cft__[0]=AZVYTrBNz2yi-7XTTLpkUqi8OHLhPXGMMvt3_iI8uHyNlqtkUjQYlFjGEwul0cCc5qwZQ2ol7a8c_wQQ3UkpJk-0nvZZm93PAiL61Pr9xr9z95Oz98RD2OdMs4WFahOJOoAPsoCrzNVheaGP7E7cV2lsNdpa30Tk0J6v4JBPRnVEFkgI-ifshOOMHT1JhdYOHTs&__tn__=%2CO%2CP-R
Facebook,ABS-CBN,,actress and singer belle mariano personally donated and distributed relief goods at the hapay na mangga elementary school evacuation center on thursday actress and singer belle mariano personally donated and distributed relief goods at the hapay na mangga elementary school evacuation center on thursday,https://www.facebook.com/abscbnNEWS/posts/pfbid02Tk4EPz2Xm17zjwxnpBr9eWKtz5rHJ2BKDK4jUkS1uTtXeEVoD54iVk3eR9ibMXH1l?__cft__[0]=AZUvRtB3me7L45PXiEsRcI8HR83-Xf7-ggSGKoeLtrisWrr5j3d6IldsfbaVpc0d4jCc8OkbzMhjuAXSHGDsnBDCiZJw2GxTH5iDGrwt8GFa-Yz0cZNHay0sNK41C3SE22gYxgQ7OG-8G_xwiCQsZZZnYfjnDzUuQuxzW53Zuopn5jOuauOVW2bZuV2gEesay9c&__tn__=%2CO%2CP-R
Facebook,Rappler,,a big win in the icj advisory opinion is the declaration that climate obligations are based not only on select treaties but a whole menu of international law a big win in the icj advisory opinion is the declaration that climate obligations are based not only on select treaties but a whole menu of international law,https://www.facebook.com/rapplerdotcom/posts/pfbid0vSSQhsCTTAyjFi6dEb15uVYQxdknBTaRViZUiM1JpExhBSsQftkiLthrpE7pjyRvl?__cft__[0]=AZVnPBEXLfRz35i4g9ThZG5v8w5pRGC2ABXPbVgRzULsZmPppH4otnOY-mYe7TzFUJ6UUBEjfeuPz14XSpRpwum4WoaqseQRl_Or9huYhGylnLv4N8z1F51k7u6Dt6ESRurjPhMQMK6akyLZkhs5QhoPK978L-74UbBKjmWYkvYgjG5PQtyjwcuhNuInMpvb1Es&__tn__=%2CO%2CP-R
Facebook,GMA News,,the cagayan valley regional disaster risk reduction and management council drrmc has been placed on red alert due to the effects of tropical cyclones and the cagayan valley regional disaster risk reduction and management council drrmc has been placed on red alert due to the effects of tropical cyclones and,https://www.facebook.com/gmanews/posts/pfbid02fNyW8UHj5m1nXJu4AEJpR7ND48sQfTXzjoSQKAAam9joBhaQy7JoZoYtPYfaE9sAl?__cft__[0]=AZUNnD76Z41B0pbrWjl0VfFoWHlUgfle1ZZPcIRR4oqEYk8rZdRWB-JZy5S2O-N7NrCjmy6350_xygT6eBofVU_7PWMC7wyGwV8hULeLskunaB4jf0x-V_lVItp-7IGYYLCC9UTbvk65AKtVK15sfYawO_KbeHHVbpxN9UNOYYagzZYejAT3XKNnSQu3PfwIJZM&__tn__=%2CO%2CP-R
Facebook,Manila Bulletin,2025-07-24 00:00:00,watch floodwaters caused by heavy rains from the habagat submerged areas in front of st john cathedral church and the downtown area of dagupan city on thursday july 24 video courtesy of mel figueroa liezle inigo watch floodwaters caused by heavy rains from the habagat submerged areas in front of st john cathedral church and the downtown area of dagupan city on thursday july 24 video courtesy of mel figueroa liezle inigo,https://www.facebook.com/ManilaBulletin/
Facebook,PAGASA,2025-07-24 00:00:00,flood bulletin no 8 for pampanga river basin issued at 6 00 pm 24 july 2025 flood bulletin no 8 for pampanga river basin issued at 6 00 pm 24 july 2025 count me in,https://www.facebook.com/PAGASA.DOST.GOV.PH/posts/pfbid02TRvnHaP3VJP2QMJPYHZtabM3hVqqRqjcuMHS1ddpYupndGEQUXF8oN1kK8jyu9ykl?__cft__[0]=AZXqrEMaOxkPuf8ZfptJezlizIegotmMe9j--BDn45v0xpz5Wfnr-2tXatQj_H2biNyCWLPj-294oivAiNXUFztPn8NgDT1yyLwU9xdUun6sU3wvpRXDHEC5UE_hJBWl7cbN9xMhiqFpPY5ChlT47YK5HZYSPSm83m_9wOlTUPpugEWc2PYKSum-4ryYH3pXGzU&__tn__=%2CO%2CP-R
Facebook,ABS-CBN,,belle mariano namahagi ng relief goods sa mga binaha sa taytay rizal belle mariano namahagi ng relief goods sa mga binaha sa taytay rizal ay wow good job sayo sana yung mga gonzaga family din,https://www.facebook.com/abscbnNEWS/
Facebook,Rappler,2025-07-24 00:00:00,typhoon emong co may is lingering off pangasinan on thursday july 24 while tropical storm dante francisco is now outside the philippine area of responsibility both are still enhancing the southwest monsoon typhoon emong co may is lingering off pangasinan on thursday july 24 while tropical storm dante francisco is now outside the philippine area of responsibility both are still enhancing the southwest monsoon,https://www.facebook.com/rapplerdotcom/posts/pfbid02BT4YRXwnR6f2PsDVhKLm9omTHEgrFHYh1YhHSLv63dWW9GQUkoCvEwhKAyw3Eo8Bl?__cft__[0]=AZVFrx86jam8X27sZrCgcSgFwI0hjt-bdJSiK6BecDRzdNYiIUqynruEweA6MPswhgnZwZswTMXevkyZgI_CO9A_PYcExUnArFF5L22lR6K2yKh1EmIndp7mlOrN7qg2ScoBlsio628Xc0sWWBiMeayc2nqPe9F1EPyf6nbzuNvOBESIHQUVGjoRXybK3frvqEM&__tn__=%2CO%2CP-R
Facebook,Manila Bulletin,2025-08-08 00:00:00,watch a private walldifferent from the one that previously collapsedgave way along celestino street in barangay san jose navotas city at around 8 15 am rescue and evacuation efforts are currently ongoing mayor john tiangco is on site to personally oversee the situation video courtesy of mayor john tiangco navotas pio watch a private walldifferent from the one that previously collapsedgave way along celestino street in barangay san jose navotas city at around 8 15 am rescue and evacuation efforts are currently ongoing mayor john tiangco is on site to personally oversee the situation video courtesy of mayor john tiangco navotas pio,https://www.facebook.com/ManilaBulletin/
Facebook,Philstar News,,not an iota of improvement despite billions of pesos spent by the national government on flood control projects david said in a social media post via interaksyon not an iota of improvement despite billions of pesos spent by the national government on flood control projects david said in a social media post via interaksyon,https://www.facebook.com/philstarnews/posts/pfbid0LeE6kBTg9ehid4Kq6ooic34UULsqA2MFnegVH4NnFeNpsL6gtSvqxMkXkx4Vymryl?__cft__[0]=AZWVqum1i4tHRdCuWDzrTsiEq3G3JOuXYaq2IFivPUPaQEBjjmaRkz9OhqLKLpx4aQreLCiSXAOcPkZz_cix4qgaPRRPHsoswrTmRq17HsBwe3xDwbSONmoIz--mVZgao_pMuwsO45CE18BfXvPlqJowk8moFcIVCPt1X8sMKP81ET-GeUteEr2nbLalbMTuYj0&__tn__=%2CO%2CP-R
Facebook,untvnewsrescue,,binabantayan ng department of health ang posibilidad ng hawahan ng ubot sipon sa mga evacuation center lalo na sa mga batang evacuee tiniyak ng doh na may sapat na medical check up at monitoring sa gitna ng malamig na panahon at dagsa ng evacuees binabantayan ng department of health ang posibilidad ng hawahan ng ubot sipon sa mga evacuation center lalo na sa mga batang evacuee tiniyak ng doh na may sapat na medical check up at monitoring sa gitna ng malamig na panahon at dagsa ng evacuees,https://www.facebook.com/UNTVNewsRescue/posts/pfbid02HoKREvupso4mJVFaCsCbh9FKEq1Yt65iz9xHxumyv6mqhhbM3tSeZUeFTKReYu6Jl?__cft__[0]=AZVMjrTSZsdQ6IW0gU-O7efmpR1w_67kSx-eWcC7k_u4g5Cq4_Tdlsk0h8AHDRy6t8BFUQLH-FWe3YK2L-UGLyK5WXJhMnqlz9hqMtxCQ5wjyIIko_0n5mNPJ4aprnUwEn--QLx3VXDuYYrbiSA_GpwoHHIZRN4JMbVUlBIyYwwdSBlxtqUVyRj6Xo8-MJOdUgs&__tn__=%2CO%2CP-R
Facebook,SunStar Davao,,baste hits back if you have conditions so do i davao city acting mayor baste duterte fires back at philippine national police chief general nicolas torre iiis proposed charity boxing match questioning its true intent and tying his participation to a bold challenge have all elected officials undergo a hair follicle drug test publicly backed by the president himself if youre serious im game said duterte in filipino check this out baste hits back if you have conditions so do i davao city acting mayor baste duterte fires back at philippine national police chief general nicolas torre iiis proposed charity boxing match questioning its true intent and tying his participation to a bold challenge have all elected officials undergo a hair follicle drug test publicly backed by the president himself if youre serious im game said duterte in filipino check this out tama,https://www.facebook.com/sunstardavaonews/posts/pfbid02LZK13qbewPmTG5pnd2sgrEx1HBZjf2harwj12ta1n28qg5sTLAmS8q1YcrTjBymgl?__cft__[0]=AZVusTn530N29DjyuyFvgO7OEtqHqK-pwn0vOpP0pojUW2czKin8r7G4dqNykF32mTKr-0Yt7gRB_IUhOHws4awA0RMNHHAdKY9d65N17zG-8fuZYSuGaWleOX7u-9RqK46rrQrrtlI30noWERHJaPM_o2-1jLmfXviRXk_wN_DqiStt9oHX25HmxuZhwHLNOVY&__tn__=%2CO%2CP-R
Facebook,Rappler,,is a little humor in the announcement of class suspensions a bad thing filipinos share their takes on what can be done to better communicate during disasters is a little humor in the announcement of class suspensions a bad thing filipinos share their takes on what can be done to better communicate during disasters,https://www.facebook.com/rapplerdotcom/posts/pfbid0Vicss3HNtaY3F8gDEzg25SCGNe1EY5sG8ubuwWdFeWg5HSgW4g11h2XFTqvjxdvcl?__cft__[0]=AZXANKl9ef2U-nP5d0e5M4YGzx8E9A72OnVZRwa3McQRcVx7MZ5R_iz0DUJ_fKBZ1FsjJ3ixMwoO0QqK1Udi7hxYGyiCgSnJV7lFMBzEgECKvBxJmE-6CHndC2N94AwG8eLdKy-FKjOCgWjtO2gRmjguoF5SrOj60eCpjc5w-xtUIHbkbUftMfAqzVM4Mw-xkw8&__tn__=%2CO%2CP-R
Facebook,SunStar Philippines,,pag ibig fund is offering financial relief to qualified members impacted by typhoon crising through its calamity loan program members have 90 days from a calamity declaration to apply for loans with low interest and a three month grace period pag ibig fund is offering financial relief to qualified members impacted by typhoon crising through its calamity loan program members have 90 days from a calamity declaration to apply for loans with low interest and a three month grace period,https://www.facebook.com/SunStarPhilippines/posts/pfbid0376TWXYLufau9P8Wft6xMzmKiEMbKuisCEEvzuYUfHaFoV3kRCSusLW3VJAUse2bRl?__cft__[0]=AZWJblzTKB5EuXPREJpcl83Kb5puTJYgO2aGSq5eO0kCWq81U8ZOHukWEhrt9qd55qzs4523vIrE3VuhGAP9542rdRejouCzMs8Td1-zFEQTxs62NY_VZRStUDlP6_vGLgePF7h0AY_2yqvkMXG6zAqyU7vDjvBHYpzk7Hi9p6FLfOnKdzO3hQuTu9yZpa8lvrs&__tn__=%2CO%2CP-R
Facebook,Philstar News,,nag volunteer sa paghahanda ng pagkain sila ex pbb housemates will ashley at mika salamanca para sa mga komunidad na nasalanta ng bagyo kasama ang angat buhay video by angat buhay nag volunteer sa paghahanda ng pagkain sila ex pbb housemates will ashley at mika salamanca para sa mga komunidad na nasalanta ng bagyo kasama ang angat buhay video by angat buhay,https://www.facebook.com/philstarnews/
Facebook,untvnewsrescue,,natural na sakit sa tag ulan at hawaan ako nagkasakit ng siphon dahilan nag linis ako ng damo sa harap ng bahay wala akong exercise ilan buwan tapos magbasa ng tubig sa katawan ayon sakit taas ng lamonan next day kabila ilong na nag simula ang siphon hanggang kabilaan isang linggo gumaling naman ako walang gamit gamot kasi natural lang yan ubo siphon sa mga panahon at may kadahilanan tulad ko,https://www.facebook.com/UNTVNewsRescue/posts/pfbid02HoKREvupso4mJVFaCsCbh9FKEq1Yt65iz9xHxumyv6mqhhbM3tSeZUeFTKReYu6Jl?comment_id=1102091288103257&__cft__[0]=AZX1r3LSfO2X8x9oO_hRQTGHn9bV_LuJ-3PtM5xgbpyDR4SilX9N5VelagUfwgEv9ZYTwTnyXIic6AcWH30Mt6-MT5MDHhj__H7KvxaN_5Agckoz2hnKnlAjX2T_JsYkHM8mgDYcVj0AJYh3t0O3zuh8Ectl0wJz_JF8f6wJ5F9SG2OCWVoSMfGtqMT4Ih7LCMY&__tn__=R-R
Facebook,Davao City DRRMO,,lord guide and protect us from all the dangers of nature ilayo mu po kmi sa baha thy will be done lord,https://www.facebook.com/DavaoDRRMO/posts/pfbid021mcTzPDKpweFoYby1G8PA1erXr9Jzb5ffU34DyjnpUEigydZkAUak3qA45rCiuEbl?comment_id=723480433909792&__cft__[0]=AZXosM14B-yaD_BGY8bkc7x-TqDsgMCLNsRkT36VFjG_7vT_XMgzTvpbKeQzecHF72M4IF_jweOMc2tnNOxHGZqlwAlf4o-X2_dTggbAxzelQhP-bnalFdtuyttFQZsURNS-nLnOdWF7jnYOerqW-3V2yaJ6XSZyn_YmwCVhPSMlOhWJtrVDNoMjEjgOn-_OiTo&__tn__=R-R
Facebook,Manila Bulletin,2025-07-24 00:00:00,following widespread class suspensions due to typhoons and the intensified southwest monsoon habagat a teachers group urged the department of education deped on thursday july 24 to utilize buffer days before calling for immediate makeup classes following widespread class suspensions due to typhoons and the intensified southwest monsoon habagat a teachers group urged the department of education deped on thursday july 24 to utilize buffer days before calling for immediate makeup classes,https://www.facebook.com/ManilaBulletin/posts/pfbid0pHDHYwTekvRtToU3FdyfJtxTXMnynwtMtatKN4iDZ3b7zizgCEbzcoBuYnB6SRajl?__cft__[0]=AZWc2Nz9sn6AjhlkXHgwLPPC8vqQEGoLTJZ-H12Mqwrd-IE3Pg8-ZQj-UaBbQPNSbtccAhadQ1QrD0_ip2tIOSduXK6JnIzysinG_c5LhLABYcRLNuF76NKGocYgAog96k8NMZQaIesQBjDn1XmqjVU4eibmpHR1Rl-VX3DNkQudhA1BiM0gX0KfUgda5r7XA-o&__tn__=%2CO%2CP-R
Facebook,untvnewsrescue,2025-07-24 00:00:00,panoorin gumuho ang isang bahagi ng talisay laurel road sa brgy sampaloc sa talisay city batangas pansamantalang hindi pinadadaanan ang kalahating lane ng kalsada kuha ang video alas 2 37 ng hapon huwebes july 24 2025 mnp i untv nar batangas panoorin gumuho ang isang bahagi ng talisay laurel road sa brgy sampaloc sa talisay city batangas pansamantalang hindi pinadadaanan ang kalahating lane ng kalsada kuha ang video alas 2 37 ng hapon huwebes july 24 2025 mnp i untv nar batangas,https://www.facebook.com/UNTVNewsRescue/
Facebook,ABS-CBN,2025-08-24 00:00:00,president ferdinand marcos jr urged filipinos to shift their mindset from reacting to disasters to preparing for them as the new normal via anc 24 7 link to full story in the comments section president ferdinand marcos jr urged filipinos to shift their mindset from reacting to disasters to preparing for them as the new normal via anc 24 7 link to full story in the comments section,https://www.facebook.com/abscbnNEWS/posts/pfbid02r4CN4qGxn1W6egFUfnbK4phaeM1Ebi9WRLmM6eNeUxGM5TU7jU9fTk5YSBpJxi1Yl?__cft__[0]=AZU6iLZdbdIYeJZjM_6JTLAdm2DYASMrd1SD0s9iL686m2uuhTgInHg5l-t8iHzK0EoRdee0uOc7VoRsfHt48aLDsJqlmfnh7lay2iDaEBxnLmTUfqaYYoI8epAoHfLBLF7JAkTV-GggYujnuLEYwOoTMydvWjo06UTRHeA3qtGh1hEkm2hhvnKZp69wWoodO6k&__tn__=%2CO%2CP-R
Facebook,Manila Bulletin,2025-07-24 00:00:00,watch typhoon emong international name co may remains nearly stationary over the coastal waters of pangasinan and may make landfall tonight the philippine atmospheric geophysical and astronomical services administration pagasa reported on thursday july 24 watch typhoon emong international name co may remains nearly stationary over the coastal waters of pangasinan and may make landfall tonight the philippine atmospheric geophysical and astronomical services administration pagasa reported on thursday july 24,https://www.facebook.com/ManilaBulletin/
Facebook,Inquirer.net,,inqtoday signal no 4 up in 3 luzon areas due to typhoon emong inqtoday signal no 4 up in 3 luzon areas due to typhoon emong our thoughts are with the communities in luzon under signal no 4 stay strong stay alert and stay safe,https://www.facebook.com/inquirerdotnet/posts/pfbid02q5Qb1SpA2VeMsoTWa1hGmHdY62nRQPqtRmBeJTyN2uMhgUWhcoETgaA5ryoPQ9mol?__cft__[0]=AZVCrEHbMQxdJJ9AOwAA6eeUBjmyET8j_qjcIZNezxbi2LXcOn9UB67iN6FWkzq1vHW1hBJN6oT3utszWFHhjy_FrgTCG5ffxffXuWUWNW7iz3C8nGHgg4wnulcJmTO_DwGkgDBCjh83y8Cg2ldHfzrcM4TutVecSLcCgW80KjsFZvSNTrwiHOvnANcrOnKXcGg&__tn__=%2CO%2CP-R
Facebook,untvnewsrescue,,posibleng hawaan ng sakit sa mga evacuation centers mahigpit na binabantayan ng department of health pamahalaan humahanap na ng alternatibong paraan ng pagtuturo sa mga estudyante sa gitna ng suspensyon ng klase ayon kay pangulong ferdinand marcos jr pnp chief pgen nicolas torre iii sinimulan na ang training para sa posibleng boxing match sa linggo laban kay davao acting mayor baste duterte posibleng hawaan ng sakit sa mga evacuation centers mahigpit na binabantayan ng department of health pamahalaan humahanap na ng alternatibong paraan ng pagtuturo sa mga estudyante sa gitna ng suspensyon ng klase ayon kay pangulong ferdinand marcos jr pnp chief pgen nicolas torre iii sinimulan na ang training para sa posibleng boxing match sa linggo laban kay davao acting mayor baste duterte,https://www.facebook.com/UNTVNewsRescue/posts/pfbid07R8mveChH8Jgnrj8osuFhWJ4yREvCk1LywQoGLSEDZ5zcTwUsZY6Dq2K37kpVQZKl?__cft__[0]=AZXjlSId-vzEA17_VjPRrk1nnI1iKLqKKoUZmGdSSdQOH-Vv1Zha98O9Bi5Jo17RxxczJ6xTh_rUhqqd7yyksxUnqp4WEg9Wzm_6ZCpwk4WEV96UCA1XJG3CcLXY3ckAIHTVWMVr9YNge7WP06Q-Tnt5PiuoQ55ttWjGAv01UuJzzhq8Fzx52KAqQWzHTvVajJk&__tn__=%2CO%2CP-R
Facebook,Rappler,2025-07-24 00:00:00,watch floods hit manoto subdivision in barangay parian calamba city laguna on thursday morning july 24 2025 video by ahjoy luna watch floods hit manoto subdivision in barangay parian calamba city laguna on thursday morning july 24 2025 video by ahjoy luna,https://www.facebook.com/rapplerdotcom/
Facebook,GMA News,,philippine civil organizations on thursday welcomed the landmark advisory opinion that the international court of justice issued in respect to climate change philippine civil organizations on thursday welcomed the landmark advisory opinion that the international court of justice issued in respect to climate change just publicity for popularity,https://www.facebook.com/gmanews/posts/pfbid02utDmJren9jWYVcTZ4BKKY9oBPPmNf1y9aMANh72JqNjFofJJCoGUFavyFgS9icrCl?__cft__[0]=AZXb_0F8WXVG8n68nHDhwm2aeteu4gqsHtf4KXPvAoUwP8vJ9wTDlgbFmVwkfSPh4S0fI2QOMZNzS_2uwONtLMSJ-fAnlPjM0UX7RkJG064SPUe2hF9BBQRo_mlUYfFq-J2IDBqVEq5Zyu-s078SvS6iNGz2tzUZvEMNjOjHMw_AFX30_ns8OmDJ-C1W7eigvtg&__tn__=%2CO%2CP-R
Facebook,PHIVOLCS,2025-07-24 00:00:00,earthquake information no 1 date and time 24 july 2025 06 38 pm magnitude 2 2 depth 015 km location 08 38n 126 61e 030 km n 86 e of hinatuan surigao del sur earthquake information no 1 date and time 24 july 2025 06 38 pm magnitude 2 2 depth 015 km location 08 38n 126 61e 030 km n 86 e of hinatuan surigao del sur,https://www.facebook.com/PHIVOLCS/posts/pfbid02AX17wDMLsfhicHTzt7b6G62ZnZyfPwZZXvJjAyn5fXjCJumjYchYkmmSWrh5xN47l?__cft__[0]=AZVuHxYcqYbUpJUYujvyEvdvgbNVVCxMLVphgXX6An5BGNYfs_RJ3jEtwX6a8jSzx25FuaqrK9oj79xkx8_7vpXAXkN7TdroWlCyllkRN69KjV4PEm4xUy2jhvE76aPt585rRfjkY_h-g95G7vHMY7sVJDnVAC6TPAMUspvZO75sWvfwuFMa5jwFuf_2UP-oMxs&__tn__=%2CO%2CP-R
Facebook,Rappler,,the video was not taken in the philippines contrary to the claim at the time of the video s posting dante was still a low pressure area inside the philippine area of responsibility the video was not taken in the philippines contrary to the claim at the time of the video s posting dante was still a low pressure area inside the philippine area of responsibility,https://www.facebook.com/rapplerdotcom/posts/pfbid0RPKv2hdxi99QBwFVsBUQX9fmKnvtbFkwZAK4stnDLCzobEAKLGEszrBwSGyAiJF5l?__cft__[0]=AZU4P5EU83r8RwwAzn632MHvfiGhHAHtePTljphqeOd1lAKblDD8Mvg_O93U72E3Eme4fWttPOPRVfR66Y-_sjL_EM3TQG7A3bRnbTvqBZEY4qUxdCbkKPYEk5Ifb_VpT7F6coKuZL3qKux_fuDL530PkV7188wvOLyLaYkAYEs-n0w9Qf1ewBgsysHJYyaXv4w&__tn__=%2CO%2CP-R
Facebook,Manila Bulletin,2025-08-15 00:00:00,babies lactating mothers and pregnant women among the over 15 000 individuals temporarily sheltered in different evacuation centers in pasig city are being provided with nutritious food by the city government as part of the nutrition month observance babies lactating mothers and pregnant women among the over 15 000 individuals temporarily sheltered in different evacuation centers in pasig city are being provided with nutritious food by the city government as part of the nutrition month observance,https://www.facebook.com/ManilaBulletin/posts/pfbid02UznpnCKXteJxYCnTARXHynYYLys7FKCA4TbBB67PdYVgYm4akU5tnmcpo8Mt233Kl?__cft__[0]=AZX7SZdl2jr5shMX9VJCLIizw2ZbqJOgzskNieWLMACMgaY19Y5YN0g3sryucoh9cS74aUU_XcHkwuyTv8-vNx-kceJ5He9G93wtALcWnNywt-jsCRprnOMAWNY_-quPE87NKzerrM-mDnQiTnXSrb8jKlQbk-shhaZlbifIBvf7R_WSbemip3f7p3Z_ksiQpWU&__tn__=%2CO%2CP-R
Facebook,Inquirer.net,,deped provides immediate support to schools affected by flood rain deped provides immediate support to schools affected by flood rain,https://www.facebook.com/inquirerdotnet/posts/pfbid0ARsUQun6fxfBpKbygxCbjB6AKrN1pjxXVUxKuxHMNAiq2UYRTyRuq7RxuXKXGcvgl?__cft__[0]=AZW5Wwc0Ry9rLpE1kyvdLq671Sf22tJP7_yBx7YujIrkcvv2ydYnn57Ff8q5XSjM0JW1c2rm5lR7_Jxh8b9bvhks3w8fP9QlUNVH2LKwOjgJ7EEmlXQZs8-MG4R2rhS9rtNnID_utsr5XTt3oXCZGuL7zVbx4qNzoMN-aw4mvDAVm1Iaxct22yzj0KOjWMXDHTA&__tn__=%2CO%2CP-R
Facebook,PAGASA,2025-07-24 00:00:00,storm surge warning tropical cyclone issued at 8 00 pm thursday 24 july 2025 a moderate to high risk of storm surge may occur within the next 24 hours there is a possibility of inundation due to rising sea water along with high waves in the low lying coastal communities in the provinces municipalities of estimated storm surge heights 2 1 3 meters ilocos norte ilocos sur la union pangasinan estimated storm surge heights 1 2 meters batanes cagayan zambales see attached list of municipalities recommended actions stay away from the coast or beach cancel all marine activities be aware and follow latest updates from dost pagasa the public and the disaster risk reduction and management offices concerned are advised to take appropriate actions and precautionary measures and watch for the next storm surge information to be issued at 2 00 am tomorrow for more details and latest storm surge forecast and updates in the dost pagasa website storm surge warning tropical cyclone issued at 8 00 pm thursday 24 july 2025 a moderate to high risk of storm surge may occur within the next 24 hours there is a possibility of inundation due to rising sea water along with high waves in the low lying coastal communities in the provinces municipalities of estimated storm surge heights 2 1 3 meters ilocos norte ilocos sur la union pangasinan estimated storm surge heights 1 2 meters batanes cagayan zambales see attached list of municipalities recommended actions stay away from the coast or beach cancel all marine activities be aware and follow latest updates from dost pagasa the public and the disaster risk reduction and management offices concerned are advised to take appropriate actions and precautionary measures and watch for the next storm surge information to be issued at 2 00 am tomorrow for more details and latest storm surge forecast and updates in the dost pagasa website mga inirerekomendang aksyon kapag may storm surge warning iwasan ang pagpunta sa baybayin o tabing dagat ipagpaliban ang lahat ng gawaing pandagat see more,https://www.facebook.com/PAGASA.DOST.GOV.PH/posts/pfbid02fta7js6rMCtSEwzRxyf5gvP5FRoLsqwmXhmg4WyFEY2QHqseVAB2iktRDvAcGfHgl?__cft__[0]=AZVVfZ0MTkohxFIjdYrfpXYLgcS7U8SY6U8RBzERX37NfEnHuQ_a00CE63n7nndSWVE-ysjITEQUG48sKlnhgfho77UQdsjsRGk5ed1LzTwoz2hJl4THx9U_wm3qlR-0-EtUO-Qd72pC1X8_9w88bzkJg_fEU8ZcIPULZIJWs6fnvpUFDw-J4Kl2R-QGDk_ErqM&__tn__=%2CO%2CP-R
Facebook,SunStar Davao,2025-07-24 00:00:00,situation along matina pangi road in davao city at around 7 30 p m on july 24 2025 flooding occurred due to heavy rainfall earlier in the evening via superbalita davao aundrea jean l ngo situation along matina pangi road in davao city at around 7 30 p m on july 24 2025 flooding occurred due to heavy rainfall earlier in the evening via superbalita davao aundrea jean l ngo,https://www.facebook.com/sunstardavaonews/
Facebook,ABS-CBN,,old timers call it siyam siyam or nine nine nine days of nonstop rains a term that has been revived by the recent incessant rains brought on by the southwest monsoon and other weather disturbances old timers call it siyam siyam or nine nine nine days of nonstop rains a term that has been revived by the recent incessant rains brought on by the southwest monsoon and other weather disturbances yaman ng pinas sa basura mga walang disiplina tapos puro reklamo kung bumabaha isisi lahat sa gobyerno hindi nila na isip pabigat sila sa gobyerno lahat ng mga nararanasan nila na baha ay kasalanan din nila dahil mga basura nila ayaw linisin kung iisipin ng mabuti kasalanan talaga ng mga tao yan isang katutak na basura nakalutang sa baha,https://www.facebook.com/abscbnNEWS/posts/pfbid02djk7kyoMP7ptS9FzH6XaJWCc7U8nG5zkDPUKZzYg82S4JyhdTdmYSJdxMiZhCpv5l?__cft__[0]=AZUGSgfD7mlKlMJKzlwA37XxJedqWun9z-1YDFzLmVm0H2k703vpeSZsC9Qftlh87bA6Vo-su0H9SIerZE3rhzbC8rcSAnsZuQD29Rc1i9CleAo63EqDhw9UqE2I6uQlO4SRL2klEmVxO7cDr_DYG9imQd3aPS-Mkc8WZe3a2-I040-BaeRO5Y37DWvhOMNJKsM&__tn__=%2CO%2CP-R
Facebook,GMA News,,nagbayanihan ang mga residente tauhan ng afp at ngos para maisalba ang ilang bahay sa tabing dagat ng brgy pantoc narvacan ilocos sur na nanganganib na gumuho dahil unti unting kinain na ng alon ang lupang tinuntungan ng mga bahay matapos ang malakas na pag ulan via john consulta gma integrated news nagbayanihan ang mga residente tauhan ng afp at ngos para maisalba ang ilang bahay sa tabing dagat ng brgy pantoc narvacan ilocos sur na nanganganib na gumuho dahil unti unting kinain na ng alon ang lupang tinuntungan ng mga bahay matapos ang malakas na pag ulan via john consulta gma integrated news ang bagfl mo magsalita,https://www.facebook.com/gmanews/
Facebook,PAGASA,,mga inirerekomendang aksyon kapag may storm surge warning iwasan ang pagpunta sa baybayin o tabing dagat ipagpaliban ang lahat ng gawaing pandagat maging alerto at sundan ang mga updates mula sa dost pagasa at babala mula lokal na awtoridad,https://www.facebook.com/PAGASA.DOST.GOV.PH/posts/pfbid02fta7js6rMCtSEwzRxyf5gvP5FRoLsqwmXhmg4WyFEY2QHqseVAB2iktRDvAcGfHgl?comment_id=1420251175879112&__cft__[0]=AZVBip4FdN0vPdCk054fSj_CLAf9Dco0Oew33JzWKALB4xp-aPgz5l7hRqiOVvBuj8kRqdrOLF_Qbxb7mGVLgjSSmT-lLJ6dvK1a_sSQMLXQuoEjOnEU3LDswMLQDoAg4aYdGJff6FhN1lnqsxpDzXV01aDtH3lj6X5Qa2D4zVZ4gmGOlzGb7Ks4zRG1uDMMwWs&__tn__=R-R
Facebook,NDRRMC,2025-07-24 00:00:00,maging alerto mga lalawigan ng at ndrrmc 7 58pm 24jul25 orange rainfall warning sa zambales at bataan nagbabanta ang matinding pag ulan pagbaha at pagguho ng lupa maging alerto mga lalawigan ng at ndrrmc 7 58pm 24jul25 orange rainfall warning sa zambales at bataan nagbabanta ang matinding pag ulan pagbaha at pagguho ng lupa,https://www.facebook.com/NDRRMC/posts/pfbid0XoQToxP1pqzNazkVpFmY1SSp8BDmv3k8EVUfJ8dK71BAK21ZnfPiD335j2QAdjxTl?__cft__[0]=AZVVYXfGxHNHO4W5OUBwCkg49McI9vJ_UKM0kTdjQ4aHND9pLFVp5Throj7SBnQyNhEbvK4xvsn8-WlYZa8eLu24MPw4j2yjiUHu6wVtbzs5fI5PXrTnFWgMUo3OplurJmrMzdVA3QPP_TaQs7DQ-C58weYmRId7_58lqg4DyphelTnURViWQR-17mNV-D2Ve28&__tn__=%2CO%2CP-R
Facebook,PHIVOLCS,2025-07-24 00:00:00,earthquake information no 1 date and time 24 july 2025 07 47 pm magnitude 2 9 depth 022 km location 09 93n 126 05e 005 km s 75 w of san isidro surigao del norte earthquake information no 1 date and time 24 july 2025 07 47 pm magnitude 2 9 depth 022 km location 09 93n 126 05e 005 km s 75 w of san isidro surigao del norte,https://www.facebook.com/PHIVOLCS/posts/pfbid02bByxpmeHJNEu5mubq667gdnyDaYgKhCafxWUpJ7j4gqZAmX2sg9vyu39AXaN1tetl?__cft__[0]=AZWZOeqrZhh7b5OIjaLMoWLiH8S355bs8nGCo4yWJftQnRKPMU66Q_kQ__xjZDFRn4kLm0B0kPS74y-lXd8SO_kEnozNElxiYXUilLsh0yRx_Ce6LruzPH9cTNnYnmowLMCUD4cUR3Y2i555fSlxr3t6VWHJIIrdiYHkCW1wYPF7_T-ewqWEk_aeY9WYezOYMKM&__tn__=%2CO%2CP-R
Facebook,ABS-CBN,,umabot na sa critical high level ang laguna lake dahil sa patuloy na pag ulan ito ang dahilan kung bakit binabaha ang ilang lugar sa lalawigan umabot na sa critical high level ang laguna lake dahil sa patuloy na pag ulan ito ang dahilan kung bakit binabaha ang ilang lugar sa lalawigan hindi ba floodcontrol patrol,https://www.facebook.com/abscbnNEWS/
Facebook,Philstar News,,read the palace suspends classes in metro manila ilocos norte ilocos sur la union and more in light of and the habagat rains government agencies that are not vital to health services and disaster reponses are allowed to adopt an alternative work setup or operate on a skeletal workforce via jean mangaluz read the palace suspends classes in metro manila ilocos norte ilocos sur la union and more in light of and the habagat rains government agencies that are not vital to health services and disaster reponses are allowed to adopt an alternative work setup or operate on a skeletal workforce via jean mangaluz,https://www.facebook.com/philstarnews/posts/pfbid0PZ4kZWHFQeeBamvnRpGDs9PzMw3oLcGCydwg9b6RJnwXXMxLDHKdDAfwgyZkR6tXl?__cft__[0]=AZWZ1Wx1SlBRVSULPWQf0maT3e0e_kKO5DRUFm4f3W6Wd6D184Huv5rVS8_ylOTgaqmoZIPI3MVXDZKX-1YwVQ86TNRJtAQuB04EM2iNHLaSIQj8G31i8nwyrovxmW0pgQWNbJgyMwNdXm28DXgaIF7zFYc1PlsrOunjZ2cTLJuMXh83hIs11uvHwa4DaGoec9o&__tn__=%2CO%2CP-R
Facebook,untvnewsrescue,2025-07-25 00:00:00,suspendido ang pasok sa ilang paaralan at tanggapan ng gobyerno sa hulyo 25 dahil sa inaasahang epekto ng bagyong dante at emong sakop ng anunsiyo ang lahat ng antas ng mga paaralan kabilang ang tesda learners pati na rin ang mga government offices mananatili namang may pasok ang mga government frontline services suspendido ang pasok sa ilang paaralan at tanggapan ng gobyerno sa hulyo 25 dahil sa inaasahang epekto ng bagyong dante at emong sakop ng anunsiyo ang lahat ng antas ng mga paaralan kabilang ang tesda learners pati na rin ang mga government offices mananatili namang may pasok ang mga government frontline services,https://www.facebook.com/UNTVNewsRescue/posts/pfbid02VMS1Zjc3CG1gCmA8dtWX3cXmDwEgHkX5yd1PT6MKk8xRguA7zF1WpC4d9vYihwRhl?__cft__[0]=AZUalBg1tpZ0ZPjntNMlCgm0ZwPWwSMFWVcwONIIv8ovRX8xQ40cmxzDeEvNqdNvCoPYThpi-QgKJ3fc6-RmrU7YqrEwpIuUbLd58-VhLinFudu4ZQsc4XZUoYwMbCK7m9QWWus65Cp6hK3NH8UOaZZ3EsKe6tjGqvASNlIL5OiG9hfgu9sMQ-MiydsssGJyUdU&__tn__=%2CO%2CP-R
Facebook,GMA News,2025-08-11 00:00:00,tingnan isa ang patay isa ang nailigtas habang dalawang katao pa ang patuloy na hinahanap sa landslide sa boundary ng silang at tagaytay city sa cavite ayon kay tagaytay city mayor brent tolentino nagkaroon ng pagguho ng lupa at pader sa brgy cabangaan sa bayan ng silang bago mag 11 am kanina natabunan umano ng lupa ang construction barracks na matatagpuan sa brgy iruhin west sa tagaytay city ongoing ang search and rescue operations ng mga awtoridad para mahanap ang dalawa pang nawawala via james agustin gma integrated news courtesy tagaytay city lgu tingnan isa ang patay isa ang nailigtas habang dalawang katao pa ang patuloy na hinahanap sa landslide sa boundary ng silang at tagaytay city sa cavite ayon kay tagaytay city mayor brent tolentino nagkaroon ng pagguho ng lupa at pader sa brgy cabangaan sa bayan ng silang bago mag 11 am kanina natabunan umano ng lupa ang construction barracks na matatagpuan sa brgy iruhin west sa tagaytay city ongoing ang search and rescue operations ng mga awtoridad para mahanap ang dalawa pang nawawala via james agustin gma integrated news courtesy tagaytay city lgu,https://www.facebook.com/gmanews/posts/pfbid0259kgwcMf2A3ak8j2T2GqqXcA3iGu893wFmxUWewBQym4C5GyzAFcUuHbLhkAbdSnl?__cft__[0]=AZXNNenXz3pxvODDT0XSJOpRuRqXkOtUAKlWxtKet38tnEmIYX1zjdPp589xspSOGx0a7e3PPHGD0Qy-eOsPwPaUFIIyBh-_3zIoCYM5EaC2UKLsqvIbhQ0kUz-MS76v6k9mJOCGRqJJuAIShcEGI4sfZZTQPJEoeU-Uvwb1JZ0WDaqMJymE4UQ_T9qRgly1jRI&__tn__=%2CO%2CP-R
Facebook,Philstar News,,pagasa has issued a storm surge daluyong warning over the coasts of ilocos norte ilocos sur la union and pangasinan with heights that could reach up to 3 meters batanes cagayan and zambales may also experience a storm surge of up to 2 meters high via jean mangaluz pagasa pagasa has issued a storm surge daluyong warning over the coasts of ilocos norte ilocos sur la union and pangasinan with heights that could reach up to 3 meters batanes cagayan and zambales may also experience a storm surge of up to 2 meters high via jean mangaluz pagasa,https://www.facebook.com/philstarnews/posts/pfbid036xV7akFMtriJznRg6iYFNMf6rzBUJscxCabG3Mzq24JttFz2CF2JEfCevumhPTRal?__cft__[0]=AZVgn6PL35aY_02qHbGTrFnOI5Z90RslFKKrTYKvaR5g3XnyGSxjQ82WIZIoCxF_0uwf_Onq37yRWK8RK2nKMI_wxarWBLeZ55B9zQgwVKUHCrjj7pDTtFPWDJm874KRYdDFRaBXXq05CzHRX7QCcgvri2l4LAYgcDZCQKk_Aaj4SMF7brHel5q-_LvOiP5wvLk&__tn__=%2CO%2CP-R
Facebook,PAGASA,2025-07-24 00:00:00,flood advisory for bicol river basin issued at 8 30pm 24 july 2025 flood advisory for bicol river basin issued at 8 30pm 24 july 2025,https://www.facebook.com/PAGASA.DOST.GOV.PH/posts/pfbid02mCKq3kJeez8tVcT72DmNYQkioqgzRios2N1Z5KHUdqMhFs8jssSeGxBZ9VLxDeQnl?__cft__[0]=AZVzf2ydY9LuVXzU4aNzeR3VqXGt7Q1YMIfeN4m2orIiEItiRjEheD87YD1tnRdu3p2ECoQxa5YJ9puMN4H_nX6FxikOTyMqVauWXvY4HR46z40VxmbQrmk8ub7PBWKX_Rm7NQEoW7IheB8OKJKACrM3cf0Zwa6Ze9r9iVDZIXnNW1htxDRPpDE_IAmamjWSHQ8&__tn__=%2CO%2CP-R
Facebook,untvnewsrescue,,naka alerto ngayon ang ilang local disaster risk reduction and management office sa albay dahil sa banta ng posibleng pag agos ng lahar mula sa bulkang mayon ayon sa inilabas na advisory ng philippine institute of volcanology and seismology phivolcs maaaring maitulak pababa ang lahar na nakaipon sa dalisdis ng bulkan dahil sa malalakas na pag ulan sa bicol naka alerto ngayon ang ilang local disaster risk reduction and management office sa albay dahil sa banta ng posibleng pag agos ng lahar mula sa bulkang mayon ayon sa inilabas na advisory ng philippine institute of volcanology and seismology phivolcs maaaring maitulak pababa ang lahar na nakaipon sa dalisdis ng bulkan dahil sa malalakas na pag ulan sa bicol,https://www.facebook.com/UNTVNewsRescue/posts/pfbid0PfwogGq3tkX1Jo6vd1qeAbHe2KpB4KVqMuqq8KEH8RRxNZDjdR5RmevgwVhYgFGXl?__cft__[0]=AZXAQBSuZTUMSLmVGfl2Tm-6ue_sOJMV-UrTboF6-bb3V34wDV40R34d2NdjdbK1P_rqBI2S0bj9exi_8xwtGsdfgETTlilvCDxcvbGR-XqLaEO4sk-YuoV2pjAyuzQtSk4b1qYESLzuyHQysVJqJP5qUIUfbiC8sm9ZgvHxnRsljVrtfV8WX_zfzDwakHUREfc&__tn__=%2CO%2CP-R
Facebook,PHIVOLCS,2025-07-24 00:00:00,earthquake information no 1 date and time 24 july 2025 08 13 pm magnitude 2 9 depth 032 km location 08 89n 126 41e 013 km s 76 e of cagwait surigao del sur earthquake information no 1 date and time 24 july 2025 08 13 pm magnitude 2 9 depth 032 km location 08 89n 126 41e 013 km s 76 e of cagwait surigao del sur,https://www.facebook.com/PHIVOLCS/posts/pfbid0KFxSwz6DxStcQyazzrSTKB9tWhgKbGbpAW3yCgSj2851HiiNx5vG42xgMnEUhQ5yl?__cft__[0]=AZVtzhJJZYhiCF5vqdyaxk3xGvtzK8TYcAzn2CIF8In6uB6YQxkAoI35PyqxAvGoFjnAKNx8u0cZBQHmUBbuzkGsWyQidmODdR66yoCsAjlOTo2aLCvSygyglPbU4KAxTZeGfDny_Vup4-Ukuo2TmiMOA8ctbpJxwpGxJK7p5P0mGNuh7mSKnIl4wmro0YKpII8&__tn__=%2CO%2CP-R
Facebook,#firealert,2025-07-24 00:00:00,fire alarm july 24 2025 location ilang ilang guguinto bulacan fire alarm july 24 2025 location ilang ilang guguinto bulacan,https://www.facebook.com/hashtag/FireAlert
Facebook,Rappler,,three construction workers died in cavite when a perimeter wall in their barracks collapsed following days of heavy rain dennis abrina rappler for more updates visit the project agos habagatph chat room three construction workers died in cavite when a perimeter wall in their barracks collapsed following days of heavy rain dennis abrina rappler for more updates visit the project agos habagatph chat room,https://www.facebook.com/rapplerdotcom/posts/pfbid0Jv5g9a1Sg593ofp2sN6BmhnZt6u3cCT6DuKCpBSnRrRMj1tVoLKV2CmY1tUSCjZvl?__cft__[0]=AZX984OeIxknxswbU8ClIWOMqb-Z7o84yDsS2MsEGAuQOY-jHOZa1xAJKlY7GlI1B2mP3pobrMAfpBYXtGqGrSs9owbByI4A8VOfAnUo8ipxtDl0P_ZF3Kejc_qGZw4KVVvy9cOzTpA8zt5SuwIyMOi5nfqi6ONgArDaYyGoEJFB040cXNx_pZBS-C8ywIIvIAA&__tn__=%2CO%2CP-R
Facebook,Philstar News,,flood out of control ang inabot sen bam aquino is seeking a probe into the governments flood control projects amid widespread disasters caused by three consecutive cyclones and persistent southwest monsoon rains check comments for the full story flood out of control ang inabot sen bam aquino is seeking a probe into the governments flood control projects amid widespread disasters caused by three consecutive cyclones and persistent southwest monsoon rains check comments for the full story,https://www.facebook.com/philstarnews/posts/pfbid02fCvonJ8fMLbjuRLnUMXWCXtbz9h6eQMrbawhtFoo1c2hjP7QGKNZcEwQGYr5mpz7l?__cft__[0]=AZXZE2emO5Dnl9R_98XFsUJmMNIfaRKXE__4kIIAd6rbFQk2T8ybTzLlpgX9AT3KhH1txSRa2CbNQbx-vmVCjl7QUstMxlfWOyGdBizkVmSqv_BkS0fSm_699osStl1-pQ5gpXvEFYejjXQkm9mweKJasKXLrc_DXFpRWq9Vl2F5OM35S95dg9fgX1Q7Dk3GzTA&__tn__=%2CO%2CP-R
Facebook,GMA News,2025-07-24 00:00:00,may your pocket never run dry namahagi ng tulong sina youscooper ron reyes at kaniyang mga kaibigan sa ilang mga residenteng nasalanta ng bagyo at habagat sa brgy bodega at brgy dampe sa floridablanca pampanga kahapon july 24 we want to thank everyone whos involved para makapaghatid kami ng tulong and yung mga up to now nagpe pledge pa rin ng tulong thank you so much saad niya courtesy youscooper ron reyes may your pocket never run dry namahagi ng tulong sina youscooper ron reyes at kaniyang mga kaibigan sa ilang mga residenteng nasalanta ng bagyo at habagat sa brgy bodega at brgy dampe sa floridablanca pampanga kahapon july 24 we want to thank everyone whos involved para makapaghatid kami ng tulong and yung mga up to now nagpe pledge pa rin ng tulong thank you so much saad niya courtesy youscooper ron reyes,https://www.facebook.com/gmanews/
Facebook,PAGASA,2025-07-25 00:00:00,ncr pasig marikina laguna de bay river basin flood bulletin no 17 issued at 6pm 25 july 2025 ncr pasig marikina laguna de bay river basin flood bulletin no 17 issued at 6pm 25 july 2025,https://www.facebook.com/PAGASA.DOST.GOV.PH/posts/pfbid0gG61d1gcfrGtin1vj33Q3qjWXznA7LJRwtjaxN5pP1rTD9WWSHejTVtSckoAwhx7l?__cft__[0]=AZWhRV38ro50Th7ESicIT5kff-bmLrDd87rB0i5SixcDgqXQT-trzQ6oBwmkSnLiqonhXQdv-pTRA1YMZaLLmrTAy2MBVecWFWKXr-kM4F-IhxNbY3-aaYlgnFCFiHwiK18twXMdllPJAMSdE5d2H36LQipqGnyexmR9Z--xGJMmOdqn8RgTm1Q2HIWu-zOvN70&__tn__=%2CO%2CP-R
Facebook,NDRRMC,2025-07-25 00:00:00,press briefing tropical storm emong co may and southwest monsoon at 5 pm july 25 2025 friday dost pagasa weather specialist benison estareja press briefing tropical storm emong co may and southwest monsoon at 5 pm july 25 2025 friday dost pagasa weather specialist benison estareja thanks po sa update,https://www.facebook.com/NDRRMC/
Facebook,ABS-CBN,,the miss philippines earth foundation and its reigning queens launched a donation drive on friday to help communities affected by the back to back storms in the country the miss philippines earth foundation and its reigning queens launched a donation drive on friday to help communities affected by the back to back storms in the country,https://www.facebook.com/abscbnNEWS/posts/pfbid02BrmK4wf31ozUoMwM2dx5ricgToVjSSkenAhuFuqN2NM8qs76MT5mEzNQ8CiRoS5l?__cft__[0]=AZXDEE96EQhH2HNiy4dUFG3lUWslWDVOVxq8dkl1qvLIt6EhFq7ilI4xHFE-yxjDKz_6Oc9_hx8se416ToUFeGW9I-lx3Z78lMWbT-zkiDfDaCrIZWRWExiFMK-eAnK_x4FpsI9pP_MysX7q60mwKXB8ayUtqY2TJmNgQkf0nUpB0jTpIcq7EIrSaB-SLZMYaww&__tn__=%2CO%2CP-R
Facebook,Rappler,,disaster response is a coordinated effort between local and national agencies disaster response is a coordinated effort between local and national agencies,https://www.facebook.com/rapplerdotcom/posts/pfbid06uebSPhkJQHWYsisXLX7NkqS9iN69SQhZV2xRf5y6gyuzzBcuC1u6vLnjeqx3rcRl?__cft__[0]=AZV_1ziFUl6iP1y2AeRHiW1H66dQZhTqyNOkDtPL9AMp4HL_doR7YV2G3QgZ1YdiGQvzeHhzeC_m3GsBHOc1Hodlg7gTbOzc3MwEmimaGUTNiXSUQklpxefHsnoGDGDIXIiDzunPDKB2KOtMmA6AYjUMlXPj_vvKdQeW8xs5sAq1x5UkjoywPtvhcrWDP66GTJQ&__tn__=%2CO%2CP-R
Facebook,SunStar Philippines,2025-08-03 00:00:00,as widespread flooding displaces over 3 8 million and claims 25 lives various church groups are providing shelter to affected communities more details in this report as widespread flooding displaces over 3 8 million and claims 25 lives various church groups are providing shelter to affected communities more details in this report,https://www.facebook.com/SunStarPhilippines/posts/pfbid022ughTU7BArRDfMT55HkgBE87UiFX46HF2eYrEXQ8HcWVwiTkpgAeVPP2koYjPdVdl?__cft__[0]=AZUCEbX4vKXFWF5KLsUCuTh0wRoPRE1hohXn7-z5Daz4GII5ANpWL1d4bd3KDOGzKIXlHl7tUqU8VWBMWZQbbLQJuYcFihQ27ZuHJY_uPaFYhCrX6LTRo522hAF0Iwa8e33i9nC2rmQQY90CqUCurtOsdGXLsWDDCHULeNG4hZ1omrEWKmQhdlV-vN407fppa8k&__tn__=%2CO%2CP-R
Facebook,SunStar Davao,,the eastern mindanao command eastmincom announced that the enhanced defense cooperation agreement edca site at lumbia air base in cagayan de oro city will play a key role not only in joint defense activities but also in humanitarian and disaster response hadr efforts across mindanao read more the eastern mindanao command eastmincom announced that the enhanced defense cooperation agreement edca site at lumbia air base in cagayan de oro city will play a key role not only in joint defense activities but also in humanitarian and disaster response hadr efforts across mindanao read more,https://www.facebook.com/sunstardavaonews/posts/pfbid0MWFBWEmZBMk21duxmLPm2dPc3FG97Dofnwp9PaZFKqF8bbqnMXsWff9RFA93CNmol?__cft__[0]=AZXIlyLdvOflBGUSaCT6aIp_qeauZ0jtSpw9qI-Emfbtat0IbXPtY5CVB4crH5sr3ADvkalVpCM3aVLwzq2ErrOi632wEiXSbhG7a2PaJkb-n5biYcwgc3M4VbUmaW234dGgMafnO81pACYjFR3LiI9Lg8ShnsmewFkwFj9og46fB_BsBDd5b9oFoDvPu9ET4F4&__tn__=%2CO%2CP-R
Facebook,Rappler,2025-08-02 00:00:00,sa desisyong ito talo ang taumbayan talo ang pananagutan akbayan representative chel diokno says sa desisyong ito talo ang taumbayan talo ang pananagutan akbayan representative chel diokno says the supreme court s role in impeachment proceedings is limited and it s generally understood that the court should not interfere with the senate s impeachment process except in specific circumstances separation of powers the philippine constitution divides power among the three branches of government the executive legislative and judicial impeachment is a constitutional process that involves the legislative branch congress and the senate and is aimed at holding public officials accountable role of the supreme court the supreme court s primary role is to interpret the constitution and laws in the context of impeachment the court s role might be limited to 1 interpreting the constitution the court can interpret the constitution to ensure that the impeachment process is conducted in accordance with constitutional provisions 2 reviewing procedural matters the court might review procedural issues related to the impeachment process such as the validity of the articles of impeachment or the senate s jurisdiction however the court generally should not interfere with the senate s discretion in conducting the impeachment trial as this is a matter of legislative prerogative why the sc should not interfere the supreme court should exercise restraint in interfering with the impeachment process to 1 respect separation of powers interfering with the impeachment process could be seen as overstepping the court s authority and intruding into the domain of the legislative branch 2 allow the senate to exercise its constitutional role the senate has a constitutional role in trying and deciding impeachment cases and the court should allow it to exercise this role without undue interference by exercising restraint the supreme court can maintain the balance of power among the branches of government and ensure that each branch respects the others constitutional roles niwed rahman iyak nlang talaga,https://www.facebook.com/rapplerdotcom/posts/pfbid0wPNXh3UCGGA6VPVEFSVsf5TpcjvMRSAhw36uPozrKLbPTpRMMz6DJRR1TgEY2Twql?__cft__[0]=AZUGxaiOj6VXA3bxYnH6Lqc7EF7biJ_lvzGILxSD6N4yTDSlQIi27K--30fdt-dqzZjnyau2WXfskMhLo4i0PAvAknr9JSphXho0-ObpQW5CUhXMl5aoLAw8HnOwl9vHSq73LzjI5zM6bpDOOrijxKRft6GYQ1oVcaLnNwZnq8MLSdC8D7h6QFdRYIDgZDcPfsQ&__tn__=%2CO%2CP-R
Facebook,GMA News,2025-07-24 00:00:00,tingnan matinding pinsala ang iniwan ng pananalasa ng bagyong sa bayan ng agno sa pangasinan unang nag landfall ang bagyong kagabi sa lugar pasado 10 40pm july 24 2025 nasira at bumagsak ang bubong ng isang simbahan sa bayan nasira rin ang ilang bahay establisimyento at ari arian binaha rin ang ilang barangay sa lugar nagtumbahan din ang ilang poste sa bayan kaya nakaranas ng kawalan ng kuryente at pahirapan sa komunikasyon courtesy sangguniang bayan agno via gma regional tv one north central luzon tingnan matinding pinsala ang iniwan ng pananalasa ng bagyong sa bayan ng agno sa pangasinan unang nag landfall ang bagyong kagabi sa lugar pasado 10 40pm july 24 2025 nasira at bumagsak ang bubong ng isang simbahan sa bayan nasira rin ang ilang bahay establisimyento at ari arian binaha rin ang ilang barangay sa lugar nagtumbahan din ang ilang poste sa bayan kaya nakaranas ng kawalan ng kuryente at pahirapan sa komunikasyon courtesy sangguniang bayan agno via gma regional tv one north central luzon,https://www.facebook.com/gmanews/posts/pfbid0q6B1bKdqoAbxXwXhGn3euKjpXYSTe6r3En5Lrx7ftRwkQD8dRJsrUTg5bMhnvwa2l?__cft__[0]=AZWY7FJzDvxdchUGDhhVqRW7SI7ApJk22DG4rRP_2cU_TX0Cbm4aNDemZY9Mq-SZ4Sm1nurHejAeG8t2y_bBCc8HgGqU-bOVPbyHGPpuHJwCygHSUF2WcAPnK2fzLBjNbP2WhOo9l-yK_uvEo4mvtFOtaTMGdrR8gbgP-HBmNck3x1jcVw0yJ6zQVo_fCZeROyA&__tn__=%2CO%2CP-R
Facebook,untvnewsrescue,,malugod na tinanggap ng kampo ni vice president sara duterte ang desisyon ng korte suprema kaugnay ng isinampang articles of impeachment laban sa kanya ayon sa pahayag ng defense team malinaw na kinatigan ng hukuman ang probisyon ng 1987 constitution na nagbabawal sa higit isang impeachment case sa loob ng isang taon malugod na tinanggap ng kampo ni vice president sara duterte ang desisyon ng korte suprema kaugnay ng isinampang articles of impeachment laban sa kanya ayon sa pahayag ng defense team malinaw na kinatigan ng hukuman ang probisyon ng 1987 constitution na nagbabawal sa higit isang impeachment case sa loob ng isang taon ang araw ang magsasaysay,https://www.facebook.com/UNTVNewsRescue/posts/pfbid0FkiaRHoqwX4fMP6TZNgvHu2bvnKJy6CoquRdQX5nJRbPq3HCBzfo1aLkRoNvQVKTl?__cft__[0]=AZU5fW6ApQuaIR0pbv9xbNiW3nGIxJ0oNLrH822LeNT2_6OXKqU5zPk_Kg8Do-m1vvnR0i9b2K-8YKprZo1seQXk5N2lcOjkSNfty-21w7sRwqoJ2AICKoEjwd_8vljW7ao1XzLOiYrAN-hBDGZlxgDyrG768l9DjAoD1q7feczb9DDeGy5vLADqur77uBg8Ym0&__tn__=%2CO%2CP-R
Facebook,PHIVOLCS,2025-07-25 00:00:00,earthquake information no 1 date and time 25 july 2025 05 18 pm magnitude 1 4 depth 033 km location 08 60n 126 27e 017 km s 19 e of san agustin surigao del sur earthquake information no 1 date and time 25 july 2025 05 18 pm magnitude 1 4 depth 033 km location 08 60n 126 27e 017 km s 19 e of san agustin surigao del sur,https://www.facebook.com/PHIVOLCS/posts/pfbid0uAPt2vmThVkDUXGvaavkYPioia2x88dW7A4BxuG1fXzRvUaMhpzFPbJLhhonbBqnl?__cft__[0]=AZUPetTnQe8Fz2EzLasKgTKdEE2DWnYzVOZ-eKo53LCN2hnhZdAv0PwzZMo978Uhhy5WRRqpsH4WuPO_QKPk4stRyE5P0QxyvLSwI_De82sMVlwvAb40fqcuwVmnpRbJejsOBCoU5HGo5-Q0KqjNxGNYQsVHYIwgWbWFOePYgIrX_dMPAa2psh8N49aGrYmf4Hg&__tn__=%2CO%2CP-R
Facebook,GMA News,,dahil sa lakas ng ulan gumuho ang bahagi ng isang highway sa calaca batangas dahil sa lakas ng ulan gumuho ang bahagi ng isang highway sa calaca batangas,https://www.facebook.com/gmanews/
Facebook,SunStar Philippines,,the bureau of working conditions urged employees made to work during recent bad weather to report employers for possible occupational safety and health violations the bureau of working conditions urged employees made to work during recent bad weather to report employers for possible occupational safety and health violations,https://www.facebook.com/SunStarPhilippines/posts/pfbid0nkXx9cFkkzZiy5qzsnEaBKXGGNUXNtBFynk4MC3azN4nsRQ1vq5HL8b9oPw3hF1Gl?__cft__[0]=AZV-jr2YNKURqnLf33jwK4sAamqZy-XjpXm1JS3kGULg43xrjkXjQuC5v3YbJa4ejTJQb64gpVMS5imq4mA7ggNiTKjpOniGfvawfudLnT7QGU6VX1LnZpn6OXzNrH2j_sESUlkYpo8ZKcDCUgvgoKAYKroQEFY5v2HK_1sJUU9IslJ9mGb4otvqIRkkdsaEwD0&__tn__=%2CO%2CP-R
Facebook,PHIVOLCS,2025-07-25 00:00:00,earthquake information no 1 date and time 25 july 2025 06 59 pm magnitude 1 6 depth 031 km location 15 07n 119 92e 016 km n 87 w of san felipe zambales earthquake information no 1 date and time 25 july 2025 06 59 pm magnitude 1 6 depth 031 km location 15 07n 119 92e 016 km n 87 w of san felipe zambales,https://www.facebook.com/PHIVOLCS/posts/pfbid02YnxbPF9PAaFyWqVwtNxezZpSwKQxqYksDoDL6LF23tK1ZPPwhhYyW43Guj3t8XVKl?__cft__[0]=AZXhZzF_GDAv1_6yiHLGiah9X_mdN4KIfONWzt2M2UZIBvHWH6382nVOA0tMFScVMaj8YrN8AlBzLtySNxsg-LQ1geXvcQRE2ovjRTxETQ5UPQ6L_92okLxd6nuusaNCl7k4jLI3xw2dbSnlRT3ZLi1qohJs2quCLbIi5Ni8VTitgwPgtoGaP1p4u7kCu2F935Y&__tn__=%2CO%2CP-R
Facebook,ABS-CBN,,residents living in the low lying areas of the municipality of binmaley in pangasinan have taken shelter at the binmaley community center due to the combined impacts of past tropical cyclones and the habagat which have caused widespread flooding landslides and major damage across the province residents living in the low lying areas of the municipality of binmaley in pangasinan have taken shelter at the binmaley community center due to the combined impacts of past tropical cyclones and the habagat which have caused widespread flooding landslides and major damage across the province,https://www.facebook.com/abscbnNEWS/posts/pfbid0pRx3cPUis6KEWwZBe1e5FD1qVcedK6mjUhTTsN81AqBDds5RwyKHN9kdPo3JWxNfl?__cft__[0]=AZXiY3qL9th3471JGTJDTQCUQ0fNUZmYdCWcPkQ3gAVHylLpyr_sUMK-AxarS4T86xbdH68Bz9B357P45RTuv2bCBVPt7bjPppVnp6jeJONxPbmPVoPrl-76Jo_m8UfEjSxmCRA9OcMVXxCUFWgYW9uKnRJUCrr9jx8uB_yYUECQS4Cm9uhlI7cVC-D-b3sjZTU&__tn__=%2CO%2CP-R
Facebook,GMA News,2025-07-25 00:00:00,heavy rain and floods have not stopped a filipina entrepreneur in the northern philippines from continuing with her online live streaming sales while standing submerged in waist high waters maica mendoza took advantage of the floods on friday july 25 by showcasing her waders live through an online shopping platform believing that seeing how her items work in the real life scenario would boost her sales mendozas unique live selling strategy which she said started back in 2020 has garnered a steady following of over 32 000 followers on tiktok she lives in calumpit bulacan which is prone to floods during typhoon or monsoon seasons typhoon made landfall in the province of pangasinan early morning friday and has since weakened to a tropical storm after crossing the mountainous region and exiting the landmass of luzon courtesy reuters heavy rain and floods have not stopped a filipina entrepreneur in the northern philippines from continuing with her online live streaming sales while standing submerged in waist high waters maica mendoza took advantage of the floods on friday july 25 by showcasing her waders live through an online shopping platform believing that seeing how her items work in the real life scenario would boost her sales mendozas unique live selling strategy which she said started back in 2020 has garnered a steady following of over 32 000 followers on tiktok she lives in calumpit bulacan which is prone to floods during typhoon or monsoon seasons typhoon made landfall in the province of pangasinan early morning friday and has since weakened to a tropical storm after crossing the mountainous region and exiting the landmass of luzon courtesy reuters,https://www.facebook.com/gmanews/
Facebook,PHIVOLCS,2025-07-26 00:00:00,earthquake information no 1 date and time 26 july 2025 12 04 am magnitude 1 8 depth 030 km location 16 47n 119 77e 015 km n 56 w of bolinao pangasinan earthquake information no 1 date and time 26 july 2025 12 04 am magnitude 1 8 depth 030 km location 16 47n 119 77e 015 km n 56 w of bolinao pangasinan,https://www.facebook.com/PHIVOLCS/posts/pfbid0L16W2WVQLgivazZdkvpXfYrGHxvHfRzKQ2ht3YWetsUMHMdSCbygoMkFRfDRCBJ8l?__cft__[0]=AZUU8BFs1C1UA4iaEQrfVU_ldq6lNqmUPBiCZ82ppCc8A2At0qN8xR4yHE78Q8QbHCNXQcNXpCaW-8BN95DE-_3uGUq3sGiQjZr4Dsg-McwxXQdX79x9Gd84DyAJ0VcN7V-CXz2EKWebbbdwQthR-gB921Yr4XJ_xjHBzcvxeYYL-ARIR7UjRua23W3rX9RZ9wg&__tn__=%2CO%2CP-R
Facebook,ABS-CBN,,bilyon bilyon bilyon ang pondo para ss various projects to control baha e lalo lang lumalala mga baha ewan ko lang kung ilang porsyento doon e napupunta sa bulsa ng mga buwaya,https://www.facebook.com/abscbnNEWS/posts/pfbid0pRx3cPUis6KEWwZBe1e5FD1qVcedK6mjUhTTsN81AqBDds5RwyKHN9kdPo3JWxNfl?comment_id=1081889066770463&__cft__[0]=AZUEO_w-1buJuPb0irVbsrKMauH7nHmxtonmDmc7LzMSTo5UOAKjcXNjzfHZVPqQVYO7GHgGSkhvHvXIxx-PUwHJyHnkTXBsOelR4q93gHQH-MLMf4WuHE5QBiUhTBcWIZPXu43tnNf0hTVBeqoTwvxZ7Rbiu4JwWDaeswqXXVw_0q8sWPqNNMf9K0UrQ5DQwME&__tn__=R-R
Facebook,PHIVOLCS,2025-07-26 00:00:00,earthquake information no 1 date and time 26 july 2025 12 20 am magnitude 1 6 depth 035 km location 09 87n 126 22e 012 km n 35 e of general luna surigao del norte earthquake information no 1 date and time 26 july 2025 12 20 am magnitude 1 6 depth 035 km location 09 87n 126 22e 012 km n 35 e of general luna surigao del norte,https://www.facebook.com/PHIVOLCS/posts/pfbid0KdFfTyYUfe4yp4unRarAoQw95wce2P8wp6YKXYa2aQ8rAho1BUGfkQWyEkGQvmral?__cft__[0]=AZVBFSJHqmCzClXHgjZ7YW_YanGSyXnKE0oG5f_b3ysg9Fc1RcF4WkjPmzSsFJcc3ZbQMN-X9JoXtdHef-vhSEntfJrHlFodFCTNCKOKvV7PswRoSE4BEbRUzjazM2v5GhKsTrSEURPCPgBOcWR_m8FOq2RE7awlfXUrlfuU7lECMmNKGcBamqDSjBYy1NRFg7U&__tn__=%2CO%2CP-R
Facebook,#firealert,2025-07-25 00:00:00,fire alarm july 25 2025 location phase 2 blk 9 marycris complex pasong camachille 2 general trias cavite fhons repala fire alarm july 25 2025 location phase 2 blk 9 marycris complex pasong camachille 2 general trias cavite fhons repala,https://www.facebook.com/hashtag/FireAlert
Facebook,PHIVOLCS,2025-07-26 00:00:00,earthquake information no 1 date and time 26 july 2025 12 39 am magnitude 2 4 depth 020 km location 08 76n 126 29e 004 km s 16 w of marihatag surigao del sur earthquake information no 1 date and time 26 july 2025 12 39 am magnitude 2 4 depth 020 km location 08 76n 126 29e 004 km s 16 w of marihatag surigao del sur,https://www.facebook.com/PHIVOLCS/posts/pfbid036rG6CRsJpLL19Ugco9KyHbaNC9fP6x9Gk19w3XbZ3vurx3L9RPKhmXTRBJQ49FHCl?__cft__[0]=AZW2sqowHxniwGumAiGS3HkeW1LeHYS_IFLDaupbbUcgZ650cLeT4lVODvWCNjNNHmPdznQACSQVHsjXnNY3104pnTfSKaZySY6_O97Z1XrEHvtMUagzgY1BqkGzfkkYqzo_1vUbrdVdumfeXRCE6L4PUskKPANcPFR3-2I9WY1-IDIv-55zE9n8dARpvWDeVfo&__tn__=%2CO%2CP-R
Facebook,Rappler,,netanyahu and trump abandon gaza ceasefire talks blaming hamas for impasse as humanitarian crisis deepens macron recognizes palestinian state amid international tensions netanyahu and trump abandon gaza ceasefire talks blaming hamas for impasse as humanitarian crisis deepens macron recognizes palestinian state amid international tensions palestine will be free from israels genocidal actions to which the world sees them now as a rogue state,https://www.facebook.com/rapplerdotcom/posts/1262791565882909?__cft__[0]=AZVhBebHGNHgqMufCvVZvHqdGaE8nFle7tTPQPLEDH_FP3DgsfWdRoDpIxKbzf1xqUHrhCH5qR393Q5OzeVLuvvYUhZUU1ta_jSvB9-mF8jjg_SN5e3B9hMUHg30FrzmcSBhxXbge5cdjNH6WMZ40a7hG2mL-KjHSAcqO5CT3ZWaPuFRkTMOH4gRRLLJqIcWG9E&__tn__=%2CO%2CP-R
Facebook,GMA News,,the famous strawberry farm in la trinidad benguet has been completely covered by floodwaters due to the effects of tropical storm according to the report of ej gomez on 24 oras friday the farm looked like a lake due to the floodwater in the areas caused by heavy rains read more the famous strawberry farm in la trinidad benguet has been completely covered by floodwaters due to the effects of tropical storm according to the report of ej gomez on 24 oras friday the farm looked like a lake due to the floodwater in the areas caused by heavy rains read more new normal na po yan naka tatlong bagyo na daw tayo at may paparating pa this year na 12 to 15 nothing new daw and hindi emergency sabi ni,https://www.facebook.com/gmanews/posts/1227847992720189?__cft__[0]=AZUBZesPh-Cx3j6l28K67FPzm7_Q_UVPJVm-D61zvQTgzRYNrOfRsaeaMabIcBubN1sTAbcoO2AnW2X0iBdFhJvd4_56GzKyaWHLALvWjRFanJPcbLM6OpeSf4h0yV_kzPCyWVu5WL1lKE4m614y7ZinLxaIjEhrPWRmiOWvJ-p33Q_x8U3B-U_eH0cbFMQSyCg&__tn__=%2CO%2CP-R
Facebook,Manila Bulletin,,alaminos city the home of the hundred islands national park was among the hard hit areas by typhoon emong in pangasinan police said on friday alaminos city the home of the hundred islands national park was among the hard hit areas by typhoon emong in pangasinan police said on friday,https://www.facebook.com/ManilaBulletin/posts/1199456472222557?__cft__[0]=AZXrKcMP2vryXfudzqmheedU2H-i2Z65-18zgHrtcvGj9eeoSnitbSB4RhmrispD-EO27QXrRyulDyTudX4MtuUunZMu2QsnNTp6sl5V1AKx7pX7aiilbdTHcTYiLrBrU8eac0Fh3GczLjC20nGglJaCsP9pk_yY-N_zuNtvTsj6m3P3e9YzpgWXU1K12JYOuso&__tn__=%2CO%2CP-R
Facebook,Philstar News,,we are hopeful our two fellow asean member states will resolve this issue in accordance with international law and the peaceful settlement of disputes the department of foreign affairs said in a statement thursday night we are hopeful our two fellow asean member states will resolve this issue in accordance with international law and the peaceful settlement of disputes the department of foreign affairs said in a statement thursday night everything is going according to plan the pivot to asia to contain china is on schedule cambodia is a very poor and small country supported by china thailand is the proxy of the united empire next stop will be the philippines as the next ukraine of asia using the philippines as a launch pad for the first island chain back to the days when clark and subic was used to bomb vietnam but the new twist is that china has missiles that can easily hit the philippines,https://www.facebook.com/philstarnews/posts/1183638283806923?__cft__[0]=AZUsOReTH6m36B_fk4xVggu7MrjBtRpbcoyZ1CHTGzTmvz1RDOxw_A3rk92gjZzQ74iHQie6zFIekTfM2RynYNsTO01yleE0yJQt5hDA-y1_wR-3YpGcGO0VtkJ4LmqguqBNZiVWsgfRho8XcK8YKh5Ue8_PXdtyt3laf6DNd379szRk5Av7cxRD4l1eI5gwKGY&__tn__=%2CO%2CP-R
Facebook,Inquirer.net,,storm emong weakens weekend habagat rains still expected storm emong weakens weekend habagat rains still expected,https://www.facebook.com/inquirerdotnet/posts/1170927191884901?__cft__[0]=AZUrWfoiBKYKEucuA7QG8oWW0AfUNdjgUkUOC-HCbx-5_ak9BhPKhKwWkgHJj4S0gR1Ssxghhpzsk44lz6QWJKjzOiz02eBM7ZqOIVgvIbWTM3sL-dQt2ek9q9pbZuk4q11G3jAOsr4iTH-sRcBUr2FsP4SsNRJiWMn3zc_2dKyyaZfBzLwDBBvTi44RDi7vlmI&__tn__=%2CO%2CP-R
Facebook,NDRRMC,2025-07-25 00:00:00,disaster response update the department of public works and highways dpwh led by secretary manuel bonoan conducted an on site inspection of a damaged dike connected to the sto cristo dam in barangay sta rita lubao pampanga on july 25 2025 source dpwh regional office iii read more disaster response update the department of public works and highways dpwh led by secretary manuel bonoan conducted an on site inspection of a damaged dike connected to the sto cristo dam in barangay sta rita lubao pampanga on july 25 2025 source dpwh regional office iii read more,https://www.facebook.com/NDRRMC/posts/1056433223326244?__cft__[0]=AZUKYo94It6k_rB34--ctLGyF7WrCOq7C0iuUeiBYFb_vyO1OIBMBdUnGvUT8hvLR-k9yaA1BPkbEHzBXNkPnpe4nqF7BbS-SF17B8tgnE2V-FX_oPOk7SWwrOxPqDhRtzwLXjkHlujuybmJMEv9mv4xPpSlzZdCKab8ZMkPJdgg9SVcSLRtpAPjaW3M-XhJEaA&__tn__=%2CO%2CP-R
Facebook,PHIVOLCS,2025-07-26 00:00:00,earthquake information no 1 date and time 26 july 2025 12 50 am magnitude 2 2 depth 012 km location 09 48n 122 56e 012 km n 47 w of basay negros oriental earthquake information no 1 date and time 26 july 2025 12 50 am magnitude 2 2 depth 012 km location 09 48n 122 56e 012 km n 47 w of basay negros oriental,https://www.facebook.com/PHIVOLCS/posts/1066343865689577?__cft__[0]=AZWITYpCOjTXxoaDmAo1p637oyJCYgs3MGuJsD7etqzfDDCHZkhhhJJkhiHij_rDO_Ixo0G8RzVohw4lRCZIPhvx51sP7aSl6bMxF9ocV-rlvoykAWG7W741ol5fgD_eT7F_StWTwZ_iDa5aBzBmCPDLEa9TtxbzzSdYNzRH_eVDgR-sG73_-aajTiEeG03cpkE&__tn__=%2CO%2CP-R
Facebook,Davao City DRRMO,2025-07-26 00:00:00,cdrrmo opcen weather river update as of 09 58 pm july 26 2025 light to at times moderate rain is experienced in portions of tugbok district while light rainfall is experienced in some areas of buhangin bunawan and calinan districts other areas of davao city are experiencing cloudy to intermittent light rain conditions river monitoring talomo river brgy tugbok proper is monitored at beyond code red critical level increasing brgy talomo proper is currently monitored at code orange warning level increasing bato river tributary of lipadas river along brgy bato is currently monitored at code green safe level matina davao bunawan and lasang river channels are monitored at code green safe level riverupdate cdrrmo opcen weather river update as of 09 58 pm july 26 2025 light to at times moderate rain is experienced in portions of tugbok district while light rainfall is experienced in some areas of buhangin bunawan and calinan districts other areas of davao city are experiencing cloudy to intermittent light rain conditions river monitoring talomo river brgy tugbok proper is monitored at beyond code red critical level increasing brgy talomo proper is currently monitored at code orange warning level increasing bato river tributary of lipadas river along brgy bato is currently monitored at code green safe level matina davao bunawan and lasang river channels are monitored at code green safe level riverupdate,https://www.facebook.com/DavaoDRRMO/posts/pfbid037ukG9mRXKvApfx12oPnS3qb6LSYrnRgg3mgZczRJ4vKgX59jxJhbfWFpUYuqvfGgl?__cft__[0]=AZVauHqJR4Z7wy-12D1X6Ps3vKTyL3U68O9l01TxOtWnxHVnyzKHA2U7TAVmB1Wt2p6W-Wsd0D2Y8NhX925YV_SMGqgQlooLqQB8aqOYDf_6IA5VuCGkSj-KArFdsHNUhVZiXrCv4RpF3VvU0plMCn6cGzf9Y0FxBsbIoVwSIZ4AoFr4rV68c0aCmWIzlHT3EW4&__tn__=%2CO%2CP-R
Facebook,#firealert,2025-07-25 00:00:00,sunog karong kadlawon sa toril public market hulyo 25 2025 isang sunog ang sumiklab karong kadlawon hulyo 25 2025 sa toril public market sa davao city ayon sa mga ulat nagsimula ang sunog bandang alas 2 00 ng madaling araw at mabilis na kumalat sa ilang bahagi ng palengke sunog karong kadlawon sa toril public market hulyo 25 2025 isang sunog ang sumiklab karong kadlawon hulyo 25 2025 sa toril public market sa davao city ayon sa mga ulat nagsimula ang sunog bandang alas 2 00 ng madaling araw at mabilis na kumalat sa ilang bahagi ng palengke,https://www.facebook.com/hashtag/FireAlert
Facebook,Rappler,,since assuming the papacy in may pope leo xiv has repeatedly appealed for peace in global conflicts and this month told visiting ukrainian president volodymyr zelenskyy that the vatican was willing to host russia ukraine peace talks since assuming the papacy in may pope leo xiv has repeatedly appealed for peace in global conflicts and this month told visiting ukrainian president volodymyr zelenskyy that the vatican was willing to host russia ukraine peace talks,https://www.facebook.com/rapplerdotcom/posts/pfbid02J2ruaXn5gB1VRxk4uuMKjLbtAV6ifqFNLwZwGUFYCqSry7SbVJ2KN2vdNkzTkLCcl?__cft__[0]=AZVdvlReY0I9VyX4cPC_00Dje5hzikkx_QwmhD3z1a3xA27XhNjwSkOwFr5ySbQkrFpJjG8_hQZotoXQUQA0St5c88T6f0kWioxTSoXnQGmizisSNgJivTUAiK1WIFO1jcd-pZuK9vrEVtq-hQ56vJXsZa3TXL3iddpsT_XciMeDUSHszEuTXYbULrRfV98OcFY&__tn__=%2CO%2CP-R
Facebook,GMA News,,bukod sa matinding ulan at baha sa ilang lugar sa benguet kalbaryo rin para sa maraming residente ang kaliwa t kanang landslide bukod sa matinding ulan at baha sa ilang lugar sa benguet kalbaryo rin para sa maraming residente ang kaliwa t kanang landslide atleast walang casualties sanay makabangon po kau,https://www.facebook.com/gmanews/
Facebook,PAGASA,2025-07-26 00:00:00,as of 8 00 pm today 26 july 2025 tropical depression co may formerly emong is being monitored outside the par tropical depression francisco formerly dante has weakened into a low pressure area and is also being monitored outside the par meanwhile severe tropical storm krosa continues to be monitored outside the par all are advised to stay updated through official bulletins from dost pagasa as of 8 00 pm today 26 july 2025 tropical depression co may formerly emong is being monitored outside the par tropical depression francisco formerly dante has weakened into a low pressure area and is also being monitored outside the par meanwhile severe tropical storm krosa continues to be monitored outside the par all are advised to stay updated through official bulletins from dost pagasa sana may forecast ung krosa salamat rhy rhy check mo sa zoom earth sa google,https://www.facebook.com/PAGASA.DOST.GOV.PH/posts/pfbid0rzUb6VCR8QCjgo8RuHoSRhQ3CkovGBFD6QH5uJzVkvZMJeWXkshkQtf7L6F8yVwTl?__cft__[0]=AZV4KnEN8X2MPtDLmYE7IrJ9nJ_Za5NXuacFrdVhZbQMK8MzS9xrh82ie7QpeuhQnhiOhF8vwR4Kc9tlXQii6isFyO_X9rWQhj-bcAYScoiQ48u2uzGNVnQRi-MN4tnUP69R3UZ8Ax27eYXEWZKus4lHm7RxZ8wlA3T4I_NnHHtHxD0FwMc4kub-T-FyFGZ35ew&__tn__=%2CO%2CP-R
Facebook,#firealert,2025-07-26 00:00:00,fire alarm july 26 2025 location toril public market davao city road 2 2nd building makeshift section fire alarm july 26 2025 location toril public market davao city road 2 2nd building makeshift section,https://www.facebook.com/hashtag/FireAlert
Facebook,GMA News,,nagkabutas butas at lubak lubak ang ilang kalsada sa metro manila kasunod ng mahigit isang linggong pag ulan at baha perwisyo ang dulot niyan sa mga motorista nagkabutas butas at lubak lubak ang ilang kalsada sa metro manila kasunod ng mahigit isang linggong pag ulan at baha perwisyo ang dulot niyan sa mga motorista parang tatlo lingo ulan,https://www.facebook.com/gmanews/
Facebook,NDRRMC,2025-07-26 00:00:00,disaster response update president ferdinand r marcos jr conducted an aerial inspection of flood affected areas in pampanga on saturday july 26 2025 to assess the damage caused by the typhoon and enhanced habagat ruth abbey carlos philippine news agency source philippine information agency pco disaster response update president ferdinand r marcos jr conducted an aerial inspection of flood affected areas in pampanga on saturday july 26 2025 to assess the damage caused by the typhoon and enhanced habagat ruth abbey carlos philippine news agency source philippine information agency pco turo turo para mukhang may ginagawa,https://www.facebook.com/NDRRMC/posts/pfbid033vmTX8ABpz9wRVyz8KL42uwrYqyLQ1Nefyv6jE7xKhiGzdPe6xsAx1XusRFCzrRYl?__cft__[0]=AZVDTT-li6sa9tyfwbZUlLYGXNis15WzzqIO9xW950DmXUEGZavgjRTxNVW-OS2sLqTNDSFqpHKmiwDsayC7dJudLzGqtLyHZIUqhGBqmPO2SfcCxdnoXycxymMNDvZbtn0PhH8CDofOSHAO1rELoz58GDtlz_-C-_9ftRk45nYp2460Ay32YV7wvrP2RA7O_SA&__tn__=%2CO%2CP-R
Facebook,Davao City DRRMO,2025-07-26 00:00:00,cdrrmo opcen public advisory as of 10 14 pm july 26 2025 due to the continuous increase in water level the talomo river along brgy talomo proper is now monitored code red critical level and still increasing in line with this bdrrmc talomo proper is advised to intensify monitoring of their areas of responsibility aor particularly in flood prone zones and promptly report any significant changes to apo base residents near the talomo river are strongly advised to evacuate to higher ground as a precautionary measure meanwhile the public is reminded to be vigilant and address the situation accordingly stay safe cdrrmo opcen public advisory as of 10 14 pm july 26 2025 due to the continuous increase in water level the talomo river along brgy talomo proper is now monitored code red critical level and still increasing in line with this bdrrmc talomo proper is advised to intensify monitoring of their areas of responsibility aor particularly in flood prone zones and promptly report any significant changes to apo base residents near the talomo river are strongly advised to evacuate to higher ground as a precautionary measure meanwhile the public is reminded to be vigilant and address the situation accordingly stay safe,https://www.facebook.com/DavaoDRRMO/posts/pfbid021SikWGCiaYcXGVNQgacTAKkRzzXd7q6okDenvojLDV86CW2z21FjKbg6Dr6qjUp7l?__cft__[0]=AZUzcsrzP-YK7V_HwiN0xFJwk-DWk5Fh6HDSqj1wzk1JRYtNKMGH1n2q8O9W0LqZ_LhNKp7r4BKeTlWnur8Qub2MLX4dYlnpm1iYdQtU6SbjnhsRntwJfjslaDkgi2FWLCTmruS2o2wfYAKVnNzeUSiLMgteUuRTDW6dXLtS9x_BMeIRxXkAEW-qXgkFqLFqLOA&__tn__=%2CO%2CP-R
Facebook,ABS-CBN,2025-07-27 00:00:00,at least 34 landslides have been recorded in baguio city with significant incidents reported in barangays lucnab and outlook drive as heavy rains continue to pour as of sunday july 27 a total of 17 houses were damaged and 80 individuals evacuated due to the effects of the week long weather disturbances according to baguio mayor benjamin magalong via michael delizo abs cbn news baguio pio at least 34 landslides have been recorded in baguio city with significant incidents reported in barangays lucnab and outlook drive as heavy rains continue to pour as of sunday july 27 a total of 17 houses were damaged and 80 individuals evacuated due to the effects of the week long weather disturbances according to baguio mayor benjamin magalong via michael delizo abs cbn news baguio pio,https://www.facebook.com/abscbnNEWS/posts/pfbid02ujNmc9SLUSKUi2KhG5QPgHT9z3K56AnFFDGTSnwP3koNenGF8JrRaLo8JnnLsTEfl?__cft__[0]=AZWxPpXgB3-db6y713AjzMzcARd7XftZjIX2ZT7Lk6bSBcnfNhAKbRQbYegngmngfaa2Q0Vnb-x9Kk0XPbtk3uF89wioM9DhFmJkaLmh-hXArR8BtwOS_x4dynXQjz6MK_TTYGbdGbllABMN8c4mNKLZ0efM_uxfVyYDROi6Jxw8l20MBTrPG1yIx3ZF0dnKj_w&__tn__=%2CO%2CP-R
Facebook,SunStar Philippines,2025-08-08 00:00:00,drag racing noise and speeding on tch balamban mayor amos cabahug seeks more cops to restore order along the scenic but problematic highway more details here drag racing noise and speeding on tch balamban mayor amos cabahug seeks more cops to restore order along the scenic but problematic highway more details here the governor needs to have parts of the highway repaired where the uneven filled holes can easily cause a motorbike to lose control also from the highway and turning to go to subida vito there s concrete road that appears to have a sink hole the concrete road has broken and elevated high enough to cause automobiles to cause undercarriage damage on cars and motorbikes to crash due to parts of the road to elevate about 8 inches and next to it sinking about 8 inches,https://www.facebook.com/SunStarPhilippines/posts/pfbid0MXEEpXqjDMcwyVhbWympkVRtQDS5hzr4wDm7YiESZwuqg3U52vPrwf3GB7vTbZcFl?__cft__[0]=AZWzs8fAKfiKyEi9sr72UqC9ymgRt32FCj_QDyyElTz4Qf8nZiO8DcJKAIOvURZZUnhnvzK06CNVpuxJlAm84CnEMM9ZLexpp0_8vfhbZZBjqPecas3GnspajTW3qEYZplcvdSnDGWZq3BVVl_L2duPTDuUI8KJfnC2wCQCpj5hRQHsLqaDNTCifY4U9JQnlIJ8&__tn__=%2CO%2CP-R
Facebook,PHIVOLCS,2025-07-27 00:00:00,earthquake information no 1 date and time 27 july 2025 12 11 pm magnitude 1 6 depth 003 km location 08 25n 127 22e 093 km n 75 e of lingig surigao del sur earthquake information no 1 date and time 27 july 2025 12 11 pm magnitude 1 6 depth 003 km location 08 25n 127 22e 093 km n 75 e of lingig surigao del sur,https://www.facebook.com/PHIVOLCS/posts/pfbid0viGxxCCBRg6Ym5woWmR2QPCWdsmQeaeuK5z1Bp4YkCXkmyRL3R1koFSQ4hMdgt9Bl?__cft__[0]=AZWr_GyNQKBmACJdqkOy_av__PnF0S6lgB1WZnYlr7QIDQ_lEgB2o-BYguwbhk02JkXwL5MHVMWHpAGXbfiptUMpYFeR6pMwYwzAHJm32bA1iqrhfZUMH9YXxgsFoI6XnzmeKmU0k8hHQMKtst2bKbA15AcmQeSGT_kILQpe8Z6QR8bUFrxSrPjt6pRKSZ1St2Y&__tn__=%2CO%2CP-R
Facebook,ABS-CBN,2025-07-27 00:00:00,the boxing charity event with chief pnp police general nicolas torre iii and davao city vice mayor baste duterte as the main event pushes through at the rizal memorial coliseum in manila on july 27 2025 despite duterte not showing up the vice mayor previously challenged the pnp chief to a fistfight which the latter obliged and held the event to raise funds for victims of recent disasters via mark demayo abs cbn news the boxing charity event with chief pnp police general nicolas torre iii and davao city vice mayor baste duterte as the main event pushes through at the rizal memorial coliseum in manila on july 27 2025 despite duterte not showing up the vice mayor previously challenged the pnp chief to a fistfight which the latter obliged and held the event to raise funds for victims of recent disasters via mark demayo abs cbn news our president nicolas torre iii 2028,https://www.facebook.com/abscbnNEWS/posts/pfbid02wAvRTBovg7zRZRpgGk3zhBMkoZH86RJDE9QyBgNBqrY5LVXxf8YfgEue5SrLYKDpl?__cft__[0]=AZWsleu6JpaqKiVs8l86Giqc1RflhB0ZEEiRjD3GLonnn_duJ-sY47Z22n8cAcnXM3LZQqPq0eFgL0VIJN-g4Fb_M4LMD0-XGYy9ptpnjeGnzDoDQ3ZYzZSt7RR7sCSUxK5RFmDZfZPc2crKUC-QLf-F_I1eE8IOrXNZTgydrFO5HkPMp2RMXo1_kJQsuVS23J4&__tn__=%2CO%2CP-R
Facebook,SunStar Davao,,aboitiz renewables inc ari the renewable energy arm of aboitiz power corporation recently donated medical equipment and supplies to barangay health centers in albay batangas davao del sur and bukidnon aboitiz renewables inc ari the renewable energy arm of aboitiz power corporation recently donated medical equipment and supplies to barangay health centers in albay batangas davao del sur and bukidnon,https://www.facebook.com/sunstardavaonews/posts/pfbid031RQgScFG1G2BEvyAVzPgBSsemXRQCJVmugqF8JvgqamX6DFVdbG4VDrYxoiAueJzl?__cft__[0]=AZWmww_pc6iPn9Q3pUqrd7tDtYyzKbpZktH3fVJ2uGqSrPsIWbe1w_BAl4KL_MkmZFsShPbDHApt4IxDpyAYu8qywpH3SOPOTcKN5pLugurOqWygRsae0eaA-OGPdA9cMuUGh_yRSrUNP5dmlUWGUr4i9QKR4zHc1TzjmlV1FYpp1_elEbJyAF-HBbpYXCLEIl8&__tn__=%2CO%2CP-R
Facebook,PHIVOLCS,2025-07-27 00:00:00,earthquake information no 1 date and time 27 july 2025 03 13 pm magnitude 1 8 depth 026 km location 11 69n 121 95e 009 km s 21 e of libertad antique earthquake information no 1 date and time 27 july 2025 03 13 pm magnitude 1 8 depth 026 km location 11 69n 121 95e 009 km s 21 e of libertad antique,https://www.facebook.com/PHIVOLCS/posts/pfbid0AysVKEUU3VbQYgkXPdbyAnLaKrYbmoxQYaALBuj3P1khzL9rusdu9FPsekdEidcvl?__cft__[0]=AZX7xpLmRtP3hSIiKbSIgwE4_8lDvRL-xZywX0bfYWf444muLCC1mVMDnUvQiIOEvPHseqxbci4Z06zXLRRvY0W0YYwBfylU9MzxiEzd1M-C0gkFwjv6UxyJC2KVVenG0cnLnBpoBGwXelm-DZQKYuT1QGK4i6KAit3LvF9Hn-QdHPTbPG6GGw8lhg0gWPR3aew&__tn__=%2CO%2CP-R
Facebook,Philstar News,2025-08-02 00:00:00,the provincial government of sulu has donated 2 000 bags of rice and 1 000 cases of canned goods for typhoon stricken families in the national capital region the provincial government of sulu has donated 2 000 bags of rice and 1 000 cases of canned goods for typhoon stricken families in the national capital region facts recap baste filed a travel authority in june 2025 for a trip scheduled july 2529 baste issued a challenge to torre on saturday july 19 during his basta dabawenyo program his travel authority was approved on july 20 torre accepted the challenge on thursday july 24 venue preparations began on july 25 baste left for singapore on july 25 as indicated in the approved travel authority torre scheduled the bout for sunday july 27 now the spin torre and his team were well aware that baste would be unavailable on july 27 since his travel plans had been officially filed as early as june so why demand that specific date for the bout the games and amusements board gab sanctioned the matchyet one party baste was not even informed its worth noting gab operates under the office of the president the nbi leaked bastes travel information for reasons still unclear was it an act of coordinationor sabotage the dilg received bastes travel authority by july 20 well in advance of the bout and who reports to the dilg torre himself if torre truly accepted the challenge then why wasnt baste directly informed of the bout details was it a real intention to fightor just for show so whos the real coward here if you set a fight on a date when you know your opponent wont be in the countryand you never even tell himits clear whos avoiding a fair fight only in the philippines its more fun in the philippines especially in politics,https://www.facebook.com/philstarnews/posts/pfbid0XtsJ8GKFSbGU3egSrtHyfjaPNmQK7xpZXoUn4y2ah2TcA9ZxKA4SX1R7WXREnpZdl?__cft__[0]=AZV2EULqlnp4531GgnSN4JuSFiDCCgVV9cETPtwxDflLMWMvs_xVFEuQAWpC0VdUc3DvwUiUDCFa92E0IIFbrZyWgc6Z99HNp96-Heu9xP25Ny5lULT6xu01-jq0y9vXlk7xZVsltdE34gbpJ7yVR3OdjiBVx2PWj_rQN0JGOlTA_M29AV2C7pMQXVzclZuQUZQ&__tn__=%2CO%2CP-R
Facebook,Manila Bulletin,2025-07-27 00:00:00,via balita via balita congrats diwata torre nagpaabot ng pagbati kay pnp chief nicolas torre iii ang katunggaling si davao city acting mayor sebastian baste duterte matapos itong manalo by default sa kanilang boxing match ngayong linggo hulyo 27 2025 sa rizal memorial coliseum sa maynila chimps from the planet of the apes cannot comprehend congrats diwata torre mababasa sa caption ng kaniyang facebook post ipinakita rin ni duterte na noon pang hulyo 20 2025 naaprubahan ang kaniyang travel clearance hindi sumipot si duterte sa kanilang laban dahil lumipad siya sa singapore noong hulyo 25 batay na rin sa nakasaad sa granted na travel clearance kaugnay na balita photo courtesy sebastian duterte fb congrats diwata torre nagpaabot ng pagbati kay pnp chief nicolas torre iii ang katunggaling si davao city acting mayor sebastian baste duterte matapos itong manalo by default sa kanilang boxing match ngayong linggo hulyo 27 2025 sa rizal memorial coliseum sa maynila chimps from the planet of the apes cannot comprehend congrats diwata torre mababasa sa caption ng kaniyang facebook post ipinakita rin ni duterte na noon pang hulyo 20 2025 naaprubahan ang kaniyang travel clearance hindi sumipot si duterte sa kanilang laban dahil lumipad siya sa singapore noong hulyo 25 batay na rin sa nakasaad sa granted na travel clearance kaugnay na balita photo courtesy sebastian duterte fb congrats diwata torre nagpaabot ng pagbati kay pnp chief nicolas torre iii ang katunggaling si davao city acting mayor sebastian baste duterte matapos itong manalo by default sa kanilang boxing match ngayong linggo hulyo 27 2025 sa rizal memorial coliseum sa maynila chimps from the planet of the apes cannot comprehend congrats diwata torre mababasa sa caption ng kaniyang facebook post ipinakita rin ni duterte na noon pang hulyo 20 2025 naaprubahan ang kaniyang travel clearance hindi sumipot si duterte sa kanilang laban dahil lumipad siya sa singapore noong hulyo 25 batay na rin sa nakasaad sa granted na travel clearance kaugnay na balita photo courtesy sebastian duterte fb you can spell duwag with du,https://www.facebook.com/ManilaBulletin/posts/pfbid02FLh53BnZnRZbSsaBDwkWHFafFyw8bgLC8smTJHAnnXoK5jjVmqyrexvzazBj4vbZl?__cft__[0]=AZX_PEMSr59IDowXYDmRbW1l3Uv9IJw-jZfFKLWt0Isgj4RlivoDy81JEvqOtWXNLoRVQNcgRXHXvqlnMjBpIf0FZHVxJzwYjObI-ytkMWo4Idce2VT4M-AYkpJSekVmqYpoCGrF-H1vUy4_i1wY1rgGMhncj8lbTHqPiAwG5E65SKE3gq2Ig4jdxOyH3bApBCo_5rt7wqUCRSFDzDBd4WSS5n3P_Ncv2z9dq0LBZRKUrA&__tn__=%2CO%2CP-R
Facebook,SunStar Davao,,we have followed up justice secretary crispin remullas latest pronouncements about an intersection between the perpetrators of the drug war related killings and the abductors and likely murderers of the missing sabungeros saying that these may be the same people involved in the enforced disappearance and extrajudicial killings of activists we have followed up justice secretary crispin remullas latest pronouncements about an intersection between the perpetrators of the drug war related killings and the abductors and likely murderers of the missing sabungeros saying that these may be the same people involved in the enforced disappearance and extrajudicial killings of activists,https://www.facebook.com/sunstardavaonews/posts/pfbid07yF8DAeqabtDiPJtJ2wRGgvEQ1KR9Lzx4Hbq8PSso61ttd43RJ3U2dB6NbpUgZDWl?__cft__[0]=AZX29GSxPl1RDmyH3ZZbVYADcVgpcnOjaYZtQgsK_UyH69MSGbqDpaIpnT0BcJL1H046zgcRLMmSzEi49F_R1_TZ7CQtn41VJHgLF9XkpS24HGRlGFIYrsNPs0fykN2zWGgk_LbyOX6rA4vp6gM2UWXNDd4GQ7YcnnLwSO5J9P-8HuiSMR5fKhNNh5mt32MQ60o&__tn__=%2CO%2CP-R
Facebook,PHIVOLCS,2025-07-27 00:00:00,earthquake information no 1 date and time 27 july 2025 03 22 pm magnitude 2 4 depth 032 km location 13 61n 123 53e 001 km n 79 e of sagnay camarines sur instrumental intensity intensity ii city of iriga camarines sur earthquake information no 1 date and time 27 july 2025 03 22 pm magnitude 2 4 depth 032 km location 13 61n 123 53e 001 km n 79 e of sagnay camarines sur instrumental intensity intensity ii city of iriga camarines sur,https://www.facebook.com/PHIVOLCS/posts/pfbid0XmYt3T7FQDQg1zpZqZHaJCp7WEQteozcqKw5B4ytpNn4bxqPazv2zMVai8nUD5UFl?__cft__[0]=AZVYTEaIuEXjzQ1mPDQFgmt8XBxiLVRbRixE8HmUmSp0ennUTIVnB7RHRZhbTF1OpAgduPBqtCeOFdGJ5KeeuW_MM44zHPQBR9MEu4pU-F1qG1CxsdtQ0IP5j36sbZEjTxz8RUhgagmEjx2SLbCt6sqmqMpuYghAfrQgI_y-8O9WrObLSOK3jz8WOY9yf-WcYQA&__tn__=%2CO%2CP-R
Facebook,ABS-CBN,,the number of reported deaths due to the combined impact of the southwest monsoon habagat and tropical cyclones crising dante and emong has risen to 31 according to the latest data from the ndrrmc the number of reported deaths due to the combined impact of the southwest monsoon habagat and tropical cyclones crising dante and emong has risen to 31 according to the latest data from the ndrrmc god keep everyone safe,https://www.facebook.com/abscbnNEWS/posts/pfbid0c5KBxBpvRckErr1QvVpV6kwAzzQVb5CgbyrgQJW95v7kqvjijBdrD8HcfRw8Vqhfl?__cft__[0]=AZVypOI-ZYBMzCuC3Aiejo9XWC_a4gC-ctR-8B7Mu2t3vEdHcp4Hauwhn2aJelk1ez0pfsk0ZXiNaKXDCT_BYboOhwFlmSJrtllr52W1kZ4s1Dn7jLF7uZvcuwmW74jRPQ8V-CA-IJjOL8mETvGDiPdOLWxF1xa6TBYFIMQxHzZuFs5yOczeMUq3KHcpvR-EsNU&__tn__=%2CO%2CP-R
Facebook,Manila Bulletin,,wildfires that have engulfed turkey for weeks threatened the country s fourth largest city early sunday causing hundreds of people to flee their homes wildfires that have engulfed turkey for weeks threatened the country s fourth largest city early sunday causing hundreds of people to flee their homes,https://www.facebook.com/ManilaBulletin/posts/pfbid028YzJbLKwB4EPod5dJfYRZAANgvR8MaKbazKPcb1M5r8Mfj2Jz3FYDy71mY8k9fDql?__cft__[0]=AZV17R0ah1rxuWF8rYW0K-1apQD73NYfKM9njuByFj81xZBIIhmyCoz8YYFGfdam0dMiNdvvQX-zKtuZbaiLtTz9itpangQJ8jUj86sui4zvthSlPyAkbC0b6kB1sqkA0LJfYwS6hFL8YxVpOuFjqBWiQn5qUio75cpdxPFnfNNXdwKRTrNXxAXK6n2Lt5Gx2pw&__tn__=%2CO%2CP-R
Facebook,PAGASA,2025-07-27 00:00:00,tropical cyclone update as of 2 00 pm today 27 july 2025 tropical depression co may formerly emong and severe tropical storm krosa are both still being monitored outside the philippine area of responsibility par all are advised to monitor updates from dost pagasa tropical cyclone update as of 2 00 pm today 27 july 2025 tropical depression co may formerly emong and severe tropical storm krosa are both still being monitored outside the philippine area of responsibility par all are advised to monitor updates from dost pagasa may pasok po ba sa bataan naulan po dito,https://www.facebook.com/PAGASA.DOST.GOV.PH/posts/pfbid0oejmSBwL3MXLWjt74vjY2d4eHg3iNSwPULMkc4L4LPbgsJTnY6EKpTb3hBMS4ypul?__cft__[0]=AZXJUF1Q_9Gzsfr_do3xqcLc6jhjE4W9cVy2sFFomdI7FQ4OQ0Q1guswCu0wciD_6QO1Izk_1BTGT_GIE2T_ExuWayT7yMpq80_0pYPBnMUNl1f4b5XgYDigFGtzI17El_CFG8XyY_C_p2ejni65WBszvSxDW6Sej4iHx1dBUtPl_BVV-SDf-apcnQ3BtiGBw0U&__tn__=%2CO%2CP-R
Facebook,GMA News,2025-08-01 00:00:00,panoorin nasa 1 400 residente sa baseco at malate maynila na naapektuhan ng bagyo at habagat pinamahagian ng relief goods ng philippine national police pagkatapos ng charity boxing match ni pnp chief gen nicolas torre iii via christian mano dzbb gma integrated news courtesy manila police district panoorin nasa 1 400 residente sa baseco at malate maynila na naapektuhan ng bagyo at habagat pinamahagian ng relief goods ng philippine national police pagkatapos ng charity boxing match ni pnp chief gen nicolas torre iii via christian mano dzbb gma integrated news courtesy manila police district at the other side of the coun see what a boladas a bolero can do on the point well for the affected individuals during calamity good job po c pnp nic torre,https://www.facebook.com/gmanews/
Facebook,Philstar News,,nurse responder alvin velasco died while helping flood victims in san jose nueva ecija nurse responder alvin velasco died while helping flood victims in san jose nueva ecija,https://www.facebook.com/philstarnews/posts/pfbid083wVft79VtAkp8Cjx2Az68oLTVQHpS8K5Na14i1ncxUBwKcSz5yS7mdvhU3mYm2ql?__cft__[0]=AZUV85kz4_Iwk3PoMSb5llMJ5t9ssA9ciW8iMgW1gwy_nmZ416Ud-B4sG3bimU0717s8xSGri5sxslcCm_e8-PrN0HqJD_HMs3MxOHC1negMTr38XslkgqwgVD9Xwq5bQy3GWgcLIJEaRHwVMOx1xFTTEl09weGcuw68JeY5hTiUz5gXcilvPBA7jn4yOSRZqjg&__tn__=%2CO%2CP-R
Facebook,SunStar Davao,,i recently joined a well known company with a solid brand the kind of place that can open a lot of doors im grateful to be here but theres one problem my boss shes ambitious that much is clear but her skills not quite there she often struggles to articulate ideas in meetings when discussions turn technical or require analysis shes either lost or tries to wing it i can tell she doesnt understand even if she tries to act like she does what makes it more confusing is that the executives love her im not sure why meanwhile the team gossips about her behind her back but everyones sweet and chummy when shes around how do i manage without looking like a kiss up should i just do my time build my portfolio and get out after a few years or is there a smarter way to navigate this i recently joined a well known company with a solid brand the kind of place that can open a lot of doors im grateful to be here but theres one problem my boss shes ambitious that much is clear but her skills not quite there she often struggles to articulate ideas in meetings when discussions turn technical or require analysis shes either lost or tries to wing it i can tell she doesnt understand even if she tries to act like she does what makes it more confusing is that the executives love her im not sure why meanwhile the team gossips about her behind her back but everyones sweet and chummy when shes around how do i manage without looking like a kiss up should i just do my time build my portfolio and get out after a few years or is there a smarter way to navigate this,https://www.facebook.com/sunstardavaonews/posts/pfbid02oUudWj7T4Con2zL2o3PVNB7f5aDigCtYw13zrYxpJKFb46YMydK7FocYhC2Tq5QPl?__cft__[0]=AZX8qX9SsToLrRtG8vV-sQWNPiCkOsNVYvE8rOvR3ur83Aj4jsLZE9kexG9-GEnWlOG89Orp7X9ybXT0tWkRfzBiB-fz6ZbxzgaVYHdtFIfLqkiz2XuVwf3DxFbvNrmsaJqxehLgup-xeOFelD7mt-jTUYN3wfJVgKjtkwcE_p1qeZ4--63xc5WXP5bAb_tG49g&__tn__=%2CO%2CP-R
Facebook,Rappler,2020-05-08 00:00:00,watch what happens if senate proceeds to try vp sara duterte despite sc order what options does the senate have in asserting to convene as an impeachment court when the decision of the supreme court says it is immediately executory university of the philippines constitutional law professor john molo weighs in watch what happens if senate proceeds to try vp sara duterte despite sc order what options does the senate have in asserting to convene as an impeachment court when the decision of the supreme court says it is immediately executory university of the philippines constitutional law professor john molo weighs in the judiciary is a human institution and it has erred so many times before there have been moments were it shirked from its solemn role to uphold and defend the constitution among others in javellana v executive secretary g r no l 36142 march 31 1973 for example the supreme court virtually dodged its obligation to check whether the ratification of the 1973 constitution by the marcos administration was done properly when it hid behind technicalities through the motness and political question doctrines justice tehankees dissent stated that ours is a government of laws not of men and when the highest court of the land looks the other way while the fundamental law is being torn asunder it ceases to be a court of justice in de leon v duterte g r no 253118 may 8 2020 the supreme court dismissed a petition for mandamus for the disclosure of the presidents health records during the height of the pandemic without even requiring a comment from the solicitor general in his dissent justice leonen said that the court missed an opportunity to affirm that in a constitutional democracy even the most powerful are answerable to the people in republic v sereno g r no 237428 may 12 2018 the supreme court shattered the most basic rule that impeachable officials may only be removed by impeachment the dissenters therein said that the majority has obliterated the carefully crafted system of checks and balances embedded in our constitution and we have become enablers of impunity today we weaken the very institution we are sworn to protect given the above lets not even have the illusion that the supreme court is always right in the book of marites danguilan vitug she reminded all of us that the court is not as cloistered or as independent as many believe it breathes the same air as the political branches of government today is indeed a sad day for checks and balances in this country while the decision is not yet out for public consumption it has already created the impression that the supreme court has decided to arrogate upon itself a power that was exclusively supposed to be vested in the house of representatives and it has failed to stay in its own lane worse some comments i see already perceive the institution as a protector of the dutertes as the majority of the justices were appointed by rodrigo duterte there is still an opportunity for the supreme court to correct what i respectfully submit is a huge mistake it has committed hopefully it will reverse itself after the proper filing of a motion for reconsideration otherwise trust in the judiciary as an institution may further be eroded and it will become an institution that may be considered as so damaged that i am uncertain if it will ever be the same again atty dino singson de leon,https://www.facebook.com/rapplerdotcom/
Facebook,GMA News,2025-08-06 00:00:00,panoorin patuloy ang clearing operations sa bahagi ng camp 6 sa kennon road baguio city matapos ang rock slide na dulot ng malalakas na pag ulan nitong nagdaang mga araw sa ngayon ay marami nang tipak ng bato ang nakuha at ipinagpapatuloy pa ang clearing para muli nang madaanan ng mga sasakyan ang nasabing daan via ej gomez gma integrated news panoorin patuloy ang clearing operations sa bahagi ng camp 6 sa kennon road baguio city matapos ang rock slide na dulot ng malalakas na pag ulan nitong nagdaang mga araw sa ngayon ay marami nang tipak ng bato ang nakuha at ipinagpapatuloy pa ang clearing para muli nang madaanan ng mga sasakyan ang nasabing daan via ej gomez gma integrated news ingat ma am,https://www.facebook.com/gmanews/
Facebook,untvnewsrescue,2025-07-28 00:00:00,manonood ka ba ng sona bakit o bakit hindi bago ang sona ni pangulong ferdinand marcos jr sa darating na lunes hulyo 28 pakinggan muna natin ang boses ng ilan na sa ating mga kasangbahay kung ano nga ba ang inaasahan nila sa ulat sa bayan ni pbbm panoorin ang sona 2025 sa aming special coverage via untv livestream manonood ka ba ng sona bakit o bakit hindi bago ang sona ni pangulong ferdinand marcos jr sa darating na lunes hulyo 28 pakinggan muna natin ang boses ng ilan na sa ating mga kasangbahay kung ano nga ba ang inaasahan nila sa ulat sa bayan ni pbbm panoorin ang sona 2025 sa aming special coverage via untv livestream,https://www.facebook.com/UNTVNewsRescue/
Facebook,PHIVOLCS,2025-07-27 00:00:00,earthquake information no 1 date and time 27 july 2025 04 49 pm magnitude 2 2 depth 027 km location 07 95n 126 40e 009 km s 06 w of lingig surigao del sur earthquake information no 1 date and time 27 july 2025 04 49 pm magnitude 2 2 depth 027 km location 07 95n 126 40e 009 km s 06 w of lingig surigao del sur,https://www.facebook.com/PHIVOLCS/posts/pfbid0LowwZAC28e3d4XtCbk4MrW41FEfPgE4KM8P2YW7zdCxpWFPBiY32SdpDpR98uqyLl?__cft__[0]=AZX7JAiVJ_oXXgokjhqO4WfLPFoQcGPVpHYJDzudNzUM-96Be130CQ7QAVl9dgCSnlX-RYGYzypELpxNddHN3QkCkOqoQVvr0U3r2GrJhVEYTbiX8vBrr8bTOuVwirnimLWHUmq-jvMCiaz9Hw4iUilKADAr33XVGvnoy0eClTGG_yqlzp0fc1pwbXEB86ULFm4&__tn__=%2CO%2CP-R
Facebook,Inquirer.net,2025-07-28 00:00:00,class suspensions for july 28 monday due to weather class suspensions for july 28 monday due to weather,https://www.facebook.com/inquirerdotnet/posts/pfbid02PHffreXGS9noLa1YUqanNsq7ku19PXoNc4gX6Ue9whMSbVJeynYPHMEJEKGUb8bal?__cft__[0]=AZXV9bfoUAayARjL6kiOa5-xFxQSQZ3nW8HGF0Ax1seE3rQjTlaFhm9wZSPvrmI327MndNGIBfn9lzyzFOxOTgnli-PO1C0DFhqjCiwc53SxGVR2UnAJfOZ8CFvLyEAlBQFqRKQExYnFxlGqRtzMrAvLq-_BPYhLHLZf9Go4i8PGKsjP-AL4hodEPaE7jHFXHBA&__tn__=%2CO%2CP-R
Facebook,ABS-CBN,,more than 200 lawmakers attended a thanksgiving mass at the manila cathedral on sunday ahead of the opening of the 20th congress more than 200 lawmakers attended a thanksgiving mass at the manila cathedral on sunday ahead of the opening of the 20th congress himala walang nagliyab sa simbahan,https://www.facebook.com/abscbnNEWS/posts/pfbid037bWW6PfMyJ9rog3Jmzu7RRcBoQHJimqFHHxArWACX1v429JLoZB9Zv86GsQAEYCRl?__cft__[0]=AZUN-63Ug-wIpehKeDK2tpfyMxQ_r7ju8M2ngyArunaqhM9O2skUArp8xx3a73-9B2o0gySDaxTsePh_Q7vgNVswhA2M8aUqxCUXuiL4-kTnJ6zxLhAknXr6pVmhlvH5nmJWLdbUjLqJtWsUxVNBlCS22WfVL19vn47tWsjdpX8aLraGX7d2YP4tiJpeae9zhlw&__tn__=%2CO%2CP-R
Facebook,Rappler,,the issue is not about how senate president chiz escuderos alleged fund insertions were allocated to preferred constituencies but the questionable nature of insertions allocated to flood control projects in the 2025 national budget the issue is not about how senate president chiz escuderos alleged fund insertions were allocated to preferred constituencies but the questionable nature of insertions allocated to flood control projects in the 2025 national budget flood control projects location should be checked baka naman empty and not high residential density areas that need to be protected and prioritized,https://www.facebook.com/rapplerdotcom/posts/pfbid02KoJRX6ztAVnXJcobFs3H3cSi1r4aNueemqhHWAmTv6uXgybdZUPnjixWpSh61g1Wl?__cft__[0]=AZWKj314ACFBBd06-qmhIDlFiBqCN6GeN3gzcRwydaTzPcKsO2N-q0SIb64j00seXfSqTs-fJtwa-lVCLPPNSr-nkqGg9EJeR_WdietbY_pG7JB_3qbLgNI9M1-hmPZJKILMwN7BzaYuUXqY8mWF1-CP7EU8IP4nObIbqtOmq_GBwV2tGjCFbb2d_Kv7JsWl5BE&__tn__=%2CO%2CP-R
Facebook,Philstar News,,the department of tourism and the department of social welfare and development have joined forces to provide relief assistance to frontline tourism workers severely affected by the recent series of tropical cyclones and the enhanced southwest monsoon the department of tourism and the department of social welfare and development have joined forces to provide relief assistance to frontline tourism workers severely affected by the recent series of tropical cyclones and the enhanced southwest monsoon,https://www.facebook.com/philstarnews/posts/pfbid02w3pj1FPgAxyJvpq2ctNmvKyYKY27Ft7sAtmiVyDziM1w592ME8t74ap9KVPpRgj9l?__cft__[0]=AZUHjRDD24CsnOJHeM5lbVYrmOttMGiuEwGBuIxmjB5cV9BVIni2QKN1O4-m-FJm0hyCBBt-1S9G8K06AlR2YgxNopCogTgpW3xJxncxvl6IEz7hwkGvojLliphATgxDnEUaZcm2C-SOGZJnfcbccBo84iJysomBMN7TupWJ_0LhvJA7iuco6iW21oM7IjppYag&__tn__=%2CO%2CP-R
Facebook,NDRRMC,2025-07-27 00:00:00,public weather forecast issued at 5pm july 27 2025 sunday dost pagasa weather specialist veronica torres public weather forecast issued at 5pm july 27 2025 sunday dost pagasa weather specialist veronica torres go pag asa tuloy kayo sa pag update forecast,https://www.facebook.com/NDRRMC/
Facebook,PHIVOLCS,2025-07-27 00:00:00,earthquake information no 1 date and time 27 july 2025 05 00 pm magnitude 2 9 depth 018 km location 13 00n 125 33e 056 km n 25 e of palapag northern samar earthquake information no 1 date and time 27 july 2025 05 00 pm magnitude 2 9 depth 018 km location 13 00n 125 33e 056 km n 25 e of palapag northern samar,https://www.facebook.com/PHIVOLCS/posts/pfbid0d1NcSWRMy3qTLQpVF4EGkpXWeu9sCDKvFU2RGHg3tK7NLGkyHNsPQ5AMgPZKfsbYl?__cft__[0]=AZVOJ80JJybpCHFtYvsGVSSsMSQKcHbpgKXLbOjjQQOEk-oZy0snRiju3MfUMgh9Cv8eIa3Rcz1ZI9SipGEmSddcN0hjEmfW8O1B_P4BMOeLHnaD7-0ZIT3Hmi9-nBc1ECjeJd20DfExaKH0A03YW-EnsQTSNT9rOObK0wO9uIwxmf-KwaUzKK7nVSUj_4hSYe8&__tn__=%2CO%2CP-R
Facebook,ABS-CBN,,hindi bababa sa 30 ang nasawi sa pananalasa ng habagat at mga bagyong crising dante at emong sa bansa ayon sa ndrrmc hindi bababa sa 30 ang nasawi sa pananalasa ng habagat at mga bagyong crising dante at emong sa bansa ayon sa ndrrmc pipili ako bibigyan ko ng jikass ngayon sa mag sad sa comment ko game,https://www.facebook.com/abscbnNEWS/
Facebook,NDRRMC,,panoorin pinasalamatan ni assistant secretary bernardo rafaelito r alejandro iv sa ngalan ni secretary of national defense at chairperson ng national disaster risk reduction and management council gilberto c teodoro jr at ni pangulong ferdinand r marcos jr ang lahat ng mga disaster worker and responder sa kanilang walang humpay na pagbibigay serbisyo at tulong para sa bayan kaniya ring ipinahayag ang pagbati at kagalakan sa serbisyong hatid ng ating drrm workers mula sa local government units hanggang sa national government agencies na sa loob ng halos dalawang linggong pananalasa ng mga nagdaang bagyo at habagat ay nagpakita ng tunay na diwa ng pagdadamayan at pagkakaisa sa gitna ng sakuna panoorin pinasalamatan ni assistant secretary bernardo rafaelito r alejandro iv sa ngalan ni secretary of national defense at chairperson ng national disaster risk reduction and management council gilberto c teodoro jr at ni pangulong ferdinand r marcos jr ang lahat ng mga disaster worker and responder sa kanilang walang humpay na pagbibigay serbisyo at tulong para sa bayan kaniya ring ipinahayag ang pagbati at kagalakan sa serbisyong hatid ng ating drrm workers mula sa local government units hanggang sa national government agencies na sa loob ng halos dalawang linggong pananalasa ng mga nagdaang bagyo at habagat ay nagpakita ng tunay na diwa ng pagdadamayan at pagkakaisa sa gitna ng sakuna alm matino sundalo di pa uto sa pamumulitika kulng sa aruga,https://www.facebook.com/NDRRMC/
Facebook,untvnewsrescue,2025-07-28 00:00:00,alam nyo ba si pangulong ferdinand bongbong marcos jr ang kauna unahang presidente ng pilipinas na may junior sa pangalan na nagbigay ng sona sa july 28 lunes muling haharap si pbbm sa sambayanan para sa kaniyang state of the nation address o ulat sa bayan abangan at panoorin ang live coverage ng untv para sa sona 2025 sa lunes july 28 2025 12 30 p m mapapanood ang special coverage ng untv sa sona 2025 sa untv livestream alam nyo ba si pangulong ferdinand bongbong marcos jr ang kauna unahang presidente ng pilipinas na may junior sa pangalan na nagbigay ng sona sa july 28 lunes muling haharap si pbbm sa sambayanan para sa kaniyang state of the nation address o ulat sa bayan abangan at panoorin ang live coverage ng untv para sa sona 2025 sa lunes july 28 2025 12 30 p m mapapanood ang special coverage ng untv sa sona 2025 sa untv livestream bukas na pala ang sona ni ngagba excited na ako marinig kung saan matatagpuan ung 5 500 flood control projects niya siyempre isang taon na nakalipas at imposible naman na hindi parin niya alam ung mga pledges niya na naipon para saan un sa bayan see more,https://www.facebook.com/UNTVNewsRescue/
Facebook,untvnewsrescue,2025-08-05 00:00:00,bukas na pala ang sona ni ngagba excited na ako marinig kung saan matatagpuan ung 5 500 flood control projects niya siyempre isang taon na nakalipas at imposible naman na hindi parin niya alam ung mga pledges niya na naipon para saan un sa bayan ba un o pang souvenir at marami pa ah basta manonood ako bukas at magpabudol ulit,https://www.facebook.com/UNTVNewsRescue/
Facebook,ABS-CBN,,watch dwta was named new artist of the year by the new hue video music awards the singer songwriter hopes to someday collaborate with sb19 via anna cerezo abs cbn news watch dwta was named new artist of the year by the new hue video music awards the singer songwriter hopes to someday collaborate with sb19 via anna cerezo abs cbn news,https://www.facebook.com/abscbnNEWS/
Facebook,Rappler,,ai mental health chatbots like wysa and woebot are gaining traction but so do concerns about effectiveness data privacy and the limitations of algorithm driven support in addressing complex emotional needs ai mental health chatbots like wysa and woebot are gaining traction but so do concerns about effectiveness data privacy and the limitations of algorithm driven support in addressing complex emotional needs,https://www.facebook.com/rapplerdotcom/posts/pfbid0X6ZbpLJop9z8Y48xQj3yYupwz5JtDNvemKJ3HqJPvDD3qVkYTTKAMj8mPfrkHRw3l?__cft__[0]=AZUq-dmTrZm1TKDNJhTW5NyIFRumh_nz78_4MRCcfO7ITpjkzPHlgHTSA5hwGiOuqelK24p6o3ijEMD_ADMVte38fQfvgq64KdNswmvah72V9wyihNbVh4JGr1lj1ePyjFaY5FRtGrHuIhVhciIlpAfdDdhWT1kZnYWFOpNpRbNUW9SGQwBd-2oLe0r_9APpUu0&__tn__=%2CO%2CP-R
Facebook,SunStar Davao,,we denounce the most recent statement of president ferdinand marcos jr saying that the barrage of typhoons and similar weather systems hitting the philippines is part of the new normal and filipinos must adapt to this situation we denounce the most recent statement of president ferdinand marcos jr saying that the barrage of typhoons and similar weather systems hitting the philippines is part of the new normal and filipinos must adapt to this situation,https://www.facebook.com/sunstardavaonews/posts/pfbid02tso3p8nezfvBF32jtngg3fFCSTgiKX6NYEjJSG5AqDXsi3rNDV9yeoXXjn4kRxs8l?__cft__[0]=AZXXjJGR9HYKk8-WnpdhPoOydcZfSOYsHhTRIS7QD4hpAGu21ZfJPTtayh6fbqUB1BNMeDRby07l-YfKzFd5TkanyyMHtHOGSK36dzyYPIbU2jphnIew1_aNaCTAjs2R26GdH6gX6s0E7taQpLUtMjTX6Oq5ujvoXwfxk0Oq1avy-IvZQ_f5sQxS_S0lh9DVrNY&__tn__=%2CO%2CP-R
Facebook,NDRRMC,2025-07-27 00:00:00,walang pasok updated as of july 27 2025 6 20pm sinuspende ang klase sa ilang lugar sa bansa sa lunes july 28 2025 dahil sa pinsala ng nagdaang bagyo masamang panahon high tide at sona metro manila quezon city all levels public and private due to sona 2025 navotas city in person classes in all levels public and private schools in sipac almacen to tangos and tanza 1 and tanza 2 malabon city face to face classes from kindergarten to grade 12 and als in public schools shift to alternative delivery mode ilocos region city of alaminos pangasinan all levels public and private work in government office bani pangasinan face to face classes in all levels public and private until august 1 mangaldan pangasinan all levels public and private work in government office la union face to face classes at all levels in public and private schools college levels will shift to asynchoronous modality central luzon apalit pampanga no face to face classes in all levels public and private schools san simon pampanga in person classes in all levels public and private until august 1 modular and online classes will be implemented concepcion integrated school will continue in person classes source philippine information agency walang pasok updated as of july 27 2025 6 20pm sinuspende ang klase sa ilang lugar sa bansa sa lunes july 28 2025 dahil sa pinsala ng nagdaang bagyo masamang panahon high tide at sona metro manila quezon city all levels public and private due to sona 2025 navotas city in person classes in all levels public and private schools in sipac almacen to tangos and tanza 1 and tanza 2 malabon city face to face classes from kindergarten to grade 12 and als in public schools shift to alternative delivery mode ilocos region city of alaminos pangasinan all levels public and private work in government office bani pangasinan face to face classes in all levels public and private until august 1 mangaldan pangasinan all levels public and private work in government office la union face to face classes at all levels in public and private schools college levels will shift to asynchoronous modality central luzon apalit pampanga no face to face classes in all levels public and private schools san simon pampanga in person classes in all levels public and private until august 1 modular and online classes will be implemented concepcion integrated school will continue in person classes source philippine information agency updated as of july 27 2025 7 50 pm sinuspende ang klase sa ilang lugar sa bansa sa lunes july 28 2025 dahil sa pinsala ng nagdaang bagyo m see more updated as of july 27 2025 7 50 pm sinuspende ang klase sa ilang lugar sa bansa sa lunes july 28 2025 dahil sa pinsala ng nagdaang bagyo m see more updated as of july 27 2025 7 50 pm sinuspende ang klase sa ilang lugar sa bansa sa lunes july 28 2025 dahil sa pinsala ng nagdaang bagyo m see more sana all,https://www.facebook.com/NDRRMC/posts/pfbid02wVpG7V2384DQkVQjtNB4KtaVV4LrGwTPN5ospyWG3p52SmSjKT8n8fAAt7y1qxJTl?__cft__[0]=AZX1xmYMm393JbzjKXh1GoIb_cbhkIWqSf1nn2Jo9RFDFSKFiETAPrMWJ14QqWy2vffACLv7c6_mZXIIuOnRufnNnxz5mFnCSnredIaOEUY5oQkjDvMOJ7vVunLuSbm4gnaU_Sfk-K041e3iEUi5Bso5n6CajNtAv-YzhyZlo5TOqzODjlPiNFiCaYlXZZKmHRvHxJX2HqEADBSg5wLMyitoZEEtMQhhAVyVDnWl5A83iw&__tn__=%2CO%2CP-R
Facebook,PHIVOLCS,2025-07-27 00:00:00,earthquake information no 1 date and time 27 july 2025 08 34 pm magnitude 3 5 depth 010 km location 09 51n 126 10e 019 km s 51 e of socorro surigao del norte earthquake information no 1 date and time 27 july 2025 08 34 pm magnitude 3 5 depth 010 km location 09 51n 126 10e 019 km s 51 e of socorro surigao del norte,https://www.facebook.com/PHIVOLCS/posts/pfbid02v9wzAytjCQjbD1GvwzAD81abeWf4dwPe56djfd1DxUP5K2Q5X9urQ5z6YccsvPCSl?__cft__[0]=AZWsc4fAz3XLvuzczIk-qc6enU2XRmVPv1nfGbsXJ2S1iehc_wkwA5bVNbcAJrmKyGlv0QTRVfHXvZCErSMABPGElQcy_PCZnPxK_dVql1u_753WQG1si2nb2M8oLOko8ygo-j9vJWdtIno_3DPfMIaf0UBjHWLobKgD907MgA75BcK_IqAnJfrw3zJRsfFrPyY&__tn__=%2CO%2CP-R
Facebook,Philstar News,,president marcos said the philippines stands ready to assist in any way to restore peace between cambodia and thailand amid their armed conflict over a border dispute president marcos said the philippines stands ready to assist in any way to restore peace between cambodia and thailand amid their armed conflict over a border dispute pag sure atimana sa ang flood control na saad bagag nwong,https://www.facebook.com/philstarnews/posts/pfbid036gekpJNSdx21Db2xhdczLuVYtGmERk3ngwnvCUxwW1nPoFjJPgrn4qrxfESmDHr6l?__cft__[0]=AZWu3qu2D8jjE-yGI1BaG-fTUWQq7cN9yrqaB9HrDnvrIGYe4P4tVwjpY7v184RFYsaU1qD9ohPdqgHhdkz1xnXJOWYq61yJBm7KnxLObaC44qbG3uFoFaISyiYMbiL6i_huSlR-X7z2wMPQvudPvByKZfQH1T4mSuBlIdeZNspisAw-AfPIRle_FzbjHbZu61Y&__tn__=%2CO%2CP-R
Facebook,PAGASA,2025-07-27 00:00:00,pampanga river basin flood bulletin no 14 issued at 6pm 27 july 2025 pampanga river basin flood bulletin no 14 issued at 6pm 27 july 2025 lakas ng ulan suspend niyo na sa ncr emon cruz uu nga dito nga sa sta maria bulacan nonestop ang ulan anlakas pa may kasama pang malakas na hangin siguro naman diba baka pwede cancel na kesa magkasakit mga bata,https://www.facebook.com/PAGASA.DOST.GOV.PH/posts/pfbid02az5dqcwFTvuTisQgfjFXx8UyAh9BstvNnbLsWGTcERsW7KLBJTzbY55RXK5MjjS6l?__cft__[0]=AZV-SflejetJkmEMG3SnvXK8xKtxNqOckWVYUoRG4x2QVltzLAN3ci63giH3B_F5bc9VkQmPawlHFv5ona3iM_WqRbCsNcZf9BkjpNZtjut8oJ6wq2FTCgNHGkXTy8N7AkYcfDAvWlQQVEngHpk5irDkn0Las-7du4R_m4jR_4YsVQgZ9bWznkE3W8CcRnvt6k0&__tn__=%2CO%2CP-R
Facebook,PHIVOLCS,2025-07-27 00:00:00,earthquake information no 1 date and time 27 july 2025 09 36 pm magnitude 2 1 depth 022 km location 13 47n 124 98e 069 km s 72 e of baras catanduanes earthquake information no 1 date and time 27 july 2025 09 36 pm magnitude 2 1 depth 022 km location 13 47n 124 98e 069 km s 72 e of baras catanduanes,https://www.facebook.com/PHIVOLCS/posts/pfbid0Gu1W61rLyjcirqnvvvn4Hc29VgzwXDskGonEA4GCg25mzRg5mfghitfPZ2gWZQ4xl?__cft__[0]=AZXe1_6EupHOhiERfRu8mHZBhT60ydeXasJu0gNc1Tg8rxqjKCNERGI-FcgD6x94wfTbVTk5VMNHuWokdKhCex0OKfh5cESTiRss9XHWVZK3lZgAGpJY8wP-5z8I4y_xu9EGPAKdHebSbfZizaC1z-lbOSnFpYmMEGRWrnQeOCvIZHI4-Bt_78A4QbKKRINk-5M&__tn__=%2CO%2CP-R
Facebook,ABS-CBN,2025-07-27 00:00:00,pope leo voiced concern on sunday july 27 over the worsening humanitarian crisis in gaza warning that civilians are being crushed by hunger as violence and deprivation continue to escalate pope leo voiced concern on sunday july 27 over the worsening humanitarian crisis in gaza warning that civilians are being crushed by hunger as violence and deprivation continue to escalate,https://www.facebook.com/abscbnNEWS/posts/pfbid0yTqDEHrumkP9aKtzG42BZoZg46sxUDeR81WMZ1bHhhSks77jWgjjSWHw88uHgaQtl?__cft__[0]=AZWr0QvU2gzz5nzbH6oOHJU6DRsJaLQrwcSkPcaR0B4ofKME3AJguR5Vmcb34P65xmn_Hy3vArg0eaICyAAQ5wUk-fPnZfDhaoOG_-wCQD4hA6dHmpLrHUYsVzK5fk81cB_ZY_mGOhcAhUNFh6fyOAkzQMWZKr3axGr3seXwANqlIfHNOtY9922sxZ4z-r-FqKI&__tn__=%2CO%2CP-R
Facebook,Rappler,,director baby ruth villarama and the team behind the award winning documentary talk to reporter bea cupin about a film china doesnt want you to see director baby ruth villarama and the team behind the award winning documentary talk to reporter bea cupin about a film china doesnt want you to see,https://www.facebook.com/rapplerdotcom/posts/pfbid022f3zU1tgHknTA4CRjbirdVrxgDKtm7SLtXofyxBp3n5eSFYDSGaa34ksbPZasiApl?__cft__[0]=AZWUWtj28YRrUfdEyxGslbeOAo9dWtt9eWj8HN0JWBReXMJqlpmEyv7oZnGa7MQ06GuqGAXWx6OxtqPmOzPXyE0JDrpHEuue4loEOydCLHy6RvW1qFQzFzU-bMaSw7M1PFrN_dS6iKctMbuv3tt4khSn2wN88mNl3LQTMvgz4G2aR74dlTW9L83e7epFeTP5qzA&__tn__=%2CO%2CP-R
Facebook,ABS-CBN,2025-07-27 00:00:00,watch landslide and falling rocks disrupt abs cbn news teams live setup along kennon road in benguet on sunday july 27 the road was inundated with mud and debris following a landslide triggered by week long weather disturbances ni michael delizo abs cbn news watch landslide and falling rocks disrupt abs cbn news teams live setup along kennon road in benguet on sunday july 27 the road was inundated with mud and debris following a landslide triggered by week long weather disturbances ni michael delizo abs cbn news,https://www.facebook.com/abscbnNEWS/
Facebook,GMA News,,patuloy na binabantayan ng pagasa ang at isa pang bagyo na parehong nasa labas ng philippine area of responsibility patuloy na binabantayan ng pagasa ang at isa pang bagyo na parehong nasa labas ng philippine area of responsibility thanks god halleluja,https://www.facebook.com/gmanews/
Facebook,SunStar Davao,,the bougainvilleas in our yard lay in disarray last nights intense unexpected rain had knocked them down theyll bloom again said noe our gardener as he quietly swept the walkway these plants are resilient the bougainvilleas in our yard lay in disarray last nights intense unexpected rain had knocked them down theyll bloom again said noe our gardener as he quietly swept the walkway these plants are resilient,https://www.facebook.com/sunstardavaonews/posts/pfbid0HRv6rc5fYcn4FL56vojFH3LuPywsja2rVKf62fQEHMHz5FJw9XDgzfCyVds3iDrzl?__cft__[0]=AZWBmwvQNa2YY58h9SMuyyiQ1HpnhqXTZ4NcilA21k0CLDif_h3jQvVGw6w1hNU-vMRtd4PznJ_TVSChWzwqM0dGKTWhqvrG4OfxBSQ1DXWD850AiMtOc2wTVK5lnISDiD6DCR32aj9rkiPviluGI_lcnHK-Q0vaduSsQFCaDRR4RxY-ZDXbT5hSLARLM_a_kRQ&__tn__=%2CO%2CP-R
Facebook,ABS-CBN,,magpapatupad ng ceasefire ang thailand at cambodia matapos ang apat na araw na sagupaan dahil sa border dispute magpapatupad ng ceasefire ang thailand at cambodia matapos ang apat na araw na sagupaan dahil sa border dispute bbm makikialam kapa hindi mo nga masolusyunan ang problema sa pinas romer aparato belen pumpak hahaha,https://www.facebook.com/abscbnNEWS/
Facebook,PHIVOLCS,2025-07-27 00:00:00,earthquake information no 1 date and time 27 july 2025 10 21 pm magnitude 2 2 depth 011 km location 18 60n 120 79e 005 km n 02 w of pagudpud ilocos norte earthquake information no 1 date and time 27 july 2025 10 21 pm magnitude 2 2 depth 011 km location 18 60n 120 79e 005 km n 02 w of pagudpud ilocos norte,https://www.facebook.com/PHIVOLCS/posts/pfbid0vNqUp7rJB4xc2boNsHGq2CLDVWaYiSk3KZD4My8gm8mm8hg1NvPv7DSND7TJtknPl?__cft__[0]=AZW_QpDr-_ENBeRTrVvDQWMFigGfqRHE1hwX8nq0i9NS8sETUzH4Koet_l3NJUhhlgHXURRH3q7lN9mwILJ8S8tfxzSqr_vNHCKoUwu70DNXd6aSKSZ2NizmUpAPnQeyVlA7VBfrGqSfxEuOxnx-97nATQbgdTXeP83Hrp5khmeU8U9T7yhGwGrodHWRtuwn22M&__tn__=%2CO%2CP-R
Facebook,Rappler,,a 43 year old woman is the first patient in panay to undergo awake brain surgery a medical milestone that signals a new era in regional health care a 43 year old woman is the first patient in panay to undergo awake brain surgery a medical milestone that signals a new era in regional health care congratulations doctors of wvmc,https://www.facebook.com/rapplerdotcom/posts/pfbid06HW2bnAYgySfrSkMoSzmMgxE4P2X9QVeaN4vXoquYDX6KytULPhqHMqcLc5fg45ml?__cft__[0]=AZVUhejJVtWa7JygLz5KJK1S8CH--x3eyHHC10BCcQfpeunt0VMpnIealDne0qLBYBF-zBzL3oly6j4LUBT7u0QviKuYwmsMXkx1w5daJxB8Bqx1GZEw6cY7y37pBCAURfUnz4U_1xEQ4EfCtf4JdmuPTfyFivyq2tPoAEsry9AeLvyjBnWjYKomlEGg_Rl7Y0c&__tn__=%2CO%2CP-R
Facebook,GMA News,2025-07-27 00:00:00,all storms end so no matter how vast or contested our waters become i trust that with you on board truth will always find its way to shore and to the communities still waiting to be seen this film is for you this is what direk baby ruth villarama shared during the philippine premiere of her documentary film food delivery fresh from the west philippine sea held tonight july 27 at a mall in makati city via athena imperial gma integrated news all storms end so no matter how vast or contested our waters become i trust that with you on board truth will always find its way to shore and to the communities still waiting to be seen this film is for you this is what direk baby ruth villarama shared during the philippine premiere of her documentary film food delivery fresh from the west philippine sea held tonight july 27 at a mall in makati city via athena imperial gma integrated news,https://www.facebook.com/gmanews/
Facebook,Inquirer.net,2025-07-27 00:00:00,look kennon road remains closed on sunday july 27 as clearing operations continue following a landslide triggered by continuous heavy rainfall baguio city pio facebook for more stories visit inquirer net look kennon road remains closed on sunday july 27 as clearing operations continue following a landslide triggered by continuous heavy rainfall baguio city pio facebook for more stories visit inquirer net,https://www.facebook.com/inquirerdotnet/posts/pfbid02DdrdbmkXcRidznWxUa8drBKETbjC4uURu3M16pj8eVnr2FnYe2wBDJ5j5DvdqD95l?__cft__[0]=AZXkvUS32zcrZZ-_0LcMJwPFNL8T7XDkEuIny8IWMPHSJ-sUAzSR7ADOLn90VBhmITP1_fnEdRkSdn-hnyEE-4E3gAQrcNCzJ18NfVCosIV-181T0M5wy-c2QG9r_lDtzzxdmNUn0bHFGiRjCWrdpn_Oj6oU5KXB-3lOb9_OlLo2S9ALBgPZhEVHFnBqW09Q8fY&__tn__=%2CO%2CP-R
Facebook,Rappler,2025-07-28 00:00:00,here is a list of areas where classes are suspended for monday july 28 2025 due to the effects of bad weather here is a list of areas where classes are suspended for monday july 28 2025 due to the effects of bad weather sige po,https://www.facebook.com/rapplerdotcom/posts/pfbid0KpqBnQ6zS4D2DSQDGT9vkaXnbNNnSAzif2TSMFBUG7SgqgGEaBX3RAzfGegW8Vbil?__cft__[0]=AZXbEnv7opHf_tgIgW0H_v1eoRcTCbA7xcS8doa0C8bbryt6WmAWGslqswiSxMf4KOVmgSwHUrGBiU_ZzPq-03cB101g-GLJSq_zH7g0b1yH4VuxKG7U4FE-uka3DG116S5fTYlBC8j5ZrLL03Vx9pwamNDNMsyIlXpwfVutrYWKVIDlu-0X0QEif2dWgXbeRL0&__tn__=%2CO%2CP-R
Facebook,GMA News,,this past week strong winds and heavy rains swept over luzon as typhoon emong made its landfall over several provinces damaging many homes in pangasinan and la union this past week strong winds and heavy rains swept over luzon as typhoon emong made its landfall over several provinces damaging many homes in pangasinan and la union,https://www.facebook.com/gmanews/posts/pfbid09ErNDmLwJMRivQaW11uk1Ri5TEYUUWpVqJcLb5yiHG9UhQ2khpyPG7pE7b1VH6kal?__cft__[0]=AZVjAgWd-mXJ2nJ3zLybTUpgOIhF4iGhsfhcn_lx8WXMaShub8rxUzV7msz32UWO_rE6ly9f8QzTX3WXWm9T-e6Ic_VhZnIt1CaTm5qHn8RhwgzfgmAs1p4ip6pJhZmlLfZvzqcKuOPX4JiYRBA0buDSrGXHd31vvQ-JwCCWs2nAI6Fiea-FFDvT_y6KvIihXtM&__tn__=%2CO%2CP-R
Facebook,PHIVOLCS,2025-07-27 00:00:00,earthquake information no 1 date and time 27 july 2025 11 28 pm magnitude 2 5 depth 003 km location 12 80n 120 94e 018 km s 74 e of sablayan occidental mindoro earthquake information no 1 date and time 27 july 2025 11 28 pm magnitude 2 5 depth 003 km location 12 80n 120 94e 018 km s 74 e of sablayan occidental mindoro,https://www.facebook.com/PHIVOLCS/posts/pfbid0pZvWrtVaA2Gq3aJYyzeyvEfd9uc3p4qRRLnkfK8nqm1JRtEPzwHr4VoqcwAP3B2zl?__cft__[0]=AZWBf2QRTSZmz5ZyRuGJeZS1x5nj3ROT8Qx8bP-S321o1ehXfHORgRBGKTJnfriGq5qbrhJJ41fCcKHe9UAbFWFbcc2caPTabUA6uxnR5hA3fD1HkyhODpsoi8-wBzJXTHgwWL9-gTmfNrS83krDOYihlfQ50TNj2KuHbfc2sh6FsvrKqvMOUVKBuB3Deqg-rVw&__tn__=%2CO%2CP-R
Facebook,PHIVOLCS,2025-07-27 00:00:00,earthquake information no 1 date and time 27 july 2025 11 59 pm magnitude 2 7 depth 028 km location 07 34n 127 23e 074 km n 89 e of caraga davao oriental earthquake information no 1 date and time 27 july 2025 11 59 pm magnitude 2 7 depth 028 km location 07 34n 127 23e 074 km n 89 e of caraga davao oriental,https://www.facebook.com/PHIVOLCS/posts/pfbid02kUwGhspUALL1tYuhoz2eSb23ajBoo652vvohq7QQHMxM928dyn7cvcb8mwafEJNGl?__cft__[0]=AZVN2RAybAw8AIBOptZ3YgH3NL6MRh6ef1gyksi0x4JMmTw_vIHaLYwgEynWaxZOB4CDP7xe2KKQbOUsG-5UT3P9C7m9ahIzhkBhH-O4MyT0G-u8nxPCxYX-ZbotnX589EeAacSOEIFurAfbhVOgUmNzBGBv_c_hjtlzz6iBJ1mKKmHwGtP9j8_7mZo9Ja12d0w&__tn__=%2CO%2CP-R
Facebook,Manila Bulletin,2025-07-28 00:00:00,local governments of malabon and navotas announced the suspension of face to face classes on monday july 28 due to flooding expected high tide and ongoing use of schools as evacuation centers read local governments of malabon and navotas announced the suspension of face to face classes on monday july 28 due to flooding expected high tide and ongoing use of schools as evacuation centers read how about ncr,https://www.facebook.com/ManilaBulletin/posts/pfbid0bi8P873kA7asN4Dw32Hzp2vDLJZENptEdf4t9zWSkzbZP6A6yZLou6f961Sqbgb3l?__cft__[0]=AZXJppxCFJUqOU2LvEcD25U8SOH4K-kuOJaSQeNMBIcLoByt900e5Li-2EIPEB5g-vRXRG0ZMip4POxGwWH2BfkJf4VWLgQeGkObCtwofJNEMyvIh_YVwXYijV1gEprrfxbw2PY8NuPaTRVqYHdsnYU4wXmPvGYiQKgHMvZoIYkZwY4hcwCLIioacR4RcL29ez0&__tn__=%2CO%2CP-R
Facebook,Philstar News,,thailand and cambodia clashed for a fourth day sunday despite both sides saying they were ready to discuss a ceasefire after a late night intervention by us president donald trump thailand and cambodia clashed for a fourth day sunday despite both sides saying they were ready to discuss a ceasefire after a late night intervention by us president donald trump,https://www.facebook.com/philstarnews/posts/pfbid02uAqCxzAbfACMnVWbpN1Gi6K55AnEfAv1gsYnGi9hNUpPeMaBmcQ8YtvvfVjwznfMl?__cft__[0]=AZXYkInTfjm-wAWyoz_-CPERw-dOtVaLgjlwuZW4g3APoDazTNioFdFfNw8IOAI1nPBLx8VM-bnqwNR8YxcXwdsRzOnoy-EVtTDdXVtAzJ92qbWA4M-pSx7pa3R4hocqIEgLc5GzIIid0f_IDaQ15sUnyqDwk4r3sX-wq18X8gUu3QqumIacajJdvXo63vkioGE&__tn__=%2CO%2CP-R
Facebook,PHIVOLCS,2025-07-28 00:00:00,earthquake information no 1 date and time 28 july 2025 12 18 am magnitude 1 6 depth 009 km location 16 86n 120 54e 003 km s 16 e of alilem ilocos sur earthquake information no 1 date and time 28 july 2025 12 18 am magnitude 1 6 depth 009 km location 16 86n 120 54e 003 km s 16 e of alilem ilocos sur,https://www.facebook.com/PHIVOLCS/posts/pfbid02hTYbMdMX3CqU1SQtDnwrukC1CkhvXe8gzpgd2rJnVdkjChFcgRjWTnEY5k9bVyHrl?__cft__[0]=AZXPibNXOMTUCXq8rUyrU2xPjsn3zCvBesht0HYXcxiTq5JYxxAiKlVe_Wo7YbqfvBeny-WULyR7tSaBALm5mZnh4x-NR2ccCecg2GORkLKCqDVyAWhFZ6Vef5WCwEgE8LBzJBh5aVq18_J_zQQr9jmqzvNLmCcN4FaxuhP3jW9sWUXD-6DZ9QeW978rPkNwAhQ&__tn__=%2CO%2CP-R
Facebook,PAGASA,,if you will compare sa ibang international weather agencies may mali dito sa forecast ng pagasa kasama dapat ang metro manila,https://www.facebook.com/PAGASA.DOST.GOV.PH/posts/pfbid0sY3CAHxPGJkgaUn5ziEgr1XKd8pea8LkJsUWdNZBuaSyPrYt9XMR1qABYX1ZkmfYl?comment_id=1991575365009533&__cft__[0]=AZWiYag9HhGJ2HttmLqDMnWVYSlMRC2IRLDLJLmy-MEiJzzhOyaAy-b746rcQW1uiBjIfHmWxyTKPqTnwyQ1vXUOMWoI0JlLAk12D2DEKSREK_TcmPhrWOn4I7AcWJghWuN2yTe5PP26DUfHt3TwORFpmk9XG-HROc1NFzYw5DW_CS4n4jYT7nNgeqA2I0ahvfo&__tn__=R-R
Facebook,PAGASA,2025-07-28 00:00:00,pampanga river basin flood bulletin no 16 as of 28 july 2025 pm pampanga river basin flood bulletin no 16 as of 28 july 2025 pm,https://www.facebook.com/PAGASA.DOST.GOV.PH/posts/pfbid02hf1gYubrX1nUJardDWrHzuerxKeNaM1FGbwMzWNwGtSVXs2XtFcRpKubCeGU8RSYl?__cft__[0]=AZXgo0ebkeJZhhaqhwnaddBFwuj_sqnkSaMkMrLofAxT73TOc1vHIZjYHpNnUF7mT2sOkNbctRQMSiIyC1CqBJEeY_bwaCL4WzZt_QPu0ls3zDpWG5uzlATmGXNe9EqPo3hMphWPugbxvo777FkY2b0_gXz_Xytoi5tjVdo5lHM0pfDWY29WTzu6jQVrEyyA5No&__tn__=%2CO%2CP-R
Facebook,PHIVOLCS,2025-07-28 00:00:00,earthquake information no 1 date and time 28 july 2025 07 13 pm magnitude 2 5 depth 140 km location 13 73n 120 58e 013 km s 25 w of calatagan batangas earthquake information no 1 date and time 28 july 2025 07 13 pm magnitude 2 5 depth 140 km location 13 73n 120 58e 013 km s 25 w of calatagan batangas,https://www.facebook.com/PHIVOLCS/posts/pfbid021T3oXLkF3Xgeo75qBSjXi4izSU4jGB5bbhvSzsuuKYo3AfZMNrQxhWzbmRaPCpsql?__cft__[0]=AZWxHmr-InPHchvk3Jdp3BeRPMNZA9GKsm0FHQdOsl2cikVaqIwwu3RJipeG58kD1aJawi-QtKvxhWsqPBY2k7Q_3LFbPCHaKNGXpmyz_zokfHela-ifMJww-d2gfV7H5raiEK2YdcSc4qz9bSB-af4M1Mmiqle4Zu38o18dPPIpwtqgzGHIjNOiEYux7wpCfgA&__tn__=%2CO%2CP-R
Facebook,PHIVOLCS,2025-07-29 00:00:00,earthquake information no 1 date and time 29 july 2025 01 32 am magnitude 1 9 depth 009 km location 17 62n 120 54e 006 km n 30 w of langiden abra earthquake information no 1 date and time 29 july 2025 01 32 am magnitude 1 9 depth 009 km location 17 62n 120 54e 006 km n 30 w of langiden abra,https://www.facebook.com/PHIVOLCS/posts/pfbid04qJPtkuQkdgf9kuVEU1iMsXtK3YAJDgGxfXuQvCEYxeo3DxRzZf4AUkMER6bVLEhl?__cft__[0]=AZUX3lNQyKdnQ6qYIkbJtYpgLl8tWAmwqOThPi3hSiIowOmHeXxfroVr_-LACNb69S9rCq7ndlHoByKMLu_eeKzeKC4MAVgEPj_MkeEE2TWZzCdjZ74lxhZiVujvoaxiVc0TgZxRnsu7mIcEXa1JjD1c-nZSe7NohMHfmJeU9j46UJjhdUAvtKyjkelcgfPY-fM&__tn__=%2CO%2CP-R
Facebook,GMA News,2025-08-03 00:00:00,us president donald trump set a new deadline of 10 or 12 days for russia to make progress toward ending the war in ukraine or face consequences underscoring frustration with russian president vladimir putin for the 3 1 2 year old conflict us president donald trump set a new deadline of 10 or 12 days for russia to make progress toward ending the war in ukraine or face consequences underscoring frustration with russian president vladimir putin for the 3 1 2 year old conflict,https://www.facebook.com/gmanews/posts/pfbid02w7D7JmRnnibUYAo7PuKdQf5794WPw7GNzpzotLcqEgCmqUjrNnHBkZbkHGzTeLBDl?__cft__[0]=AZWgmfMEN6qA9eElyznxb9URi8PKE4wbn5gPUukzUYwSKfZl3qUmJHj51W8lLBSkDc7R54o6jRBKXrlAfCIe2FGFzBtOciUts3_3GlD21q_nD8E77djUFiYB996Ap0uezG-SksPNyiYMzr5ycGRpmSo4p87YfKpJx5qALraXZruGobS78WAY0MgCsAJPZ-IOKm0&__tn__=%2CO%2CP-R
Facebook,NDRRMC,2025-07-28 00:00:00,maging alerto lalawigan ng ndrrmc 8 25pm 28jul25 orange rainfall warning sa benguet nagbabanta ang matinding pag ulan pagbaha at pagguho ng lupa maging alerto lalawigan ng ndrrmc 8 25pm 28jul25 orange rainfall warning sa benguet nagbabanta ang matinding pag ulan pagbaha at pagguho ng lupa central luzon malakas ulan pero hindj man lang nag announce ng heavy rainfall advisory,https://www.facebook.com/NDRRMC/posts/pfbid09HUSH6jjFx69VKxQ3Kqc9w73boVRJJXHkFThFpBnYefBU97W63VnwhYJZvVe2kJLl?__cft__[0]=AZXUopvVvSY3kzFVn56AhWnwlvaKbr0gmgFlwgBtVt0L6gvCg5287rxquCgmvxqxro8TeD5Y1PmNsrCKetJLRKodkGqLy0OnKBS_wTCTFCBKxJLGCQRbBrN-cem5D3hEY38Tms5PNpgDHQD3I0Mu7ywWxxnEbnXPICj01aMWBOlHbiuQHgQnWlcL-QsilAjG1zI&__tn__=%2CO%2CP-R
Facebook,PHIVOLCS,2025-07-29 00:00:00,earthquake information no 1 date and time 29 july 2025 02 58 am magnitude 2 8 depth 030 km location 19 87n 121 27e 071 km n 18 w of calayan cagayan earthquake information no 1 date and time 29 july 2025 02 58 am magnitude 2 8 depth 030 km location 19 87n 121 27e 071 km n 18 w of calayan cagayan,https://www.facebook.com/PHIVOLCS/posts/pfbid02J6aNLMzpbdyqPWjSL9MPNUwSqVipD2Q9odxmnojRCfsknQf5gYe2GQfQxXH8vaYVl?__cft__[0]=AZWFu_oy1uFZfCkogiIgIZgqV_FGwn-BKeb-8eQ22Vm-tDZ1IBHIAiTUKV-dVV2AZNd5nVA6TJ2YCXxLWrPBk3-098NQ2gI2KKuZZQoA37TmBvHtvTAl8ZtcmOcKCE57Z-o8rhqcHSeQrgOS-2Pz3DuIrp_iiauAG-esXn9IJBiKDBrxpQr8A33H2JtCJT7wymM&__tn__=%2CO%2CP-R
Facebook,Rappler,,watch albee benitez in talks with frasco tiango about forming house independent bloc watch albee benitez in talks with frasco tiango about forming house independent bloc indep b kung tatalon,https://web.facebook.com/rapplerdotcom/
Facebook,Manila Bulletin,2025-07-29 00:00:00,look malabon city residents on tuesday july 29 provided with free laboratory services medicines and other government assistance through the national governments lab for all laboratoryo konsulta at gamot para sa lahat program aimed at ensuring that quality healthcare services are accessible to all filipinos via hannah nicol look malabon city residents on tuesday july 29 provided with free laboratory services medicines and other government assistance through the national governments lab for all laboratoryo konsulta at gamot para sa lahat program aimed at ensuring that quality healthcare services are accessible to all filipinos via hannah nicol,https://web.facebook.com/ManilaBulletin/posts/pfbid02AhAM9UNzFLKsKAX8h3Ad7J4pH6PctK8rKzr5Nwmcgq4GBifaUMhHhxECESSAhrv3l?__cft__[0]=AZV2n6een9CchvV1o4SsME0EPLGbQ0juTrKeg7uLaCQWOe4YrqMmM58bMdPoP9sSH1h4hLR13A0nTLH0lxNNiiLy5WXBCGUfJWUfvVW_URqTQIZyOkj6kf8YGRZc-df1kdWI6IchJurfX_QrNFKM1L59Q4amPGBPN0iiq-yBWev6TnK1UnOAu4_LmkB19YMoU4U&__tn__=%2CO%2CP-R
Facebook,Inquirer.net,2025-07-29 00:00:00,classes were suspended in some areas of luzon on tuesday july 29 due to inclement weather brought by the southwest monsoon locally known as habagat read more classes were suspended in some areas of luzon on tuesday july 29 due to inclement weather brought by the southwest monsoon locally known as habagat read more maaraw namn dito sa taguig,https://web.facebook.com/inquirerdotnet/posts/pfbid0Y8X7r4wHAomxQoFqF2XwSV6NMGYVuGuUNq6NMZ1XQj7HwVCi8GFit35UD6JhgPvVl?__cft__[0]=AZX8i2x4U2BEY05Iobde9rhfhmxWaQFqMwZCgBHk4tpl-sNgHTL3fB7Yheve_XfbAGOr76-6vmJr4NK4eKWl_w5isTUIaHepqzNbiTTOxeakx_MBAd_IdFczTVRR7Ki34lR294znbwtCBTPhIsyE1_vQqQQYu6dMX7jMypNfwaBD_1ZJzL29QPWIvsfJ_obcjVU&__tn__=%2CO%2CP-R
Facebook,NDRRMC,,babala dont let scammers add to the disaster during this rainy season floods affect many areas across the country in true bayanihan spirit filipinos are quick to extend help in any way they can but beware scammers take advantage of these situations to steal money or personal data through fake donation drives phishing links and bogus emergency alerts check these few after storm tips verify before you trust stick to official sites and trusted sources for updates and relief efforts lets stay safe and secure online and offline source dict cybersecurity see more babala dont let scammers add to the disaster during this rainy season floods affect many areas across the country in true bayanihan spirit filipinos are quick to extend help in any way they can but beware scammers take advantage of these situations to steal money or personal data through fake donation drives phishing links and bogus emergency alerts check these few after storm tips verify before you trust stick to official sites and trusted sources for updates and relief efforts lets stay safe and secure online and offline source dict cybersecurity see more dont let scammers add to the disaster during this rainy season floods affect many areas across the country in true bayanihan spirit filipinos are quick to see more dont let scammers add to the disaster during this rainy season floods affect many areas across the country in true bayanihan spirit filipinos are quick to see more dont let scammers add to the disaster during this rainy season floods affect many areas across the country in true bayanihan spirit filipinos are quick to see more,https://web.facebook.com/NDRRMC/posts/pfbid0bXyKxVVofGfS7h2K69BX4mYQsz4ZwFnMfq3xhA3Pxu2HV3HS8hV46tJiFFhVY2hAl?__cft__[0]=AZVyHmd7Ah0aR9s7qJqWQAUOXd0qQUXIM0nsqce1bFzqchZo0zH8Q9wGnLa64NM0VAUZBzhnCkEqwgBrfolFtKVrD8blOsgcJlP0vTOtQzL0tHPp3vumsginbaB2sG6TQFAfPfmYUPDUF9kS_Zzol5fsqM58X8NDSO-dR5vdunJsf_rI_5_3MHPlw74i1G-5VbC91-tNQ4jDXizeWbc8t8Kn9-7GkBlyKf5YedBPhUrudQ&__tn__=%2CP-R
Facebook,PHIVOLCS,2025-07-29 00:00:00,earthquake information no 1 date and time 29 july 2025 09 13 am magnitude 1 8 depth 019 km location 09 02n 126 63e 038 km n 73 e of cagwait surigao del sur earthquake information no 1 date and time 29 july 2025 09 13 am magnitude 1 8 depth 019 km location 09 02n 126 63e 038 km n 73 e of cagwait surigao del sur yessssss tsunami warning hahahahah,https://web.facebook.com/PHIVOLCS/posts/pfbid0274phs8m4D1CPCwxybj4YCzfrQixC2YYvXdXDShsVrZMqFMPf9PtpPgiCfXhWxoh4l?__cft__[0]=AZWPxOcpLzXDvwqEZ8trZ9ppa_co8fxtPKoHb8JjzDabyTetzgBFAmiYY3x0YUs0rluY4Et52aifaCZ6APBsnGmrZvnX4vbNJ4v7H1QkPYf2TwWa7wZobDo1kXUT_yK-eisGPKMcpNWpPpn1-VlQU90C5FLujnODoIHv9-bA3E9QMBbjeNijLa_f2lbf3b_65Ls&__tn__=%2CO%2CP-R
Facebook,GMA News,2025-08-10 00:00:00,mabagal ang daloy ng trapiko sa bahagi ng timog avenue malapit sa samar avenue kaninang 10 50 am dulot ng isinasagawang asphalt patching sa kalsada miguel pardo gma integrated news mabagal ang daloy ng trapiko sa bahagi ng timog avenue malapit sa samar avenue kaninang 10 50 am dulot ng isinasagawang asphalt patching sa kalsada miguel pardo gma integrated news paki sunod po lagyan ng aspalto ang utak ni maem grace mg,https://web.facebook.com/gmanews/posts/pfbid031exDegPiV18uc4v9qctrLzXzhMKC7jognexhhwvApiFn4MpjU4RyVb53xZwFv583l?__cft__[0]=AZW8_L0xYlVt-gXNENh4xUGppIlOiD_XbIAOAfCKhIrrL4pN-otLVEJG9FaDRhO3_2DYX9mVZxdlC8beYjwE9XvmfVwt7wETEI5b2U-fEO7jvXekL7gluVSVSKsyLMPDxogSLvJnEMfzxGd8WvGESzXdaxY5ze8EBQRhZD17M-wwAz6xtW4CYUBy-u5jxIh8WJg&__tn__=%2CO%2CP-R
Facebook,Inquirer.net,,earl agustin was a fish out of water in the big city born in ozamiz misamis occidental he moved to laguna in 2022 to pursue his music career he was only supposed to visit for a week sign a contract then go back home but what started out as a brief stay turned into weeks months and eventually years until he got his big break when his 2023 single tibok shot up the charts and seemingly turned him into an overnight success now with hundreds of millions of followers and streams across several social media sites and streaming platforms it would have been easy to chalk it all up as the fruit of his effortshell maybe even dumb luck but for agustin who is eternally grateful for the rare opportunity to live out his dream he thanks his fans for their patience and support and most importantly god for being by his side for our latest digital cover the tibok singer talks about his debut album himig at pag ibig and the value of faith via scoutmagph read more earl agustin was a fish out of water in the big city born in ozamiz misamis occidental he moved to laguna in 2022 to pursue his music career he was only supposed to visit for a week sign a contract then go back home but what started out as a brief stay turned into weeks months and eventually years until he got his big break when his 2023 single tibok shot up the charts and seemingly turned him into an overnight success now with hundreds of millions of followers and streams across several social media sites and streaming platforms it would have been easy to chalk it all up as the fruit of his effortshell maybe even dumb luck but for agustin who is eternally grateful for the rare opportunity to live out his dream he thanks his fans for their patience and support and most importantly god for being by his side for our latest digital cover the tibok singer talks about his debut album himig at pag ibig and the value of faith via scoutmagph read more earl agustin was a fish out of water in the big city born in ozamiz misamis occidental he moved to laguna in 2022 to pursue his music career he was only su see more earl agustin was a fish out of water in the big city born in ozamiz misamis occidental he moved to laguna in 2022 to pursue his music career he was only su see more earl agustin was a fish out of water in the big city born in ozamiz misamis occidental he moved to laguna in 2022 to pursue his music career he was only su see more,https://web.facebook.com/inquirerdotnet/posts/pfbid033rjC6ZnvqLV4sVqAotURUSdnDbZvPUdTwAy8EzDUvtkfUFWaPGCUpUPFtrUmrz2Yl?__cft__[0]=AZWLGTTJC8cKefHqMXfFgbOeyBQ5-tyxmxr8MzFYTPpePmViaeQ9lbK0W3JO7IxuR5rABlVDcjsq0_FzpP2GAV59CeTxcYwiOGB4Z61l-VukB1Yu9mVCO2LkFrMLUhEhO-7s7d5xiB0ByCWpfiHYkxphg-VvqO099-K7mQvOzXBBmBRB7LOBaSe6q5pEYrnxpHV3WRAS8GpX5LDOHeI-A5MLWut8iqMEUFZNf-6zNfMjLw&__tn__=%2CO%2CP-R
Facebook,PAGASA,,deserve ng mga pilipino ang baha dahil gusto natin ng uniteam kaya sa 2028 pa uto ulit tayo kay sara,https://web.facebook.com/PAGASA.DOST.GOV.PH/posts/pfbid0mR7AMKz9aoDkVfW3t3KCeXRG1qvKfGrDnRcbyH7aF7ZYDZx2XJAXTArkwDi14NZVl?comment_id=1826920771595788&__cft__[0]=AZWrK-u7lSDudvYm74OhlyOKaW3zjYIGRFb5UXhs3Zw0jWoBymT69842RJ3DP5dqAmjZQkqZXffEKEsD9pgs2Z885uENnDpRASSl-ZHxWVdFcSoXu-WDgsxwq28ytil_nGcq8AozhQlxmiISF0AvFqEkbUgsvh9mRWqoJpdsRoUJybQ0YF61rM-l_xtL4etZ00c&__tn__=R-R
Facebook,NDRRMC,,babala mag ingat at maging alerto kasalukuyang kumakalat ang mga mapanlinlang na text message na nagsasabing maaaring makatanggap ng ayuda o pera mula sa pamahalaan gamit ang pangalan o numero ng ndrrmc na may kahina hinalang link huwag pindutin ang mga link na ito dahil ang numero ng ndrrmc ay para sa mga abiso at babalang pang sakuna lamang para sa nangangailangan ng assistance o tulong ng pamahalaan maaring pumunta sa opisyal na social media accounts ng department of social welfare and development babala mag ingat at maging alerto kasalukuyang kumakalat ang mga mapanlinlang na text message na nagsasabing maaaring makatanggap ng ayuda o pera mula sa pamahalaan gamit ang pangalan o numero ng ndrrmc na may kahina hinalang link huwag pindutin ang mga link na ito dahil ang numero ng ndrrmc ay para sa mga abiso at babalang pang sakuna lamang para sa nangangailangan ng assistance o tulong ng pamahalaan maaring pumunta sa opisyal na social media accounts ng department of social welfare and development mag ingat at maging alerto kasalukuyang kumakalat ang mga mapanlinlang na text message na nagsasabing maaaring makatanggap ng ayuda o pera mula sa pamahalaan g see more mag ingat at maging alerto kasalukuyang kumakalat ang mga mapanlinlang na text message na nagsasabing maaaring makatanggap ng ayuda o pera mula sa pamahalaan g see more mag ingat at maging alerto kasalukuyang kumakalat ang mga mapanlinlang na text message na nagsasabing maaaring makatanggap ng ayuda o pera mula sa pamahalaan g see more mag update na po kayo ng mga city na under state of calamity sa sss kayo nlng daw inaantay,https://web.facebook.com/NDRRMC/posts/pfbid0pHsTtoU1CohokTSacLLE6GrcZ6y1iqsfs3fPVZGHGhQg3oJC6zLyjqiGxTvzhNLyl?__cft__[0]=AZXi0vQDMcgSANmXiwce9wi2o3cqzR85OS2BhFI8KkT356iXwPkuBDnR0Fr1ExO4k-YDoZvngUAKgSKnH05i6y7gIoi9yni_MdoyX_lEBVylH1gb8vQcDqOKwGihThB9dqbn9xZ0H6L7lAmoDVOT9mvdflq6TFWnWgc7hp1ZwXC_0UoQ3JPGsruFJeKtQ_MyBvKLnUn23vHRJp7EQs-3fA8XW49o1plvv8lR01YyL9BHpvU9l9MljjmpqTFV0uiFIvI&__tn__=%2CO%2CP-R
Facebook,PHIVOLCS,2025-07-29 00:00:00,earthquake information no 1 date and time 29 july 2025 11 04 am magnitude 3 5 depth 017 km location 08 27n 127 35e 107 km n 76 e of lingig surigao del sur earthquake information no 1 date and time 29 july 2025 11 04 am magnitude 3 5 depth 017 km location 08 27n 127 35e 107 km n 76 e of lingig surigao del sur ramdam sa taal batangas 2 beses,https://web.facebook.com/PHIVOLCS/posts/pfbid02DA7oEmKyV2339fjkAT1iUK3CzVRqS7KUXiMnt58CS4CofwQYfUKGqGKmBLnPDA1el?__cft__[0]=AZW2vZIVB4qbpCiiy_Hz-gAkcmw-LkgDsKocdZrUxGXsFWQ2kY9FQHb9FtAJMo705ERdjRCvAzCmkmIHLqNgVdvYMjNMXKjmJH5Pl672aeN1MhHyJhRDEcYK_Trcb07GBlnsg0v30X452vFFMs_WxjC1OWGYtQ7_DcN014b1QGhZNl6qFqnqG9UZ_8HQ9bY863Q&__tn__=%2CO%2CP-R
Facebook,ABS-CBN,2025-08-03 00:00:00,sunog sa tondo maynila umabot sa ika 3 alarma 100 pamilya apektado sunog sa tondo maynila umabot sa ika 3 alarma 100 pamilya apektado,https://web.facebook.com/abscbnNEWS/
Facebook,PAGASA,2025-07-29 00:00:00,as of 8 00 am today 29 july 2025 no low pressure areas are being monitored for tropical cyclone formation all are advised to monitor updates from dost pagasa as of 8 00 am today 29 july 2025 no low pressure areas are being monitored for tropical cyclone formation all are advised to monitor updates from dost pagasa lakas ng ulan dito sa vintar ilocos norte,https://web.facebook.com/PAGASA.DOST.GOV.PH/posts/pfbid0fyP1EBQbpszw66t4Ti4QpKCY1xEaz585M5Vpw12bVooeyRkfVUaW9Wcq4j7we7r4l?__cft__[0]=AZULaS0aGdEscD0zu-YmIxkp_5ypzRevroLFanVh6IedRM_JmGqBZBcQzbaI5cFuh_n7P2kWIfWjHK2Mufgw4OEuyY1VHvl3J__-f_lHpDTmaceI9dsci6BHDs8t_g-zcbgJI5SANwTNjYp_XXcYa-7bIsogDuZ6ryiOt71m4Y0Iz66pccZGpt7LarKmKs6YWgo&__tn__=%2CO%2CP-R
Facebook,Davao City DRRMO,2025-07-29 00:00:00,cdrrmo opcen public advisory july 29 2025 tuesday at exactly 12 00 noon today the davao city disaster risk reduction and management office cdrrmo will conduct a citywide siren testing with all barangay sirens the following citywide sirens will be triggered remotely these are located at barangays 1 marapangi 2 talomo proper salakot 3 matina pangi 4 tigatto jade valley 5 bunawan proper 6 lasang 7 bucana brgy hall annex 8 tigatto bypass road 9 bago aplaya 10 matina crossing meanwhile the citywide sirens below will be triggered manually 1 sirawan 2 lizada 3 talomo taal 4 matina aplaya 5 bucana 6 maa 7 39 d 8 23 c 9 panacan 10 vicente duterte the siren in barangay lapu lapu is still undergoing maintenance you will hear a steady tone for the said testing cdrrmo opcen public advisory july 29 2025 tuesday at exactly 12 00 noon today the davao city disaster risk reduction and management office cdrrmo will conduct a citywide siren testing with all barangay sirens the following citywide sirens will be triggered remotely these are located at barangays 1 marapangi 2 talomo proper salakot 3 matina pangi 4 tigatto jade valley 5 bunawan proper 6 lasang 7 bucana brgy hall annex 8 tigatto bypass road 9 bago aplaya 10 matina crossing meanwhile the citywide sirens below will be triggered manually 1 sirawan 2 lizada 3 talomo taal 4 matina aplaya 5 bucana 6 maa 7 39 d 8 23 c 9 panacan 10 vicente duterte the siren in barangay lapu lapu is still undergoing maintenance you will hear a steady tone for the said testing,https://web.facebook.com/DavaoDRRMO/posts/pfbid02TNeuQuaQg2ycUHRnZFW3WAF8in7uSWDdN9W7bNheuLXjQGqF9YZD2w2NzEKcbrUBl?__cft__[0]=AZUyyvBkYsJP0f4uBSNm8EXxzqsziPakNq7Kvvf15Z9pC3r_a50Ch4P94in57JmYv3cdkgWAEcVbnxROq-bP8EU7_CzkSquF0vTdYXMf-refb9-PGLqKGF12jNLDkRthbQGIcBQXuvhuh6IkHtnF7jOXaWytQ0UxG8xn4s6-drPX-5VYRo5zKbaBOJLaB1rQ68k&__tn__=%2CO%2CP-R
Facebook,PHIVOLCS,2025-07-29 00:00:00,earthquake information no 2 date and time 29 july 2025 11 39 am magnitude 4 2 depth 005 km location 13 80n 120 83e 011 km s 57 w of san luis batangas reported intensities intensity iii lemery and mabini batangas city of tagaytay cavite intensity ii lipa and calatagan batangas intensity i bauan batangas instrumental intensities intensity iii lemery and sta teresita batangas city of tagaytay cavite intensity ii lipa calaca and calatagan batangas intensity i bauan and city of batangas batangas earthquake information no 2 date and time 29 july 2025 11 39 am magnitude 4 2 depth 005 km location 13 80n 120 83e 011 km s 57 w of san luis batangas reported intensities intensity iii lemery and mabini batangas city of tagaytay cavite intensity ii lipa and calatagan batangas intensity i bauan batangas instrumental intensities intensity iii lemery and sta teresita batangas city of tagaytay cavite intensity ii lipa calaca and calatagan batangas intensity i bauan and city of batangas batangas,https://web.facebook.com/PHIVOLCS/posts/pfbid0SUtZS4jQ4V2fhXuerHaEbgvbaTiNJeHkMyFENZdszsfHmEKGRuCrccoew2nwVxkdl?__cft__[0]=AZUo0AgUdPOwMiUK9Krwu1gcKvl1JhTIYERLRYHBEfnFjcu_2h5Go5vtLzdXO6_VM7D-KYV0Rmkrwwye86omMlrG0jBZQaylTShd-CkbtLIgfjE4g9XQu6jbIgNYVYv1AQyZbFGJtI67vPo7sawJPbFBhTWPaWwAcD7j6_bjbJKV2r9jnmueWhCxHBwgY5YP2lo&__tn__=%2CO%2CP-R
Facebook,ABS-CBN,,the department of public works and highways is set to submit a list of all flood control projects under the marcos administration amid the presidents call to weed out ghost projects the department of public works and highways is set to submit a list of all flood control projects under the marcos administration amid the presidents call to weed out ghost projects,https://web.facebook.com/abscbnNEWS/
Facebook,Manila Bulletin,2025-07-29 00:00:00,earlier senator president francis chiz escudero answers questions from the media on tuesday july 29 earlier senator president francis chiz escudero answers questions from the media on tuesday july 29 gorey refil ano yun huwag na huwag kyo magtitiwala kay chiz escudero traydor judas hambog yan tanggalin nyo yan tuta yan ni satan digong duterte gamit ka muna real accnt 8080 dapat lang imbistigahan lahat ng flood control congrats chiz ilampaso mo lahat mga marcos mga magnanakaw sila,https://web.facebook.com/ManilaBulletin/
Facebook,Philstar News,,inanunsyo ni pangulong ferdinand bongbong marcos jr na bubuo ang kanyang administrasyon ng isang bagong pambansang programa para sa sports development ng kabataang pilipino ayon kay marcos nakakabahala na ang pagtaas ng timbang ng mga pilipino kung kaya hinihikayat niya ang pagiging aktibo inatasan niya ang mga lokal na pamahalaan at ang philippine sports commission na magbigay ng mga espasyo para makapag ehersisyo ang mga mamamayan pinuri rin niya ang mga pinoy na world class athletes paralympians at si philippine national police chief nicolas torre iii video by rtvm inanunsyo ni pangulong ferdinand bongbong marcos jr na bubuo ang kanyang administrasyon ng isang bagong pambansang programa para sa sports development ng kabataang pilipino ayon kay marcos nakakabahala na ang pagtaas ng timbang ng mga pilipino kung kaya hinihikayat niya ang pagiging aktibo inatasan niya ang mga lokal na pamahalaan at ang philippine sports commission na magbigay ng mga espasyo para makapag ehersisyo ang mga mamamayan pinuri rin niya ang mga pinoy na world class athletes paralympians at si philippine national police chief nicolas torre iii video by rtvm,https://web.facebook.com/philstarnews/
Facebook,Manila Bulletin,2025-07-29 00:00:00,earlier senator president francis chiz escudero answers questions from the media on tuesday july 29 earlier senator president francis chiz escudero answers questions from the media on tuesday july 29 big yessss no vote obserbahan nyo mga galaw at pananalita chiz escudero meron pinapanigan tanggalin nyo yan huwag na iboto sunod halalan tuta yan ni satanas digong duterte body language at pananalita pa lng ni chiz escudero obvious na obvious traydor judas hambog yan tanggalin nyo yan tuta yan ni satan duterte wehhhh lging ngppcute,https://web.facebook.com/ManilaBulletin/
Facebook,Philstar News,,binalaan ni pangulong ferdinand bongbong marcos jr ang mga water district sa bansa ito ay matapos makatanggap ng mga reklamo ang gobyerno tungkol sa mga lugar na hindi naaabot ng malinis na tubig ani marcos mananagot ang mga nagpabaya at nagkulang sa paghahatid ng isang mahalagang serbisyong publiko sa mga pilipino video by rtvm binalaan ni pangulong ferdinand bongbong marcos jr ang mga water district sa bansa ito ay matapos makatanggap ng mga reklamo ang gobyerno tungkol sa mga lugar na hindi naaabot ng malinis na tubig ani marcos mananagot ang mga nagpabaya at nagkulang sa paghahatid ng isang mahalagang serbisyong publiko sa mga pilipino video by rtvm,https://web.facebook.com/philstarnews/
Facebook,untvnewsrescue,,katiwalian sa flood control projects ang pangunahing ikinatuwa ng ilang senador sa ika apat na state of the nation address o sona ni president ferdinand marcos jr gayunman ilang senador pa rin ang nakulangan sa mga iniulat ng pangulo katiwalian sa flood control projects ang pangunahing ikinatuwa ng ilang senador sa ika apat na state of the nation address o sona ni president ferdinand marcos jr gayunman ilang senador pa rin ang nakulangan sa mga iniulat ng pangulo i invoke my right to remain silent,https://web.facebook.com/UNTVNewsRescue/posts/pfbid02TPdurjNP2hXeutJFAoH4Z9xx7hqi3UttnVBUQUr6CUqJaVm3if1zYthidviPVHc6l?__cft__[0]=AZUhJ84v-lo4O673-cmluPHkfsN9Jp5m_JDkHp7zaKcleVzt0x_1lT9hBHP2Yu06EN83Nqwof8rDUBphcDHU05wW14MzAPGjuwVhE6VDIg8vJfpVfmUEZYMdZgEzjTqpVNHW2oGnr9qEhQ-oMp-I53osLp365HifJfT8-mAbHEj2ypbsk2o7QRn0LuXhZ1_WtlQ&__tn__=%2CO%2CP-R
Facebook,SunStar Davao,,much has been said about the supreme court sc ruling that invalidated the articles of impeachment that the house of representatives filed against vice president sara duterte i would just like to add my candid thoughts on the matter much has been said about the supreme court sc ruling that invalidated the articles of impeachment that the house of representatives filed against vice president sara duterte i would just like to add my candid thoughts on the matter,https://web.facebook.com/sunstardavaonews/posts/pfbid0XqbKWexDGcJMfujbJcYkBceLsYpvLsUvBC6CDXB2HamUuuQkEAZMVAPA8QsTrzQrl?__cft__[0]=AZXIE01IyoDSE6n3YIqpj8dw6Jg3T7Nl7wKUi49JTPKZAjFaoG0HPE1POaqyMmlUHBJofS94sV4ypyeO0LSCUdNahunvQDrECPQQxJl_3YtlHKdfBi0_TZKAN6ZMmLfEYrzC-4ITrOR0iaoshh2IIYFTrm7afQkm1DCV7PwNaI3YY9cT9rT0cdzNGWvMuU7ajv4&__tn__=%2CO%2CP-R
Facebook,Philstar News,,filipinos love to snack according to the 2024 state of snacking 98 of filipinos snack every day well above the global average and here s the sweet spot 80 say they re doing it more mindfully choosing portion controlled options snacking isn t just about cravings anymore it s about balance enjoyment and even connection check out more tasty insights from this year s report by mondelez international filipinos love to snack according to the 2024 state of snacking 98 of filipinos snack every day well above the global average and here s the sweet spot 80 say they re doing it more mindfully choosing portion controlled options snacking isn t just about cravings anymore it s about balance enjoyment and even connection check out more tasty insights from this year s report by mondelez international,https://www.facebook.com/philstarnews/
Facebook,untvnewsrescue,,tiniyak ng liderato ng house of representatives na walang magiging delay at drama sa pagbusisi sa proposed 2026 national budget ito ay matapos magbabala si pang ferdinand marcos jr na ivi veto ang 2026 budget kung hindi naka align sa mga prayoridad ng pamahalaan tiniyak ng liderato ng house of representatives na walang magiging delay at drama sa pagbusisi sa proposed 2026 national budget ito ay matapos magbabala si pang ferdinand marcos jr na ivi veto ang 2026 budget kung hindi naka align sa mga prayoridad ng pamahalaan,https://www.facebook.com/UNTVNewsRescue/posts/pfbid02GBWW2FS2Sj3hXv1x2oosj83xvJJx7eLiEG2hCGbGsfijZfzaXdst1vBjLigRKqihl?__cft__[0]=AZVB9Q3cA3OOXC2plpPM61O33W8GDGfNojFacmc_SV5VITiMSR9acp6PXhx-XRrQhr1wGIAY0mGznTcUGf5PoRKrvFcZ-Em9z9Ti_j6PDTYCFGD26Z2PgA0JjO1gMKGT0_ncK-S-ZA66EbVkKq0WED4pglGUzORBZ0xlKdEN7u2pL_Q8hQGl99MAan_ZuHBPbj0&__tn__=%2CO%2CP-R
Facebook,ABS-CBN,,inamin ni dpwh secretary emmanuel bonoan na minana na nila ang problema sa flood control sa bansa kasunod ito ng utos ni pangulong ferdinand marcos jr sa kanyang sona na pagrepaso sa mga flood control project ng pamahalaan nasa link sa comments ang buong ulat inamin ni dpwh secretary emmanuel bonoan na minana na nila ang problema sa flood control sa bansa kasunod ito ng utos ni pangulong ferdinand marcos jr sa kanyang sona na pagrepaso sa mga flood control project ng pamahalaan nasa link sa comments ang buong ulat,https://www.facebook.com/abscbnNEWS/posts/pfbid0JUxxiNFtBiEMdd41LwJDyaa1QDbxRtS8M4PDPQprzjbnVG9qEvZVbBgxtMFxrzfgl?__cft__[0]=AZVYDEZDAhi_v-DFR9gPkc_q9V7rLeCV7_Kk4N0xTKh_DqRQLp1yZn2s7eUwf2y85SwtFPn5dthJUnoZUyYVFJZaOXHUPTEWtRsKyMZioA0_P5ZQyzpJPe_c4Pqnf3WA_saup4x7GgOd3uby3StL88K2kFnzIttZQ1k2bYwfgm1J_GB0JHbOV0XIPR2cTS2VEd8&__tn__=%2CO%2CP-R
Facebook,Philstar News,,content creator and beauty personality bea borres officially unveiled her latest collaboration with dear face beauty milk strawberries cream a calming nighttime drink formulated to support skin brightening and give a rosy finish content creator and beauty personality bea borres officially unveiled her latest collaboration with dear face beauty milk strawberries cream a calming nighttime drink formulated to support skin brightening and give a rosy finish,https://www.facebook.com/philstarnews/posts/pfbid0Rb1r32sYvRieBohDd9N6TkdAjB3sfXPyjjjmeTzBU2rnMR4hDTRqaGSoJ6JgK26Yl?__cft__[0]=AZVyV2MAZq5p-V4xPTQibWHZPMsc1waobzuWj481uPllXgTHzbMc4lWvYcwZ9U5SwFHzgxNET6tRCuNoEqjUnZy6YgxSAc6k5IbnJrdE5zxQgNjEGS_LayFMPvwi02XCs0DrbxpcMah63niIuFAQ5JRY5WXapJHQCydn6yW8mTGckuhUHq3Pp2tFX3FoG6ZN3mU&__tn__=%2CO%2CP-R
Facebook,Inquirer.net,,president bongbong marcos vowed to run after officials and contractors who profited off flood control projects that malfunctioned during the onslaught of monsoon rains leaving several areas of the country flooded for days read more president bongbong marcos vowed to run after officials and contractors who profited off flood control projects that malfunctioned during the onslaught of monsoon rains leaving several areas of the country flooded for days read more let s see if you re not weak prove duterte wrong,https://www.facebook.com/inquirerdotnet/
Facebook,PAGASA,2025-07-29 00:00:00,as of 8 00 am today 29 july 2025 no low pressure areas are being monitored for tropical cyclone formation all are advised to monitor updates from dost pagasa as of 8 00 am today 29 july 2025 no low pressure areas are being monitored for tropical cyclone formation all are advised to monitor updates from dost pagasa sana lord si mr sun na rin po ang lalabas bukas wag muna ang ulan amen,https://www.facebook.com/PAGASA.DOST.GOV.PH/posts/pfbid0fyP1EBQbpszw66t4Ti4QpKCY1xEaz585M5Vpw12bVooeyRkfVUaW9Wcq4j7we7r4l?__cft__[0]=AZW3PkYTgkiLCa6f3tQ5vJj_P5Y1s8--f0bHYbjeNcPGdD7Dpx58ayFTyqxNHfpNxz8IIdBK8RNNqHPf3OyAc9RBif6yT8WroYDBaGTgCP6hKFFmEELpNW8nhcuWRnBMQF8meTPvZmMgVlhK1YKnNOdKxSTfuwC8w2SoQu3h_vDvtfzqgg9CKI0uwi17mCoa_c4&__tn__=%2CO%2CP-R
Facebook,Philstar News,2025-07-28 00:00:00,sa kanyang ika apat na state of the nation address sona nitong hulyo 28 2025 nagbabala si pangulong ferdinand marcos jr na hindi niya pipirmahan ang anumang budget bill na hindi nakaayon sa panukalang badyet ng ehekutibo for the 2026 national budget i will return any proposed general appropriations bill that is not fully aligned with the national expenditure program ani marcos dagdag pa niya i am willing to do this even if we end up operating under a reenacted budget ibinigay ng pangulo ang pahayag sa gitna ng mga ulat ng iregularidad sa ilang flood control projects na aniyay ugat ng korapsyon at hindi epektibong paggastos ng pondo video by rtvm sa kanyang ika apat na state of the nation address sona nitong hulyo 28 2025 nagbabala si pangulong ferdinand marcos jr na hindi niya pipirmahan ang anumang budget bill na hindi nakaayon sa panukalang badyet ng ehekutibo for the 2026 national budget i will return any proposed general appropriations bill that is not fully aligned with the national expenditure program ani marcos dagdag pa niya i am willing to do this even if we end up operating under a reenacted budget ibinigay ng pangulo ang pahayag sa gitna ng mga ulat ng iregularidad sa ilang flood control projects na aniyay ugat ng korapsyon at hindi epektibong paggastos ng pondo video by rtvm,https://www.facebook.com/philstarnews/
Facebook,PAGASA,2025-07-29 00:00:00,as of 8 00 am today 29 july 2025 no low pressure areas are being monitored for tropical cyclone formation all are advised to monitor updates from dost pagasa as of 8 00 am today 29 july 2025 no low pressure areas are being monitored for tropical cyclone formation all are advised to monitor updates from dost pagasa god lihis mo nam ang direction ng bagyo pls,https://www.facebook.com/PAGASA.DOST.GOV.PH/posts/pfbid0fyP1EBQbpszw66t4Ti4QpKCY1xEaz585M5Vpw12bVooeyRkfVUaW9Wcq4j7we7r4l?__cft__[0]=AZXr-Q60gDjnczWUnyED0WUkBHX0mqs_vjKaoqlvZSr9d8lCw0xw0IQEYnQ5om4pD-LcXawHy-UZ-IaN9RcE7_yXqnh9c1nAGWgOSuJHL-YeuNH2_Y10msRZwa6obi-PxXClXoaytGxIcwB0Js9VroflihSoxY5an9PvBrBg5Flky1wnVaabEVTbCJ536o_AG6M&__tn__=%2CO%2CP-R
Facebook,SunStar Davao,,the archdiocese of san fernando is continuously appealing for assistance for the affected communities of pampanga following the destruction caused by tropical cyclones crising dante and emong as well as the southwest monsoon the archdiocese of san fernando is continuously appealing for assistance for the affected communities of pampanga following the destruction caused by tropical cyclones crising dante and emong as well as the southwest monsoon,https://www.facebook.com/sunstardavaonews/posts/pfbid02dthfm1XUYkDwLJgB5ZWD3eFSCJAUsjQqa8FfH7jfg49b3H9N5XPhV1WMF2rpKFsgl?__cft__[0]=AZW_OEf_6WpBFiMkDrap5FKKqjjNqGRmIK_bhqsdjjFg5W2F_VgO5RVUwPBfrVw9Z9xwG-d2_B8sURWBhcQhAHc7gx46l9s1yJNYiGxhEIQm5o_Hv_UJdWGGbKfs8_RJGRDyFNLrR2oRe8rIdq63gTX2buNlVilgunQlRASnfhp-6tW7iEIReTI30gTn5XhZtEM&__tn__=%2CO%2CP-R
Facebook,Philstar News,2025-07-28 00:00:00,sinabi ni department of justice spokesperson mico clavano nitong lunes hulyo 28 na pinahinto muna ang paghananap sa mga nawawalang sabungero dahil sa sama ng panahon giniit naman niya na kapag bumuti na ang panahon magpapatuloy ang search and retrieval operations video by philstar com anj andaya sinabi ni department of justice spokesperson mico clavano nitong lunes hulyo 28 na pinahinto muna ang paghananap sa mga nawawalang sabungero dahil sa sama ng panahon giniit naman niya na kapag bumuti na ang panahon magpapatuloy ang search and retrieval operations video by philstar com anj andaya,https://www.facebook.com/philstarnews/
Facebook,PHIVOLCS,2025-07-29 00:00:00,earthquake information no 1 date and time 29 july 2025 01 08 pm magnitude 1 5 depth 042 km location 13 47n 120 64e 010 km n 74 w of abra de ilog occidental mindoro earthquake information no 1 date and time 29 july 2025 01 08 pm magnitude 1 5 depth 042 km location 13 47n 120 64e 010 km n 74 w of abra de ilog occidental mindoro,https://www.facebook.com/PHIVOLCS/posts/pfbid0pYwZHXyoUpfhGek5z6AyEBbSR4Xm1yzhb9qFHRGnhsdTdJm3bHuTqC8A4GKbFaU5l?__cft__[0]=AZU5BQosKR-dzs5lupPWBJOIi1Q2bhqpYBQE3nd_cMqSwEpoumUIIbtJOrYNRjzdoAQJakNO0uZ7Z1lndNYUVvOnGlWwy2mKviv0VZcnaStf-LD_-DmLs_-KcMa4kohRL4sq7eUSVuYjmBsbaLj7-Yh6fCgR7_Zd0E_SOakKfS97Wj9LwbnB6LqpcxD3X_Xwo_w&__tn__=%2CO%2CP-R
Facebook,NDRRMC,,office of civil defense advisory beware of fraudulent messages claiming government assistance under the name of ndrrmc the office of civil defense ocd warns the public against the circulation of deceptive text messages that falsely claim individuals may receive financial aid or other forms of government assistance these fraudulent messages often misuse the name or official sms number of the national disaster risk reduction and management council ndrrmc and contain suspicious links the public is strongly advised not to click on any such links even if the message appears to come from an official source the ndrrmc sms number is strictly used for disseminating disaster alerts and early warnings it is not intended for the distribution of aid cash transfers or any personal transactions scammers often exploit heightened emotions and urgency during disasters by launching fake donation drives phishing schemes and fraudulent messages aimed at stealing personal information or financial resources in some cases they impersonate typhoon victims volunteers or government personnel using fabricated stories and stolen images to solicit donations or sensitive data the ocd strongly condemns the actions of individuals or groups who exploit disasters and the suffering of affected communities for fraudulent or malicious purposes and urges everyone to exercise vigilance and caution verify before clicking on links or sharing any information only trust official government websites and verified platforms report suspicious messages to your telecommunications provider or the national telecommunications commission ntc via the one stop public assistance center ospac at 02 8924 4010 or by email at consumer gov ph you may also contact the cybercrime investigation and coordinating center cicc via their inter agency response center iarc at 1326 or report online through report gov ph for those seeking government assistance please refer only to the official channels of the department of social welfare and development dswd or other authorized agencies official updates advisories and announcements are published exclusively on their verified websites and social media pages in times of crisis generosity and compassion are essentialbut they must be paired with responsibility and discernment by remaining alert and verifying information we not only protect ourselves but also ensure that help reaches those who truly need it source office of civil defense advisory beware of fraudulent messages claiming government assistance under the name of ndrrmc the office of civil defense ocd warns the public against the circulation of deceptive text messages that falsely claim individuals may receive financial aid or other forms of government assistance these fraudulent messages often misuse the name or official sms number of the national disaster risk reduction and management council ndrrmc and contain suspicious links the public is strongly advised not to click on any such links even if the message appears to come from an official source the ndrrmc sms number is strictly used for disseminating disaster alerts and early warnings it is not intended for the distribution of aid cash transfers or any personal transactions scammers often exploit heightened emotions and urgency during disasters by launching fake donation drives phishing schemes and fraudulent messages aimed at stealing personal information or financial resources in some cases they impersonate typhoon victims volunteers or government personnel using fabricated stories and stolen images to solicit donations or sensitive data the ocd strongly condemns the actions of individuals or groups who exploit disasters and the suffering of affected communities for fraudulent or malicious purposes and urges everyone to exercise vigilance and caution verify before clicking on links or sharing any information only trust official government websites and verified platforms report suspicious messages to your telecommunications provider or the national telecommunications commission ntc via the one stop public assistance center ospac at 02 8924 4010 or by email at consumer gov ph you may also contact the cybercrime investigation and coordinating center cicc via their inter agency response center iarc at 1326 or report online through report gov ph for those seeking government assistance please refer only to the official channels of the department of social welfare and development dswd or other authorized agencies official updates advisories and announcements are published exclusively on their verified websites and social media pages in times of crisis generosity and compassion are essentialbut they must be paired with responsibility and discernment by remaining alert and verifying information we not only protect ourselves but also ensure that,https://www.facebook.com/NDRRMC/posts/pfbid031uazwqXWtHGa2McFNoJ9PqvRNdvc3X6dhuNN7UPujRrvVYJpGLEXfp1LwmQkpfx7l?__cft__[0]=AZV5OYuQz_PGk3LcEyR39CCJLG14bbpLywNkn5gTHkwdFMgNagqLPYyYzCLz-_7UJ1TML9YJo3rL66zHfpzq0bHfjYkCfvKskVnbomnBqDHzv0U9VvvbLYoOpv3PmJcZ8sobBlQiPdezJS4MBG929D26r7inaSrWEJvReNLqfG3Hi6MPDtvEYARKpemeFds1hhvND2C-IKWeVPYxFS06DMkjhV-4E7GVLenRJNdU9Qyiqg&__tn__=%2CO%2CP-R
Facebook,GMA News,,icymi hindi raw pamemersonal ang pagpapaimbestiga ni pangulong bongbong marcos sa korapsyon umano sa flood control projects ayon kay executive secretary lucas bersamin icymi hindi raw pamemersonal ang pagpapaimbestiga ni pangulong bongbong marcos sa korapsyon umano sa flood control projects ayon kay executive secretary lucas bersamin hindi bulag bobo lang,https://www.facebook.com/gmanews/
Facebook,Manila Bulletin,,environmental group oceana criticized president marcos for failing to address worsening environmental and marine resource issues in his recent state of the nation address sona calling the omission a missed opportunity as the country reels from climate driven disasters read environmental group oceana criticized president marcos for failing to address worsening environmental and marine resource issues in his recent state of the nation address sona calling the omission a missed opportunity as the country reels from climate driven disasters read,https://www.facebook.com/ManilaBulletin/posts/pfbid02fX4RwMFrVwKrx33a4GNSb9FEHy5R4uekbkkYcoFNspPxYVpnSao6xboTGjKgBNPJl?__cft__[0]=AZXnYzslrpnXF_P3y6-9TCXMFvP2kmSMaRrpBQzMJCpCHkYGMYOLB6LKhqaxrJhklfTmoN_2v7ADpaTpKTxMW_eAQxuaSYVyBG-9jt0TWk8QQJoSUHS74ktcMJnDyooak0-RXv9YCSSiMdLlyNJx6T371IWu0XhwjvAT9Hq7KzXzuIV9IHdO4T8fpDSx2D_lVqI&__tn__=%2CO%2CP-R
Facebook,GMA News,2025-07-29 00:00:00,tingnan nakuhanan ni youscooper vince sherwin ang sunog na sumiklab sa alabang hills muntinlupa bandang 2 pm ngayong martes july 29 2025 nakuhanan ko po ito noong nagsimula sa usok hanggang sa nagliyab yung bahay kuwento ni youscooper vince naapula raw ang sunog bandang 4 pm sa pagtutulungan ng bfp at mga residente youscooper vince sherwin tingnan nakuhanan ni youscooper vince sherwin ang sunog na sumiklab sa alabang hills muntinlupa bandang 2 pm ngayong martes july 29 2025 nakuhanan ko po ito noong nagsimula sa usok hanggang sa nagliyab yung bahay kuwento ni youscooper vince naapula raw ang sunog bandang 4 pm sa pagtutulungan ng bfp at mga residente youscooper vince sherwin,https://www.facebook.com/gmanews/
Facebook,Manila Bulletin,,this years sona was foreshadowed by two concurrent developments first continuous monsoon rains and three tropical storms battered the country thereby unleashing deadly floods and landslides and second a nascent political storm was sparked by the supreme court declaration that the articles of impeachment against vice president sara duterte is unconstitutional read this years sona was foreshadowed by two concurrent developments first continuous monsoon rains and three tropical storms battered the country thereby unleashing deadly floods and landslides and second a nascent political storm was sparked by the supreme court declaration that the articles of impeachment against vice president sara duterte is unconstitutional read,https://www.facebook.com/ManilaBulletin/posts/pfbid02pQK6aJTShyhdUewe6zg6pXBpPGYJoa15UtTDYkKKarAoUhgwLvfW6NDP5QnMPmSvl?__cft__[0]=AZWaQIJ77cc0uBKvFOZAOQDimcgE5_eG7T1iLtzeBozI2xyHeiz3vusiNqV7MQuwd32D7Aljzug92BUv8MgKmk4llw0g5MOE6LtAZQzskfzWpeUtI_ncjVlTGidhrGO1HfUZzJ9c7dLfiOXVp6c-1w2dzLozkVxqLeXh0qJWY-YFMSBtFARtKZ29IcFgHWQ0_Ag&__tn__=%2CO%2CP-R
Facebook,Philstar News,,president bongbong marcos binalaan ang mga traders na magtatangkang mag economic sabotage rtvm president bongbong marcos binalaan ang mga traders na magtatangkang mag economic sabotage rtvm,https://www.facebook.com/philstarnews/
Facebook,SunStar Philippines,,pages karma is not about being perfect its about being mindful and that ive learned is one of the best ways to build not just a business but a life worth living pages karma is not about being perfect its about being mindful and that ive learned is one of the best ways to build not just a business but a life worth living,https://www.facebook.com/SunStarPhilippines/posts/pfbid03mbc3V7r4gy2NZnaZtzSEdEBhREifsnSmzbLik3UBwqQHDMyCXB2Qhdf7RNrbihcl?__cft__[0]=AZX3eHiQbK2SKndlUE3s0-D_0IKuarivfzG9114s8HMne71215zjORRuf9-nMOI8sRD-6MwtI2zTQ3Y8dEv2SwPRGlT2EPRu-XOMmCOZFFR_EmPaGx6qr0NiFpUPVnHzFh5BbX0JmhHobi_iqGpSILB3dP2Mi3cxShiVkNitzaye674d3Bqcm_BXDO1VBFXKoBc&__tn__=%2CO%2CP-R
Facebook,PHIVOLCS,2025-07-29 00:00:00,earthquake information no 1 date and time 29 july 2025 04 18 pm magnitude 2 3 depth 012 km location 09 40n 125 55e 006 km s 27 w of kitcharao agusan del norte earthquake information no 1 date and time 29 july 2025 04 18 pm magnitude 2 3 depth 012 km location 09 40n 125 55e 006 km s 27 w of kitcharao agusan del norte,https://www.facebook.com/PHIVOLCS/posts/pfbid02EJ5eTBBrDiH7ULH9Lu593rP7hSJQzAYW5Mzc7fChUgGevYPY71nFkqASD1asX6Ycl?__cft__[0]=AZVDPp8-vtw7sILi4qXzKgT1TXRTo-XaWi7y_pLMzHUlCfCopZTMfw3Dh0-a906zWHQwLtjjsHJPzKeY_0EcFfK70goPGmFbHmhxehwI681wdjbXMQ_luF-ttsxwoCAjY8N75THzmCkRdoJ7LGUSoXFYzTqVNMxearouPJTVWkgSKiwtvAT0Po9RiwwqqksmLPA&__tn__=%2CO%2CP-R
Facebook,Manila Bulletin,,senator panfilo ping lacson became more emboldened to fight pork barrel and other anomalies in the budget after president marcos stressed in his state of the nation address sona last monday that there should be no repeat of the mangling of the 2025 budget senator panfilo ping lacson became more emboldened to fight pork barrel and other anomalies in the budget after president marcos stressed in his state of the nation address sona last monday that there should be no repeat of the mangling of the 2025 budget unahin mona pag abolish sa reso10,https://www.facebook.com/ManilaBulletin/posts/pfbid0K6TYgzuY4f9gUSkNJgSeAP9wBanjN4SigknJiH8qozgrGLaX7aaZyp3SqBfrJyfJl?__cft__[0]=AZXYP34E7eLFA7IrJ12TumwdvL1J7LBCYyed_njjN8IXZIWcIxKICwmFCQLSCwiItHqzZmyxKUTiigHWELaELn1gK03UmvDqbYed0tYJA6v3EjRJ1QzKwI5aucI0rSHugvfhXclDfqjbyb1HeVwScqDuBN6GVQOa9Y1ayT9tSfPtN6AO1Ab4MqIMnZuSCcgnLaQ&__tn__=%2CO%2CP-R
Facebook,ABS-CBN,,the metropolitan manila development authority detailed tuesday the interconnected roles of the mmda department of public works and highways and local government units in controlling floods the metropolitan manila development authority detailed tuesday the interconnected roles of the mmda department of public works and highways and local government units in controlling floods dahil sa dolomite beach at war on drugs kaya walang katapusan baha,https://www.facebook.com/abscbnNEWS/posts/pfbid0vuR6sLTPoCMrELx8DGCjoMXTCzmZeDVFyBemMepkfBEkoV153YLjAB9ZFwkUCX3ol?__cft__[0]=AZX9Uuh92eu2aZwpO2V7SRUYxEQcsi_8QaHvxK2tYESqLXZXX5H3WPV7dLgYNf1wGszSp5dMzsSq4hx-QB8kuePmw8oRieY2RDwvf3684cviLByI2aE7mjqOvKK5TPWscLnsZziITvFFTwuij8_NXXhs6ewK3e7FsiRSyrkTKLXBIZisfzfuAQiiNzVrryJBU4Y&__tn__=%2CO%2CP-R
Facebook,GMA News,,the thai and cambodian militaries have agreed not to deploy more troops on their border following a ceasefire deal to end five days of intense fighting a cambodian official said on tuesday the thai and cambodian militaries have agreed not to deploy more troops on their border following a ceasefire deal to end five days of intense fighting a cambodian official said on tuesday natakot sila kay bbm,https://www.facebook.com/gmanews/posts/pfbid02kaqNFHrVyN1hJSr6HUupXo2CjrBo1eqxjEKMXY9yt7GZULvLH5DaUEgXFT3mXG4Sl?__cft__[0]=AZUZkJ2t4som2BgUEj9f6dmd9TyrjXGfkKLAZGmtvTpGIsFUCQhaFn-dHrJZkR-FmwqU96zlEPJcY0cS65HCqWkMAMiPMHmiZ_xuwVKRWRIk4RbJb7EfQiIElazAXG6Y0L3KTNbioXYFt_FoSAdAD-uvMsXU4LDdO_s8ZFvxPK0Fy_saNgFfS46sZv6WRuRFePw&__tn__=%2CO%2CP-R
Facebook,Manila Bulletin,2025-07-29 00:00:00,here are today s top stories of july 29 2025 1 ibubuhos natin ang lahat lahat marcos vows all out push in last 3 years read 2 wait and see mode vp sara s impeachment not yet donelawyer read 3 dpwh to turn over full list of flood projects to palace read 4 significant rainfall to persist in western luzon due to habagat pagasa read 5 thailand and cambodia agree to unconditional ceasefire to end deadly border row malaysian pm says read here are today s top stories of july 29 2025 1 ibubuhos natin ang lahat lahat marcos vows all out push in last 3 years read 2 wait and see mode vp sara s impeachment not yet donelawyer read 3 dpwh to turn over full list of flood projects to palace read 4 significant rainfall to persist in western luzon due to habagat pagasa read 5 thailand and cambodia agree to unconditional ceasefire to end deadly border row malaysian pm says read,https://www.facebook.com/ManilaBulletin/
Facebook,ABS-CBN,,the department of environment and natural resources is in talks with the department of human settlements and urban development to create ways to encourage developers to integrate flood control measures in their projects the department of environment and natural resources is in talks with the department of human settlements and urban development to create ways to encourage developers to integrate flood control measures in their projects,https://www.facebook.com/abscbnNEWS/posts/pfbid02fArc7rdYkQrRGbXDpj3BzR2gVCsKcGiYZEPnbtSRCFrecGyLRX7UgX1BCVERCBpel?__cft__[0]=AZVY2zyw5PGxk6lXO0nBHL-lIojcLprGofhxh_x94lSQ8ibX11oQ2VJDar8GN6Qdw7cL52y3s4eNh5LwvCElPPlEXxXJ-uyB99OMEMP5quUxjldSVBE_ki1Pz1F2RQPLvPUBS2hQPjyWp6aTAHCiFs6j0wvEcWiZZjlPXx3OqsAhl33XTh8u10yCC8mi9mKcweE&__tn__=%2CO%2CP-R
Facebook,untvnewsrescue,,maghahain ng panukalang batas si senate president francis escudero na layong ipagbawal sa mga kaanak ng sinomang opisyal ng gobyerno na maging contractor o supplier ng pamahalaan tugon ito sa panawagan ni pangulong ferdinand marcos jr na masugpo ang katiwalian sa mga kontratang pinapasok ng pamahalaan maghahain ng panukalang batas si senate president francis escudero na layong ipagbawal sa mga kaanak ng sinomang opisyal ng gobyerno na maging contractor o supplier ng pamahalaan tugon ito sa panawagan ni pangulong ferdinand marcos jr na masugpo ang katiwalian sa mga kontratang pinapasok ng pamahalaan kikita na nman dyan lahat pabor sa kanila puro batas na panukala bakit ayaw nilang gawing batas na pag apaw na ang pera itigil na nila,https://www.facebook.com/UNTVNewsRescue/posts/pfbid0Z4gu9pvbUom9E1mDwL4DYURbBohEW6BMXJy3XacRfF8PziGXmWrfagWxV8qTEBVjl?__cft__[0]=AZUh39eRZBM2teUtEvo-iBzeZZwuQpE34o8YCY2qSPtcIjdJedgxm597o-ESqPVD1diRQgrUBtcEK43MqcjTN_G23ZPWXEBdNHhdcfpV3CySb-EwqBxPCgknSmpqxHzR02EpdjkBwNUsOk_quw4nw9wV5iV2L-obuk3v2ADCoKdD9CwH1XQaob5jCwWY6d8gPno&__tn__=%2CO%2CP-R
Facebook,PHIVOLCS,2025-07-29 00:00:00,the dost phivolcs in collaboration with dost xii office of civil defense ocd xii philippine information agency pia xii and department of the interior and local government dilg xii held its phivolcs infopress understanding and communicating geologic hazards information in region xii on july 29 2025 at greenleaf hotel general santos city mr abdul jalil d malawan supervising science research specialist srs of dost xii welcomed the participants composed of media practitioners government information officers and disaster risk reduction frontliners across central mindanao resource speakers from dost phivolcs provided comprehensive discussions on volcano earthquake and tsunami information mr jeffrey s perez supervising srs led a session on beneath the surface understanding the big one in region xii ms joan c salcedo supervising srs discussed a topic on from crest to trough understanding the science of tsunami further ms charmaine v villamil senior srs shared an insight on land and lava living with active volcanoes she also moderated the open forum to give the participants an opportunity to ask questions related to the topics in the afternoon mr christian r matullano information officer ii of pia xii talked about campaign dismissing disinformation ms melissa mae t garcia srs of dost phivolcs facilitated the geotalks review of commonly used geologic terms afterward participants took part in a return demonstration workshop mr raylindo s aninon regional director of ocd xii delivered his closing remarks having experienced many earthquakes in the region for the past months this event shares the mission in equipping our partners from the media in communicating the right information on geologic hazards and their impact on the community tags department of science and technology region xii pia region xii civil defense region xii soccsksargen department of the interior and local government xii the dost phivolcs in collaboration with dost xii office of civil defense ocd xii philippine information agency pia xii and department of the interior and local government dilg xii held its phivolcs infopress understanding and communicating geologic hazards information in region xii on july 29 2025 at greenleaf hotel general santos city mr abdul jalil d malawan supervising science research specialist srs of dost xii welcomed the participants composed of media practitioners government information officers and disaster risk reduction frontliners across central mindanao resource speakers from dost phivolcs provided comprehensive discussions on volcano earthquake and tsunami information mr jeffrey s perez supervising srs led a session on beneath the surface understanding the big one in region xii ms joan c salcedo supervising srs discussed a topic on from crest to trough understanding the science of tsunami further ms charmaine v villamil senior srs shared an insight on land and lava living with active volcanoes she also moderated the open forum to give the participants an opportunity to ask questions related to the topics in the afternoon mr christian r matullano information officer ii of pia xii talked about campaign dismissing disinformation ms melissa mae t garcia srs of dost phivolcs facilitated the geotalks review of commonly used geologic terms afterward participants took part in a return demonstration workshop mr raylindo s aninon regional director of ocd xii delivered his closing remarks having experienced many earthquakes in the region for the past months this event shares the mission in equipping our partners from the media in communicating the right information on geologic hazards and their impact on the community tags department of science and technology region xii pia region xii civil defense region xii soccsksargen department of the interior and local government xii,https://www.facebook.com/PHIVOLCS/posts/pfbid0DmHVQUtfgvSYy9z49wT6NsCKRpbzdXgAp8X4hrDnZt2scfULQubeeDr9ZjhtBpnLl?__cft__[0]=AZXYCYvrweXLcpFr2oyRd8V1o9CyzkpFAb5UqUQHCYu6y_5GWyT21BgvTrTbzAh2DFTS-wTXuxWWQwxa6uKMgQG5daR2XXIeEB6Vk9y3v7hU6RUVgj-JcVLQjfkMltQWdagAp0NHo_XcBNMV2UO-9PIhwpyG_nBdvz-ee1zO1DrMesRwhQLpXpO1ngH-AiTwXB0&__tn__=%2CO%2CP-R
Facebook,SunStar Philippines,,in response to the 4th sona cebu leaders praised national efforts on free healthcare flood solutions public lighting and school support aligning them with local goals in response to the 4th sona cebu leaders praised national efforts on free healthcare flood solutions public lighting and school support aligning them with local goals,https://www.facebook.com/SunStarPhilippines/posts/pfbid0cNgNgt7HiNwxyVYk23yuahTJ9pX6UjgeWCAzAWm9GTbYFc3DbhtweC2Bx6DXwmo7l?__cft__[0]=AZWSjFCv6UKt5KMib7oR2fIzvynlQBHa_MmaAQEtLnNW_oCbYQtfPkxWUd4xwxChLrCyxo9qcMshJ6VELXDBpgY-skt_7knH09BOsmTXfgloefF1Yz4vFLJMdQbG7QN0EgVCi6wzjkhx2xoGUKAcHvZKWYT9zSb2V6dRzzFvZcVxGwzIXWrMmu17f2gjCqZnVS8&__tn__=%2CO%2CP-R
Facebook,PHIVOLCS,2025-07-29 00:00:00,kanlaon volcano bulletin 29 july 2025 6 30 pm this serves as a notice for the lowering of kanlaon volcanos status from alert level 3 magmatic unrest high level of volcanic unrest to alert level 2 moderate level of volcanic unrest following its last eruptive activity on 13 may 2025 kanlaon volcano has been exhibiting less frequent volcanic earthquake activity decreased volcanic gas emitted by subsurface magma and ground deformation cycles these observations are supported by the following monitoring parameters 1 volcanic earthquakes recorded by the kanlaon volcano network kvn averaged 8 events day with peak magnitudes of ml2 7 for the period 14 may 2025 to present figure 1a this marks a significant decrease from the medium term average of 14 events day with peak magnitudes of ml3 8 for the period 3 june 2024 to 13 may 2025 volcano tectonic or vt earthquakes generated by rock fracturing within the edifice continue to dominate earthquake activity at kanlaon these have mostly originated along a northwest to southeast transect of the edifice at depths of 0 to 15 kilometers below mean sea level figure 2 suggesting a structurally controlled deep magmatic intrusion that is driving unrest despite the decline in volcanic earthquake events however overall seismic energy release by the volcano as shown by real time seismic amplitude or rsam records figure 1c has not significantly decreased highlighting uncertainty in the volcanos declining seismic behavior 2 ash emission from the summit crater figure 1b which began in october 2024 has ceased after the last event on 5 june 2025 since then activity at the crater has transitioned to quiet degassing of steam dominated plumes a total of 306 ash emission events have been recorded since 19 october 2024 while a total of five explosive eruptions have occurred between 3 june 2024 and 13 may 2025 3 sulfur dioxide or so2 flux based on campaign spectrometry figure 1d has likewise declined to an average of 1 857 tonnes day for the period 13 may 2025 to present average so2 flux in excess of 4 400 tonnes day persisted between the 3 june 2024 and 6 february 2025 explosive eruptions but began to decrease in march 2025 decreased degassing at kanlaon could indicate a pause in the intrusion of or depletion of volcanic gas in magma within the shallower levels of the edifice or the sealing of magmatic gas pathways 4 ground swelling or inflation of the kanlaon edifice has been unsteadily sustained at low rates since 2022 based on continuous global positioning system gps monitoring and indicated in the short term as well by electronic distance measurements since 2024 figure 3 a short term deflation of the edifice began in the last week of june to first week of july 2025 suggesting a pause in the intrusion of magma or depressurization due to the reduction of volcanic gas in the volcanic system consistent with so2 flux data in view of the above observations dost phivolcs is lowering the alert status of kanlaon volcano from alert level 3 to alert level 2 to reflect the overall decreasing trend in the level of monitoring parameters alert level 2 means that there is decreased unrest but should not be interpreted that unrest has ceased or that the threat of an eruption has disappeared given that magma has already been intruded deep beneath the edifice should an uptrend or pronounced change in monitored parameters forewarn of potential eruption the alert level may be raised back to alert level 3 at such time people residing within areas at high risk to pyroclastic density currents or pdcs who have returned after the step down to alert level 2 must therefore be prepared for a quick and organized evacuation conversely should there be a persistent downtrend in monitored parameters after a sufficient observation period the alert level will be further lowered to alert level 1 dost phivolcs strongly recommends that at alert level 2 communities within the 4 km radius permanent danger zone or pdz should remain evacuated due to the lingering chances of short lived explosive eruptions and sudden steam driven or phreatic explosions that can generate life threatening volcanic hazards such as pdcs ballistic projectiles rockfalls and lethal expulsions of volcanic gas local government units must continue to prepare their communities within the pdc hazard zone for subsequent evacuation in case unrest re escalates and progresses into magmatic eruption increased vigilance against potential lahars and sediment laden streamflows in channels draining the volcanic slopes must continually be exercised in case eruptive unrest resumes under heavy to intense rainfall civil aviation authorities must also advise pilots to avoid flying close to the volcanos summit as ash from any sudden eruption can be hazardous to aircraft dost phivolcs maintains close monitoring of kanlaon volcano and any new development will be immediately communicated to all c,https://www.facebook.com/PHIVOLCS/posts/pfbid032Z3bp7m7UbY9oMMJPuCZWo9YXvheG1aRvpX1d1kT6AiYQEZjiYtiKK6RbWVcew2Hl?__cft__[0]=AZUPqga8spdONIDeu3_PmzcOK_it-hsip9CANFDRBvJgY5xe8Xt_cpc-0cgilpK-wxEvHrfl8O52mBKzMW5twKr0SZobKd-XyQGur7MY96uY88uG87xU64nGSWuDa90dkMBGmsq8kdeykEyqZna6ctsh00Ze2bTvAm3-IlWPFXtBdiPVMtQVHiuQ-KVc4mehXyU&__tn__=%2CO%2CP-R
Facebook,GMA News,2025-07-30 00:00:00,classes for wednesday july 30 2025 have been suspended in some areas due to the continuing effects of inclement weather read more classes for wednesday july 30 2025 have been suspended in some areas due to the continuing effects of inclement weather read more kakapasok lang ng anak ko knina wag naman sanaa dito sa general trias,https://www.facebook.com/gmanews/posts/pfbid02qQJYqvDmfxEc7PTvqRC1n3ou3T3BJaQhLwHpw1Ew745uPT5DDX2dKR4LCUdm1U5vl?__cft__[0]=AZVahCr2kfCqTi9smRrCmRF8vVapqN3mWEUaTusLjRcxFr6U69BNQWJFnllFL7MA48m_tI6dbuF8Pd-zEhqFyOTZyuR1X6YNQ3FqoXI4ywuWORdlYDqI2WxeSG8L0xeSxfuNEvHJGWLvLg_AnKK7qsnn70mDsBdyuLLCpAbgOXZD7r_L6YYHy80GwfczVPYRB8s&__tn__=%2CO%2CP-R
Facebook,NDRRMC,2025-07-29 00:00:00,public weather forecast issued at 5pm july 29 2025 tuesday dost pagasa weather specialist leanne loreto public weather forecast issued at 5pm july 29 2025 tuesday dost pagasa weather specialist leanne loreto a text message from ndrrcm saying that there is a 5000 aid relief for those affected by the recent typhoon a link is provided prompting to open your gcash acct is this even legit coz i dont think so,https://www.facebook.com/NDRRMC/
Facebook,untvnewsrescue,2025-08-02 00:00:00,walong barangay sa calumpit bulacan ang patuloy na lubog sa baha na lagpas tao sa kabila ng mga flood control project ng dpwh at lokal na pamahalaan mahigit 2 000 pamilya ang nasa evacuation center habang iginiit ng alkalde ang pangangailangan ng mega dike project para masolusyunan ang pagbaha walong barangay sa calumpit bulacan ang patuloy na lubog sa baha na lagpas tao sa kabila ng mga flood control project ng dpwh at lokal na pamahalaan mahigit 2 000 pamilya ang nasa evacuation center habang iginiit ng alkalde ang pangangailangan ng mega dike project para masolusyunan ang pagbaha nasa dpwh ang curruption congressman mayor brgy captain zero quality na pag dating sa contractor,https://www.facebook.com/UNTVNewsRescue/posts/1204443411724385?__cft__[0]=AZU6rcxBk93LKnVewm07zDX06oWm4kMTym8hTDYIeu2EZ3VzgGBVvVYSNiC0lnDkEDp-0lra54v2gzJ7diYN9ouct15E8-aL3PXp5pzeOlWy6nMfF8chcBIqcX0TSfntKWV0l9rZ_daS3NAMgDtu89JupOs5X5Yn9hJ9ZdA3kZXM0DgcTRBQZtnK8bqR3pwF_4E&__tn__=%2CO%2CP-R
Facebook,SunStar Davao,,as much as i didnt want to write about the recent scandal involving astronomer ceo andy byron i suddenly felt compelled to take on it from a different perspective while most people laughed at the viral kiss cam moment and turned it into a meme i couldnt help but see the deeper consequences behind that fleeting display of infidelity its easy to dismiss it as just another tech executive caught in a moment of weakness but the damage goes far beyond that as much as i didnt want to write about the recent scandal involving astronomer ceo andy byron i suddenly felt compelled to take on it from a different perspective while most people laughed at the viral kiss cam moment and turned it into a meme i couldnt help but see the deeper consequences behind that fleeting display of infidelity its easy to dismiss it as just another tech executive caught in a moment of weakness but the damage goes far beyond that,https://www.facebook.com/sunstardavaonews/posts/1202994658535414?__cft__[0]=AZUNkSphdNqxs0VnYM8dHLVGksp68O_44KUwvSOjBKarOwdUHf610ATpARsF8O17PK492LECPoxapemaaHIyEkbvE0Gt9u0a7Pvi4CzcF95BN01taeecyfBUbt3vLBRZq5zhEiCdoJMaBBfIbiTAq7xJB7hxYQOtLNFXuudbusYQTsuJMY3SUJxFY5Dr02rIs64&__tn__=%2CO%2CP-R
Facebook,Rappler,2025-07-29 00:00:00,the national power corporation issues an urgent advisory on tuesday july 29 warning residents in several towns along the agno river to remain on high alert as the san roque dam approaches critical water levels due to continuous rains brought about by the southwest monsoon the national power corporation issues an urgent advisory on tuesday july 29 warning residents in several towns along the agno river to remain on high alert as the san roque dam approaches critical water levels due to continuous rains brought about by the southwest monsoon,https://www.facebook.com/rapplerdotcom/posts/pfbid0WciTWMmabf7HAbRSYBn9GzhPAiYd2bcj7ELZneQqhs19nbzChnCM6M7n4paLrtj3l?__cft__[0]=AZUdpD80VOPOjy3RSRoWe2qnUsDinPzrlgl319bWGbA2-IrN1ftPsvksnMAFuzOw7l-Cr-mejQfvOOTz0ptJ_HNxN8dCnKq9aT5lHy4iiOycAw_6fabAZQggvza6CGG-ZPogh-LV4NiQojlveTksavQyt_TISWQVt-fjOahAKAchYkvKek2vCS-6k6_n8-xhK8Q&__tn__=%2CO%2CP-R
Facebook,SunStar Philippines,,tell it to sunstar we need to be more aware parents teachers and guardians must take time to know what their children are watching and saying communication is key if a child uses a word you dont know ask about it if a term has a bad meaning explain why it should not be used lets not laugh off everything as just a joke tell it to sunstar we need to be more aware parents teachers and guardians must take time to know what their children are watching and saying communication is key if a child uses a word you dont know ask about it if a term has a bad meaning explain why it should not be used lets not laugh off everything as just a joke,https://www.facebook.com/SunStarPhilippines/posts/pfbid02YWab928h7A7YrVNMijkrDFsn7oRm9ziSAhoQp6h4PfsfWvEiA4wFTovfmH8nbL29l?__cft__[0]=AZXYu_xUdDhWrKy4HUEDLJ785yTmixpPABgnHxiFoSxjJjyTxQSGHX-oYtDV6vDuQlqrvspuUD4Ub0n6FoQsyvbMqdKlvWhTfA8xvxQnn4smsmp4iJqDARDwEf2XxHRs46_n4GGxIOc7gW3-5J0flzeB4Wx7zV52QpJZC9IW944WbuOFXJ5TfVdf7uGVyBrVXNg&__tn__=%2CO%2CP-R
Facebook,Inquirer.net,,pba thompson has mixed emotions about la tenorios move pba thompson has mixed emotions about la tenorios move,https://www.facebook.com/inquirerdotnet/posts/pfbid09embvcunHqedPePLZoW4vKCdjq4CzgaHQdjqo7N5qVS12bvsMoqB13ymGyCcKXGGl?__cft__[0]=AZVFoGySXvCtV22EHOJ_4jzdZhbDEypDlhZ7cCR2mREZI8lAsnc2nTeRaE30wI-1N50fcTwRBBp0ERNav81CuhWhOX67jTUwsq6vRAvKaFKTEg4iJsj85lOsR9fowyNdN2oK-_kR0Vv64WuIbcmM5YMngX_buqN9qwkKWXvas_XsIp9ATtD8YBjO15yervtfrio&__tn__=%2CO%2CP-R
Facebook,PAGASA,,during the environmental protection and disaster risk reduction session at the 2025 post sona discussions dost secretary dr renato u solidum jr highlighted that through science technology innovation and the unity and discipline of the filipino people we can rise above disasters he also highlighted the support and funding for phivolcs pagasa denr and universities to strengthen hazard assessments at the local level dr solidum further stated that the philippines has developed an automated system for disaster recovery planning with the help of dost the office of civil defense and the world bank he stressed that the country has the capability to create disaster recovery plans anticipate potential hazards identify affected areas and estimate their scale to ensure proper planning with this dost pagasa continues its commitment to its mandate of providing timely relevant and accurate weather climate and disaster related information and services this commitment is crucial for enhancing public safety and preparedness enabling communities and authorities to make informed decisions watch the 2025 post sona discussions here during the environmental protection and disaster risk reduction session at the 2025 post sona discussions dost secretary dr renato u solidum jr highlighted that through science technology innovation and the unity and discipline of the filipino people we can rise above disasters he also highlighted the support and funding for phivolcs pagasa denr and universities to strengthen hazard assessments at the local level dr solidum further stated that the philippines has developed an automated system for disaster recovery planning with the help of dost the office of civil defense and the world bank he stressed that the country has the capability to create disaster recovery plans anticipate potential hazards identify affected areas and estimate their scale to ensure proper planning with this dost pagasa continues its commitment to its mandate of providing timely relevant and accurate weather climate and disaster related information and services this commitment is crucial for enhancing public safety and preparedness enabling communities and authorities to make informed decisions watch the 2025 post sona discussions here,https://www.facebook.com/PAGASA.DOST.GOV.PH/posts/pfbid02SGz5EkZoSCRGsQ3DCtdK8FZnguT2nS8reb8wvC8XzDpy4Dt6Ea4xC7hrkQvqTWRol?__cft__[0]=AZW-IcwE1gbYHT-p_3icvRru2RqmIJjHBvKJX30H1E51kf6qs66MPoeiBH0boKp63RCTA_e3IK38CUVl6fBeABG9NdHcPZjojXG5fQSyFWNe2YwVVWRs_vgcbFXtEImfzOQcIEZfla2M4eoKsi3mmSghBcJWVitEXvD022yUGMqK7BG7cjHtIe560U-Lft3QyCk&__tn__=%2CO%2CP-R
Facebook,SunStar Davao,,you may not be aware but we eat plastics research suggests that the average person may ingest up to 5 grams of plastic per week about the weight of a credit card tiny piecescalled microplastics make their way into our food and drinks and ultimately into our bodies the most common pathway is through the fish and shellfish we eat plastics enter our oceans and break down over time into tiny fragments andare taken up by fish packaging also shred microplastics into our food you may not be aware but we eat plastics research suggests that the average person may ingest up to 5 grams of plastic per week about the weight of a credit card tiny piecescalled microplastics make their way into our food and drinks and ultimately into our bodies the most common pathway is through the fish and shellfish we eat plastics enter our oceans and break down over time into tiny fragments andare taken up by fish packaging also shred microplastics into our food,https://www.facebook.com/sunstardavaonews/posts/pfbid02dxk4Mk6EjgTEoDGdMcDonNSsJwvaQU94tZvA2fQssAqxkgQuer83YQ98DcEVdnYAl?__cft__[0]=AZUs78jiK7sQp5oh8HBLABVLnDRzsmUkKiLko87yj44weZS343ci6xc7sdfn68IAmHYwnuU-aOTMYZwjIi-P6hNqDWuY-2Z-xoUjTq27KqAqq29wRBpQj0ROFc9z97ZQ81JjmLvZWPLgGaW0k1Q5MCXvdKWY3UTte5jpNipc208ZcqBSufw7c0cNu8bbtlI_TVM&__tn__=%2CO%2CP-R
Facebook,GMA News,,shuvee etrata opened up about her personal views on relationships and intimacy stating her firm stance against premarital sex shuvee etrata opened up about her personal views on relationships and intimacy stating her firm stance against premarital sex,https://www.facebook.com/gmanews/posts/pfbid0sshRNUj7td6r9oZd6ucAFfGeYHMvuXXsd1qZFgqCDBdA5kQBLzs2HHLthNZuE5uCl?__cft__[0]=AZWPNe17_D7PxZDK5usVDV3nYe0OpjX3JXap5EZDl-2k-AuHHzFlRU97PSVNfrfZfqhVfpNNtwW5c8-yPkExx1pNQKnCeiXa9dXmQSVpZXeSaEB6u-R1Fba8sXIflA60H9Wldq6lb2EVyQDHfGEnVCrM1SMtGrnoejjl3YhJz0RUVBwEJ6Qe8r0gK7TBHPXHiy4&__tn__=%2CO%2CP-R
Facebook,ABS-CBN,,power transformer sumabog sa residential complex sa tondo maynila power transformer sumabog sa residential complex sa tondo maynila possible jumper ba ung ganito o masyado lang madami nakokonsumong kuryente wala manlang explaination ung report,https://www.facebook.com/abscbnNEWS/
Facebook,Rappler,2025-07-29 00:00:00,today s headlines committee leaders open bicam les miserables the wrap july 29 2025 here are todays headlines the latest news in the philippines and around the world senate announces committee leaderships romualdez promises open bicam workers disappointed at unanswered calls from labor sector in sona 2025 beyonces cowboy carter becomes highest grossing country tour ever les miserables returns to manila in january 2026 for limited run today s headlines committee leaders open bicam les miserables the wrap july 29 2025 here are todays headlines the latest news in the philippines and around the world senate announces committee leaderships romualdez promises open bicam workers disappointed at unanswered calls from labor sector in sona 2025 beyonces cowboy carter becomes highest grossing country tour ever les miserables returns to manila in january 2026 for limited run,https://www.facebook.com/rapplerdotcom/
Facebook,SunStar Davao,2025-07-27 00:00:00,about 80 000 cambodian villagers have fled their homes for safe refuge as armed clashes between cambodian and thai soldiers over disputed border areas have entered a fourth day a defense ministry spokesperson said on sunday july 27 2025 about 80 000 cambodian villagers have fled their homes for safe refuge as armed clashes between cambodian and thai soldiers over disputed border areas have entered a fourth day a defense ministry spokesperson said on sunday july 27 2025,https://www.facebook.com/sunstardavaonews/posts/pfbid07pQ8WTSPu9sqcwRVaJpBTWqBDVBLxaDNXBNEcWCzi3gnA4sMHgmZmHAJrorvsfF9l?__cft__[0]=AZVHem5pSPj7d8SfRiAWRn9DNbdIFWHA5E3ySyh_ju2p0u5QkF5YT0UANeaetVV5zADwCbVOKgHkbCrKhHyZJnzwiwxJmwM99qzz-jSRXixRup0xNGVFD5Hs5gvEQFR5vo_BeQqBsw-BVOSmHnX8xx3E3j46F1ZjMnjyCEiEct8qTDiCCrWh9oTXXExA3cbSle8&__tn__=%2CO%2CP-R
Facebook,PAGASA,2025-07-29 00:00:00,as of 8 00 pm today 29 july 2025 no low pressure areas are being monitored for tropical cyclone formation all are advised to monitor updates from dost pagasa as of 8 00 pm today 29 july 2025 no low pressure areas are being monitored for tropical cyclone formation all are advised to monitor updates from dost pagasa pero grabe moonson po ba talaga tong nararanasan namin ngaun,https://www.facebook.com/PAGASA.DOST.GOV.PH/posts/pfbid06BiNBWShAYty1po6RVciLFWB5KUfu9jUgB4RAv17EMw8GPkx92etbNUBZwd7UE4rl?__cft__[0]=AZXXPxi1P1FPUnE_eoMzzIJgHybH8W9k-CSiMXUEcfZYJQbT3XnpSINxnLLsHzgZtc6jG3NZz1-GcWjfjOlbpYYfbYQKOJC4BEKsOG0N8ynBAgnGYLA6TNZUWCMEmftInl7e-SIiO5YPKTKiJDu6PH3feWLpGaeizX1s5x01z8G3TdkizICwqPdpH_ZeyTvjvMc&__tn__=%2CO%2CP-R
Facebook,PHIVOLCS,2025-07-29 00:00:00,earthquake information no 1 date and time 29 july 2025 10 16 pm magnitude 1 6 depth 033 km location 08 45n 122 67e 037 km n 01 w of liloy zamboanga del norte earthquake information no 1 date and time 29 july 2025 10 16 pm magnitude 1 6 depth 033 km location 08 45n 122 67e 037 km n 01 w of liloy zamboanga del norte,https://www.facebook.com/PHIVOLCS/posts/pfbid02Rg3AB8h2CTzix8Wyvc5LqwQDhcmEvmUQh5Q3inHSKbjuQDJqkgNGAx964QRd4kQxl?__cft__[0]=AZUBfAqclwH_3bQaU5UKaeIdXiwD4wJsbfc5vXO9H6gkLGr8Wpe2wwCdl9zOB4XIv1FrNg-V56N0dIvfwtvLbuI7OBiLwsDKJBoSqV37AuV3RtQ5DTM1oMzXWy0Ta_r7IRzH8ixkBE7IaI-xaYM5z-UlO2B3mehRFs-QLRCi_8QVLFY2hJWe6FIhYk3mLOGbYMA&__tn__=%2CO%2CP-R
Facebook,ABS-CBN,,dating delivery rider kalaboso sa p750 k halaga ng hinihinalang shabu sa tondo maynila dating delivery rider kalaboso sa p750 k halaga ng hinihinalang shabu sa tondo maynila wow bagong pilipinas,https://www.facebook.com/abscbnNEWS/
Facebook,GMA News,,the department of public works and highways dpwh received around p980 25 billion budget for flood control projects from 2023 to 2025 according to data gathered by gma integrated news research this is equivalent to an average of p326 75 billion flood control budget for each year read more the department of public works and highways dpwh received around p980 25 billion budget for flood control projects from 2023 to 2025 according to data gathered by gma integrated news research this is equivalent to an average of p326 75 billion flood control budget for each year read more,https://www.facebook.com/gmanews/posts/pfbid02oBKuBoX379eLYUCp63j5ngW3BqCMp8MUqUrJjRNqxGx2ET4EwRDbWD42FGnjAgHCl?__cft__[0]=AZUATCJ0mrqC3IqccOEH1YEcDdVT34NJUpGO8whFffx0GOkIBq-sktv-ezfanOmMDr9qHGAzRcwu37esBg1ovZYpQajYddVuzhqwNyfuPrpyy9atlkRBKlHO5a3G18-IzHRv2Gv5i2bYJ1YpyiOzTecTS891baBalsYN-MY-U3RvmXzijQEv9Bc8WoIg6OjFtBE&__tn__=%2CO%2CP-R
Facebook,PHIVOLCS,2025-07-29 00:00:00,earthquake information no 1 date and time 29 july 2025 11 23 pm magnitude 2 2 depth 067 km location 17 64n 122 31e 029 km n 15 e of maconacon isabela earthquake information no 1 date and time 29 july 2025 11 23 pm magnitude 2 2 depth 067 km location 17 64n 122 31e 029 km n 15 e of maconacon isabela,https://www.facebook.com/PHIVOLCS/posts/pfbid0kdTULcWMXV1oNR3QY7jnr9EyAABnr8NwsUZjpMNn9uZRrGTP7a3fa1CMGDYbLwFLl?__cft__[0]=AZVoXVeZLaXC8MiSUyrGUGqQfdqNI3Pb5pQt_w4S7aFcZaEWtLtcJUeeFjrhg8TbqquVDyW_uSmjClQ6rkmy6Fs-Oueqt3msUA7o9HDNWPOJh0OHuMF_vSqSRbzaK0-PbAiWtgVtVp1-ANb-ni6DlAbazsW-4UhGrf762mbHaKTtXFprrnjfLEDZ-P1Gfq5QRjg&__tn__=%2CO%2CP-R
Facebook,Inquirer.net,2025-08-07 00:00:00,dswd amendments in 4ps law to include easing 7 year restriction dswd amendments in 4ps law to include easing 7 year restriction kami na graduate sa 4ps last year pinabayaan nlang sabi ninyo sa local kami bigyan kmi ng livelihood or training wala nman nangyari pina asa lng ninyo kmi ito ako ngayon nag susumikap matagoyod tatlong kong anak sa high school,https://www.facebook.com/inquirerdotnet/posts/pfbid0A8jBMjmBnyQFAvDunQJz3S4rCnk325zVNuospjkUL8wtoK3eXRSgthr35qEUrQNil?__cft__[0]=AZUAipoPG0X0dnfu-uQbTTGDlEP3pqhIQQvua9dNrjz8y5hlNgCxEUd148X05gPEpreGUkUU2sou4CPGqFb7GSDgFovD9SxM2zh37w5Qks9jl5t0MOH4CRJlQBWGt4H_ZmcXVhg44BLQc0Tkw8CcGMk8bWrQdHT-okClj37tqh8gaENM9Qh7XRUw7BLcTwCcerU&__tn__=%2CO%2CP-R
Facebook,PHIVOLCS,2025-07-30 00:00:00,earthquake information no 1 date and time 30 july 2025 12 42 am magnitude 2 7 depth 013 km location 10 07n 126 49e 045 km n 82 e of burgos surigao del norte earthquake information no 1 date and time 30 july 2025 12 42 am magnitude 2 7 depth 013 km location 10 07n 126 49e 045 km n 82 e of burgos surigao del norte iikot yan luzon visayas mindanao ate candy said palakas,https://www.facebook.com/PHIVOLCS/posts/pfbid02EWkSHvNokRcHprSsR4fKgQVfnTnTxNcyeRgUqzxEnksFNahfm3kt1xrnyvxQ1aJBl?__cft__[0]=AZUdnevQpDPtdv_EXfJUqOuPKQshQLEXS4ro6iBbOzAPfnxNG4XjTUUSjkXooCds5-XscAoXzHr0XveshC0RLgPJ5KFGMp5x7nuWb46EOj8uAVSDvbOSRwKIKa0Ypi1m--vSnVpsh7bLhgHC3XbKxnOdFunrKrCHbaWAlgM5OBw5qRi_24CbGCVW-AtwuqzhHUQ&__tn__=%2CO%2CP-R
Facebook,ABS-CBN,,maynila regular na nagsasagawa ng simulation exercise o simex ang special weapons and tactics o swat ng manila police district mpd para ihanda ang bawat miyembro sa mga darating nilang operasyon ilan sa mga pagsasanay na ginagawa ang close quarter battle stairway and hallway clearing at room entry kabilang ang mga ito sa mahahalagang hakbang na dapat nilang linagin lalo na sa mga kritikal na sitwasyon napakinabangan ito halimbawa sa pag aaresto sa suspek sa pamamaril na hindi lumabas ng bahay ayon sa tagapagsalita ng mpd na si police maj philipp ines paraan nila ito para masigurong alam nila ang gagawin sa kahit anumang scenario na makaharap nila tuloy tuloy pa rin ang pag eensayo ng swat sa kabila ng hindi magandang panahon ulat ni jessie cruzat patrol ng pilipino video edited by jessie cruzat post production by archie rosal maynila regular na nagsasagawa ng simulation exercise o simex ang special weapons and tactics o swat ng manila police district mpd para ihanda ang bawat miyembro sa mga darating nilang operasyon ilan sa mga pagsasanay na ginagawa ang close quarter battle stairway and hallway clearing at room entry kabilang ang mga ito sa mahahalagang hakbang na dapat nilang linagin lalo na sa mga kritikal na sitwasyon napakinabangan ito halimbawa sa pag aaresto sa suspek sa pamamaril na hindi lumabas ng bahay ayon sa tagapagsalita ng mpd na si police maj philipp ines paraan nila ito para masigurong alam nila ang gagawin sa kahit anumang scenario na makaharap nila tuloy tuloy pa rin ang pag eensayo ng swat sa kabila ng hindi magandang panahon ulat ni jessie cruzat patrol ng pilipino video edited by jessie cruzat post production by archie rosal ma mga butandin palitang gilas sa kati,https://www.facebook.com/abscbnNEWS/
Facebook,Inquirer.net,2025-07-30 00:00:00,just in a 4 3 magnitude earthquake rocks baganga davao oriental at 5 59 a m on wednesday july 30 just in a 4 3 magnitude earthquake rocks baganga davao oriental at 5 59 a m on wednesday july 30,https://www.facebook.com/inquirerdotnet/posts/pfbid0ZBnd2zywpknkrHfXJtU8ywyBA2URmUoVDb5ETSXKhckbx18DeZ57CNmYYtWPzDtil?__cft__[0]=AZUlmTiMJxlKDAjHmbGj6hs20AUCAxMNHxURA5uaXVcqNtL08mhD7DElxzEQ1MwcjAZbvLExbGDWA3DpbJdgqjVzfpuKpkrtKgzYReI9sac9nnmA3WnA1V0BPWxLa_JekXAteqVIcQlLH4vEMkVD1aUsVwOdHE2VXi_zy9v2aaAssizG4lqTESgTa7TIIfwHqoA&__tn__=%2CO%2CP-R
Facebook,NDRRMC,2025-07-30 00:00:00,public weather forecast issued at 5am july 30 2025 wednesday dost pagasa weather specialist loriendin de la cruz galica public weather forecast issued at 5am july 30 2025 wednesday dost pagasa weather specialist loriendin de la cruz galica salamat po sa update about weather maam ingat po and godbless,https://www.facebook.com/NDRRMC/
Facebook,PHIVOLCS,2025-07-30 00:00:00,earthquake information no 2 date and time 30 july 2025 06 23 am magnitude 2 1 depth 023 km location 14 99n 121 44e 033 km n 37 w of general nakar quezon earthquake information no 2 date and time 30 july 2025 06 23 am magnitude 2 1 depth 023 km location 14 99n 121 44e 033 km n 37 w of general nakar quezon,https://www.facebook.com/PHIVOLCS/posts/pfbid0vgkMu4YdwnQCKCTT8jRFWp4v8p6xWFQe4EH8UGc7SYA2ARoHGqrng62R3uZ3uMpul?__cft__[0]=AZWwTUPkKl4S0Xx9h2ZRXjEOZpfPuRODwgXviLrhXTzgOhI4ZgeD7DZI_cKJh2uzD6PgUn2hh76ItxPekT3yw-skJKuDiJzbAWnU3ttf_UUb4fkuibxk_4U7Ter-Tq3hTupeynQiHRnx6wtl53pHO_5rgcJDoLSGAakeVQn9e3ozyVeiLWJ3bYmULuf_LkVUpE4&__tn__=%2CO%2CP-R
Facebook,jhun.len.delgado.2024,,sharing is blessing sharing is blessing last week was a hard time for many of our kababayans because of the typhoon so we swapped boats for boxes paddles for packed meals still the same strength still the same heart lakas sa ulan sagwan sa kalsada laban para sa tao thats the sigasig way last week was a hard time for many of our kababayans because of the typhoon so we swapped boats for boxes paddles for packed meals still the same strength still the same heart lakas sa ulan sagwan sa kalsada laban para sa tao thats the sigasig way last week was a hard time for many of our kababayans because of the typhoon so we swapped boats for boxes paddles for packed meals still the same strength still the same heart lakas sa ulan sagwan sa kalsada laban para sa tao thats the sigasig way,https://www.facebook.com/jhun.len.delgado.2024/posts/pfbid02nFVAu85FFzCcTmt5gcbN57PMCjhFiNzpscNuwPAudPA6Pde8SWSd49qV2ETzDThLl?__cft__[0]=AZUqaJbMKW-oxJ3kma9a7cPcobp0c290p-wq0molRNzskCx1l74Wke_n_ycfQKooCZY8Bzs9StQ5-FUov-4WwqvS8gYxXu1RBp70y5TnVYUJO7iTTduRBctVnMmz0AVCdelKS0_hBO1_u5luuY50qJjxFuKnHaKjshMUZdDA8dlYjDIJy6sTgYiYZEbjKEuH0ChLl8TQh5BGnreHkNrTNJKyDBOzmzdabN2Xrgw8_D8_Cw&__tn__=%2CO%2CP-R
Facebook,ABS-CBN,,buyag curious about the definition and etymology of our wotd click the link in the comments and explore it on the abs cbn website buyag curious about the definition and etymology of our wotd click the link in the comments and explore it on the abs cbn website,https://www.facebook.com/abscbnNEWS/posts/pfbid0WsEuRK9c52vo1GmfYskcT2iecY2HZM58mSXRKj9jNiqsBhmC2hWmC7CWDE46N5WFl?__cft__[0]=AZVhytb4LXecoKbxlmAYo4R7VDz_DSARE4CgGncgKqWsA3q-dGvyTZu6HvaPwaZKSiub0r78f6QVpTyNjMgINqytZu-LThbfy0oqqKl0cJo46DgEIu1EA2E-v9qyvbDTeJJRTY9Goat2tCUAX86bhDjuWNncz8k3Px7RAcRUslvGl-xmSVgUxZ75BQO0Ss1lkiM&__tn__=%2CO%2CP-R
Facebook,GMA News,,2025 post state of the nation address discussions with the cabinet secretaries and agency heads of the department of education department of labor and employment department of migrant workers commission on higher education and technical education and skills development authority 2025 post state of the nation address discussions with the cabinet secretaries and agency heads of the department of education department of labor and employment department of migrant workers commission on higher education and technical education and skills development authority mag subscribe sa gma news youtube youtube com gmanews para sa pinakamalalaking balita,https://www.facebook.com/gmanews/
Facebook,NDRRMC,2025-07-30 00:00:00,summary of 24 hour observation of active volcanoes mt taal mayon bulusan and kanlaon 30 july 2025 source philippine institute of volcanology and seismology phivolcs dost summary of 24 hour observation of active volcanoes mt taal mayon bulusan and kanlaon 30 july 2025 source philippine institute of volcanology and seismology phivolcs dost,https://www.facebook.com/NDRRMC/posts/pfbid02dwyigKopEroPaWPJN7i41qV4z1SU7aNmZVvX9yTsdQpFcST47SUZcM95giaCT2hol?__cft__[0]=AZWKeaa1fi-Mh2yiWoPeAb7UttJiT6ZJzKAzqvlU9HxazBU3aXmwkbltb3bKMllNpQp5B3p0zeWfEzkCTjuSdIfXZEnKIcgVfN6FR2Jal9m8smRaopbFqXitae5kTh8c2gExzSz7k6wJvaqZZDfpMjn_uXY06de0Kgmsp5fnL0rko2uNXnGAkKZi6nJrtrhEz60&__tn__=%2CO%2CP-R
Facebook,PHIVOLCS,2025-07-30 00:00:00,earthquake information no 1 date and time 30 july 2025 08 54 am magnitude 2 5 depth 033 km location 13 49n 124 01e 016 km s 41 w of san andres catanduanes earthquake information no 1 date and time 30 july 2025 08 54 am magnitude 2 5 depth 033 km location 13 49n 124 01e 016 km s 41 w of san andres catanduanes,https://www.facebook.com/PHIVOLCS/posts/pfbid02j4A2qxebygSwSJJpyieW1Fe3d2aByr4MuD8FPsEb3Z9nKZj1mMstAicSaM2rSQgFl?__cft__[0]=AZWtRfm3jVAbMNQO5-z88UNuBWqwOOCxpGU4ZrOXFFmVxfplpCaxLYxhU10rxOIdKENyCBD9X8BsVb5DyXTgM2dPwLk-L-rdB3aKtHjCS5yWWu_AQR0St7VWOhPP-017Bii-4M4pR8jlArlfBha2Xu2EbozhBJiL1e0es40QFRt4sVFEeLbFeogjkeoZ3Ad-h3Q&__tn__=%2CO%2CP-R
Facebook,GMA News,2025-07-30 00:00:00,people sought higher ground after japans meteorological agency issued a tsunami alert for japans pacific coast on wednesday july 30 the japan meteorological agency said a first tsunami wave of about 30 centimeters about 1 foot reached nemuro on the eastern coast of hokkaido coastal areas in the eastern side of the philippines fronting the pacific ocean are expected to experience tsunami of less than one meter the philippine institute of volcanology and seismology warned on thursday morning phivolcs seismologists said the first tsunami waves are expected to arrive between 1 20 pm to 2 40 pm july 30 they said it may not be the largest and the waves may continue for hours ntv via ap people sought higher ground after japans meteorological agency issued a tsunami alert for japans pacific coast on wednesday july 30 the japan meteorological agency said a first tsunami wave of about 30 centimeters about 1 foot reached nemuro on the eastern coast of hokkaido coastal areas in the eastern side of the philippines fronting the pacific ocean are expected to experience tsunami of less than one meter the philippine institute of volcanology and seismology warned on thursday morning phivolcs seismologists said the first tsunami waves are expected to arrive between 1 20 pm to 2 40 pm july 30 they said it may not be the largest and the waves may continue for hours ntv via ap the comic earthquake prediction,https://www.facebook.com/gmanews/
Facebook,Inquirer.net,,nagso sorry ang hakdog watch a three year old dachshund primo amused netizens for seemingly apologizing to his fur parent after peeing inside their room fur parent aj milanes from antipolo city rizal told the inquirer that after returning home from work primo went along with her inside the room and began to pee there as milanes ignored primo as a way to discipline him netizens lightheartedly persuaded her to accept his apologies in the comments pansinin mo na ako yung naaawa eh a netizen wrote tiktok via lance bautista inquirer net trainee got any interesting stories photos or videos send us your experience here nagso sorry ang hakdog watch a three year old dachshund primo amused netizens for seemingly apologizing to his fur parent after peeing inside their room fur parent aj milanes from antipolo city rizal told the inquirer that after returning home from work primo went along with her inside the room and began to pee there as milanes ignored primo as a way to discipline him netizens lightheartedly persuaded her to accept his apologies in the comments pansinin mo na ako yung naaawa eh a netizen wrote tiktok via lance bautista inquirer net trainee got any interesting stories photos or videos send us your experience here buti pa yung aso marunong magsorry pero yung mga duterte hindi,https://www.facebook.com/inquirerdotnet/
Facebook,NDRRMC,2025-08-10 00:00:00,maging alerto mga lalawigan batanes cagayan isabela aurora quezon camarines norte camarines sur albay sorsogon catanduanes northern samar eastern samar leyte southern leyte dinagat islands surigao del norte surigao del sur davao del norte davao oriental davao occidental davao del sur at davao de oro ndrrmc 10 55am 30july25 may banta ng tsunami mula sa dagat na nakaharap sa kamchatka russia pinapayuhan ang publiko na lumayo at huwag magtungo sa baybaying dagat pinapayuhan ang mga nakatira sa mismong baybaying dagat na pansamantalang lumayo sa tabing dagat maging alerto mga lalawigan batanes cagayan isabela aurora quezon camarines norte camarines sur albay sorsogon catanduanes northern samar eastern samar leyte southern leyte dinagat islands surigao del norte surigao del sur davao del norte davao oriental davao occidental davao del sur at davao de oro ndrrmc 10 55am 30july25 may banta ng tsunami mula sa dagat na nakaharap sa kamchatka russia pinapayuhan ang publiko na lumayo at huwag magtungo sa baybaying dagat pinapayuhan ang mga nakatira sa mismong baybaying dagat na pansamantalang lumayo sa tabing dagat totoo ba to,https://www.facebook.com/NDRRMC/posts/pfbid0fuZLGKdbB8CqumoohUhZRscuMfNd8jxqpvmwubQuV5RRZwJBTbJLLPJinPb5h9rKl?__cft__[0]=AZUDJ92UH34Dxi3U9CdGD8IJZwEnzbM9L3zRiJxPg2EE5SMyuJvz-Pb6oh7CqLXjkTgZs4dPXiWhapMsV5aNESO3Jn1Mg4e4LCmetlJUByZuRR8i59zvbB1qFpW7DezCq8L6Z_go1ekRvPYVadUjVAaNqt0gU2xVtuyM70QrI_Aiz3WVEXicyDKfumR3Fi50R80&__tn__=%2CO%2CP-R
Facebook,PHIVOLCS,2025-07-30 00:00:00,earthquake information no 2 date and time 30 july 2025 10 41 am magnitude 4 0 depth 019 km location 15 74n 121 86e 032 km s 87 e of baler aurora instrumental intensity intensity iii gabaldon nueva ecija earthquake information no 2 date and time 30 july 2025 10 41 am magnitude 4 0 depth 019 km location 15 74n 121 86e 032 km s 87 e of baler aurora instrumental intensity intensity iii gabaldon nueva ecija gumagalaw na ang pacific ring of belt,https://www.facebook.com/PHIVOLCS/posts/pfbid02XaCAW6Gvn9Xv6bYE6p4GwzDatH1YHmhKxwh1vdykjDN4fWMDr92ftbyTwt7NxF1ql?__cft__[0]=AZWWRHX-NoacBPT4wST0w7OKxkumUmw4zv4GR6yAOadcuNA-X0zAualxN1dSC9ZzDVUEVPGpNWty75-_U1-QMIVXCK71dNErAFPzoASLzOxNw5Kiw9C2U9bzPieOXuJHE1NOy68VojkIR0xRsqOokMz0tofGduEjB_mDMaT1G2n9tVh_p__hzwLiAIB3ivMZQs4&__tn__=%2CO%2CP-R
Facebook,ABS-CBN,,ayon sa phivolcs wala itong naitalang significant sea level disturbances o mapaminsalang tsunami waves sa mga baybaying nakaharap sa philippine sea mula nang mangyari ang lindol sa russia nitong miyerkules ng umaga nasa comments section ang link ng buong ulat ayon sa phivolcs wala itong naitalang significant sea level disturbances o mapaminsalang tsunami waves sa mga baybaying nakaharap sa philippine sea mula nang mangyari ang lindol sa russia nitong miyerkules ng umaga nasa comments section ang link ng buong ulat,https://www.facebook.com/abscbnNEWS/posts/pfbid0EFF4qbk5CDMXqMD6Bicjcm3vjHfbnx5mfniMEFMDgn4U5JtevHzML4PjhqEYiSLtl?__cft__[0]=AZVbtrDzCp0RxcVhMDG1MylJL1C5coaresFoVg7AunARQtL7v4gzNPitUm5Dq8BcmlmZ844u2xJ1_qrhwvMBgpT6wCZxrTjwYnuMTCTPAfQS5VCKzl8ZfNqk37Q0a0-Lsl_VLiOHol6Tc9J4mvV_focZDQ8qhlhaXrCQ9q_EdmOFS23ZXwCwmBNkNegLg5JOMOI&__tn__=%2CO%2CP-R
Facebook,Rappler,,sarangani representative steve solon denied allegations that linked him to a viral video showing a lawmaker watching an online cockfight or e sabong during a house session not all headlines that use solon mean me he said lets be functional readers not instant reactors via rey mark paran rappler sarangani representative steve solon denied allegations that linked him to a viral video showing a lawmaker watching an online cockfight or e sabong during a house session not all headlines that use solon mean me he said lets be functional readers not instant reactors via rey mark paran rappler,https://www.facebook.com/rapplerdotcom/posts/pfbid0AxztZKMa8cBKzffNaBpVua5Zu5Rfrfd3gVagFVGLzQGqsJuo25H1er9tVWRiKZVWl?__cft__[0]=AZXl78ZwBH0ZNCr5AuLZ7fCkzIKFKjb7QGHphtON7tEp0_ESx4IeX9_wupe_HJRSw-jOxBv35kQUrlQAHXFDCUvPrY-470i-onTDIl_gJiqmhuhN044S5R9N9lge12xvw3Qav7Cv85ZaSgRxuUNZ3C5EVSreGKaXahBLtml_sleMJLcxjHjhqyshdkGETBb2vT8&__tn__=%2CO%2CP-R
Facebook,Manila Bulletin,2025-07-30 00:00:00,just in phivolcs has lifted the tsunami warning issued earlier for the philippines after the m8 7 quake off russia this morning july 30 any effects from minor sea level disturbances have largely passed no significant threat remains via ellalyn ruiz just in phivolcs has lifted the tsunami warning issued earlier for the philippines after the m8 7 quake off russia this morning july 30 any effects from minor sea level disturbances have largely passed no significant threat remains via ellalyn ruiz thanks po sa ating poong maykapal,https://www.facebook.com/ManilaBulletin/posts/pfbid0fyi4FFx8HpEGuV1pRvusCHCPfxbRseeirFXf3pB7ipkGCh8QCn2XnGsLJVrXUwedl?__cft__[0]=AZVfpnOxSg5rLkDaVpJPtBkMWn0IDOLBDCVZ1csj1Lv2lEE66mdNDG9ZA9MttX33xppRz3JwmGbiUGPkywOHXPEVhgbdXIgu5TUxVByBBdyGfqj2fZOCSFvWOB0muPczJu00Pk8B50YEiSXCmVw-YH4P2sxpRZBxwODieVZr_nPr3LSZqmeuKJ8Y94HU9nV8J7I&__tn__=%2CO%2CP-R
Facebook,SunStar Philippines,2025-07-30 00:00:00,the bacolod city legal office and city engineer s office removed an illegal structure blocking a drainage outfall at artemis salt corporation in barangay banago on july 30 2025 the bacolod city legal office and city engineer s office removed an illegal structure blocking a drainage outfall at artemis salt corporation in barangay banago on july 30 2025,https://www.facebook.com/SunStarPhilippines/posts/pfbid031N2SkW3kRbrdYTDeWcQNy33ff8caLnAoXxeQk2fGYP8M5JHm2Ujuz35FYjgM7DThl?__cft__[0]=AZUajTKVIyFDgHprrf6b9RxtFlDK5KEBRgulLYUlrwyIg-7jIZtfyup6Kp3Y69uVVpiHTP4OFLLlzgaEEB2v7cBscBFZc9tkkqqDQ1Wg68czH_sDFzSyBzLIPjfY-A-zxLwR4HsDRuFgUb5ye2Qk3CzuU3Q6qDSC6x9LX_IQuBjlluUzKC8vK0PlRg2zkq4g7Cw&__tn__=%2CO%2CP-R
Facebook,mrpsd.com.ph,2025-08-02 00:00:00,tinatayang 16 na bagyo pa ang posibleng pumasok o mabuo sa loob ng philippine area of responsibility par hanggang sa pagtatapos ng taon ayon sa philippine atmospheric geophysical and astronomical services administration pagasa asahan na karamihan sa mga bagyo ay magla landfall o lalapag sa lupa lalo pagsapit ng ber months sa darating na agosto asahan ang 2 hanggang 3 bagyo tinatayang 16 na bagyo pa ang posibleng pumasok o mabuo sa loob ng philippine area of responsibility par hanggang sa pagtatapos ng taon ayon sa philippine atmospheric geophysical and astronomical services administration pagasa asahan na karamihan sa mga bagyo ay magla landfall o lalapag sa lupa lalo pagsapit ng ber months sa darating na agosto asahan ang 2 hanggang 3 bagyo,https://www.facebook.com/mrpsd.com.ph/posts/pfbid0Q4fVM5Hsscpq9sFc1PaEZbrkYtq1aDXBWRUr1jCn5ZgYXhRRATquBsLiX1H5Z2Jhl?__cft__[0]=AZUjLjO6Q44fqw35ElGKyc_m1dw3MN0hQMi46sX4dhhP0nS0ozo6UmpkPyA8W7SaKFIRj6m1zfvoaebGkDn-v0YW1ov9DgEgFclwd3doptraw15IHhIwA2Z-W1wYsGSX1G4BWfwdCavRT4lJTiCPczkQmhQTak74seZSYcxsJ2biBc3ircg1oWXghUrgktkMLKU&__tn__=%2CO%2CP-R
Facebook,Rappler,,the historic musical collaboration comes with a 10 minute music video featuring a house party gone wrong the historic musical collaboration comes with a 10 minute music video featuring a house party gone wrong,https://www.facebook.com/rapplerdotcom/posts/pfbid0tmTrFn7Pn4R7crrNeyzU8VSCHqWTn5dgkvYwH6yhmgb7cPyimZKqzQFWd3ZNTJhBl?__cft__[0]=AZXpNVYw1L-Uo1K3YAdfdescp3BY5Vs5yvuV2lAvgPlXVFAmljUmawLuOLhFz6ZYM1Gx6qcgIwDHFEmCQGPF8VS3Cf5PUEQruemILE5YZpZKKd7-FJirV5bOQga-yTa9S9R2vTNOoCTdl8fZmMVZWmOhXYFDmZ3tUMNVkBYFlYPznPUHJc6skAbo531g9C_dLoo&__tn__=%2CO%2CP-R
Facebook,GMA News,2025-08-07 00:00:00,the philippine institute of volcanology and seismology phivolcs on wednesday afternoon lifted the tsunami advisory it earlier issued after a powerful earthquake struck russias eastern kamchatka peninsula based on available data phivolcs said that as of 4 40 pm no significant sea level disturbances nor destructive tsunami waves have been recorded since the 7 25 a m earthquake up until this cancellation read more the philippine institute of volcanology and seismology phivolcs on wednesday afternoon lifted the tsunami advisory it earlier issued after a powerful earthquake struck russias eastern kamchatka peninsula based on available data phivolcs said that as of 4 40 pm no significant sea level disturbances nor destructive tsunami waves have been recorded since the 7 25 a m earthquake up until this cancellation read more,https://www.facebook.com/gmanews/posts/pfbid0KwPK4GJmepKvFvMiQVFWcmLibQhmWkSRHSuBb3M4cuG7JPyAS4xmXRMYRskkERQVl?__cft__[0]=AZUhEjzId78aibAjvkFoBOgSz-MD6a4qt-Y35lP0xaFQY7J7Kg7bwStsh1eH9JsvJnMBwTfY1sEa59Z_q9rUBlOMH1nGEZ-iHYXuNML8QjX9I_RAdcws-vaOHMd1WH9kfnTFSdSRgVo-KQz4AVrf61H1_XibsdeAhuzU22QjRTh4lPsO799RI6P4R7d84Pt9ejQ&__tn__=%2CO%2CP-R
Facebook,Manila Bulletin,2025-08-08 00:00:00,port operations involving passenger embarkation and disembarkation were suspended in areas where tsunami may happen based on the advisory of the philippine institute of volcanology and seismology phivolcs following the magnitude 8 7 earthquake off the east coast of kamchatka russia port operations involving passenger embarkation and disembarkation were suspended in areas where tsunami may happen based on the advisory of the philippine institute of volcanology and seismology phivolcs following the magnitude 8 7 earthquake off the east coast of kamchatka russia,https://www.facebook.com/ManilaBulletin/posts/pfbid0LVAZTEwBp15qwwRtfv4aC34sVYoiuZoKQjhsXM871vmxDvXXiZ9gaPB9DX7SLwyMl?__cft__[0]=AZVer05P2d33OCTe0w5SHQ91pOBeIoLITI7kTdMEN4pm2fEKzeBHxjTJc1sYYlDVSfIBnutCGOFLnfWYCIr-pW9YqtGm9zPU2jwzeV0bIASJWVXljGwzzVnZ_AUWnflFMw2SRUdjfcKNXwTxtzcIJ0qDWim4EPTIU2q-IOZFpsOIRarflOL-iDGCuP8ZyNt-Nho&__tn__=%2CO%2CP-R
Facebook,untvnewsrescue,2025-08-08 00:00:00,niyanig ng magnitude 8 8 na lindol ang silangang bahagi ng kamchatka peninsula sa russia bandang 11 25 am oras doon dahil sa lakas ng pagyanig naglabas ng tsunami warnings ang ilang bansa sa pacific coast gaya ng japan hawaii at ilang bahagi ng us west coast niyanig ng magnitude 8 8 na lindol ang silangang bahagi ng kamchatka peninsula sa russia bandang 11 25 am oras doon dahil sa lakas ng pagyanig naglabas ng tsunami warnings ang ilang bansa sa pacific coast gaya ng japan hawaii at ilang bahagi ng us west coast ipagpasa dios natin palagi ang lahat ng mga bagay sapagkat kung ang dios ang ating pagasa ang pagasa natin ay nananatili sapagkat ang dios ay nananatili barbie nichole,https://www.facebook.com/UNTVNewsRescue/posts/pfbid02eVkzWY5LEaGTZD3f6NXaxe3F6ssa3u9JRCD7LFGwPZs9okuHh6Ki5kzmLcydDNEml?__cft__[0]=AZXEqYOSEJuuyfPMIbVY1F97XGRHnuPT1NupU06kDgerheaFMxfuIMkQqwdYU5UrU3FQmt1jm_RtMcWhIHwI2A07ZJlL5agbLrDBNhPbEFWBmzwdbdmeRawWmmBavImDy6JdCpyEziNEGgyM8toV_tpS_Uj4lg5ZySmz2aJu0lvSSs2QiHvuwHttUZp1I2Fry0M&__tn__=%2CO%2CP-R
Facebook,PHIVOLCS,2025-07-30 00:00:00,earthquake information no 1 date and time 30 july 2025 05 11 pm magnitude 1 5 depth 024 km location 10 20n 125 79e 026 km n 56 e of basilisa dinagat islands earthquake information no 1 date and time 30 july 2025 05 11 pm magnitude 1 5 depth 024 km location 10 20n 125 79e 026 km n 56 e of basilisa dinagat islands safe na poba umuwe ng samar,https://www.facebook.com/PHIVOLCS/posts/pfbid02JbqxMuuXEpm9q3cYUEFrpRrvCjQjNa76udAWwec4VxZSHS18Tt2T22tW459Jb3RXl?__cft__[0]=AZWgyWQA02Ou_iDBcIWG8Njyk_6S65s06e8VC5IwZuZFYVKZcvjsIOFmpvK2Pn_y-2SuGhbV-Kn7AKaJ_iN_rk2eM9sDn-XESOEUPM1k5ct4uznLr6fYbgmnDlnsfpPTdLhNCrO84CrjHh51v31g-wnV6Z6J6tdiXddj-gBKffwYAa0c1Mp3T4xgyzQRgid_17s&__tn__=%2CO%2CP-R
Facebook,ABS-CBN,2025-08-02 00:00:00,according to the 2 a m bulletin by pagasa no low pressure areas are being monitored for tropical cyclone formation according to the 2 a m bulletin by pagasa no low pressure areas are being monitored for tropical cyclone formation bangon na ulit pilipinas kong mahal,https://www.facebook.com/abscbnNEWS/posts/pfbid02dLNoKVQPRu5x4d63guQ6mdpW8QcbMCk4RauYysfunLqM6SMpup3k1mcP59nb6uSkl?__cft__[0]=AZXdUmEVRlcRm7ij41MOhb-o8cB6fEX85rPnmH4paeG5fCHYbpF2ACMkDynwUwMslHb-zcupGiHkxgI99OrGszt1XI09X4Cfzt5D4R-cvDE8Zsvc8cQBV93wwD2Ew5OV43O3j7XX2fEFyBenfjdrx4Eh_c-9STZcBMeDe25olapTcBuY_bTIJkENOTbGZqk2U5U&__tn__=%2CO%2CP-R
Facebook,NDRRMC,2025-07-31 00:00:00,public weather forecast issued at 5am july 31 2025 thursday dost pagasa weather specialist chenel dominguez public weather forecast issued at 5am july 31 2025 thursday dost pagasa weather specialist chenel dominguez thanks po sa update ma am god morning and god bless,https://www.facebook.com/NDRRMC/
Facebook,Davao City DRRMO,2025-07-31 00:00:00,cdrrmo opcen weather update as of 2 16 am july 31 2025 weather system southwest monsoon davao city is experiencing cloudy skies with scattered rains mostly drizzling river monitoring bato river tributaries to lipadas river along brgy bato is being monitored at code yellow alert level and subsiding talomo river along brgy tugbok proper is being monitored at code yellow alert level and subsiding lipadas matina davao bunawan and lasang rivers code green safe level coastal status slight to moderate seas low tide cdrrmo opcen weather update as of 2 16 am july 31 2025 weather system southwest monsoon davao city is experiencing cloudy skies with scattered rains mostly drizzling river monitoring bato river tributaries to lipadas river along brgy bato is being monitored at code yellow alert level and subsiding talomo river along brgy tugbok proper is being monitored at code yellow alert level and subsiding lipadas matina davao bunawan and lasang rivers code green safe level coastal status slight to moderate seas low tide,https://www.facebook.com/DavaoDRRMO/posts/pfbid02VMSD3ciquiaDNNx8hExeJiKf4qmbi62mSLH1pzt85PqKzSUhYNiX2mGYfL1kZVA9l?__cft__[0]=AZVTmcwakDOyNgJemphgMpHUHLi4jIRcXnXf-3W5sKmxZ53wJlibhSBSknKYf8EspqEkCFvB1hktvdNO0i63Bk1WrEtwm-2J6-zLgkf4p56RbPm1jDE0eObpeWuraEoZFfegg-K0-XbIa5UeXxaidqo4A5WNiIAljadWc-B6kBBTpYCEv_vZcmCXozfkK4FZYpw&__tn__=%2CO%2CP-R
Facebook,PHIVOLCS,2025-07-31 00:00:00,earthquake information no 1 date and time 31 july 2025 04 58 am magnitude 3 3 depth 146 km location 06 01n 126 10e 050 km s 65 e of don marcelino davao occidental earthquake information no 1 date and time 31 july 2025 04 58 am magnitude 3 3 depth 146 km location 06 01n 126 10e 050 km s 65 e of don marcelino davao occidental sunod sunod yung pag post,https://www.facebook.com/PHIVOLCS/posts/pfbid02tKab4XLeKb4wPqv8vkK2ypSSxdPEjYgDHmCsuG4Bo3asGbuMSUjyi3QcZJtqcs7Kl?__cft__[0]=AZWH3ygaWcgWgJB_eICLwkUBQUQJWn2CCOpS39I3CwiUc-LPfhr2GYzyZBD4vGK8iIkOgmAVUPxcoWsuzacEGaCbHws8THt6AafgBbfEp7lF0aJBhxgr3bpO4cViIDlmDiODKZ_qo5ATzau5jjpWKDoXRsxSEj6Z6RN6Jtt5vMlK-Pdb93dNQhdnIt0yyx4uKg4&__tn__=%2CO%2CP-R
Facebook,ABS-CBN,2025-08-02 00:00:00,popular shows like lecheng pag ibig to and chicks 2 go are using video to deepen connections with their audiences transforming podcasts from one way conversations into collaborative communities popular shows like lecheng pag ibig to and chicks 2 go are using video to deepen connections with their audiences transforming podcasts from one way conversations into collaborative communities,https://web.facebook.com/abscbnNEWS/posts/pfbid0HJVT8XgHwH21md4FQ8QUTA2VBnQgHWitaM1D4MxsUSPNpRmTTqFHRkufNEqMfGjrl?__cft__[0]=AZWjU_68hUv2bV0N3sI8q-ZGpv4WF5Wa9geqU3B1PkLR8AEM0H-YjjsAfirPqG0VEYBoORgMCEkjYWdeR1xSDZCkuu2kP5PB5AxVmST1YW3vcoVN-eLwO8hx8Y73N46bdv77gWVZymVs7aCvY2TvfSVqB9sZQY2G3CGZl9PfxJqHVXGO4iWoI_TMTPdNi3wLUVM&__tn__=%2CO%2CP-R
Facebook,Rappler,,the earthquake off the coast of kamchatka peninsula in eastern russia is now the sixth most powerful ever recorded the earthquake off the coast of kamchatka peninsula in eastern russia is now the sixth most powerful ever recorded,https://web.facebook.com/rapplerdotcom/posts/pfbid024WdHhpWBvqsnysgxe22Mpc7QovhNXTd2JEQDgMauq9nLXhVRnG14Wt63mWtsa2M2l?__cft__[0]=AZWdJtIfezw0puUB1zj4E44U_9u7quEmk9AeS74H2dxz9d9eNOG2du7T0gKGk5IGy4tDiBUrzutw3TNeGIZgvEKFo_aHCbNnl9S9DRWY4n0jxPoOdEikUkhwNqm67NT6DAId7v6p5qz1VHBueCsfekb5PIq65-wO2CQRt0lbzmD0Am24wgpEi1MI9Lhmfrej2fI&__tn__=%2CO%2CP-R
Facebook,Manila Bulletin,2025-08-17 00:00:00,several lakeshore villages including all 17 barangays in flood stricken talim island may remain flooded for weeks as the water level in laguna lake stayed above critical 12 50 meter mark as of 8 a m on july 30 several lakeshore villages including all 17 barangays in flood stricken talim island may remain flooded for weeks as the water level in laguna lake stayed above critical 12 50 meter mark as of 8 a m on july 30,https://web.facebook.com/ManilaBulletin/posts/pfbid02x4oJts9UgshbveyTxYHSLxZqcSenmifJRFvK7RTvhg9x2DuxAHwPvk9wtNxVMnuNl?__cft__[0]=AZUd6-C8Fg9yZxL1BvboY-3-I9LPkQDUrFQ_XAGY9bgY8Meue9NZ_ZsgIEw5xBd4fA3mBH0Cd0-IsJgdNoFobAZZ2ejQm00-QAZkmIxZ15d51LpSwtCXmsLPSXOxow1cxZ28Jcs13skTg6J0G3JES4gc27a_HwlXjprPUyJKhN9upOwbUh9AVEbGv1d-QgEHEzQ&__tn__=%2CO%2CP-R
Facebook,PHIVOLCS,2025-07-31 00:00:00,earthquake information no 1 date and time 31 july 2025 12 45 pm magnitude 4 2 depth 010 km location 15 14n 119 09e 093 km s 70 w of palauig zambales earthquake information no 1 date and time 31 july 2025 12 45 pm magnitude 4 2 depth 010 km location 15 14n 119 09e 093 km s 70 w of palauig zambales meron din kanina dyan 3 1,https://web.facebook.com/PHIVOLCS/posts/pfbid0GufezeDbb55wgSqwn6M9mnbJH2TEKaGETCmqMne5nL4XPeRW1NTeSBiR24x97KSol?__cft__[0]=AZWjehZeCFzPRbJd_Ru5RUEapkM8aO-jbFTW6E4so-voFa75k4E8qgLZx_hleaALrqRBdb1xwdEukZ0gudqPn82fCiYW6YIqpj-uQeJs1Is-r9EXBzQ83d8xZR8TmzfharlDv1nKHMW3YnnNmj7ihY9zGX-qC5ztklWSeUTDql9q8cFwRMK1OtA42nKvts87cAI&__tn__=%2CO%2CP-R
Facebook,Rappler,2025-08-08 00:00:00,watch ice seguerra comes out of comfort zone in new album ice seguerra who is set to release his first all original album being ice on august 8 talks about conquering inner demons via philip matel rappler watch ice seguerra comes out of comfort zone in new album ice seguerra who is set to release his first all original album being ice on august 8 talks about conquering inner demons via philip matel rappler,https://web.facebook.com/rapplerdotcom/
Facebook,untvnewsrescue,,inihayag ni senator risa hontiveros na nakapagpapahirap sa proseso ang dagdag na requirements sa impeachment process kaya naman nagiging hamon aniya para sa senado ang pag klaro sa mga lumalabas na katanungan at concerns kaugnay sa impeachment case laban kay vice president sara duterte inihayag ni senator risa hontiveros na nakapagpapahirap sa proseso ang dagdag na requirements sa impeachment process kaya naman nagiging hamon aniya para sa senado ang pag klaro sa mga lumalabas na katanungan at concerns kaugnay sa impeachment case laban kay vice president sara duterte pwde poba yung pagbaha muna unahin kaysa impeachment puro pansarili langsa pulitika ang nais ng mga senador na katulad nito nagtataka ako kung bakit nananalo sila gayong halata naman sa kanila ginagawa na hindi para sa taong bayan ang ginagawa nila tama nakasulat sa bible meron sila tainga pero hindi nakakarinig meron sila mata pero hindi nakakakita magising nawa mga puso at kaluluwa nila na magkaroon ng takot sa diyos at panginoong jesus,https://web.facebook.com/UNTVNewsRescue/posts/pfbid029yZ6bxkA4FXy4ew8TCMPbfD9v71KLAkKHHdE1qvo8ShxRDwMDHCd7xUMr7MRTBvhl?__cft__[0]=AZUp3l9010qqlSif81L8y9lSlJq4xrFB18psMTkWONkZutlcQf8EECiZf86linSEDzKm2tdGuhmClp_lg_YnS7Hbq1N6rj4H0qy4a7YebAvKbj--7TtHmRniXhNmzWC6cce-KVTi3AYWgdf7mglejBWIRN2oqjewnC-fsdmx1aer775FUyTOXn-Vt5dtyH0oSPo&__tn__=%2CO%2CP-R
Facebook,GMA News,,ilang indibidwal ang inaresto dahil umano sa pagtatapon sa maynila ng mga basura na galing pa sa ibang lugar via marisol abdurahman gma integrated news ilang indibidwal ang inaresto dahil umano sa pagtatapon sa maynila ng mga basura na galing pa sa ibang lugar via marisol abdurahman gma integrated news nangapitbahay lng po ata yang basuha,https://web.facebook.com/gmanews/
Facebook,SunStar Philippines,2025-07-30 00:00:00,editoryal ang 8 7 magnitude nga linog ang labing kusog nga niigo sa kamchatka russia sa miyerkules sa buntag hulyo 30 2025 sukad pa niadtong 1952 ang maong panghitabo nakamugna og mga kabalaka sa tibuok kalibutan sa usa ka tsunami nga moabot sa ilang tagsa tagsa ka lugar dili lang kini problema sa russia kini usa ka kamatuoran sa pacific rim nga nagpasiugda sa pagkadugtong sa atong planeta editoryal ang 8 7 magnitude nga linog ang labing kusog nga niigo sa kamchatka russia sa miyerkules sa buntag hulyo 30 2025 sukad pa niadtong 1952 ang maong panghitabo nakamugna og mga kabalaka sa tibuok kalibutan sa usa ka tsunami nga moabot sa ilang tagsa tagsa ka lugar dili lang kini problema sa russia kini usa ka kamatuoran sa pacific rim nga nagpasiugda sa pagkadugtong sa atong planeta,https://web.facebook.com/SunStarPhilippines/posts/pfbid0NyYNxQLLxFd5HnCyyFc8C7RiYEM9VaMVeqNtkjdMcT7H7nTwEGh8FL1u54asZj2Rl?__cft__[0]=AZVSw6dX3pg79hPpD5-NbOvcK0pOW8eTSnKyb_PgCSZ7DcsOKTLhOl5lcKGrDTN--rf1L5b6Drn1fAFSJYxFJ-bxGiiGLWH8JWsZl__s7jSIXS38d2yCBJQ7sAEUEibkeQo8bRsqvJZzQBheDng6K5KJumatbz7NY30jerY5udyoxQrGT9RW9B1QglWlHinBW_U&__tn__=%2CO%2CP-R
Facebook,untvnewsrescue,,nabuo bilang isang panibagong low pressure area ang kumpol ng mga ulap sa northeast ng extreme northern luzon base sa latest weather bulletin ng pagasa ang bagong lpa ay nabuo sa labas ng philippine area of responsibility at mayroong medium chance na maging isang bagyo sa loob ng susunod na 24 oras nabuo bilang isang panibagong low pressure area ang kumpol ng mga ulap sa northeast ng extreme northern luzon base sa latest weather bulletin ng pagasa ang bagong lpa ay nabuo sa labas ng philippine area of responsibility at mayroong medium chance na maging isang bagyo sa loob ng susunod na 24 oras stay safe always pray,https://web.facebook.com/UNTVNewsRescue/posts/pfbid0s8LoGVNo1Qb1KTYuDrVMYNmtjHRT6YwnESv5UrxgC4XsUfUhCFP6fNshmRWQiBacl?__cft__[0]=AZWRv4mWH3V-fIh92-JGJyBu4jNBjTK6um2PRW3myJ1alMSdODpzdTujj2b8cu__0h4kT0DjMXXLt2cjQ6YoNOpmUDDup0_7I8Apcd6IN3o1K864lHOMRAEVrdvDfqA3y8-SI7A3t3AMTsRxy1Itb5Ag33kv9rgFymaxRO2q1WIrlTNJjNaw_4c2t7_R1H1yFro&__tn__=%2CO%2CP-R
Facebook,PHIVOLCS,2025-07-31 00:00:00,bulkang kanlaon updated buod ng 24 oras na pagmamanman 31 hulyo 2025 alas 12 ng umaga filipino english volcano kanlaon alert level 2 status alert level pagtaas ng aktibidad volcanic earthquake 4 volcanic earthquakes sulfur dioxide flux so2 1547 tonelada araw 30 hulyo 2025 plume steaming 75 metrong taas mahinang walang patid na pagsingaw at panaka nakang pag abo napadpad sa hilagang silangan ground deformation pamamaga ng bulkan bulkang kanlaon updated buod ng 24 oras na pagmamanman 31 hulyo 2025 alas 12 ng umaga filipino english volcano kanlaon alert level 2 status alert level pagtaas ng aktibidad volcanic earthquake 4 volcanic earthquakes sulfur dioxide flux so2 1547 tonelada araw 30 hulyo 2025 plume steaming 75 metrong taas mahinang walang patid na pagsingaw at panaka nakang pag abo napadpad sa hilagang silangan ground deformation pamamaga ng bulkan,https://web.facebook.com/PHIVOLCS/posts/pfbid02yjERM4DaH4V9PV5ERA9nyGWj5QDWHmT8jQfnerahFQ6BJgKp4eBB5NNhYM54qR1Cl?__cft__[0]=AZU9lu0Bu8GehsWUHsXhdK2Jyj50sQIsXublICLN-aBaR-MfeHmN88St0awF_L4YdOLVx49ip3DC89Leej8FJFAACaRMzWw19qRzMfruendTxXOq9Pq0JQn0RQEot_vszHxi8DynSRu4RmoiDOkXqMnmwNVERYY0UTfRYdZeS9G__MK6Gs6GJStcQanFbI-84VA&__tn__=%2CO%2CP-R
Facebook,GMA News,,gaano nga ba ka delikado ang tsunami at ano ang dapat gawin kapag may warning na inilabas ang gobyerno gaano nga ba ka delikado ang tsunami at ano ang dapat gawin kapag may warning na inilabas ang gobyerno,https://web.facebook.com/gmanews/
Facebook,NDRRMC,2025-07-29 00:00:00,disaster response update ph us air forces work hand in hand to continue delivering aid in batanes as part of ongoing humanitarian assistance and disaster response hadr efforts in northern luzon the united states air force usaf deployed its cv 22 osprey aircraft to support the philippine air force s paf air assets in airlifting relief supplies to typhoon affected communities in basco batanes a total of 300 boxes of family food packs were airlifted aboard the usaf cv 22 osprey from clark air base pampanga to basco batanes paf personnel from the tactical operations wing northern luzon townol provided essential ground support during the joint ph us mission assisting in the unloading handling and coordination of aid distribution in basco batanes a day earlier on july 29 2025 the paf deployed its c 130 and black hawk aircraft to transport batches of relief goods to batanes and abra respectively the c 130 aircraft also facilitated the transport of locally stranded individuals lsis from basco to manila on its return flight source philippine air force read more disaster response update ph us air forces work hand in hand to continue delivering aid in batanes as part of ongoing humanitarian assistance and disaster response hadr efforts in northern luzon the united states air force usaf deployed its cv 22 osprey aircraft to support the philippine air force s paf air assets in airlifting relief supplies to typhoon affected communities in basco batanes a total of 300 boxes of family food packs were airlifted aboard the usaf cv 22 osprey from clark air base pampanga to basco batanes paf personnel from the tactical operations wing northern luzon townol provided essential ground support during the joint ph us mission assisting in the unloading handling and coordination of aid distribution in basco batanes a day earlier on july 29 2025 the paf deployed its c 130 and black hawk aircraft to transport batches of relief goods to batanes and abra respectively the c 130 aircraft also facilitated the transport of locally stranded individuals lsis from basco to manila on its return flight source philippine air force read more too late,https://web.facebook.com/NDRRMC/posts/pfbid023Vyq8zDDPzKyYFa2VEWNMEagbWPL5kCzv6nnLAM8niwxXjU6e5H1xLPvLe9amFXZl?__cft__[0]=AZXoXR04fWU8XXevHOtODih65fXReov74g8fwIf-9aJmsyF8vAoZhiGC-YluB34tWeyek6qP_kzbf8QfjOc-CtM8xCBk4rNccRrDDZBTaUE2Pi8WDzvQelYwwuU7sLCrDlEOQZL4dnoB-EMfK4VRj5_2-WNCph3PSfUUPphPKqWJptvqO3N_D2kamG8UVHDymCE&__tn__=%2CO%2CP-R
Facebook,Rappler,,far right figures distorted and exaggerated grievances to foster hate towards migrants in the uk how did they do this learn more about what shaped the uks anti immigrant disinformation ecosystem today download the nerves latest report here far right figures distorted and exaggerated grievances to foster hate towards migrants in the uk how did they do this learn more about what shaped the uks anti immigrant disinformation ecosystem today download the nerves latest report here rappler is pure bullshit george francis fausto of course a far right clown would say so,https://web.facebook.com/rapplerdotcom/posts/pfbid0yD6Dj7AqeCmrcXR1vN6u3Tx6jmyz5eKJp2XXbgkhkrnCErRmeZxtKLfWchh3hLSMl?__cft__[0]=AZWPot4S74C-zrtZ20rbrr3M6_q1AXsIn-QGzSFNpw_o8jxtN3Bb8YkQi00IRV5DfzNriEOpjNKPesy5gf9s3QsY_VAI8uRwoOOh7CiYKD_rySA1Ql35pnUdWWG8e_YwMeIkUGIwgzquthVrFFLtlTsBiHeyIpVGB4RwkmXXQRJ9G_XJF7AIklpLK8fOiMBQGjY&__tn__=%2CO%2CP-R
Facebook,Manila Bulletin,2025-07-30 00:00:00,watch agap party list rep nicanor briones came clean on wednesday night july 30 and admitted that he was the viral sabong watcher in the house plenary hall watch agap party list rep nicanor briones came clean on wednesday night july 30 and admitted that he was the viral sabong watcher in the house plenary hall,https://web.facebook.com/ManilaBulletin/
Facebook,Philstar News,,week of storms and monsoon rains leaves 37 dead the fatalities due to the combined effects of the southwest monsoon or habagat and three tropical cyclones last week rose to 37 the national disaster risk reduction and management council said check comments for the full story week of storms and monsoon rains leaves 37 dead the fatalities due to the combined effects of the southwest monsoon or habagat and three tropical cyclones last week rose to 37 the national disaster risk reduction and management council said check comments for the full story,https://web.facebook.com/philstarnews/posts/pfbid0m1jhJRkabFSr2Vj1tYHp3B8yCeSDwH9X7tdkB76heeTPbSKVkh2TPGEw4NWdNsgBl?__cft__[0]=AZUh30jUmPnA1T1pk-i--Jhw1BNtDv9uDfq9LNDbWcqKPCS-SM-YZshss3LWRd40HTp2sv-ct0EwkTYmPSEL7l5wmuLXL6Mji4edSktW4XTo9d4YpPH98JA_JhzurXm57AR7CokcTP-K2wurv2yVY30phipzn5cT5rTFFWRSvPg3zrgEVjvhOWfWbdMBA95XfOI&__tn__=%2CO%2CP-R
Facebook,Inquirer.net,,makabayan let coa review flood control projects dpwh cant be trusted makabayan let coa review flood control projects dpwh cant be trusted,https://web.facebook.com/inquirerdotnet/posts/pfbid02mxZPzwjHCg3yXA6DbqMi5ZgEEqFWZaj7iMRaxZuXtBn6EoPwVQ57ddpSTs3915i4l?__cft__[0]=AZVHR9OoUfl0w0qT-SeF4OunWy2QbNfRVi6wrMUU5YcLQWqbscAhzhdPUXixRD9x5mcRrWsT0UYA-cBKS0CGzCc2STgczBi-anIm1LAMEB7WJtZh1qKzMrt4CuAjPdWnv0OC8X8f_YNEHnQ3eeNbZTxizOJB7lbwdKJZvMfpMrRhwss5zWsTNQdNWidqAH_DevI&__tn__=%2CO%2CP-R
Facebook,SunStar Davao,,yangon a total of 2 851 people from 771 households were evacuated in myawaddy township kayin state due to flooding according to the myanmar fire services department on wednesday yangon a total of 2 851 people from 771 households were evacuated in myawaddy township kayin state due to flooding according to the myanmar fire services department on wednesday,https://web.facebook.com/sunstardavaonews/posts/pfbid031DWQKvpRrPL2RNFN1HFeQ61FA8Hu2X5UqbKMxAiqG9AMDSQExas92vMMW9mii6znl?__cft__[0]=AZVdr9ChGUBMJ9dNDDyV471f4SgjKB4vCKJ1upGMFhBkBgnAkkQkdeTPCLXiSN22CWCnarHBVj0r0jUtrHAjXU9E2K0_E-NGhxDjhatdAY7ZS4SLH2XNf5ox9kRs5VwBLlfKjoXOTmY_nBm3c2d6GU7MQ9_WQkA6nAwp9EtSNr8CFo6y6R7zgS3y_9XD2jrMA7s&__tn__=%2CO%2CP-R
Facebook,SunStar Philippines,2025-08-02 00:00:00,over 2 800 people were evacuated in myawaddy myanmar due to severe flooding from the swollen thaungyin river over 2 800 people were evacuated in myawaddy myanmar due to severe flooding from the swollen thaungyin river,https://www.facebook.com/SunStarPhilippines/posts/pfbid037V4w7qyGEPdpuUzXcAzDEKQSdB9pCuqYmtfsbqHYaZPhcAJ2GNRAJCJ9wGioGDdhl?__cft__[0]=AZXuThFRTmT0EqqD4miK5lCmIQQOn5SD5pJCnIjHqGrcNn3FllXZUzgHJw4S8Sgul1lWgvfsM609HytCiuZ03hEftD5uoqTXAt89kM3gcQx2VKCiq4K7dlHqlQfQ-7HjSWo3aH9Nw4KlajpLyNPjM6ILvubmAod1AaiptQehlKqGrYFC6tNQzOB_ZKOp97hwDys&__tn__=%2CO%2CP-R
Facebook,GMA News,,punong puno ng lubak ang kalsada sa macarthur highway sa apalit pampanga matapos ang sunod sunod na pag ulan dulot ng habagat at bagyo hanggang ngayon ay may baha pa rin sa lugar kahit wala nang ulan kuwento ng mga residente patuloy ang pagtatambak ng dpwh sa kalsada pero makalipas lamang ang ilang oras ay bumabalik din ang mga lubak at pagkasira ng daan abangan ang buong ulat mamaya sa 24 oras punong puno ng lubak ang kalsada sa macarthur highway sa apalit pampanga matapos ang sunod sunod na pag ulan dulot ng habagat at bagyo hanggang ngayon ay may baha pa rin sa lugar kahit wala nang ulan kuwento ng mga residente patuloy ang pagtatambak ng dpwh sa kalsada pero makalipas lamang ang ilang oras ay bumabalik din ang mga lubak at pagkasira ng daan abangan ang buong ulat mamaya sa 24 oras tongressman ft dpwh,https://www.facebook.com/gmanews/
Facebook,PAGASA,2025-07-31 00:00:00,as of 8 00 am today 31 july 2025 the cloud cluster northeast of extreme northern luzon outside par has developed into a low pressure area lpa and has a medium chance of development into a tropical depression within the next 24 hours all are advised to monitor updates from dost pagasa as of 8 00 am today 31 july 2025 the cloud cluster northeast of extreme northern luzon outside par has developed into a low pressure area lpa and has a medium chance of development into a tropical depression within the next 24 hours all are advised to monitor updates from dost pagasa good morning dost pagasa regarding the newly developed lpa northeast of extreme northern luzon do you already have model consensus or preliminary track forecasts e g from gfs ecmwf or jma also are there current indicators suggesting interaction with the monsoon or possible landfall scenarios once it enters the par salamat po sa updates,https://www.facebook.com/PAGASA.DOST.GOV.PH/posts/pfbid0qV145ZVYYJSnNjaLnGQS2MT1ULLvjUTsZD9wHPLAESQ3dDPKzJ4vEpGDHhCphFywl?__cft__[0]=AZXcbhgCh25Hj29kW6ZnrnH-o_h32jGn0NQ5bu2YzyjdxlZCc-2MhbwonUWtfTZ717tutMrvWGSuedAWroalSE_H2ZfwWhyBqHeRfdqooH9ADjEF6bSfKT9jgVPl_7ZQIo9hbqsyE50fuNjb2ze6ryfv4Qr9ih8MiNiZBrwUOivVeN4AJRc2W5dvH0tgLY_Ks3A&__tn__=%2CO%2CP-R
Facebook,untvnewsrescue,,pinarangalan ng philippine red cross ang members church of god international bilang religious organization na may pinakamaraming nai ambag na bag ng dugo sa lungsod ng zamboanga ang blood donation drive ay bahagi pa rin ng adbokasiya ng samahan na makatulong sa kapwa pinarangalan ng philippine red cross ang members church of god international bilang religious organization na may pinakamaraming nai ambag na bag ng dugo sa lungsod ng zamboanga ang blood donation drive ay bahagi pa rin ng adbokasiya ng samahan na makatulong sa kapwa milliong salamat sa dios,https://www.facebook.com/UNTVNewsRescue/posts/pfbid02mgqJJzgqMds9FYnyxqV99TgPZLSMdCzyPz3gm3vmog3EdPAqL9N6ijykYrtTYx34l?__cft__[0]=AZWu0Vue65L8qRWqRXEC4FY9y-EPpn6_7FxXchRFup92vTTPMQo3JFD0LeCZsLLPt1aEnHNMeTC7jNAPWviLDBIBcmEZIUuRKT4B8vv5aQZWwRqThoA9Q4NDd4yZlJHXiWEsEE_KtEB__wAUVTSdYX4mXuvwUxKN_nbqOznuBiRKw48KVCBILO93hMDcffwOvqc&__tn__=%2CO%2CP-R
Facebook,SunStar Davao,,megastar sharon cuneta graces the cover of a lifestyle magazine s beauty without bounds issue proving that true beauty only evolves with time at 59 the icon opens up about k pop candles confidence and the calm that comes with age inspiring fans to embrace every chapter of life with grace via sunstar cebu mega magazine facebook megastar sharon cuneta graces the cover of a lifestyle magazine s beauty without bounds issue proving that true beauty only evolves with time at 59 the icon opens up about k pop candles confidence and the calm that comes with age inspiring fans to embrace every chapter of life with grace via sunstar cebu mega magazine facebook ozempic is the key,https://www.facebook.com/sunstardavaonews/posts/pfbid0hegqcTo6XPxpQzp9vQfwJ7BaGAYGiYV3mrXCo7dy7qrq9AyPSR32at2QTmShUSvLl?__cft__[0]=AZVdqo7eN0MS-Bxpsmvj6kj1MwW9cIu20Y1Vw4J-qUFi9kyrQ_enxyQmG1BbHSDpb1KDnW26a84VDpO-ChLb-zDm7zJ-RPgq9eW7fFI8RB8gNrC_zHuRGSQcVf8WunLKPZECy6VI43e3gzmYOSEn17K_TDzZh9qqW3Ar_T9rjhqQNpYwyhQa8XMMUAWbsxwTjXE&__tn__=%2CO%2CP-R
Facebook,Philstar News,,tsunami warnings lifted after one of the strongest earthquakes ever recorded rattled russia s sparsely populated far east more than a dozen nationsfrom japan to the united states to ecuadorwarned citizens to stay away from coastal regions read tsunami warnings lifted after one of the strongest earthquakes ever recorded rattled russia s sparsely populated far east more than a dozen nationsfrom japan to the united states to ecuadorwarned citizens to stay away from coastal regions read,https://www.facebook.com/philstarnews/posts/pfbid0254xD1ouUj69Q6DAomai1UV67WYbj2JraRdzsf29oQVsPE8ye7Advbvh9j9pmZJWhl?__cft__[0]=AZXIsDuiqIsH0NxehjDQfBRyBSa9sF5HUVymQWWdm7x2Ylk9zOm41rXO-F_T7FIIWh1LLfhnkNUMaGR1fdyP23kd7nLngJ3KYry-1aDHCe6_hXx0V5d2Aol6QnK8Ua0_toZYkKsSvUGPb25FGAMc7TL_x2ef34PJ40_AH7vOHvTnmUamvIPspQUO-l61tcSLd5I&__tn__=%2CO%2CP-R
Facebook,PAGASA,2025-07-31 00:00:00,as of 2 00 pm today 31 july 2025 the low pressure area lpa 07j outside the philippine area of responsibility par now has a high chance of developing into a tropical depression within the next 24 hours all are advised to monitor updates from dost pagasa as of 2 00 pm today 31 july 2025 the low pressure area lpa 07j outside the philippine area of responsibility par now has a high chance of developing into a tropical depression within the next 24 hours all are advised to monitor updates from dost pagasa wag na sanang matuloy,https://www.facebook.com/PAGASA.DOST.GOV.PH/posts/pfbid0rq5znU8QKiLwK8aYosHXEadPYBiiQJZ1BSPbZn9HSiERtdDiYfCQFg71MqBg8zvvl?__cft__[0]=AZXoBOydEzFHGj9F48eriEaP1McN8FeMeEfYSmkcPkukDJf-dAzVvLYduUGNmkI2RXNRqO2l2pMi2rOudQlyou4RXE1c2Pg5-tUaHtooKfeH-QIP915GfCZVCS9R80AhLOq96m28UVHh7OEBtcYLTCnPEPGRB3o1dZaTySCSGjnRdxehvRwbgKAlXo2B1wkXCs4&__tn__=%2CO%2CP-R
Facebook,ABS-CBN,,isnt it absurd na directly proportional ang rise ng floodwaters sa increase ng budget sa flood control parang it doesnt make sense parang complete paradox said sen ping lacson isnt it absurd na directly proportional ang rise ng floodwaters sa increase ng budget sa flood control parang it doesnt make sense parang complete paradox said sen ping lacson,https://www.facebook.com/abscbnNEWS/posts/pfbid02XS19fMx2q9vBsoAFmT4528MfNkDxEUpSSPWctDxr1aMPrEZRTygekyKuyj6MY9VWl?__cft__[0]=AZUuwL6yGm6JyLPXEu8KjJnNsnCYLhAwrkiGrxhlfT-Q2ITgMZ8dPpHrlQEfLCrYW6KlGogh5MrTjXtPaHbTBt8jzyktgA5p3HgU5UFolTCj-PoYDrMk7Cip4kDgZrrbO9w3JnQC9hm9W2ZZVfb9-4sJONOSbK3Z4QpFiaJ7UWeVTQSX3CR9_ZVWVBHVvilC7mI&__tn__=%2CO%2CP-R
Facebook,SunStar Philippines,,sa pagtapontapon niya og pito ka teams sukad sa iyang pagsulod sa nba gibutyag ni chris paul nga daw gikapoy na sab kaniya ang iyang pamilya nga nagpuyo sa los angeles mao kini ang hinungdan nga grabe ang kalipay ni paul nga nahisakop siya pagbalik sa los angeles clippers tungod kay maduol na siya sa iyang pamilya sa pagtapontapon niya og pito ka teams sukad sa iyang pagsulod sa nba gibutyag ni chris paul nga daw gikapoy na sab kaniya ang iyang pamilya nga nagpuyo sa los angeles mao kini ang hinungdan nga grabe ang kalipay ni paul nga nahisakop siya pagbalik sa los angeles clippers tungod kay maduol na siya sa iyang pamilya,https://www.facebook.com/SunStarPhilippines/posts/pfbid0wWN7fttaPpt4MQiiuKKgNpckpzSTG9TQsPBLGvQpFLTuGYiyMu4DnU2VSjBv5VtZl?__cft__[0]=AZX2aEZWt0IHlJVE6vEMVlhpTblRyJ9CT2G6KpjTsH1xOG6gL9moYacXT2PCFMHXhU3psvOKTwPPzFqA0FgqsOZPn-wDL7_5W8OJJKf3m1TMXTTUNOUIDlVYgs1_-Fks9dsRrvTD75lmt2pzgZXa5IN18C1VZELMY2rPpxil_NiexbuCLV1enlpXtN5-Kk0257I&__tn__=%2CO%2CP-R
Facebook,Philstar News,2025-07-31 00:00:00,weather watch just in the low pressure area lpa 07j outside the philippine area of responsibility now has a high chance of developing into a tropical depression according to pagasa as of 2 p m today july 31 pagasa via facebook weather watch just in the low pressure area lpa 07j outside the philippine area of responsibility now has a high chance of developing into a tropical depression according to pagasa as of 2 p m today july 31 pagasa via facebook,https://www.facebook.com/philstarnews/posts/pfbid0Q7wZhdDKQNH8YidtdpbEyPE2TBWqaFsCsTZ1pq5wU4TG2e1DG3yYK5VMTVhvZcLkl?__cft__[0]=AZXyWRV8Ni7KwqP7eFo9xhNjx_IxdPNZmCZJPxYXpzIUM6S01iOLtE2gzkMYUKb2pKPpnjIGEibPqLH642S7BI3Lac2wNP2h5bcwssnsobOP-PVvyXS45RbvzQdKhcchoI6Cwya1l6u3h0IpINrVpcaZLnNARWQk5MontNNRrRyy0-JSChL8K21tj9kTWTLkwNE&__tn__=%2CO%2CP-R
Facebook,NDRRMC,2025-07-30 00:00:00,ocd oic asec raffy alejandro inspects relief staging hubs in clark to ensure swift relief delivery to batanes assistant secretary bernardo rafaelito r alejandro iv officer in charge of the office of civil defense ocd visited the strategic staging hub at clark airbase in pampanga on july 30 2025 to inspect the loading of relief items bound for batanes working under the directives of president ferdinand bongbong romualdez marcos jr and secretary of national defense gilberto c teodoro jr asec alejandro led coordination efforts to expedite relief operations in the aftermath of tropical cyclones crising dante and emong at clark airbase asec alejandro led a meeting with key partners the philippine air force paf department of social welfare and development dswd department of health doh and the united states state department the meeting was aimed to ensure the timely delivery of 6 263 pending food packs to batanes where communities remain isolated due to successive storm impacts source civil defense ph read more ocd oic asec raffy alejandro inspects relief staging hubs in clark to ensure swift relief delivery to batanes assistant secretary bernardo rafaelito r alejandro iv officer in charge of the office of civil defense ocd visited the strategic staging hub at clark airbase in pampanga on july 30 2025 to inspect the loading of relief items bound for batanes working under the directives of president ferdinand bongbong romualdez marcos jr and secretary of national defense gilberto c teodoro jr asec alejandro led coordination efforts to expedite relief operations in the aftermath of tropical cyclones crising dante and emong at clark airbase asec alejandro led a meeting with key partners the philippine air force paf department of social welfare and development dswd department of health doh and the united states state department the meeting was aimed to ensure the timely delivery of 6 263 pending food packs to batanes where communities remain isolated due to successive storm impacts source civil defense ph read more,https://www.facebook.com/NDRRMC/posts/pfbid0jivn5bkxf53jSt8RpEHrR6hkh24itFQxxmUPGeL3ufhzfavpYSeoDgUvcZ5zDupyl?__cft__[0]=AZWGe_gF63sxogzqdCjFSCkXmY8GFzWYOBSrLJ1_YYyy6xnVF6Un7PXK02VI-zk0gKM-cDWe3LQu18Csbe9DXeYe2uAtP-ElZi41GhEHPcm4Po-tYk1NkXijoUzwU80YqdY5w2wNuDqnVkl8Kku_Uq2ROjFvGZlhxZ1TFPEC4C5FhIWKSzlfUZ31aoKWJKw_Riw&__tn__=%2CO%2CP-R
Facebook,Manila Bulletin,2025-07-31 00:00:00,two people who are considered as key players in the abduction of some of the missing cockfighters or sabungeros are now under police custody after they were held and eventually transported back to the country the philippine national police pnp disclosed on thursday july 31 two people who are considered as key players in the abduction of some of the missing cockfighters or sabungeros are now under police custody after they were held and eventually transported back to the country the philippine national police pnp disclosed on thursday july 31 kabobohan yan kung walang sapat na ebidensya ay itigil na yan bobo sheen suba di pa kelangan ang dulo ng drama ay bumagsak k duterte yan ang goal nila,https://www.facebook.com/ManilaBulletin/posts/pfbid02aph26NE8pieqVJ7goYFteX196H3drUeppDeatXgeLvXEtJikZVWm6EWEiVbfLN3il?__cft__[0]=AZUw1fydQ2V2P5tZpgVGNB7prY7D_QlX9JZ6VY6zhjxHRxPdcFD26HePzevDmcuJw2HEDa5zaZS0h5N_bC0294hS8B1qQ3qcvi7AX4HoEdW0Wu_LcScWvIxRfHXxWV61En2hlqbPqYhb_9a9ttaqVz-eIBvvKF1ZJf475PY2ZxpZolmpvFTXytkx0HzizWohTpE&__tn__=%2CO%2CP-R
Facebook,PHIVOLCS,2025-07-31 00:00:00,earthquake information no 1 date and time 31 july 2025 03 10 pm magnitude 2 3 depth 033 km location 18 92n 121 10e 024 km s 29 w of dalupiri island calayan cagayan earthquake information no 1 date and time 31 july 2025 03 10 pm magnitude 2 3 depth 033 km location 18 92n 121 10e 024 km s 29 w of dalupiri island calayan cagayan,https://www.facebook.com/PHIVOLCS/posts/pfbid034Z2af4D4vTJ2hXxNBMiEfUB3zSdXZs8VMffvQNk3uFpNbryPGUoN82sRmjksnWYMl?__cft__[0]=AZVRkbc5xkmsKXUjvnysMtTENvrpbdGA5M1koVaPKbPLaul0Tib7ghIeKU68Nvfp3qZ8KRLCL0ezQLtdbbrbPzxrvvqJhQnu4tOkj-H99B5Lef1FvwWiwxZCDW-HgW14xqv4uzcDJOhiNwk1iTimacuyA4Vb_PwhnhONbvdysuoupeiAc6BMYZrvqHlsLL6qIFo&__tn__=%2CO%2CP-R
Facebook,ABS-CBN,2025-08-01 00:00:00,suspendido ang klase sa mga sumusunod na lugar sa biyernes agosto 1 2025 dahil sa epekto ng mga nagdaang bagyo at habagat lahat ng antas pangasinan alaminos public at private bani face to face classes only public at private pampanga masantol public at private san simon face to face classes only public at private hanggang senior high school benguet face to face classes only public at private i refresh ang post na ito para sa updates suspendido ang klase sa mga sumusunod na lugar sa biyernes agosto 1 2025 dahil sa epekto ng mga nagdaang bagyo at habagat lahat ng antas pangasinan alaminos public at private bani face to face classes only public at private pampanga masantol public at private san simon face to face classes only public at private hanggang senior high school benguet face to face classes only public at private i refresh ang post na ito para sa updates,https://www.facebook.com/abscbnNEWS/posts/pfbid05mUFWDp2apKqeCjQKKPrQkxdp8EqzBJQ6c6VgbHMin8TvZSbtonDsGqtxYvYhcTgl?__cft__[0]=AZX9dxXL06hOVFbJBHHAynOQ_Rilz8gCnssyDg3lIkGYcLoBWQmJOaoUnjiE2ENNB2m2-a3vxyd2R8OQ3aerZif5MxCOe-G5Eiac1QabHEf6CRfE716n9K_ohsTkvwR0ut7mQf3-SNfeFih3SCICdPOht57QSUN-ZhlBwDFzLxKGrFat3lzC3acMjcbcBUzXAoo&__tn__=%2CO%2CP-R
Facebook,PHIVOLCS,2025-07-31 00:00:00,earthquake information no 1 date and time 31 july 2025 05 43 pm magnitude 1 5 depth 028 km location 18 74n 120 76e 020 km n 08 w of pagudpud ilocos norte earthquake information no 1 date and time 31 july 2025 05 43 pm magnitude 1 5 depth 028 km location 18 74n 120 76e 020 km n 08 w of pagudpud ilocos norte uyebtf,https://www.facebook.com/PHIVOLCS/posts/pfbid0KPVkiKZgQmqcuDc24Tzs1VUeAH7HdPLXuoR4U9kHdqRdTGaRJKfJDU9HcXsWnHCal?__cft__[0]=AZVhaO090XVu-45YfYdz5HX5EBd9TfXPlgc44GqdJYwuE77QoFPQylmX0J3WHa2WSKPtSyZW9c2VgpHt_pmwE5zs20vPWgWm4_vupmcWmrvlrT1DrEifs-P6jD97T2em7QIfcEAwyzvAdCyaOj_YjS70ncTlqOvT2suFau4lwYoMOwxvItrBUmiYhPKvMILsAME&__tn__=%2CO%2CP-R
Facebook,mrpsd.com.ph,,potential storm may enter par this week keep monitoring for updates fabian mapayo gadpa sagaw sir gracel gabica bayang adowa san di da ako matingala kong madaeg maga balikas,https://www.facebook.com/mrpsd.com.ph/posts/pfbid0XjNLzorMsaD2EwsiiWqjcziM5xH5A1cnZ8zvQhRTJbLr8BhFeK7hfhjcyK3Mzz3al?__cft__[0]=AZViJA2U2XMFC_UcclziIUXO0tcSpe8NHl-LLpGWswZGrjA9KQnIFlvjL2Nh-ZxpbOFKHUFLmvFNlHohRcteR3VtWDE-ejGnYUUAOl54T4V-7UJkreZCZr1dzLyc4D6TCdmCnNatYbwE55gORomY65sPPtxj52u4cPAgfPtABwU5IlUvzdbcE5iS6bXQf1T6WM4&__tn__=%2CO%2CP-R
Facebook,Rappler,,commuting is about survival planning and having the right gear to make the commute bearable here are a few things that we found useful get this windproof folding umbrella get a high ankle silicone shoe cover anello acqua small backpack plover windbreaker read the full list rplr co commuteressentials note this post contains affiliate links we earn a small commission every time you shop through these links commuting is about survival planning and having the right gear to make the commute bearable here are a few things that we found useful get this windproof folding umbrella get a high ankle silicone shoe cover anello acqua small backpack plover windbreaker read the full list rplr co commuteressentials note this post contains affiliate links we earn a small commission every time you shop through these links,https://www.facebook.com/rapplerdotcom/posts/pfbid02HoRyYFRWMx4e7vP2tEn4QthkxGfc9UZuXvpuCchCafMn34nJiF7r31hCu6L1bN55l?__cft__[0]=AZVA7XQv1xpqp9ukKfjd0Q0aOWx1N-OpCnYelKVwDbk3IL4OaaRr7IWVUOZaqd0mLGonP31GvpZLaHJ2qyV95ZqbMBHEiGihY8rrhUsbUwPHwtOtqR4lW45i-OZ53SAZSEKTmKvYqJxAXDEM3Je5P-UtiuCHmUOCRh5d_HReCRTVMr_z94XqvY60q95Q_r32hZM&__tn__=%2CO%2CP-R
Facebook,PHIVOLCS,2025-07-31 00:00:00,earthquake information no 1 date and time 31 july 2025 06 26 pm magnitude 2 3 depth 006 km location 08 89n 123 14e 023 km s 33 e of siaton negros oriental earthquake information no 1 date and time 31 july 2025 06 26 pm magnitude 2 3 depth 006 km location 08 89n 123 14e 023 km s 33 e of siaton negros oriental,https://www.facebook.com/PHIVOLCS/posts/pfbid02dpLNkcFnw3LLQQ1SkZs2F85Y7SGe3Vm3acTakDeXJaxSfNs3miZEr6hu55BXkiUVl?__cft__[0]=AZUYRrbtZXC7ARcSamcjRzVgZnqwwbOA6I2BwxQuA2of2iVX1NC3kR75VFdyCkB3KyvCGnsLF6qVIqiF4IK9rhKtbS0yWgyfO8PtQorUkreIbad2CNy-D82lBJ3yKZgPYrEbc3J2RX-_6EohjmNkpSfT3x3wPS2gFoKxySBYRzU5rjne4wJzK7GmP2O9JBvas9c&__tn__=%2CO%2CP-R
Facebook,mrpsd.com.ph,2025-08-31 00:00:00,at least 60 dead in north china following extreme rain authorities say extreme weather killed at least 60 people in northern china over the past week with 31 deaths in an elderly care home in beijing s hilly miyun district in one of the deadliest floods to have hit the chinese capital in years in beijing 44 people were killed and nine were missing as of midday thursday deputy mayor of beijing xia linmao said at a press conference at least 60 dead in north china following extreme rain authorities say extreme weather killed at least 60 people in northern china over the past week with 31 deaths in an elderly care home in beijing s hilly miyun district in one of the deadliest floods to have hit the chinese capital in years in beijing 44 people were killed and nine were missing as of midday thursday deputy mayor of beijing xia linmao said at a press conference,https://www.facebook.com/mrpsd.com.ph/posts/pfbid037zLUGvbmCQZTPp22BBYovEV6rEiKWkLZWzrr6aDksJzzEXn2cMwNC3w9awrrFKY3l?__cft__[0]=AZWXINzJILQXl4c1ktxqHBOs1DTEv3lUbhgr0a00Ac2k8uqzpbnX2xTJ8avV7FIqTHN_a0hnry0vZOS_3Wb_zsJeJPHnx8Y-6vpAGpZsKloWfTQcRK2r2Y_hGwpdCyzlOfVnVaVYJ6otwQEF8AEUlGEMzPwgApJ8OB63GyH1H8mzneLRC6CXay74f99ojcm1xY0&__tn__=%2CO%2CP-R
Facebook,ABS-CBN,2025-08-06 00:00:00,inaasahan ang katamtaman hanggang sa malakas na pag ulan na may kasamang kidlat at malakas na hangin sa tarlac zambales bataan quezon at pampanga sa susunod na dalawang oras ayon sa inilabas na thunderstorm advisory ng pagasa kaninang 6 39 p m huwebes hulyo 31 inaasahan ang katamtaman hanggang sa malakas na pag ulan na may kasamang kidlat at malakas na hangin sa tarlac zambales bataan quezon at pampanga sa susunod na dalawang oras ayon sa inilabas na thunderstorm advisory ng pagasa kaninang 6 39 p m huwebes hulyo 31,https://www.facebook.com/abscbnNEWS/posts/pfbid0yV333w132DAwumiX9Fn3kHebBjXFC8M24raMCHgpcSLoCNyw6dmn2NXRQBJCk2M3l?__cft__[0]=AZV3bNKbSn6ti_VWg4iDXDrujqBxkiKKgiQ0FzeFmPCmss-vzHwtRHtHxuqmOdRH-20EkdHqdGeBwAyaxCmd1kRGCtxeEZIP4KNBmpC72GQHmCcJVKMA8R7TAlWJa3mfFOYqL6E4ViQTzkEbouhT8-wHa97X5ILC1HVbp-hgL_PiCdNf1E8gMyguaW0JuwiBkAM&__tn__=%2CO%2CP-R
Facebook,Manila Bulletin,2025-07-31 00:00:00,the daily rundown july 31 1 briones admits he s the viral sabong watcher says photographer should apologize read read more 2 duterte wants roque to stop interfering in his icc caselead counsel read 3 new army chief vows to focus on preparing soldiers for modern warfare read 4 habagat rains ease across most of the country pagasa read 5 thailand and cambodia ceasefire holds despite reports of skirmishes read the daily rundown july 31 1 briones admits he s the viral sabong watcher says photographer should apologize read read more 2 duterte wants roque to stop interfering in his icc caselead counsel read 3 new army chief vows to focus on preparing soldiers for modern warfare read 4 habagat rains ease across most of the country pagasa read 5 thailand and cambodia ceasefire holds despite reports of skirmishes read,https://www.facebook.com/ManilaBulletin/
Facebook,PHIVOLCS,2025-07-31 00:00:00,earthquake information no 1 date and time 31 july 2025 06 51 pm magnitude 2 8 depth 002 km location 19 31n 121 24e 022 km n 10 e of dalupiri island calayan cagayan earthquake information no 1 date and time 31 july 2025 06 51 pm magnitude 2 8 depth 002 km location 19 31n 121 24e 022 km n 10 e of dalupiri island calayan cagayan keep safe dalupiri island,https://www.facebook.com/PHIVOLCS/posts/pfbid0NDChY7ur2z7Ta4mzCSKzhkeXXnZ1nesLb4qxUGi2jUPDJniGH62VM3Z5FsCY2AFDl?__cft__[0]=AZUhMzqRaLTXSm7ugkd2BHS20DrhQdLx7zQ5t_38H-XKKR-nUKmsDaHfXi2zV07RYCf4XlAiyLTtzsEUJzs3S6h4PCyjNJdXNtP41tocU1YN3brNc-9Zc4loIQy0HFLyXGkd5AfwLDb--IAU1F4FqnIMgt6smDMYBo-Ejn24IneMGmEJs5NiydpWcXvrfjSHB0c&__tn__=%2CO%2CP-R
Facebook,Philstar News,2025-08-10 00:00:00,kamchatka earthquake is among top 10 strongest ever recorded heres what they have in common via interaksyon kamchatka earthquake is among top 10 strongest ever recorded heres what they have in common via interaksyon,https://www.facebook.com/philstarnews/posts/pfbid02Fp76jU4bqsnkdayYSK5ZCj7YgfoLB67F856SVj1zdbzqbLa6KbFFX9rjMAEY1r8rl?__cft__[0]=AZVpg7cfEN1AE7lAyH8OPIGRBrN2KSN45xBzH9mwf2JL7nOO4utfIOUWf1fM4eE13A2YTb26XjtZXx7DmdcrVBuuVgnkwkuzEw9zRoXBBlyJg5IIw_LiXebjtHd3ZxoJCpZaUtr1QcBc7MsJhQ32SgeL4Bc6s4xquEgV2EBooznJBTJY3wxUwsStVCMd5PBvMRw&__tn__=%2CO%2CP-R
Facebook,untvnewsrescue,,kinakitaan umano ng kapabayaan si philippine national police chief general nicolas torre iii at ang ilang opisyal ng pambansang pulisya sa imbestigasyon sa pagkawala ng aktibista sa bicol na si felix salaveria jr sa desisyon ng court of appeals sinabi nito na may negligence sa bahagi ni torre na noon ay hepe ng cidg kinakitaan umano ng kapabayaan si philippine national police chief general nicolas torre iii at ang ilang opisyal ng pambansang pulisya sa imbestigasyon sa pagkawala ng aktibista sa bicol na si felix salaveria jr sa desisyon ng court of appeals sinabi nito na may negligence sa bahagi ni torre na noon ay hepe ng cidg kinakitaan ng kapabayaan naku baka i promote ni marcos yan bukas sa 5star general,https://www.facebook.com/UNTVNewsRescue/posts/pfbid02BWfnyLcFcLcWNUVYthqGpY8E6DvkMazjzBiVEqhyPUuWHJrRLas4JHQmjAMM6Hntl?__cft__[0]=AZUWjfztc-QaO-2kIbgwOQT2AprbAAmhMSIwx2JRrYDJS4H60xLkE-Dul5nDXWJKWFeocD_aK4U3pHQAHj58PxL8aGPQlv-xAoaXxmJUiyTLkYdKQRqx6Agc5F9BO_ovEXr1oabIohENVboFbdfbog_EHAA_Xadnf_NHH_UxT8bG5Mc94lyV_hQrj_mZVjp1xR4&__tn__=%2CO%2CP-R
Facebook,PHIVOLCS,2025-07-31 00:00:00,earthquake information no 1 date and time 31 july 2025 07 06 pm magnitude 2 4 depth 007 km location 13 46n 121 46e 032 km n 73 e of city of calapan oriental mindoro earthquake information no 1 date and time 31 july 2025 07 06 pm magnitude 2 4 depth 007 km location 13 46n 121 46e 032 km n 73 e of city of calapan oriental mindoro,https://www.facebook.com/PHIVOLCS/posts/pfbid0T9swQ86F1DHfNs9A1WAtDXs3M8R8dKrpdc8vaMHpUgRtBgHmzoSFgcFavtQ7cRUpl?__cft__[0]=AZVKpbNx62sAmMfKgrHgypX7ahJh-Fphmr2b5FIfvXalKCzJ3kakex8BgPsAVBo9IddyXuSzEN2EChsoHaSUdJ3SYhZuZBoaOKSjnMkpheN1_x04IXR5PVepqE3PShjWALZEgoJt5uZiUU1c3rSHvi-8qAcFHvEGx9kveVofg_L1m6slvQcAYnp5_XdVKwaMhGk&__tn__=%2CO%2CP-R
Facebook,Manila Bulletin,2025-07-31 00:00:00,the department of social welfare and development dswd on thursday july 31 warned the public about text messages that falsely claim emergency cash assistance is being provided to flood affected residents in metro manila the department of social welfare and development dswd on thursday july 31 warned the public about text messages that falsely claim emergency cash assistance is being provided to flood affected residents in metro manila,https://www.facebook.com/ManilaBulletin/posts/pfbid07R92Gzbhg6KK5StSif4zLcpRYivmgMztV4M57LcDtm1rL8u5JDntV39VTkCMtQFJl?__cft__[0]=AZXc1Q8r2iJOtfJQxy8n8awMVD0kpfKU-AFJK_9mZfha1xpGWjIMVspBalc9WVauGo_SDxEEg64sH48N3Gaa9UgT0x7l3Bbq5IBVF9--7Y4PIb00PVfN0_2dffx8xXceyoSjiwQnZUcBjrdahovK4LZi-RXUNzjiP_qyTTs3BC5cNaKYM8r36oD97tP7DBEonEU&__tn__=%2CO%2CP-R
Facebook,ABS-CBN,,tingin ng comelec na aaprubahan ni pangulong ferdinand marcos jr ang panukalang batas na mag uurong sa barangay at sk elections sa 2026 tingnan ang comments section para sa buong ulat tingin ng comelec na aaprubahan ni pangulong ferdinand marcos jr ang panukalang batas na mag uurong sa barangay at sk elections sa 2026 tingnan ang comments section para sa buong ulat,https://www.facebook.com/abscbnNEWS/posts/pfbid0ddrNucLh5ZWq3PJncRUU42szaKVwATeXYbQS6rjdr9C3zjm1pnoTfuqZZD2MPQ35l?__cft__[0]=AZW_6kWA8Ae4C_qrDQ3YeFRBE_YlU3G1fTon1rf34somAKRzbyjPlF3rh-bU2L2RGL-gCMaucHg237kzvwo5R6JV9MDOdDRitlZ_deJOBJgTYbImwPYPpuCo3rigY7OJxVNo_kFir2HmGze3EAPw43cF8W2e_TVlq5qwhHUzD9yBsTafrtX1dC_GdYPP-T0j5YY&__tn__=%2CO%2CP-R
Facebook,SunStar Philippines,,a retired court of appeals justice criticized a cebu priests post retirement role warning it may cause discontent among younger clergy a retired court of appeals justice criticized a cebu priests post retirement role warning it may cause discontent among younger clergy,https://www.facebook.com/SunStarPhilippines/posts/pfbid0gK3ESNBLTDfy1C34iTheTiLG6c8tg18zKVhtunfSBvLTiWwQNNisNqR6aL12rAoDl?__cft__[0]=AZUaR1urbyIBK4OPJztL_uskbp46F7EmLiwH6EIj9qEBGhCSuZ51kzgTpFsK7XMWaiK7lnz_TrXhJU0ussiVl9Bgd43zt943HV7gwcFA88OILX1mChFxSvaT23Ra2CcuCuRWCB1COiwCWuv2bvA0i8mDDxj58ETh01oqT_uHgTp-JQMoum3xLib20oTNqm0jWgs&__tn__=%2CO%2CP-R
Facebook,PHIVOLCS,2025-07-31 00:00:00,earthquake information no 1 date and time 31 july 2025 07 27 pm magnitude 2 4 depth 002 km location 13 74n 122 68e 015 km s 56 w of ragay camarines sur earthquake information no 1 date and time 31 july 2025 07 27 pm magnitude 2 4 depth 002 km location 13 74n 122 68e 015 km s 56 w of ragay camarines sur,https://www.facebook.com/PHIVOLCS/posts/pfbid0NiabWdwDmYQ1ohAy2gWaCGALnygGALTdCrQeLzGtdv8oTMCA6oEbdUU3f1Vsh3Z9l?__cft__[0]=AZUqcF7rthLeWu2MpxWj-HuWvf7-w7QztdQnHMy_l-V5Vi77vx7EAryi-5A8gyadP-i9R-qtQj3gqiKAaS8j6CY4bkfP_5xHEq1Aka9s_GfSySErcc_sqZR_EaLUXzusvIuRRDQz7By29bZ5CXiySLbG7Pc9tD4nKTACIlUDkBk2u-_XZEgAlVCo-JTr54PvIVM&__tn__=%2CO%2CP-R
Facebook,GMA News,,lubog pa rin sa baha ang ilang bayan sa pangasinan na naapektuhan ng mga nagdaang bagyo at habagat nagpakawala pa ng tubig ang san roque dam lubog pa rin sa baha ang ilang bayan sa pangasinan na naapektuhan ng mga nagdaang bagyo at habagat nagpakawala pa ng tubig ang san roque dam sa dagupan baha na bago pa mag habagat ng malakas at bagyo sana maayos na yung drainage dyan,https://www.facebook.com/gmanews/
Facebook,SunStar Davao,,back in elementary we had this subject called hekasi heograpiya kasaysayan at sibika it was there that i first learned about the three branches of government the executive the legislative and the judiciary they were introduced to us as coequal branches each one meant to balance the power of the others the executive enforces the laws the legislative creates them and the judiciary interprets what the law means these were not just lessons in class they were ideals that shaped our understanding of democracy back in elementary we had this subject called hekasi heograpiya kasaysayan at sibika it was there that i first learned about the three branches of government the executive the legislative and the judiciary they were introduced to us as coequal branches each one meant to balance the power of the others the executive enforces the laws the legislative creates them and the judiciary interprets what the law means these were not just lessons in class they were ideals that shaped our understanding of democracy,https://www.facebook.com/sunstardavaonews/posts/pfbid0vHVEEN4qtCfYUcE5pbS5yj1EKz9T2MNV9cfS4cTc1QnLU1cVdtphnVGDhjzzA2Lrl?__cft__[0]=AZXmuDJhRGuCrNr2Zkufnbqee0yOyQ9SlXMbrjQGbiOCX83hu0YEvi7jtYLDYbOPKwzlAheoCSwuqgqYZ2RqkXrJi09q2nT6W58LMFa-frhGl2qiFMMemTfZb5WhQH2kE2dYVw-E4FIWJKOHrIuo2ypWkZOxxv1dQvDZ2wGkJnDlav0tq5Q73cG7RO_bzQRusTw&__tn__=%2CO%2CP-R
Facebook,Inquirer.net,2025-08-04 00:00:00,heres a quick roundup of todays top stories marcos to go on state visit to india from august 4 to 8 read more 4 senators sign resolution appealing sc ruling on sara duterte trial read more sabungeros case no dna extracted from bone fragments recovered from taal read more missing link siblings of e sabong whistleblower patidongan now with pnp read more sss sets 3 year pension increase without contribution hike read more lpa outside par likely to become tropical depression pagasa heres a quick roundup of todays top stories marcos to go on state visit to india from august 4 to 8 read more 4 senators sign resolution appealing sc ruling on sara duterte trial read more sabungeros case no dna extracted from bone fragments recovered from taal read more missing link siblings of e sabong whistleblower patidongan now with pnp read more sss sets 3 year pension increase without contribution hike read more lpa outside par likely to become tropical depression pagasa it can be seen as a violation of the ethic code of conduct for lawyers to publicly criticize the decisions of the supreme court as an officer of the court lawyers are expected to maintain the integrity and impartiality of the legal system and respect see more,https://www.facebook.com/inquirerdotnet/
Facebook,SunStar Davao,,kakaibabe pbb celebrity collab alum and kapuso star az martinez wowed netizens as she stunned in a lilac terno during her tv guesting fans couldnt help but gush over her elegance and fresh beauty onstage perry tabora instagram via sunstar cebu kakaibabe pbb celebrity collab alum and kapuso star az martinez wowed netizens as she stunned in a lilac terno during her tv guesting fans couldnt help but gush over her elegance and fresh beauty onstage perry tabora instagram via sunstar cebu,https://www.facebook.com/sunstardavaonews/posts/pfbid0aJLB9FJxApm8fVHetjc4baJVNvgQ69o9ijJUZsePTF8NgAxjpEgdzZ3vfjjGoEHRl?__cft__[0]=AZXHegmWe9vnncfoRbA-XBc2JbOpoD5qBrU6T_tjImMF0xUStZihBEN_w6yMklTYfuHp_6lP-Dw9SPVBElJF0Pa8de2_T-FMRtGF0LufdD_Gf0koe-D5SuHfJdDpVAFEF6_O9B6aLMRILM6Fnj5h3HnVMvyY51iwCREaNKFj9IckLwxs0bnpEleIOqp2m25yB_A&__tn__=%2CO%2CP-R
Facebook,ABS-CBN,,may habagat pa rin pero mas nababawasan na ang dala nitong pag ulan kaya magiging maaraw at mainit na sa maraming lugar samantala isang low pressure area ang nabuo sa hilagang philippine sea sa labas ng par posibleng maging bagyo ito sa susunod na 24 na oras at tatawaging fabian sakaling sumilip sa par wala itong inaasahang epekto sa panahon sa bansa wala ring ibang nakikitang sama ng panahon hanggang sa weekend may habagat pa rin pero mas nababawasan na ang dala nitong pag ulan kaya magiging maaraw at mainit na sa maraming lugar samantala isang low pressure area ang nabuo sa hilagang philippine sea sa labas ng par posibleng maging bagyo ito sa susunod na 24 na oras at tatawaging fabian sakaling sumilip sa par wala itong inaasahang epekto sa panahon sa bansa wala ring ibang nakikitang sama ng panahon hanggang sa weekend malusaw ka na please,https://www.facebook.com/abscbnNEWS/
Facebook,ABS-CBN,2025-08-04 00:00:00,higit 4 000 indibidwal pa ang nasa 29 evacuation centers sa calumpit bulacan dahil sa baha ang ibang residente mas piniling manatili na lang sa kanilang bahay kahit lubog pa rin sa tubig via johnson manabat abs cbn news higit 4 000 indibidwal pa ang nasa 29 evacuation centers sa calumpit bulacan dahil sa baha ang ibang residente mas piniling manatili na lang sa kanilang bahay kahit lubog pa rin sa tubig via johnson manabat abs cbn news,https://www.facebook.com/abscbnNEWS/
Facebook,GMA News,2025-08-01 00:00:00,classes for friday august 1 2025 have been suspended in some areas due to the continuing effects of recent inclement weather classes for friday august 1 2025 have been suspended in some areas due to the continuing effects of recent inclement weather sa mga binabagyo lang yan,https://www.facebook.com/gmanews/posts/pfbid0eRPi6tRcNWSWDm1zn9d3tepTANdJtJxioddq4CBAA8Agc74pm328nTKwF5rJHwKjl?__cft__[0]=AZWK6pPSwWNOO5ao2Ajy0FJoHuwEMRBVoSiOpJQxCN9LyTrCqB2B9VBoSqFGcLluAeqHSqiYjwQweC2NPzVO45JvGOO0ym6IEvMObTBiZjHab-P01kyMdbkQu-4uKEs--VjId92per6Vqd1urk5FOrvf82zOopXt0vXjV47zvgcxVFs10Kjc7eYwQyCr_Hrhtvo&__tn__=%2CO%2CP-R
Facebook,Philstar News,,road hazard alert a trailer truck is stalled after getting stuck in an open manhole along edsa bagong barrio northbound as of 7 41 p m on thursday according to the mmda the agency said three lanes are occupied and its enforcers are already on site mmda via fb road hazard alert a trailer truck is stalled after getting stuck in an open manhole along edsa bagong barrio northbound as of 7 41 p m on thursday according to the mmda the agency said three lanes are occupied and its enforcers are already on site mmda via fb,https://www.facebook.com/philstarnews/posts/pfbid0mxLnhm7tn4m7S4WFkofmkYM14DfoKJYL5uo4U6ViJpCrZiCPFJNppQxEhYkNBSVul?__cft__[0]=AZV9wslFl06CPO0_XyE0PeglwYGDBQXX7MSTsRxcCKAb6ozn9AcMvHy2ZA2tL0km3fhM2sXKoTM_Sm_LC44z1tL3mL3NBZIEfip3o8vF7-8HvbeU7oVrEYRYmGR_mXnWCTd-nRKsrUB9w4yJHgBTub4aBzgYy7JIeOe-fEaLci7Z4evFYal86E_t-oCj5BgXLJw&__tn__=%2CO%2CP-R
Facebook,SunStar Davao,2025-07-30 00:00:00,brazil stormed into the womens copa america final with a commanding 5 1 victory over uruguay in tuesdays wednesday july 30 2025 ph time semifinal powered by a brace from standout striker amanda gutierres brazil stormed into the womens copa america final with a commanding 5 1 victory over uruguay in tuesdays wednesday july 30 2025 ph time semifinal powered by a brace from standout striker amanda gutierres,https://www.facebook.com/sunstardavaonews/posts/pfbid0FXj1M47UBLTAum8eEvuFSbKWntMVeqDvPSQ3ktZG5djrRd94dKBqY6t2ni3tDgovl?__cft__[0]=AZW9uonRVJ-p5mO0Hv8ULGFWqsQ_ay27QPH1kCcDWAk-1byClDxe1IphtiuM6IHyXaQU1qeuiQtk4pwEBM6d3rsMxjDQrnj47SNsSeOAetJtfQfpA7JBMUO6Ss3MDuWePMH0s3QSxOxvfzyKhRNS3cvMzYU3wFJoYy6Ybd43ukRi-aGxNezUJy1NA0njhuydOdE&__tn__=%2CO%2CP-R
Facebook,PHIVOLCS,2025-07-31 00:00:00,earthquake information no 1 date and time 31 july 2025 08 17 pm magnitude 2 9 depth 002 km location 08 13n 126 92e 057 km n 80 e of lingig surigao del sur earthquake information no 1 date and time 31 july 2025 08 17 pm magnitude 2 9 depth 002 km location 08 13n 126 92e 057 km n 80 e of lingig surigao del sur aroy kakasabi lang yan yung pwd mag creat ng tsunami sa pinas,https://www.facebook.com/PHIVOLCS/posts/pfbid0gDUDMGKvwrB7NoCSqL3Fswdz9CoY7E375z5Fqpog4BAq27zqHr6rY1mCX5TA5nF4l?__cft__[0]=AZUEaj8HicXyTvCPMLdsFn1uOqh17y-ts_3Hfgvo_K1AmRUzSwtPRMiN_1_1TEkXMtjB_M9pgy_NENP5EVL0kyXHNUVbFlZcXwZusYxBXJXCIkFc-3SxXiojC1_70K1VaIZlxQ2xpj8sPc5pwoD9ArPvCAodFcfieLACE4ZxOtnPESmTWDJ2rznJ2UVsfn65QCE&__tn__=%2CO%2CP-R
Facebook,SunStar Davao,2025-08-01 00:00:00,james halasan ryan a filipino british hooker who last played for the philippine junior volcanoes in 2018 made a powerful comeback with the mens 15s team helping deliver a stunning 236 win over thailand to claim the unions cup title in their asia rugby championship division 1 debut on july 12 in kaohsiung taiwan james halasan ryan a filipino british hooker who last played for the philippine junior volcanoes in 2018 made a powerful comeback with the mens 15s team helping deliver a stunning 236 win over thailand to claim the unions cup title in their asia rugby championship division 1 debut on july 12 in kaohsiung taiwan,https://www.facebook.com/sunstardavaonews/posts/pfbid02phTfR4WTpT9raFhXBKmBaARY4tTqyyab2ngczGhGUmXhXRkbw5Ekir722qnhwzVdl?__cft__[0]=AZXzLI4JuWU72hgELVcBQRdV9PuRlBKtHegtw-4M1cWrPsbHhOOSD1K9uFg_yfU5yKJ4VB9O06otrjFVP-pUxnSlN3jRTsttyll3-ZS0v0OqImmeWeMrOAYKUJTIGWcSoWv2GUKM3fay39KZ8t78GLmUk4eXJ3MPDun3PsLLUigyMF-jAT25HJ5RaRc11UYfdfQ&__tn__=%2CO%2CP-R
Facebook,PHIVOLCS,2025-07-31 00:00:00,earthquake information no 1 date and time 31 july 2025 09 29 pm magnitude 2 8 depth 062 km location 17 23n 120 37e 010 km s 49 w of santiago ilocos sur earthquake information no 1 date and time 31 july 2025 09 29 pm magnitude 2 8 depth 062 km location 17 23n 120 37e 010 km s 49 w of santiago ilocos sur,https://www.facebook.com/PHIVOLCS/posts/pfbid02CN2qzwkPELcmkJEGvomXYmC2VsAAoPs3hJTZHuPib4SZSYYnw9evtSc17y7woPE4l?__cft__[0]=AZXUZTlJmQWLNqFdXECfd5zAyC70y_fVkAhIdiVUJ2U4i_NDHP1bNrYOhS79vR1DITVhYbmJT4FNj6LRCCpC_qs_lyMsifQctFUfxgN7jYZEc_VuTz1bHe1eqLKz_cblSx-sanUbpU06Fnwow-TGJccMsL1HH8Jz9cgXhy1fdixuu4gsn7E5qRVGiPf13qG0Fus&__tn__=%2CO%2CP-R
Facebook,ABS-CBN,2025-08-08 00:00:00,kasunod ng magnitude 8 7 na lindol sa russia pumutok din ang bulkan ng klyuchevskoy sa kamchatka russia kasunod ng magnitude 8 7 na lindol sa russia pumutok din ang bulkan ng klyuchevskoy sa kamchatka russia mukhang pumapanig ang kalikasan sa bansang ukraine,https://www.facebook.com/abscbnNEWS/
Facebook,GMA News,,panoorin naglilinis ng sako sakong basura ang 3rd marine battalion ng philippine marines sa manila bay dolomite beach ang coastal cleanup ay bahagi ng pagdiriwang ng ika 52 anibersaryo ng 3rd marine battalion via jp soriano gma integrated news courtesy 3mbn panoorin naglilinis ng sako sakong basura ang 3rd marine battalion ng philippine marines sa manila bay dolomite beach ang coastal cleanup ay bahagi ng pagdiriwang ng ika 52 anibersaryo ng 3rd marine battalion via jp soriano gma integrated news courtesy 3mbn sayang ang pera ng bayan,https://www.facebook.com/gmanews/
Facebook,SunStar Davao,2025-08-05 00:00:00,i hate all your show and pretense the hypocrisy of your religious festivals and solemn assemblies i will not accept your burnt offerings and grain offerings i wont even notice all your choice peace offerings away with your noisy hymns of praise i will not listen to the music of your harps instead i want to see a mighty flood of justice and endless river of righteous living amos 5 21 24 i hate all your show and pretense the hypocrisy of your religious festivals and solemn assemblies i will not accept your burnt offerings and grain offerings i wont even notice all your choice peace offerings away with your noisy hymns of praise i will not listen to the music of your harps instead i want to see a mighty flood of justice and endless river of righteous living amos 5 21 24,https://www.facebook.com/sunstardavaonews/posts/pfbid02Atjr2fJQB6pX5ZHxpi1L2XvXaLFQMqS7QGqT3fuUy9Hd8qW93sRLGVye6AvcnYCRl?__cft__[0]=AZWrNtaFjX1qbBeAPosc9mKWcG_1uoIbXoVuU-kP-MuqIn3_C6e0NHJEKGq1KWwcitqKVesSGZqO3OTwOE7LeGEYpM9cM4EYwukFpcz8GBMBqhXrldit4HR05o67lJXWmsZpJVtaHasBK1mTgl6H1syv58tm56vJn644XrrewIm_tz444oKJY8xDv4Mbl2VM1o4&__tn__=%2CO%2CP-R
Facebook,PHIVOLCS,2025-07-31 00:00:00,earthquake information no 2 date and time 31 july 2025 09 29 pm magnitude 2 7 depth 072 km location 17 27n 120 45e 011 km n 06 e of city of candon ilocos sur earthquake information no 2 date and time 31 july 2025 09 29 pm magnitude 2 7 depth 072 km location 17 27n 120 45e 011 km n 06 e of city of candon ilocos sur,https://www.facebook.com/PHIVOLCS/posts/pfbid035gLRaFYJ5xKQr5KYLG6CWhdLo14HbnRhVNJ7TREzpq2t3nRbuAHBMNA9zVgW6geWl?__cft__[0]=AZWFK8qTCycxwNEYwuEeYdbgOwudZxbqgNAg6fW44rf2ZdKKLoE46uy6ZZCtYdDSRvJcK5eyGjcYZyzD_sR7R5m3-43qhdBbCurAwvrYx7uadZREAhxequeKWEfP1rufJ_Oia4Uf2TN9o_IEBhOneFwEKk_FyqZwNYzhl7RqPgjtsxxAQXYyuoXhH75cb1Xvsy0&__tn__=%2CO%2CP-R
Facebook,GMA News,,inirereklamo na ng mga motorista ang malalaking lubak sa bahagi ng macarthur highway na sakop ng apalit pampanga delikado na perwisyo pa umano sa negosyo inirereklamo na ng mga motorista ang malalaking lubak sa bahagi ng macarthur highway na sakop ng apalit pampanga delikado na perwisyo pa umano sa negosyo kamote naman talaga ang apalit pagdating sa lubak ung sa gilid ng tulay sa sulipan papunta sa sulipan caldera dekada na hndi pa ipasimento araw araw dinadaanan ng mga tao at sasakyan tatambakan lang tapos masisira ulit paulit ulit pano jan sila nagkaka kickback sa pondo mga kurakot,https://www.facebook.com/gmanews/
Facebook,NDRRMC,2025-07-31 00:00:00,public weather forecast issued at 5pm july 31 2025 thursday dost pagasa weather specialist leanne loreto public weather forecast issued at 5pm july 31 2025 thursday dost pagasa weather specialist leanne loreto sana walang bagyo,https://www.facebook.com/NDRRMC/
Facebook,PHIVOLCS,2025-07-31 00:00:00,earthquake information no 1 date and time 31 july 2025 10 11 pm magnitude 4 0 depth 010 km location 11 36n 126 07e 048 km n 53 e of mercedes eastern samar earthquake information no 1 date and time 31 july 2025 10 11 pm magnitude 4 0 depth 010 km location 11 36n 126 07e 048 km n 53 e of mercedes eastern samar,https://www.facebook.com/PHIVOLCS/posts/pfbid02rcXXjB5FyD23PGXq65sCz9kKT7Pg6ChnMzHgyUDeWrZnufHs5gN4vhuh8wr6HSQdl?__cft__[0]=AZWf7S2y2Jq11I7U5u23HAk91P950zIbx9foFu776ewJi2t5uUeYnVPzZkYqwamfUw8ZCbpkznEIkcw-6dzOYK6SRf1s5hEsXVUuiy7QhFJfkzVz9sgVUgEkS0lzt40gSzjBwQOqV8sme0P_twy2uMoj4KYW2Nrd0bD2-4zEG-AFMfjAfiHIKB-UNtZa9bfq6DE&__tn__=%2CO%2CP-R
Facebook,GMA News,2025-08-03 00:00:00,a 50 year old israeli national was arrested at naia terminal 3 in pasay city for illegal possession of firearms the aviation security group of the philippine national police said a 50 year old israeli national was arrested at naia terminal 3 in pasay city for illegal possession of firearms the aviation security group of the philippine national police said for self defense only,https://www.facebook.com/gmanews/posts/pfbid02YYsgUyuG822ry9kdqGMoEc7hPFrAxLpbKKjyYfcEu44xBGNFfbMmcDZqTgRFLCAMl?__cft__[0]=AZX6Y_Oq1aSyeT62KQ_RMLg941G566FscGTEN8t-Y6bWa1bBGKpTGwaV531gJQG6fUk3trDrOVieQswk322uqaEaL6ijZInASR7xZcBx_XKu-Saw3B7YMf1TEWRi0lStTd2k3NlVdSTiVLJDjGY454JzS8u-2HDk06y0bO5u1srMCBc9J2dclYLc5O6zoAA9gAk&__tn__=%2CO%2CP-R
Facebook,PHIVOLCS,2025-08-01 00:00:00,earthquake information no 1 date and time 01 august 2025 09 07 am magnitude 1 4 depth 033 km location 16 49n 120 86e 003 km s 88 e of bokod benguet earthquake information no 1 date and time 01 august 2025 09 07 am magnitude 1 4 depth 033 km location 16 49n 120 86e 003 km s 88 e of bokod benguet,https://www.facebook.com/PHIVOLCS/posts/pfbid031h2eEEejdzR1JfjgxqcCRNVDDHbnVnVK3JaBjGnW24QD2kvdAp9W8vpC3xRK9GrXl?__cft__[0]=AZU8elTJNCqAbfrd6dSBgKf_Nd1E3BupbivIan7NgngVlUl3MPjMYKHeKWi0UGBaeucs0kKJbW_yXGrAWr6qT2z7iZAWAqkVFoy-LNxpWALWByt2WlbCIln1vdU-9-KW-4wis_DGcLr4HFqvuH_dQyuLW5V5ZaFelezakDHoijIoVf3eVfOSIBhxs4ZQddEWW2M&__tn__=%2CO%2CP-R
Facebook,SunStar Philippines,2025-08-20 00:00:00,ila ilaha ang mga magbabalaod nga gikan sa mindanao nga gipili nga magkupot og dagkong posisyon sa ika 20 nga kongreso ila ilaha ang mga magbabalaod nga gikan sa mindanao nga gipili nga magkupot og dagkong posisyon sa ika 20 nga kongreso,https://www.facebook.com/SunStarPhilippines/posts/1197149099107274?__cft__[0]=AZURVO_hxbggVU9A46sbYHZWFndg0q7IIHlHO3Sq7mXSOxikH3KN7x_JiXGPr48lVLCmOEIuYg8KrvRaDyCg0_U9xJkqGUo9swa1UIMrvFANbOwIxW3J83fnSRLusBVMr4OOGvD231FrAr2DUDBdOIkHwmXxqSHODTCjskSWSbk3Dvh7lwxLQoDDi_A1GlE3LTo&__tn__=%2CO%2CP-R
Facebook,PHIVOLCS,2025-08-01 00:00:00,earthquake information no 1 date and time 01 august 2025 10 25 am magnitude 1 9 depth 020 km location 08 43n 127 02e 075 km n 85 e of hinatuan surigao del sur earthquake information no 1 date and time 01 august 2025 10 25 am magnitude 1 9 depth 020 km location 08 43n 127 02e 075 km n 85 e of hinatuan surigao del sur,https://www.facebook.com/PHIVOLCS/posts/1071330961857534?__cft__[0]=AZUpumeM63PJnYfEmtb7u2be9Tc5Czg9konZ5f3Dj5ersP4Li88B3tMDtB0bgS7C_KaYXtcxWAIS7Ldd5JKn38Ixu-7X5IhTfhODjwlgEweyjj9WmTeose7DZmhrK4hf8Fk4XxbLAvROhKkRxOQrf2ZyeYIXqSARsNki0bg5JyXy2Kmw8Q97jz1btN4uEfp2LI0&__tn__=%2CO%2CP-R
Facebook,PHIVOLCS,2025-08-01 00:00:00,earthquake information no 1 date and time 01 august 2025 11 52 am magnitude 3 3 depth 010 km location 13 55n 119 96e 036 km s 59 w of looc occidental mindoro earthquake information no 1 date and time 01 august 2025 11 52 am magnitude 3 3 depth 010 km location 13 55n 119 96e 036 km s 59 w of looc occidental mindoro,https://www.facebook.com/PHIVOLCS/posts/pfbid02hU6PSpKtt2nzeMkczsbf5VCjVzHzeouLBUnE7nLZW8S1qUxcX8szejRFhzdyEA18l?__cft__[0]=AZX1kYtWRajKLCkqP73eYEBjuYtjyQ-8DrcFfOei92NS2IEAqBvrzW3cO9tE1JFARaKVz9YeseYjB4Jqb8pPYLnCHVq0rjdQsRn_GT8DtIXnKKoejIu0s6No_NS_4nlCXnTC87PJZOAXrCe28SLEufS7mOeL_Sc54PDvw51ABLF3saOMvyCTzYgGQFY_GtJoodI&__tn__=%2CO%2CP-R
Facebook,GMA News,,eight suspected members of the new peoples army were killed during armed encounters in barangay san isidro las navas northern samar on thursday the philippine armys 8th infantry stormtroopers division said on friday eight suspected members of the new peoples army were killed during armed encounters in barangay san isidro las navas northern samar on thursday the philippine armys 8th infantry stormtroopers division said on friday,https://www.facebook.com/gmanews/posts/pfbid02HN6VbhbzfFww2abu2YTYDsN9gZsE6wMXg4uDR2nJC7nTYtjU5JYCqSugzCRzcWe4l?__cft__[0]=AZUwpxa1AcFhZQfbZqoKvwt-9ztzAZRgy_ekSHnp_a_bbvelycMWFdJGgjc_crTQAZPcTtmTXl9FS-cNAJv_HejMUwIdoWGIJk985iI_QyIbxBBLuP8HPXUpdflcz26mgGDWor3SPnbKmVFUjkd-hbyXFSDtAf9zp4nPsKaWGdv98dooHgfgls45zkdnvYEy99Q&__tn__=%2CO%2CP-R
Facebook,Philstar News,2025-08-02 00:00:00,no excuses you can register to vote while waiting for your train at lrt 2 until august 4 via interaksyon no excuses you can register to vote while waiting for your train at lrt 2 until august 4 via interaksyon,https://www.facebook.com/philstarnews/posts/pfbid0vbBR7fcXxVBkSrtjajzQndf3q7G4NEa118koGoBSSbDpdXACHSJknxYbHYexsgp5l?__cft__[0]=AZWVBou9oKpvWOwCkAIIsFxh23Ql4RetC1fDM2gAV0FeNqhLlTsHm8eV71V0j0YiHqlNgbSeajmt3jD4dO-pHHTnuVjk6-KhhITOZh0nCbKBdbSFlzPYbqaPgKkRBtBzBGB4epCAHbz8fKVhFI2OTwzZhB0O7g8OJbv9oKPEVpOJqbKZeVfJuY7armNUWVTZHCw&__tn__=%2CO%2CP-R
Facebook,NDRRMC,,rescuelympics awarding ceremony and the dangal bantayog ng katatagan hall of fame of disaster resilience champions rescuelympics awarding ceremony and the dangal bantayog ng katatagan hall of fame of disaster resilience champions rescuelympics awarding ceremony and the dangal bantayog ng katatagan hall of fame of disaster resilience champions rescuelympics awarding ceremony and the dangal bantayog ng katatagan hall of fame of disaster resilience champions rescuelympics awarding ceremony and the dangal bantayog ng katatagan hall of fame of disaster resilience champions,https://www.facebook.com/NDRRMC/posts/pfbid02FWQxido7SyEHNMw3bcAmzfWRYNS3wWjtpvTBbhXvfZo48geLsRzVW4R1YWtMS5sQl?__cft__[0]=AZVw9rS4ler2GjohlazN7x_yzZ8CYrxLjXmkpvwvgtUgKKBj90tBa7HUZNrVbHfkIrmgc0_fz1tNMEWwYOhrCUU3TEUHNp4ZoI8PHviXjqgXtD9i1xVJ1LvRc2sxWyf0AH9_963pfvMBgKmK3_9GtwJGEID9WGOBJBZF6o16w87cKr5Ro6XUoeesoA1134F0Z8h3Pcam97cn9cSimJ6DTq9G&__tn__=%2CO%2CP-R
Facebook,Manila Bulletin,2025-08-06 00:00:00,six people died and two persons remain missing from the stormy weather last month in western visayas region latest data released by the regional disaster risk reduction and management council 6 chaired by the office of civil defense 6 on the impact of the habagat southwest monsoon intensified by tropical cyclones crising dante and emong said six people died and two persons remain missing from the stormy weather last month in western visayas region latest data released by the regional disaster risk reduction and management council 6 chaired by the office of civil defense 6 on the impact of the habagat southwest monsoon intensified by tropical cyclones crising dante and emong said,https://www.facebook.com/ManilaBulletin/posts/1205022104999327?__cft__[0]=AZXtonZVsGujIkNcnyPS26o3ZRWOabcyyA6fcDnynSnTBoiCfG5_YldqZxGHQSXD0b3WAanDLdMFnLVwgU1WOF0tp0PM-4z4VN0LjSJ29HEIRvuJyWbPhlQ8FQYGwzivDQjZ3O9vSwNBwT4THQjkU0q1dmVyneaOUyQCPalx5QtQFpmBExNduUN8cylYW8sgKsM&__tn__=%2CO%2CP-R
Facebook,NDRRMC,2025-08-01 00:00:00,disaster response update mahigit 1 000 drayber ng traditional at electronic jeepneys mula sa ibat ibang bayan sa bulacan ang pansamantalang nawalan ng kabuhayan matapos ang sunod sunod na pananalasa ng bagyong at ang patuloy na pag ulan dulot ng habagat southwest monsoon ayon sa mga drayber mabilis na tumaas ang tubig baha sa mga pangunahing kalsada kayat napilitan silang huminto sa pamamasada sa loob ng halos isang linggo agaran ang pagpapaabot ng tulong ng dswd field office 3 sa mga apektadong drayber ngayong araw namahagi ng family food packs ang ahensya na makakatulong sa pandagdag pagkain ng mga drayber at kanilang pamilya habang nagsisimula pa lang bumalik sa normal na pasada source dswd field office 3 central luzon disaster response update mahigit 1 000 drayber ng traditional at electronic jeepneys mula sa ibat ibang bayan sa bulacan ang pansamantalang nawalan ng kabuhayan matapos ang sunod sunod na pananalasa ng bagyong at ang patuloy na pag ulan dulot ng habagat southwest monsoon ayon sa mga drayber mabilis na tumaas ang tubig baha sa mga pangunahing kalsada kayat napilitan silang huminto sa pamamasada sa loob ng halos isang linggo agaran ang pagpapaabot ng tulong ng dswd field office 3 sa mga apektadong drayber ngayong araw namahagi ng family food packs ang ahensya na makakatulong sa pandagdag pagkain ng mga drayber at kanilang pamilya habang nagsisimula pa lang bumalik sa normal na pasada source dswd field office 3 central luzon,https://www.facebook.com/NDRRMC/posts/1061625279473705?__cft__[0]=AZUxVpkDzGn4derrmYguwB1AiOW4vilDk3oPFzgu1ZvGcsf_CeULWywf4drhcjTACNwnmEucUH_F75crgQn4xCWtrKrLgi5WpvVaA0KNqo32Ch9TFrMRDBuuifh6AM7aMUrRubNiI9Poslf24h2sMclLAITdXgvOacUwpI8wW0DVtWzuxzRNB9s6zgWmbMln4gw&__tn__=%2CO%2CP-R
Facebook,NDRRMC,2025-08-03 00:00:00,disaster response update dswd field office 3 nagpaabot ng family food packs para sa mga mangingisda ng dilasag aurora 838 family food packs ffps ang ipinamahagi ng dswd field office 3 sa mga mangingisdang hindi makalaot at makapaghanapbuhay dahil sa nagdaang bagyo at masamang lagay ng panahon sa dilasag aurora ang mga ffps ay magsisilbing pandagdag na pagkain para sa kanilang pamilya habang pansamantalang nahinto ang kanilang kabuhayan patuloy ang mabilis na aksyon ng dswd upang matiyak na may sapat na suporta ang mga pamilyang naapektuhan at nawalan ng kita source dswd field office 3 central luzon disaster response update dswd field office 3 nagpaabot ng family food packs para sa mga mangingisda ng dilasag aurora 838 family food packs ffps ang ipinamahagi ng dswd field office 3 sa mga mangingisdang hindi makalaot at makapaghanapbuhay dahil sa nagdaang bagyo at masamang lagay ng panahon sa dilasag aurora ang mga ffps ay magsisilbing pandagdag na pagkain para sa kanilang pamilya habang pansamantalang nahinto ang kanilang kabuhayan patuloy ang mabilis na aksyon ng dswd upang matiyak na may sapat na suporta ang mga pamilyang naapektuhan at nawalan ng kita source dswd field office 3 central luzon,https://www.facebook.com/NDRRMC/posts/pfbid034qQjWh4N1xRotVDxHS1S6JFYHUASsjiziVSk3uC3WzyQr3NX9rPoGZb5T9ZJnYTSl?__cft__[0]=AZVYj2Q5Yl4gX0ctj-wZB2bSsEx_9vyAXrXjXuKraB1SxyaCiV6kreTHcVdfMxUoXX2i7e2Ku3swa80sB1SUwao99Pa2LR2ZZuJJ-qR7_OauK4mxD0bxWzClmk3pPpR1Ulu3M9TLgsJroBQn44O9ySDd04wzAImjq5jHvhVzaG7G52mgPJZx54vMyDkEQs4uT6c&__tn__=%2CO%2CP-R
Facebook,PHIVOLCS,2025-08-01 00:00:00,earthquake information no 1 date and time 01 august 2025 12 51 pm magnitude 1 6 depth 034 km location 08 89n 126 22e 010 km s 71 w of cagwait surigao del sur earthquake information no 1 date and time 01 august 2025 12 51 pm magnitude 1 6 depth 034 km location 08 89n 126 22e 010 km s 71 w of cagwait surigao del sur,https://www.facebook.com/PHIVOLCS/posts/pfbid033Nmjqd92XpqHJKWEJUQjT3CLnqnZUtgP7dSqBbdKAj2gh2kCq93YsnQibhFCnQp8l?__cft__[0]=AZXwtX5C1R8b7euDyVQTOC7pmqkuDPsTwOoeNMiuaixIR12H4IR9p4prccVhdSdz6Xvb5C5X5OnS7u975c5EPK4eSCxrmTHqWc1QRjLTrBUb8KrgkDHpaxC3AXWXPSUF0Toog8JTwF2rdNHyCmMxJNdyXjaCeYUwgxm-fUF8hWSh-Dmo4R8yN3oDLqshUKc2Bic&__tn__=%2CO%2CP-R
Facebook,mrpsd.com.ph,2025-08-01 00:00:00,light to moderate rainshowers with lightning and strong winds are expected over baungon libona manolofortich sumilao impasugong masiu poonabayabao and tamparan within the next 1 2 hours moderate to occasionally heavy rainshowers with lightning and strong winds are being experienced in lumbabayabao and talakag which may persist within 1 2 hours and may affect nearby areas all are advised to take precautionary measures against the impacts associated with these hazards which include flash floods and landslides keep monitoring for updates light to moderate rainshowers with lightning and strong winds are expected over baungon libona manolofortich sumilao impasugong masiu poonabayabao and tamparan within the next 1 2 hours moderate to occasionally heavy rainshowers with lightning and strong winds are being experienced in lumbabayabao and talakag which may persist within 1 2 hours and may affect nearby areas all are advised to take precautionary measures against the impacts associated with these hazards which include flash floods and landslides keep monitoring for updates thanks sa update,https://www.facebook.com/mrpsd.com.ph/posts/pfbid0SMgbudUg9LJikjCdo1DirQ8vVuC9mcMcn7qbVM4xxPDxqEwJGj1geihf8DddZQN5l?__cft__[0]=AZV7HutuFbHI_HE2U6iFm1s8TteMYLmvjlJQS-5wdhwtS8Sgz_uCbMh2rQgTFzHg7cVCDo1KGAGT2MfQ0hy3xMU5TNocY2RlUGXK6b0kR_j8gxsq3aVhmKOFbb-vmzferNv_MOLDJeyz5cB1zxEezlpZKAZsvWb4eU4KUllNlHVEpqPfZwUQr8nCQiWYOAwvAAs&__tn__=%2CO%2CP-R
Facebook,PAGASA,2025-08-17 00:00:00,ilang bagyo ang ating aasahan sa mga susunod na buwan inaasahan na hanggang 17 na bagyo ang maaaring mabuo o pumasok ng philippine area of responsibility par simula buwan ng agosto 2025 hanggang enero 2026 makikita sa infographic na nasa ibaba ang climatological tracks ng mga bagyong dumaan at pumasok ng par mula taong 1948 hanggang 2015 at ang bilang ng mga bagyo na maaring mabuo kada buwan ang pagtaya na ito ay base sa 186th climate outlook forum ng ahensya noong ika 29 ng hulyo 2025 ang susunod na update ay gaganapin sa 187th climate outlook forum sa darating na ika 27 ng agosto 2025 para sa karagadagang impormasyon bisitahin lamang ang official website ng ahensya ilang bagyo ang ating aasahan sa mga susunod na buwan inaasahan na hanggang 17 na bagyo ang maaaring mabuo o pumasok ng philippine area of responsibility par simula buwan ng agosto 2025 hanggang enero 2026 makikita sa infographic na nasa ibaba ang climatological tracks ng mga bagyong dumaan at pumasok ng par mula taong 1948 hanggang 2015 at ang bilang ng mga bagyo na maaring mabuo kada buwan ang pagtaya na ito ay base sa 186th climate outlook forum ng ahensya noong ika 29 ng hulyo 2025 ang susunod na update ay gaganapin sa 187th climate outlook forum sa darating na ika 27 ng agosto 2025 para sa karagadagang impormasyon bisitahin lamang ang official website ng ahensya salamat sa update,https://www.facebook.com/PAGASA.DOST.GOV.PH/posts/pfbid032wsYZR4QrwibqM4ojMUuumcjuYNfbqtbi3mUUKZ2TLWoaNqxEk9oTyiG5MGiRDwfl?__cft__[0]=AZXVA1WBJaMoiFdDOCkV7PCx-fbyA9aJgamA8ewcvTQrrtizLf0wzjgARKZnEYASIGG6bEP6ZSRW4IneCytvXlE88Egc2YFn_y_3IHMN88bYs20umYyTOtesb-gR4ep38wf-yKdv-8PGZQaWwSASWCtfkc6kwyXo6P9Ec73Z2qyeEXXph5vkaS2XLzySyZXAXFg&__tn__=%2CO%2CP-R
Facebook,PHIVOLCS,2025-08-01 00:00:00,earthquake information no 1 date and time 01 august 2025 02 21 pm magnitude 2 4 depth 021 km location 08 94n 126 21e 008 km s 66 w of bayabas surigao del sur earthquake information no 1 date and time 01 august 2025 02 21 pm magnitude 2 4 depth 021 km location 08 94n 126 21e 008 km s 66 w of bayabas surigao del sur ser,https://www.facebook.com/PHIVOLCS/posts/pfbid02UNkpEuJ1mLsNRYzztFL7FjbwJzwFWphJYo3CMCg8ivtWoePtReYAYmehE5QfCqDVl?__cft__[0]=AZVFnSKgq1RG5aLIzO1lSCkPnluhudyg2tmcN_PjG6xTyHE3ZKWxSHDGQ1X1ebl4uL-cw4st4O9_LMFC3QZErDRqU1_-R9hh0axlNtJOR9ugmIhItTxxcZljV_9pVefjf_3y_QT2AM0jqStq3Sw-MjsHp98RWSu78WePi8PGCGUzqj1MCP1WT87PyBgMje1SGn8&__tn__=%2CO%2CP-R
Facebook,GMA News,2025-07-23 00:00:00,panoorin buwis buhay na pagtawid sa ilog ang kailangang suungin ng mga residente sa brgy tinucan tanay rizal para lamang makarating sa bayan upang makapamili ng mga pagkain kuwento ni youscooper rona nikka biason tungkol sa unang video rito na kinuha nitong july 23 isang lalaki ang hindi nag alinlangan na magkabit ng lubid sa puno sa kabila ng ilog upang magkaroon ng balsa bilang pansamantalang transportasyon ng mga residente doon sana mabigyang pansin ng ating gobyerno ang halos dekada na naming hinaing na sana kahit tulay na pantao lang ay malagyan ito ayon kay rona na kumuha ng video nakararanas umano sila ng biglang pagtaas ng tubig sa ilog dahilan upang umabot ng lampas leeg hanggang lampas tao ang taas nito makikita rito ang ilan pang video na pinadala ni youscooper rona na nangyari umano sa mga sumunod na araw mula july 24 hanggang 26 2025 dagdag ni rona noong mga araw na iyon mayroong tulay na maaaring daanan pero kailangan pa ring tumawid sa ilog at mayroon ding ibang daanan pero may mga nakaharang na landslide matapos magpadala ang gma integrated news noong july 25 ng paglagom ng hinaing ni youscooper rona at link patungo sa kaniyang video sa facebook sinabi ng tanay lgu na inendorso na ang hinaing magalang po naming ipinababatid na amin pong naendorso ang naturang liham sa kinauukulang opisina para sa kinakailangang aksyon sa inyong hinaing sinabi ni dr jeffrey pino municipal administrator ng tanay rizal nitong july 31 sa pamamagitan ng email youscooper rona nikka biason via momshie nikka vlog panoorin buwis buhay na pagtawid sa ilog ang kailangang suungin ng mga residente sa brgy tinucan tanay rizal para lamang makarating sa bayan upang makapamili ng mga pagkain kuwento ni youscooper rona nikka biason tungkol sa unang video rito na kinuha nitong july 23 isang lalaki ang hindi nag alinlangan na magkabit ng lubid sa puno sa kabila ng ilog upang magkaroon ng balsa bilang pansamantalang transportasyon ng mga residente doon sana mabigyang pansin ng ating gobyerno ang halos dekada na naming hinaing na sana kahit tulay na pantao lang ay malagyan ito ayon kay rona na kumuha ng video nakararanas umano sila ng biglang pagtaas ng tubig sa ilog dahilan upang umabot ng lampas leeg hanggang lampas tao ang taas nito makikita rito ang ilan pang video na pinadala ni youscooper rona na nangyari umano sa mga sumunod na araw mula july 24 hanggang 26 2025 dagdag ni rona noong mga araw na iyon mayroong tulay na maaaring daanan pero kailangan pa ring tumawid sa ilog at mayroon ding ibang daanan pero may mga nakaharang na landslide matapos magpadala ang gma integrated news noong july 25 ng paglagom ng hinaing ni youscooper rona at link patungo sa kaniyang video sa facebook sinabi ng tanay lgu na inendorso na ang hinaing magalang po naming ipinababatid na amin pong naendorso ang naturang liham sa kinauukulang opisina para sa kinakailangang aksyon sa inyong hinaing sinabi ni dr jeffrey pino municipal administrator ng tanay rizal nitong july 31 sa pamamagitan ng email youscooper rona nikka biason via momshie nikka vlog,https://www.facebook.com/gmanews/
Facebook,NDRRMC,,paalala bawal ang pagsusunog pagsisiga o pagsindi ng apoy sa ilalim o malapit sa mga tore o linya ng kuryente maaari itong makaantala sa tuloy tuloy na daloy ng kuryente o kaya y magdulot ng aksidente kung sakaling makakita ng ganitong gawain ipagbigay alam agad sa kinauukulan maaaring ring mag text sa 0917 tipngcp 8476427 o 0918 tipngcp 8476427 paalala bawal ang pagsusunog pagsisiga o pagsindi ng apoy sa ilalim o malapit sa mga tore o linya ng kuryente maaari itong makaantala sa tuloy tuloy na daloy ng kuryente o kaya y magdulot ng aksidente kung sakaling makakita ng ganitong gawain ipagbigay alam agad sa kinauukulan maaaring ring mag text sa 0917 tipngcp 8476427 o 0918 tipngcp 8476427 paalala bawal ang pagsusunog pagsisiga o pagsindi ng apoy sa ilalim o malapit sa mga tore o linya ng kuryente maaari itong makaantala sa tuloy tuloy na daloy ng kuryente o kaya y magdulot ng aksidente kung sakaling makakita ng ganitong gawain ipagbigay alam agad sa kinauukulan maaaring ring mag text sa 0917 tipngcp 8476427 o 0918 tipngcp 8476427 hangad namin ang inyong kaligtasan at kapakanan paalala bawal ang pagsusunog pagsisiga o pagsindi ng apoy sa ilalim o malapit sa mga tore o linya ng kuryente maaari itong makaantala sa tuloy tuloy na daloy ng kuryente o kaya y magdulot ng aksidente kung sakaling makakita ng ganitong gawain ipagbigay alam agad sa kinauukulan maaaring ring mag text sa 0917 tipngcp 8476427 o 0918 tipngcp 8476427 hangad namin ang inyong kaligtasan at kapakanan paalala bawal ang pagsusunog pagsisiga o pagsindi ng apoy sa ilalim o malapit sa mga tore o linya ng kuryente maaari itong makaantala sa tuloy tuloy na daloy ng kuryente o kaya y magdulot ng aksidente kung sakaling makakita ng ganitong gawain ipagbigay alam agad sa kinauukulan maaaring ring mag text sa 0917 tipngcp 8476427 o 0918 tipngcp 8476427 hangad namin ang inyong kaligtasan at kapakanan,https://www.facebook.com/NDRRMC/posts/pfbid02NuAycJtJEDKaR2YPEDVbTBRhxFfNsvfA41V4vg3f4ckDjL7xsQJokocjuiQnMZQRl?__cft__[0]=AZXhDL6i2whT3MsgYtIkFG7gZHE1oonsiQmLJCm71kQ_DCQbZNQMsH4tP6ReRIEAiIWCkmZjRZwQxo6h0ayUQEJ3yfRwBJZmSvct0bz0ZU_HVOzpLwIFYfU4GfXtyBq46OD42Mj6tkSVGbFjW12q7J9FTXSzOKI9iLLSHyt__vqbZT907yX5epBf8Uk-SFpWqSilKZ8iC1qQN78uGSAYXB-TzMPVIBKe5beg_1H-KdulvA&__tn__=%2CO%2CP-R
Facebook,PHIVOLCS,2025-08-01 00:00:00,earthquake information no 1 date and time 01 august 2025 03 10 pm magnitude 2 2 depth 029 km location 13 18n 121 11e 018 km n 89 w of victoria oriental mindoro earthquake information no 1 date and time 01 august 2025 03 10 pm magnitude 2 2 depth 029 km location 13 18n 121 11e 018 km n 89 w of victoria oriental mindoro,https://www.facebook.com/PHIVOLCS/posts/pfbid02PL5RTwu57GwfDiXxxedxtp83yNhbfVh6ParniJhNn3Shfj5uocfsE2MQ7UjiCkUl?__cft__[0]=AZX5_YHD3oXX_P91Q32GxOcehaNZ7dPr1D7OkDHvgwgl1YsE75Yg1-XkhCMDm6z4KNVrAjFG2X5WkLtaIcuLmIubRxP7CfOAIlhUx-C21ObBPQDMfyh75q0EqSpR6gnfjs8Eyh0ybCAOKqNzbm8ORsAgOlOuwTloxZIMZmu0AdzKUHJuoO9gp0V5t8Rj1GBqgEs&__tn__=%2CO%2CP-R
Facebook,PHIVOLCS,2025-08-01 00:00:00,earthquake information no 1 date and time 01 august 2025 04 01 pm magnitude 2 6 depth 018 km location 18 04n 121 98e 020 km n 36 e of baggao cagayan earthquake information no 1 date and time 01 august 2025 04 01 pm magnitude 2 6 depth 018 km location 18 04n 121 98e 020 km n 36 e of baggao cagayan huh wala akong naramdaman haha,https://www.facebook.com/PHIVOLCS/posts/pfbid0cYHt7f5rmW7gQSTKq91SHgBa1r9v4uGwYB4uU6ZvtagxG7DqFRSiiJR6veqpMuH2l?__cft__[0]=AZXjAb1_yF_6p17cu9z-_uOR6-INdNnsGRsA6wzoEfoInuOlCvYjh-uqgPDgjDSvgjfj3ZgzTB5tI6p8GZaedbG6QnD_WKUp1fz_2IFFAJF_3JyIr8dLJwOeIRvUrHggij7mDvLmf_tdeKo91wizMDsCPPCqlBc8BgA_qqTB6q_Wr4-FP-rxe9HkceW6ReJL86g&__tn__=%2CO%2CP-R
Facebook,PHIVOLCS,2025-08-01 00:00:00,earthquake information no 1 date and time 01 august 2025 08 41 pm magnitude 2 6 depth 032 km location 10 23n 126 32e 036 km n 48 e of burgos surigao del norte earthquake information no 1 date and time 01 august 2025 08 41 pm magnitude 2 6 depth 032 km location 10 23n 126 32e 036 km n 48 e of burgos surigao del norte nakiy araw araw at oras oras na lang buti na lang mahihina,https://www.facebook.com/PHIVOLCS/posts/pfbid0PKCajMTyjrj847x56EieQC37xju1t4qciQrNLErVZmacq7mvU5K2cqGkUpaLBC7dl?__cft__[0]=AZUf18ZmjH-g-dDqwCSFbvvL2djkWXh8UPKYUoIM4A57QJnAqzRvpkKJn4xrmtkN9jJ8GqGa7ggu3wZDccHXpd4WbVnBIr4cIXqBCmHIOFvpvcQD7AIWcL5JLOX1ByzCM0BaJh3WIU6RBs_5zqEO7ianrrfgr2pvag2SNlZn2ztVcXcAqxmxofoMrWXpygvCa2s&__tn__=%2CO%2CP-R
Facebook,GMA News,,lubog pa rin sa baha ang ilang lugar sa macabebe pampanga kahit wala na raw nararanasang pag ulan pilit na lang daw lumulusong sa baha ang ilang residente para makapunta sa palengke bangko at iba pang kailangang gawin sa bayan via jamie santos gma integrated news lubog pa rin sa baha ang ilang lugar sa macabebe pampanga kahit wala na raw nararanasang pag ulan pilit na lang daw lumulusong sa baha ang ilang residente para makapunta sa palengke bangko at iba pang kailangang gawin sa bayan via jamie santos gma integrated news,https://www.facebook.com/gmanews/
Facebook,SunStar Philippines,,durian lovers rejoice just not too much davao citys agri office says there will be enough durian this kadayawan season but dont expect last years bounty constant rains have affected harvests but supply is expected until march 2026 planning your durian fix tag your ka durian buddy below durian lovers rejoice just not too much davao citys agri office says there will be enough durian this kadayawan season but dont expect last years bounty constant rains have affected harvests but supply is expected until march 2026 planning your durian fix tag your ka durian buddy below,https://www.facebook.com/SunStarPhilippines/posts/pfbid02nT4eM5MZM5VceR7bH5Wf89UK5Ewqrdz77WnRXkzKBDyZDKrPpsNxxvMyGUuBNgBCl?__cft__[0]=AZW1QwkXBhuz6tw6fJSTWVmH3rIrsBcVIBizRQlNIlJXP4nZn3_bOa8lwzR-hyEtAHGAGXuqspuqdTNlA_ZwHNcECd2Ts6ZYA8K6E9IgpXBYzkqCO9RZpKhJEP932M6tBsl9hZNPFO81tkBRRyadz58KccSrqeQ7Skyvymvzc8x6ee8aKD-kS5ys-zqGugdA3eo&__tn__=%2CO%2CP-R
Facebook,PAGASA,2025-08-01 00:00:00,the dost pagasa in partnership with the gcf multi hazard impact based forecasting and early warning system for the philippines mhifews project conducted a 2025 rainfall warning system rws conference this august 1 2025 at the madison 101 hotel with the goal of improving and harmonizing rainfall warning system issued nationwide attended by pagasa key officials and representatives from r d operations and engineering and technical services divisions current best practices that can be adopted as well as existing challenges and gaps that need to be addressed were tackled in the conference mark ivan c roblas supervising science research specialist of dost pcieerd information group served as a resource speaker and shared his expertise in science communication in his presentation he emphasized the importance of effectively communicating with audiences and stakeholders he also provided suggestions on how to further improve pagasas current rainfall warning system rws through enhanced messaging strategies audience engagement and alignment with impact based forecasting practices a moderated discussion was conducted to gather inputs from forecasters on ways to improve rws operational procedures and strategies to align with pagasa s multi hazard impact based early warning system initiative after the session a technical working group composed of representatives from various prsds and relevant divisions will be reconstituted to update the manual of operations and standard operating procedures addressing the current and future needs of the agencys stakeholders as highlighted during the conference the dost pagasa in partnership with the gcf multi hazard impact based forecasting and early warning system for the philippines mhifews project conducted a 2025 rainfall warning system rws conference this august 1 2025 at the madison 101 hotel with the goal of improving and harmonizing rainfall warning system issued nationwide attended by pagasa key officials and representatives from r d operations and engineering and technical services divisions current best practices that can be adopted as well as existing challenges and gaps that need to be addressed were tackled in the conference mark ivan c roblas supervising science research specialist of dost pcieerd information group served as a resource speaker and shared his expertise in science communication in his presentation he emphasized the importance of effectively communicating with audiences and stakeholders he also provided suggestions on how to further improve pagasas current rainfall warning system rws through enhanced messaging strategies audience engagement and alignment with impact based forecasting practices a moderated discussion was conducted to gather inputs from forecasters on ways to improve rws operational procedures and strategies to align with pagasa s multi hazard impact based early warning system initiative after the session a technical working group composed of representatives from various prsds and relevant divisions will be reconstituted to update the manual of operations and standard operating procedures addressing the current and future needs of the agencys stakeholders as highlighted during the conference,https://www.facebook.com/PAGASA.DOST.GOV.PH/posts/pfbid0ALR34N5UVMsqaXBVEFuQ4b4Kxy2bdBwx3aNgRSvsWE5UUEtJPnToFA7vpvoCnhvUl?__cft__[0]=AZXHmIA94GRBGm1SUWX8Bc--a2iQtsMpc2DMVJtUcQFLgYT7GVX_bkP9HAvBsMhe9tE5whi1UTcZlvAn6cPA7MdYz_ST8NDtt0J89pr32l_Vdo0SUvYvF36YTseziyER5b5IXU1E5_icL_OrgJwEXeNgIhsDn9Gab1ZtvUWv5vqW19D8u_pyhsZRE-Tb-aMr6NA&__tn__=%2CO%2CP-R
Facebook,PHIVOLCS,2025-08-01 00:00:00,earthquake information no 1 date and time 01 august 2025 09 46 pm magnitude 2 3 depth 033 km location 10 84n 122 40e 004 km n 52 w of alimodian iloilo earthquake information no 1 date and time 01 august 2025 09 46 pm magnitude 2 3 depth 033 km location 10 84n 122 40e 004 km n 52 w of alimodian iloilo,https://www.facebook.com/PHIVOLCS/posts/pfbid0pyjYMiW9RBwitsCGZ2tBTvy9TvF182ukDp2BKsez4MFSa8h6xZxb4FuPJknS2yZtl?__cft__[0]=AZUGOqTMqqOPTZTYAbkKOgay--mmuDPyo_0SsxzXJngo75a4yYWKUQZGtSDQLaGhC5gow7tWcTUMQ3IuClsXz0GlSaOyNIt-eSkMpeYlXk6MyU6KU57_XwAu49SOHh1H5u--YAvyg6IlmW99pn_a3r5ioa8oH4QTpHBmeLlU_vm5WIpmDoZXcGJSYj5lwdasdDE&__tn__=%2CO%2CP-R
Facebook,PAGASA,2025-08-01 00:00:00,as of 8 00 pm today 01 august 2025 tropical depression being monitored outside the philippine area of responsibility par all are advised to monitor updates from dost pagasa as of 8 00 pm today 01 august 2025 tropical depression being monitored outside the philippine area of responsibility par all are advised to monitor updates from dost pagasa by the power of the prime creator i m covering the entire philippines with love and light blanket for protection clearing and neutralizing the sky from all negative energies no heavy rain no lpa and no typhoon all negative visions predictions and forecasts are invalid and will never happen done done done x googolplex,https://www.facebook.com/PAGASA.DOST.GOV.PH/posts/pfbid02heFVUuA34CRJFSgQmCuMt3JZXxYFi5vWAbKewY35uXGyBNYYU9MVJLgmLVFBGYj3l?__cft__[0]=AZUxA7LFZ9jnS8F0M4r91RHbX5BRutOHbhLQruvN18IIbEgsd9ZdFpf9J3a4byrOhyvdW0RK5WcWyP-rWkfkj781_r3-Q5fzgXtqQ5RrgKWozkh4Y2FBQBVSbCc-ZEIyom8VKY2XzsKFVb5uf3Rv6xCLWMlZnSY5IHTEGWA9hl4jkl6DqiwNSFv9Lkv8Lp5VF3M&__tn__=%2CO%2CP-R
Facebook,SunStar Davao,2025-08-12 00:00:00,the bill resetting the december 2025 barangay and sangguniang kabataan elections bske and extending the terms of all village and youth officials is set to be signed by president bongbong marcos jr on august 12 read more the bill resetting the december 2025 barangay and sangguniang kabataan elections bske and extending the terms of all village and youth officials is set to be signed by president bongbong marcos jr on august 12 read more the duterte brand of leadership ay isang makapangyarihan at mapagpalayang pamumuno na tunay na nagbago sa takbo ng kasaysayan ng pilipinas mula sa pagiging mayor ng davao na kilala sa disiplina at tapang dinala ni pangulong rodrigo duterte ang kanyang malasakit at political will sa buong bansa hindi siya natakot harapin ang mga oligarko sindikato at mga abusadong opisyal tinulungan niya maging ang mga politiko na kalaunay tumalikod sa kanya kabilang na ang pamilya marcos at sa kanyang panahon ibinalik sa libingan ng mga bayani ang labi ni marcos sr isang makasaysayang hakbang na tinanggihan ng mga naunang administrasyon sa ilalim ng kanyang liderato umusbong ang build build build program na nagpatayo ng libo libong imprastruktura gaya ng expressways airports tulad ng bicol international airport daan daang tulay bypass roads flood control projects at maging ang kauna unahang subway ng pilipinas tumaas ang suweldo ng mga sundalo pulis at guro sa gitna ng pandemya matagumpay na nailunsad ang vaccination rollout naipanalo ang laban sa kaguluhan at naipamahagi ang ayuda sa milyon milyong pilipino nilansag niya ang mga teroristang maute at abu sayyaf sa marawi pinamunuan ang rehabilitasyon ng lungsod at isinulong ang localized peace talks sa mga rebeldeng komunista sa pamamagitan ng ntf elcac libo libong dating npa fighters ang sumuko at binigyan ng kabuhayan at bagong buhay habang tuluyang nanghina ang cpp npa ndf sa ideolohiya at operasyon ang giyera kontra droga bagamat kontrobersyal sa mata ng mga banyaga ay nagligtas ng libo libong pamilya mula sa kasamaan ng droga winasak ang drug laboratories nahuli ang mga drug lord at nasamsam ang bilyon bilyong halaga ng ilegal na droga nagpatupad siya ng massive anti corruption campaign kung saan libo ang nasuspinde natanggal at nasampahan ng kaso kahit pa sila ay malalapit sa kapangyarihan pinirmahan niya ang mga batas tulad ng universal health care law free college tuition law malasakit center act at pinatupad ang 8888 complaint hotline para mas madali ang pagreklamo ng taumbayan sa tiwaling serbisyo ng gobyerno naisabatas ang 10 year validity ng passport 5 to 10 year drivers license at isinulong ang digitization ng government transactions para mas mabilis at episyente ang proseso sa larangan ng foreign policy tumayo siya para sa soberanya ng pilipinas hindi siya sunod sunuran sa amerika o china ipinaglaban niya ang karapatan ng bansa sa west philippine sea habang iningatan ang diplomasya hindi siya nagpadaig sa international criminal court at ipinakita sa buong mundo na ang pilipinas ay isang malayang bansa sa gitna ng lahat ng ito napababa niya ang krimen napaamo ang trapiko sa edsa sa pamamagitan ng bus rapid transit system napakilos ang pnp at afp na may disiplina at muling pinaniwala ang sambayanang pilipino na posible ang gobyernong may malasakit aksyon at tunay na serbisyo ang kanyang pamumuno ay hindi tungkol sa pa pogi kundi sa konkretong resulta si pangulong rodrigo duterte ay hindi lamang naging lider kundi naging alamat isang simbolo ng tapang katapatan at pagmamahal sa bayan na hinding hindi mabubura sa kasaysayan,https://www.facebook.com/sunstardavaonews/posts/pfbid02ybb3z72T8iHY2DGGJmPE58BhTDvt9nGseUPkZ9k4wJngtrj9osEbRwep6DGVXmJBl?__cft__[0]=AZWI1k6neQveTd-146P7vqsrQVWpxk8bAYIuurYyOg4k6kO1n1Jqf1SLleSMZ2dR65mKKvHuefxtcmxhj8ZHDtwfz1G2ZNPSD6pxt-HWqFf-jeeWEl_-ZTYHITPpCyXx0kF2f0ERCYgufNrd1pCRwkZHhGOdsmUY7eeo1JJDrI32TMxt2H_749PqR51w4XgcQJQ&__tn__=%2CO%2CP-R
Facebook,mrpsd.com.ph,2025-08-01 00:00:00,grass fire sa mount minandar sa barangay kusiong datu odin sinsuat kasalukuyang nangyayari ngayong gabi kasalukuyan ngayong nagkakaroon ng grass fire sa kilalang mount minandar sa barangay kusiong datu odin sinsuat maguidanao del norte ngayong gabi ng biyernes august 1 2025 nananawagan ang mga residente ng barangay kusiong sa mga kinauukulan na agad na magsagawa ng aksyon upang maiwasang kumalat pa ang nasabing apoy pinapayuhan ang lahat na iwasan na muna ang pagpunta sa mga apektadong lugar para matiyak ang kaligtasan ng lahat video credited to macs bln noraima l grass fire sa mount minandar sa barangay kusiong datu odin sinsuat kasalukuyang nangyayari ngayong gabi kasalukuyan ngayong nagkakaroon ng grass fire sa kilalang mount minandar sa barangay kusiong datu odin sinsuat maguidanao del norte ngayong gabi ng biyernes august 1 2025 nananawagan ang mga residente ng barangay kusiong sa mga kinauukulan na agad na magsagawa ng aksyon upang maiwasang kumalat pa ang nasabing apoy pinapayuhan ang lahat na iwasan na muna ang pagpunta sa mga apektadong lugar para matiyak ang kaligtasan ng lahat video credited to macs bln noraima l mao nay epikto sa kainit sa panahon,https://www.facebook.com/mrpsd.com.ph/
Facebook,#tsunamialert,2025-08-08 00:00:00,tsunami warning details below follow all local alerts if you are within the warning zones stay safe and get to higher ground do not delay a powerful magnitude 8 8 earthquake struck near russias kamchatka peninsula triggering tsunami alerts across the pacific tsunami warnings are active for japan and hawaii and tsunami watches are in effect for california oregon washington alaska including the aleutian islands british columbia and guam please pray for all impacted by this disaster tsunami warning details below follow all local alerts if you are within the warning zones stay safe and get to higher ground do not delay a powerful magnitude 8 8 earthquake struck near russias kamchatka peninsula triggering tsunami alerts across the pacific tsunami warnings are active for japan and hawaii and tsunami watches are in effect for california oregon washington alaska including the aleutian islands british columbia and guam please pray for all impacted by this disaster,https://www.facebook.com/hashtag/tsunamialert
Facebook,PHIVOLCS,2025-08-01 00:00:00,earthquake information no 1 date and time 01 august 2025 10 14 pm magnitude 2 6 depth 031 km location 07 06n 127 17e 072 km s 76 e of manay davao oriental earthquake information no 1 date and time 01 august 2025 10 14 pm magnitude 2 6 depth 031 km location 07 06n 127 17e 072 km s 76 e of manay davao oriental,https://www.facebook.com/PHIVOLCS/posts/pfbid0PPncosAWjTRAXkbEnYRLXmwGxNnvGK5H7sentFx1accW5DX8EbqyrqkGSqnQ46rtl?__cft__[0]=AZXyS4uoRchNf4z4vkSvFxwI-hus4LM4PRiphHwY7uttNXLGBDcXNNwGc021AZVEjcNjKhR7q9jnqOa4uxCP8a1Nk8SRLF1F1ILSiWWNkVRj0WnwJopz2qBqf-IeQfv1KaqsLl7FIuX_jQrffSloGyxiFLZe2wTZvz_OpN9UZYeif_zhGeD0dkU-v52erGlm_Ek&__tn__=%2CO%2CP-R
Facebook,GMA News,,multilateral lender world bank has approved a 700 million loan for the philippine governments initiative to make communities less vulnerable to natural disasters in a statement the world bank said that approximately 18 million households in the philippines are expected to become less vulnerable to natural disasters in the coming years due to enhanced community led planning and infrastructure investments read more multilateral lender world bank has approved a 700 million loan for the philippine governments initiative to make communities less vulnerable to natural disasters in a statement the world bank said that approximately 18 million households in the philippines are expected to become less vulnerable to natural disasters in the coming years due to enhanced community led planning and infrastructure investments read more the truth is loan to feed the philippine crocs,https://www.facebook.com/gmanews/posts/pfbid023SABcN5JaetLcmcQZV4LTzW1vnbV1TShnjivjwRRVSP4Ho2JHZYtD12d3WpZfqLxl?__cft__[0]=AZW417zwEL2pg0zFz1C6nSUXKjdHcfUfIhISessXX_Ak9P4jvpOfLoXNxWUusEwvsWNc1c5STu6gGak8dY5hxpQPSmAGFrW6RY4xhyJjZqCcECm4NdywFdQPCKTlgZutLPKAGCYEgdW6GsQnXMkUsxRlSkjaQpjibP35RmJSLenWKSnMT4jqwNQX_Vd1m4VUiDo&__tn__=%2CO%2CP-R
Facebook,PHIVOLCS,2025-08-01 00:00:00,earthquake information no 1 date and time 01 august 2025 11 02 pm magnitude 2 1 depth 135 km location 07 70n 126 40e 012 km s 32 w of cateel davao oriental earthquake information no 1 date and time 01 august 2025 11 02 pm magnitude 2 1 depth 135 km location 07 70n 126 40e 012 km s 32 w of cateel davao oriental,https://www.facebook.com/PHIVOLCS/posts/pfbid0EENU5gdBHXWYixFXVedVhn1XmzBQ3o9mdS6uur1NNU3d1zL4uJ33TFjYT3jHzsLAl?__cft__[0]=AZXdXGfO1eCk3T3BDwCQmidLRqacpgNv6-PqLmcAyruRPcfkRi8SmaJAqzzimXZqIzKEoCBhZI0iWiMDdt1gBCgi8trkONZ9h65RZDfUPzSRwcOPQRTcw_iferMIiJcgzP_tbCV9yvTLFN05WF_Njt7_et5xF11gW2IxlMw5XJtXcq9gMgJGwBpvuqS5Cx6iGKA&__tn__=%2CO%2CP-R
Facebook,weekendtraveler195,2025-08-04 00:00:00,breaking news southern california shaken a magnitude 4 4 earthquake struck southern california early thursday morning with strong shaking felt across los angeles long beach and surrounding communities residents report being jolted awake as walls rattled and windows shook preliminary reports indicate the quake struck just after 7 00 am pt no major damage or injuries reported so far but officials urge residents to stay alert for possible aftershocks were you in the quake zone drop your location and experience below disclaimer the image s used in this post are ai generated for illustrative purposes and do not depict real events breaking news southern california shaken a magnitude 4 4 earthquake struck southern california early thursday morning with strong shaking felt across los angeles long beach and surrounding communities residents report being jolted awake as walls rattled and windows shook preliminary reports indicate the quake struck just after 7 00 am pt no major damage or injuries reported so far but officials urge residents to stay alert for possible aftershocks were you in the quake zone drop your location and experience below disclaimer the image s used in this post are ai generated for illustrative purposes and do not depict real events,https://www.facebook.com/weekendtraveler195/posts/pfbid028MXQswCQQrfgueFmSzPxydQoPTvbBuzKrQhTP7szwernmugxkQxEnLgs8mgyjQVpl?__cft__[0]=AZWV0NyA6zVx_NEIIkXF1eEJahF6_dBCNhUQbmgnqCBGnFn0NMMqbtqhYCdaG82qF4K_ZBlS3HSHfNk1RI4lGjifK5YxharX4DG3tu_pkF2SI-93-zTMuGksNsrXBk9ruaZzdtiwA1B22ljwR3mUbBd-PuktQnar3kue9tGrsZVqG33nD9zBGlzCz834F24ucqk&__tn__=%2CO%2CP-R
Facebook,Manila Bulletin,,the local government of canlaon city in negros oriental has closed seven evacuation centers after more than 500 families returned to their homes within kanlaon volcanos extended danger zone an official said friday the local government of canlaon city in negros oriental has closed seven evacuation centers after more than 500 families returned to their homes within kanlaon volcanos extended danger zone an official said friday,https://www.facebook.com/ManilaBulletin/posts/pfbid02eRB1JVezvN7a8v88noPtcivTbkXvrwSex5v9kM6Gq5J1DbYNiFGavTF8J6KAkcEgl?__cft__[0]=AZVhfQDY1AsJf_tGhV2v8cls0QqyWjzi7cQGtBhqjHPvWrk9_1eD13IpQIOhYSGg2UtFqa5uK7h08Z7WJfrEEJCk2KJbE49NJwklFc_r6g3f6Bla3g18idx30VjUGDWkB-S_p34XJQyahrFULZ91kFSrHatqJ6hudkf2VuKgZzxsiPIEIp1DmoC7OxrdiD5N-Ck&__tn__=%2CO%2CP-R
Facebook,PHIVOLCS,2025-08-01 00:00:00,earthquake information no 1 date and time 01 august 2025 09 36 pm magnitude 2 7 depth 010 km location 17 37n 120 25e 021 km n 78 w of san esteban ilocos sur earthquake information no 1 date and time 01 august 2025 09 36 pm magnitude 2 7 depth 010 km location 17 37n 120 25e 021 km n 78 w of san esteban ilocos sur,https://www.facebook.com/PHIVOLCS/posts/pfbid0Rm4gzcsDgzegFvfM2K1jxxiVXnWDrfjKmUHJGP2d9ZompGbkugthqUCKbExVU5M9l?__cft__[0]=AZUgXMO6Gg7IL1CmIniD104_3Ri2mqE8L9oS5qAbzbIYxX975V6PClwxaa43ZHXzWCewZ5w5udymYIRG8IyOA8Cw0cZ-9KxeMQpo5altqY4EkJHhg82co3nxzGKs09QLjqh2BfBInHN-dmQtq9WiNjaCQU5Ht_v-SNJiHyN_xpDogHGJSLYNrd0YD5wVObMpWLI&__tn__=%2CO%2CP-R
Facebook,davaodevupdates,2025-08-01 00:00:00,update sunog sa buhangin earlier gideklara ng fire out ang miulbo nga sunog sa purok medalla milagrosa sa buhangin davao city kagabii agosto 1 2025 sa inisyal nga report usa ka dakong gambalay o compound nga gipuy an sa 35 ka mga indibidwal nga gilangkuban sa 12 ka mga pamilya ang nadanyos sa sunog diin ang kandila matud pa ang hinungdan sa pag ulbo sa kalayo samtang temporaryo unang mibakwit ang mga nasunugan sa covered court sa purok gilayon usab mihatag og paunang hinabang ang barangay ug ang city social welfare and development office cswdo pinaagi sa pag deploy sa mobile kitchen alang sa libreng pamainit lakip ang non food assistance ngadto sa mga apektadong residente sa sunog update sunog sa buhangin earlier gideklara ng fire out ang miulbo nga sunog sa purok medalla milagrosa sa buhangin davao city kagabii agosto 1 2025 sa inisyal nga report usa ka dakong gambalay o compound nga gipuy an sa 35 ka mga indibidwal nga gilangkuban sa 12 ka mga pamilya ang nadanyos sa sunog diin ang kandila matud pa ang hinungdan sa pag ulbo sa kalayo samtang temporaryo unang mibakwit ang mga nasunugan sa covered court sa purok gilayon usab mihatag og paunang hinabang ang barangay ug ang city social welfare and development office cswdo pinaagi sa pag deploy sa mobile kitchen alang sa libreng pamainit lakip ang non food assistance ngadto sa mga apektadong residente sa sunog,https://www.facebook.com/DavaoDevUpdates/posts/pfbid02eLFzWcLEyvYqAxvuRyC7KXQebfA2tymyxY7zE4JEQDJ2ZZNc1XhaPRqXbNjv346gl?__cft__[0]=AZW4Xo6af88bp_aV1NvEgq4qa3Wc8OcnOm-yEyZGN787Xmy6SXLCTO0Cg9bxaM5vbjk9DpDo5SP6ckBR5AorX6Q8lILPXx6EAPFHuxx44CWvJ1MYSH5XuahW_xjcPr9XpIK02yucqvNko9DJnnyOmIrglqHFNewAHu1MGib12-SJ8nW9XRjRsPb8oeJmt9MbK2s&__tn__=%2CO%2CP-R
Facebook,civildefensedavao,2025-08-01 00:00:00,thunderstorm advisory no 9 issued at 09 50 pm 01 august 2025 light to moderate rainshowers with lightning and strong winds are expected over bacolodkalawi madalum bumbaran maguing lumbabayabao tamparan poonabayabao masiu taraka mulondo buadiposobuntong bubong marawicity ditsaanramain madamba pualas ganassi pagayawan binidayan tubaran bayang lumbacaunayan lumbatan lumbayanague butig sultandumalondong saguiaran marantao balindong tugaya piagapo kapai tagoloanii talakag doncarlos kadingilan quezon sanfernando laak sanisidro santotomas asuncion cityoftagum braulioe dujali newcorella cityofpanabo carmen sergioosmenasr pinan polanco mutia mahayag ramonmagsaysay aurora sominot dumingag midsalip labangan tukuran pagadiancity ozamiscity tudela clarin sinacaban jimenez panaon concepcion aloran maitum kiamba maasim palimbang bagumbayan sen ninoyaquino kalamansig datublaht sinsuat upi southupi buenavista carmen nasipit butuancity magsaysay gingoogcity claveria tagoloan and pantar within the next 1 2 hours moderate to occasionally heavy rainshowers with lightning and strong winds are being experienced in sanluis esperanza wao kalilangan pangantucan maramag cityofvalencia talaingod kapalong bonifacio tangubcity donvictorianochiongbian tambulig josefina molave and lasnieves which may persist within 1 2 hours and may affect nearby areas all are advised to take precautionary measures against the impacts associated with these hazards which include flash floods and landslides thunderstorm advisory no 9 issued at 09 50 pm 01 august 2025 light to moderate rainshowers with lightning and strong winds are expected over bacolodkalawi madalum bumbaran maguing lumbabayabao tamparan poonabayabao masiu taraka mulondo buadiposobuntong bubong marawicity ditsaanramain madamba pualas ganassi pagayawan binidayan tubaran bayang lumbacaunayan lumbatan lumbayanague butig sultandumalondong saguiaran marantao balindong tugaya piagapo kapai tagoloanii talakag doncarlos kadingilan quezon sanfernando laak sanisidro santotomas asuncion cityoftagum braulioe dujali newcorella cityofpanabo carmen sergioosmenasr pinan polanco mutia mahayag ramonmagsaysay aurora sominot dumingag midsalip labangan tukuran pagadiancity ozamiscity tudela clarin sinacaban jimenez panaon concepcion aloran maitum kiamba maasim palimbang bagumbayan sen ninoyaquino kalamansig datublaht sinsuat upi southupi buenavista carmen nasipit butuancity magsaysay gingoogcity claveria tagoloan and pantar within the next 1 2 hours moderate to occasionally heavy rainshowers with lightning and strong winds are being experienced in sanluis esperanza wao kalilangan pangantucan maramag cityofvalencia talaingod kapalong bonifacio tangubcity donvictorianochiongbian tambulig josefina molave and lasnieves which may persist within 1 2 hours and may affect nearby areas all are advised to take precautionary measures against the impacts associated with these hazards which include flash floods and landslides,https://www.facebook.com/civildefensedavao/posts/1067914795529773?__cft__[0]=AZXuPYtM9TR_fCJfrYatzdBVTig5TAPkeUu_Yn8ibsWsr58fzo2VZ2kHdb9l2ldf1NMZD9GAbSOYmitdtk5oV4C3jwB8c3zWOONlUD0LTk3KH-hwt_vJFsZswyJC1IeXJ0-VBcU-qN_SU1vv_pZgEmyUESoPBaDsSD6HIhtEEFbcPUecgh2lpCVSVl9zY_lniak&__tn__=%2CO%2CP-R
Facebook,Manila Bulletin,2025-08-01 00:00:00,national grid corp of the philippines ngcp is placing the visayas and mindanao grids on yellow alert due to power plant outages and high system demand effective friday aug 1 from 6 to 8 p m the two regions will be put on a yellow alertan advisory issued when the operating margin is insufficient to meet the grids contingency requirement according to ngcps report the available capacity in visayas is at 2 569 megawatts mw while its peak demand is at 2 449 mw a total of 423 mw is unavailable to the grid it said read the full article in the comments section below national grid corp of the philippines ngcp is placing the visayas and mindanao grids on yellow alert due to power plant outages and high system demand effective friday aug 1 from 6 to 8 p m the two regions will be put on a yellow alertan advisory issued when the operating margin is insufficient to meet the grids contingency requirement according to ngcps report the available capacity in visayas is at 2 569 megawatts mw while its peak demand is at 2 449 mw a total of 423 mw is unavailable to the grid it said read the full article in the comments section below national grid corp of the philippines ngcp is placing the visayas and mindanao grids on yellow alert due to power plant outages and high system demand effective friday aug 1 from 6 to 8 p m the two regions will be put on a yellow alertan advisory issued when the operating margin is insufficient to meet the grids contingency requirement according to ngcps report the available capacity in visayas is at 2 569 megawatts mw while its peak demand is at 2 449 mw a total of 423 mw is unavailable to the grid it said read the full article in the comments section below,https://www.facebook.com/ManilaBulletin/posts/1205454651622739?__cft__[0]=AZW1ugwUDMcKKoIzJ_pVGUSZPHZFCWO3dKcEpH1b0h9vgw4QCaBXGeE8H41E3a5nWVcGR73eVyHqWCanjScN-qldHRP6brrRo7irX37lyQHadmUDQmTAPQ8S-Lh8EXmigufAcx7N3S-AveQZIYqXrS-Bp8eqGS_1WmbaUn06KYD95Erk40zTeQF7-kupYqfjc2fKicYSVdU8Ow9FdNeMtRpt0ic3U4BeU9yfGMWxrOwwKA&__tn__=%2CO%2CP-R
Facebook,PHIVOLCS,2025-08-01 00:00:00,earthquake information no 1 date and time 01 august 2025 11 43 pm magnitude 3 7 depth 101 km location 03 04n 126 40e 284 km s 22 e of balut island municipality of sarangani davao occidental earthquake information no 1 date and time 01 august 2025 11 43 pm magnitude 3 7 depth 101 km location 03 04n 126 40e 284 km s 22 e of balut island municipality of sarangani davao occidental,https://www.facebook.com/PHIVOLCS/posts/1071797818477515?__cft__[0]=AZWvRXPkwXQCndWHJjvlAfqxCXWi-e7kZZo5huFKntuHqwTpATI6F1W2E-uu20-XGw9TUMWV5YJpFQDcmxtnIvASZT9rIvzCFYfH_OwFsbcA3GyzmbAK_gzMaPQ3wlXr4vZOqAcMrt2CaULvAGrmYdpZ-rAFqrMmAwxnm0bHWk1FHXm4xMN427KTG_5edBmshRM&__tn__=%2CO%2CP-R
Facebook,#earthquakeph,2025-08-01 00:00:00,earthquake information no 2 date and time 01 august 2025 09 36 pm magnitude 2 3 depth 021 km location 17 41n 120 20e 025 km s 51 w of caoayan ilocos sur earthquake information no 2 date and time 01 august 2025 09 36 pm magnitude 2 3 depth 021 km location 17 41n 120 20e 025 km s 51 w of caoayan ilocos sur,https://www.facebook.com/hashtag/EarthquakePH
Facebook,bfprhq11,,live bfp battle of the bands 2025 musika laban sa sunog live bfp battle of the bands 2025 musika laban sa sunog live bfp battle of the bands 2025 musika laban sa sunog live bfp battle of the bands 2025 musika laban sa sunog live bfp battle of the bands 2025 musika laban sa sunog,https://www.facebook.com/BFPRHQ11/posts/pfbid0J5VD9jYjwhnvU34D2gUzQ5QR4i8xsPmGzSRBCP7QUvhJSm1sfjkWdpibjEcoTx21l?__cft__[0]=AZUYPCqvTKnS7_nbWwM9EoWvxKCC7vm3uKr33B571B5a9o7tE7s40limid23ToSw_v4WyaLBCQ_zmCRQdzfkk7qtE0Emv9OGXLRJG8dkspQBGItNCS0FQELA7TNiubXGs4LFc3dz8KCtQjuo4jAf7ok8gv70q0xVoKdbJ4YROfyKYoDS-6PCf_xU2OqTc3byJ5rF42Nvnz9YUFZnY4WSboWcvwID6uJALRQjystdNWGsTw&__tn__=%2CO%2CP-R
Facebook,civildefensedavao,2025-08-02 00:00:00,thunderstorm advisory no 10 issued at 12 50 am 02 august 2025 light to moderate rainshowers with lightning and strong winds are expected over bonifacio tangubcity sultannagadimaporo kapatagan lala ramonmagsaysay sominot midsalip santotomas cityofpanabo braulioe dujali carmen and asuncion moderate to occasionally heavy rainshowers with lightning and strong winds are being experienced in pagadiancity labangan dumalinao tigbao guipos sanpablo tukuran aurora tambulig dinas sanmiguel lakewood lapuyan kumalarang bayog cityoftagum newcorella mawab maco buug diplahan siay malangas imelda and kabasalan which may persist within 1 2 hours and may affect nearby areas all are advised to take precautionary measures against the impacts associated with these hazards which include flash floods and landslides keep monitoring for updates source mindanao prsd thunderstorm advisory no 10 issued at 12 50 am 02 august 2025 light to moderate rainshowers with lightning and strong winds are expected over bonifacio tangubcity sultannagadimaporo kapatagan lala ramonmagsaysay sominot midsalip santotomas cityofpanabo braulioe dujali carmen and asuncion moderate to occasionally heavy rainshowers with lightning and strong winds are being experienced in pagadiancity labangan dumalinao tigbao guipos sanpablo tukuran aurora tambulig dinas sanmiguel lakewood lapuyan kumalarang bayog cityoftagum newcorella mawab maco buug diplahan siay malangas imelda and kabasalan which may persist within 1 2 hours and may affect nearby areas all are advised to take precautionary measures against the impacts associated with these hazards which include flash floods and landslides keep monitoring for updates source mindanao prsd,https://www.facebook.com/civildefensedavao/posts/pfbid02J7n9HXrkAfxqT6Z4qTXFiQ7XLT7d4uVoyF3PHD19oJdB9ruCxTdVDsXGiH9xkfcpl?__cft__[0]=AZWxFYt220ab4ZozXNd7HhpuVt3X5pNe4QALaN2xL-yVJK6octWjsjoKWz_ISu-Wv0WXc3KG1pPJ_fKKUS5M5zxalw8dvOe1JQVJiQWTxGibFUUQABBF9CQQBVW9XnSfdb_pG_2KwFMbeFqaszD-ki8tX8m0LNwsIrk_T6Pif4zwC8hkYSNBn2T9tus-PZ9KMKA&__tn__=%2CO%2CP-R
Facebook,mprsdcdo,2025-08-02 00:00:00,thunderstorm advisory no 11 issued at 03 00 am 02 august 2025 light to moderate rainshowers with lightning and strong winds are expected over naga tampilisan and godod within the next 1 2 hours moderate to occasionally heavy rainshowers with lightning and strong winds are being experienced in sanpablo dinas dimataling tabina dumalinao guipos sanmiguel pitogo lapuyan kumalarang margosatubig vincenzoa sagun bayog lakewood tigbao pagadiancity tukuran labangan buug siay diplahan malangas imelda payao alicia mabuhay olutanga talusan kabasalan and sultannagadimaporo which may persist within 1 2 hours and may affect nearby areas all are advised to take precautionary measures against the impacts associated with these hazards which include flash floods and landslides keep monitoring for updates thunderstorm advisory no 11 issued at 03 00 am 02 august 2025 light to moderate rainshowers with lightning and strong winds are expected over naga tampilisan and godod within the next 1 2 hours moderate to occasionally heavy rainshowers with lightning and strong winds are being experienced in sanpablo dinas dimataling tabina dumalinao guipos sanmiguel pitogo lapuyan kumalarang margosatubig vincenzoa sagun bayog lakewood tigbao pagadiancity tukuran labangan buug siay diplahan malangas imelda payao alicia mabuhay olutanga talusan kabasalan and sultannagadimaporo which may persist within 1 2 hours and may affect nearby areas all are advised to take precautionary measures against the impacts associated with these hazards which include flash floods and landslides keep monitoring for updates,https://www.facebook.com/mprsdcdo/posts/pfbid07hr9r15DiUzQg8dvLvAMziRTKBD8kWPrZyd1rvAqndmvwLwcTFSST7NJF1znS27jl?__cft__[0]=AZVd6ZGDBaQO0CgIzFQC936nftWIjeJLZ7D2xDfwbe4idTvfUdJNC14Z2gdQNQHjqw83DTbnEl7GDUGtEEsok8pedNyAXYDOYkT9fZ15-yW2AJwnEOIvGYnJZ-4FNRq_cGdzqMk6oTDJc2jCMFkcqSQwj0AfxsAXdZMtqtJ72Di8NRptiSL7m9J998Wbyt0GX6s&__tn__=%2CO%2CP-R
Facebook,PHIVOLCS,2025-08-01 00:00:00,earthquake information no 3 date and time 01 august 2025 01 02 am magnitude 2 8 depth 086 km location 10 11n 125 60e 005 km north of basilisa dinagat islands earthquake information no 3 date and time 01 august 2025 01 02 am magnitude 2 8 depth 086 km location 10 11n 125 60e 005 km north of basilisa dinagat islands,https://www.facebook.com/PHIVOLCS/posts/pfbid02hukwqgL2tNXtVRy1m8DVsYAtRBmtqXzxjyKkJMHX433U2DXwLyN9zeZnYreCjjNMl?__cft__[0]=AZXg-JLz4Ix0gklzK-YPQ9nj5352s-ZmA2euI05yp-JbgTqzOr8fKCivsozXl5CzvtG_3U2khe6MG4L1tvGBrisv3Bye05FI-32H2XC66SmhFpektkiSITUq8wzZTj1Ynn8q9OwD__j1NiNCnnic_X2W36YJ3dRVFCopmQEVW1Tp9JKvhriI63emMqeNH5sxXvs&__tn__=%2CO%2CP-R
Facebook,untvnewsrescue,,may paliwanag ang siyensya kung bakit nakakasakit ng damdamin ang mga biro at jokes na may laman alamin kung paano ang tamang pagtugon sa mga ganitong uri ng jokes may paliwanag ang siyensya kung bakit nakakasakit ng damdamin ang mga biro at jokes na may laman alamin kung paano ang tamang pagtugon sa mga ganitong uri ng jokes untv news and rescue,https://www.facebook.com/UNTVNewsRescue/posts/pfbid02qSAL6JcLp54iRLtpbZL56FhLSaqFbQYw4yGGeUJWYR5AQLyU13Qu3DKYYphvgNp7l?__cft__[0]=AZWJlrp5lU_kpk5sMWssbfi8al3r0r69gepxMNNcQhXpKuOvoY5z9mKkkof9NO8mcrWdlJCfeu81Ow5UMGeErC0-iqusMZg8qCxUtDFFmyKWT6bEUxpF1E7tNf3kv2XAmGLLAAiye6H96afhHdcZlZxV9Nd0e-OJmHcpQkeF9WeIS3xfUR1BL-asbLo3nsOjSII&__tn__=%2CO%2CP-R
Facebook,weather.davao,2025-08-01 00:00:00,thunderstorm watch issued at 9 15 pm friday august 01 2025 are more likely to develop over within 12 hours all are advised to keep monitoring for updates thunderstorm watch issued at 9 15 pm friday august 01 2025 are more likely to develop over within 12 hours all are advised to keep monitoring for updates,https://www.facebook.com/weather.davao/posts/pfbid0oMA8rCuKSu6JRczqUzs3m8EeuKSqWJLqt4mZcXKAd4ahkKiekExBZSVS8ac6cG4Gl?__cft__[0]=AZXU-mY6ppqMlG8reg_P3VlHa1pf2aDmfizsSW6InARvsHAC6dLvq_DqRCIiz5c3kyBEzIwiIf_s8W0x-q7_vKwxJD4riugv34SWvO-QjLzz4HhTxGVlni07lGXPW3abutX74wZnpDxCyzxe-gfWyRP-eYRdWCsP3SeDJn86RNT-wAJ1I3Pd0iWD74tl3FFq5uM&__tn__=%2CO%2CP-R
Facebook,PHIVOLCS,2025-08-02 00:00:00,earthquake information no 1 date and time 02 august 2025 03 55 am magnitude 2 4 depth 014 km location 08 07n 125 63e 028 km s 63 w of loreto agusan del sur earthquake information no 1 date and time 02 august 2025 03 55 am magnitude 2 4 depth 014 km location 08 07n 125 63e 028 km s 63 w of loreto agusan del sur,https://www.facebook.com/PHIVOLCS/posts/pfbid02dQCa2HjoSRXAunAm5hmB74KKUuREWcuNLGeFxnYz62DaLEzq1LiVNUzJuAEH9bxWl?__cft__[0]=AZUKgiwnYwlDcvIKZ9-hsvPWXgVf1jio67bRCzJ-waz7ePMwO8VSycmgwsgRyd6FsBsyiuDsbeoTyTsJf3coyCMSrCVio91QtGveQPWgyH5V4GLf2tuJIAkw-ZiQy7JWCE8khVOh_vYGZiJc_RZH5MA9i4FgqVQFYinXBpIUVVM9YtXp1wGAq79B5hgI8qgSiqc&__tn__=%2CO%2CP-R
Facebook,#fireandrescueph,2025-08-01 00:00:00,fire alarm aug 1 2025 location medalla milagrosa buhangin davao city fire alarm aug 1 2025 location medalla milagrosa buhangin davao city,https://www.facebook.com/hashtag/FireandRescuePH
Facebook,SunStar Davao,,davao city and its residents responded more calmly and effectively to the recent tsunami alert showing significant improvement from the 2019 chona mae panic incident according to the city disaster risk reduction and management office cdrrmo read more davao city and its residents responded more calmly and effectively to the recent tsunami alert showing significant improvement from the 2019 chona mae panic incident according to the city disaster risk reduction and management office cdrrmo read more,https://www.facebook.com/sunstardavaonews/posts/pfbid02E7GgjHffWaNJo7CpBNCzG4jPPhHKiAKSqDYE764PTp69EL1QKpRZcfVgWswA16dpl?__cft__[0]=AZUOfCUuHxavJZMQQOL09oYgKY_ztJDb3bo90-Zzc9ybhxOjl5vz-jRB6_8EGcXR-q_sVodiuDDw8fixkD22VR6ceK1-2Jzeie-g6Ub-xAOnKfxpiearTsLX1i_y5y9i5yIQZ4ACug6AD9HMNIEVZzkBEatC2W_MByC-8ij0sECrKRTQsCnVllrJKmoV8JC8B_8&__tn__=%2CO%2CP-R
Facebook,PHIVOLCS,2025-08-02 00:00:00,earthquake information no 1 date and time 02 august 2025 09 08 am magnitude 1 4 depth 071 km location 14 07n 120 43e 021 km s 90 w of nasugbu batangas earthquake information no 1 date and time 02 august 2025 09 08 am magnitude 1 4 depth 071 km location 14 07n 120 43e 021 km s 90 w of nasugbu batangas,https://www.facebook.com/PHIVOLCS/posts/pfbid02FvLAzFirboLsLamBJTy19YcoawXyiWZWM9NrKHPKcXuP7aykV1R7ZdND6U8HCacVl?__cft__[0]=AZWdFFz93RqWA90_MphByq47G1c3cGVrI0IUxmPsVc0HfjrxsgYjX0Q8Q8fULwktK2Fd7ilj47VxBuiI1Uy-IG-mmYiwQCULPitzXDml1_hCx3OKLESt_rmGugykZlTo4mpXcOltrTv--IhbwlYSRDsQ-EcTM_ij5nqdtV-CLvcaDYQ5uOtvkL2Rd84L2nhYj9Y&__tn__=%2CO%2CP-R
Facebook,SunStar Davao,,the office of civil defense davao region ocd davao thanked local governments and frontline agencies for their swift coordinated response to the tsunami alert triggered by a powerful undersea quake off russias eastern coast the office of civil defense davao region ocd davao thanked local governments and frontline agencies for their swift coordinated response to the tsunami alert triggered by a powerful undersea quake off russias eastern coast,https://www.facebook.com/sunstardavaonews/posts/pfbid02QHYxni1XM8N3Jdhf5ZMvUSP6omnPLbQwAnGkAEzHxvJHbppzExdftRZuPdCASo6Bl?__cft__[0]=AZU8sLn9HHH_BKHHJn42c63Xw067nMPOAQirpZQxNpKE-WFPLQGPhI40qCaugOUJFGbBskhyjU8i_OawAPNGSRD0HegkqTOeYXMu3zW9RhgqD_yqvgcK29JwX6YTK-E08_C9G_GZZMKLO3eSywOP7QEV7-07pBl1VjQTpdYYQlFjZmJJjPT3GwFE-XdW4XIwQzk&__tn__=%2CO%2CP-R
Facebook,ldrrmoliloy,2025-08-02 00:00:00,earthquake information no 1 date and time 02 august 2025 05 30 am magnitude 3 2 depth 034 km location 08 27n 121 66e 074 km n 46 w of baliguian zamboanga del norte earthquake information no 1 date and time 02 august 2025 05 30 am magnitude 3 2 depth 034 km location 08 27n 121 66e 074 km n 46 w of baliguian zamboanga del norte,https://www.facebook.com/ldrrmoLiloy/posts/pfbid0i8yU4fC2VSp9DihRTh6BCTbNukzm5oG5aSPLaUdy66JaSPqGS3vEuebBj5zwjwyhl?__cft__[0]=AZWqWvvLDZ1ACDWXvlr7xxFtek9FYy8G2jMqayJYY38_4l_oYVB7n5_-mIjkiOKa4nY1pUuYCpdE6uxqx5lbZNc_cqSarqz9LleJv5X_JCWp09eVm68neTmXCOrhnnY4fspXBw3hWVsXxZDxxiCAOuqdN_do89fwTLsZuEZVqhOnlVC6mrzkgvcO3zC7AvZlzik&__tn__=%2CO%2CP-R
Facebook,kwee.gervacio,2025-08-01 00:00:00,all safe thank you lord all safe thank you lord panoorin nasusunog ang isang gasolinahan sa edsa bagong barrio sa caloocan city ngayong agosto 1 via rikken maghirang panoorin nasusunog ang isang gasolinahan sa edsa bagong barrio sa caloocan city ngayong agosto 1 via rikken maghirang panoorin nasusunog ang isang gasolinahan sa edsa bagong barrio sa caloocan city ngayong agosto 1 via rikken maghirang,https://www.facebook.com/kwee.gervacio/posts/pfbid0Lsmozu5qVuwZVBT35x9swCAyX4ByhZ8whrG39rS4rvXPMDp4QsxfG5s3aa3hhfLol?__cft__[0]=AZUcdi_bGT2F1HgfDNMVLK3okpqeocnnpV99ax1EbVOfdWjVjWm79FbKT2jpZoDGuiveI-WuyLbDZkGcKgxBQs_-rKT9g8jfNF5ZWYO-VqkgMcXK7bfhOX0yP4VigWsAzhptVAb3XZYgzWTiaeEYc5Y666SaaWrjejG_p0CP9pPBM4bt3dyRoQr3OUUiHInUvXEHoQrKAF6ZsduGFse8Jj0HOV1HRsW88q4T3dRMHDOsUg&__tn__=%2CO%2CP-R
Facebook,PHIVOLCS,2025-08-02 00:00:00,earthquake information no 1 date and time 02 august 2025 09 18 am magnitude 2 3 depth 146 km location 07 24n 126 57e 004 km n 46 e of manay davao oriental earthquake information no 1 date and time 02 august 2025 09 18 am magnitude 2 3 depth 146 km location 07 24n 126 57e 004 km n 46 e of manay davao oriental,https://www.facebook.com/PHIVOLCS/posts/pfbid0XdagaY8WM4d4ppuYo7EbrdsM8WuHpzWSQH8UkRcUdaBS8ppqVTm38Dg26YQyhepwl?__cft__[0]=AZWO6zg1FgL4DMO9UJmc64nvIw1Uv3wmsgvFGBf5Gt96H15PpDZemeYDk-lEo1EoNTSsGaqSTxq74A1w-xvceDGu5iGdWKoWWT1ztnrK0yD37kD-Cj5ZfCZHAeGtZF64sj-oOiB0pu6k7Xg9y4wHuxvDzmhfITELDQibX_oDU6ibkKPFKa4WSIPP8GTfwTXpyd4&__tn__=%2CO%2CP-R
Facebook,ABS-CBN,,nasa clark air base sina defense secretary gibo teodoro at us ambassador marykay carlson ngayong sabado ng umaga para daluhan ang pagkakarga ng family food packs sa military aircraft ng us ipapadala ang mga food packs sa mga nasalanta ng habagat at bagyo ni job manahan nasa clark air base sina defense secretary gibo teodoro at us ambassador marykay carlson ngayong sabado ng umaga para daluhan ang pagkakarga ng family food packs sa military aircraft ng us ipapadala ang mga food packs sa mga nasalanta ng habagat at bagyo ni job manahan osprey v22 usn yan bro,https://www.facebook.com/abscbnNEWS/
Facebook,GMA News,2025-08-02 00:00:00,no low pressure areas lpa are being monitored for tropical cyclone formation as of 8 am today august 2 2025 according to pagasa courtesy dost pagasa facebook no low pressure areas lpa are being monitored for tropical cyclone formation as of 8 am today august 2 2025 according to pagasa courtesy dost pagasa facebook,https://www.facebook.com/gmanews/posts/1234548458716809?__cft__[0]=AZUqBVbIkEI6ZKTfULdaW6cGsZ4f4fOqOeUMTiNjOVvAYB_vHurRxthvoiQp4QXW1ToDLNq9W2aeByuqM2DmUDNSHivbFWMet1Zpm74W5uJgwXrNXeWkgIz3jq-t5kQg56mdCXS99qVKGUhmXZJN9pemXMG9l__cEKaolqKouPT-0Tlg9wW1nSEGcTxqizG3uOQ&__tn__=%2CO%2CP-R
Facebook,PAGASA,2025-08-02 00:00:00,as of 8 00 am today 02 august 2025 no low pressure areas are being monitored for tropical cyclone formation all are advised to monitor updates from dost pagasa as of 8 00 am today 02 august 2025 no low pressure areas are being monitored for tropical cyclone formation all are advised to monitor updates from dost pagasa maraming salamat po pagpalain tayong lahat ng diyos,https://www.facebook.com/PAGASA.DOST.GOV.PH/posts/1196915319146786?__cft__[0]=AZXylWbviKkJghTFDq6SeVSfCj3dQpH-tsv_4REM_vXstzlafgZy1tt8rWCUmoG87zLqeX4Gmn5vyh0MQj_QBUq6iHVpPKymCg1ZtrZTWmc8KH8RX4r_iACqtTPO6zKP-reG6iuXMiBdzcYi4hBXaudGGuqBHIZnMrTCATVxgH_uzQbgkt4perI8jVwb-g-R058&__tn__=%2CO%2CP-R
Facebook,SunStar Philippines,,governor lilia nanay pineda urged immediate repair of a damaged dike in arayat to protect 387 families from flooding governor lilia nanay pineda urged immediate repair of a damaged dike in arayat to protect 387 families from flooding,https://www.facebook.com/SunStarPhilippines/posts/1197963705692480?__cft__[0]=AZW7zlfubN5dmRUB_pmV8nfT6Kb4NyOpk_1_VHAfLJMRutrxT95B_KPT8beXs1-BG7Bhd7PmnAhvtvKR7qgtcbSS7u0d6MNDh3u_uXs8vleVuPR3vlcUBCtxfUL4a1nY5UUpCHCk-t9LUC70U1u0jRI4Y-BifBHO5LFEhxHXxaEzXZ4hsNS1Os9ba8Yc4hxsdOQ&__tn__=%2CO%2CP-R
Facebook,davaoskylines,2025-08-08 00:00:00,pakibasa marami ang nagtataka kung bakit nagkaroon ng tsunami warning sa pilipinas na ang layo na raw nito sa russia red line distance from the 8 7 magnitude epicenter to the philippines balikan natin ang nakaraan noong 1960 naitala ang pinakamalakas na lindol sa kasaysayan na may 9 4 magnitude sa bansang chile sa south amerika ang lindol na ito ay nagdulot ng tsunami na umabot sa pilipinas after 22 hours ng lindol at nakapagtala ng 21 deaths at maraming missing check the white line distance from chile to the philippines mao ng dili gayud magkumpiyansa maong manigurado gayud safety first don t underestimate the power of nature pakibasa marami ang nagtataka kung bakit nagkaroon ng tsunami warning sa pilipinas na ang layo na raw nito sa russia red line distance from the 8 7 magnitude epicenter to the philippines balikan natin ang nakaraan noong 1960 naitala ang pinakamalakas na lindol sa kasaysayan na may 9 4 magnitude sa bansang chile sa south amerika ang lindol na ito ay nagdulot ng tsunami na umabot sa pilipinas after 22 hours ng lindol at nakapagtala ng 21 deaths at maraming missing check the white line distance from chile to the philippines mao ng dili gayud magkumpiyansa maong manigurado gayud safety first don t underestimate the power of nature,https://www.facebook.com/davaoskylines/posts/1152768403551111?__cft__[0]=AZW9iGtHAcaFNjVlbcn8vkYRaTxUr9FaapHaK1jlGIIMYEOviSTgV7ScuG0qloMswD9YDQhe175aFkHuYi2wi9hF3hbHoeA9KZEY3T9z4pvbFE4kqf_zi7Ro9IKJNFM-bNt73epY469BIOov7qU_Ldo9Y7qT-IGhtrm2LVg-AAZn9IsjfGwD6V5X3KxjjuCuXis&__tn__=%2CO%2CP-R
Facebook,Inquirer.net,2025-08-19 00:00:00,doh on alert for leptospirosis surge after recent storms habagat doh on alert for leptospirosis surge after recent storms habagat how about the current status of covid 19 cases in the philippines ive noticed that there have been no official reports of new cases,https://www.facebook.com/inquirerdotnet/posts/pfbid02TebpUfy1Qz4mqAEFLaiy9gkrZKMQRRTVHQhqDJ95v23HKKNynLyjTCmxQoKztPNjl?__cft__[0]=AZVtTWhbgckw8jQD-RKDfKF8GylasFcm08Mxft1wi0zOjIPmgaG4i8nuUCuQAF91FN02GleGaHertUjX29W3p35yS8EC13JnVOI0TkNEYmTExCQG5Ie9SRsHsLZFtFit2NbHQnYwlH3_oqDQdWLTouXEHrIoMH5EVyXtzFaGa2LmzORnw_cWYt2f7Wh3bzuNzlg&__tn__=%2CO%2CP-R
Facebook,PHIVOLCS,2025-08-02 00:00:00,earthquake information no 1 date and time 02 august 2025 10 53 am magnitude 1 6 depth 032 km location 13 06n 120 73e 003 km s 15 e of santa cruz occidental mindoro earthquake information no 1 date and time 02 august 2025 10 53 am magnitude 1 6 depth 032 km location 13 06n 120 73e 003 km s 15 e of santa cruz occidental mindoro,https://www.facebook.com/PHIVOLCS/posts/pfbid02BcEuoP24UPXxrAwYnvG8MSKZsi8Pq5Y8Dhu1Uabn2DaHTS5ENfBrLQ9F954Xs5SBl?__cft__[0]=AZV-bqa03YC50GDH6sQg2k2Yu9bw4ZdGQtFGanBUks70qwD173dUc5xjpNbTW2-vcDdQbhx3sDurqDpaVea8hSE70I0kJYsPyXs2yZDQnAOqfUeoX2PWbPWVe9c_HJmb_s8KsdqKaGoEBWxmYZVE3QNKEhHcef_9rcR_TZg-8v2F5YhMjxiUthJZ03XM9iAcyGI&__tn__=%2CO%2CP-R
Facebook,PHIVOLCS,2025-08-02 00:00:00,earthquake information no 1 date and time 02 august 2025 10 16 am magnitude 2 1 depth 033 km location 09 75n 126 01e 005 km s 77 w of dapa surigao del norte earthquake information no 1 date and time 02 august 2025 10 16 am magnitude 2 1 depth 033 km location 09 75n 126 01e 005 km s 77 w of dapa surigao del norte,https://www.facebook.com/PHIVOLCS/posts/pfbid02kdZqzXvNP2MmYzMFbeB2RAJwNsHJWW1wxd5aH6Lrb8K8cZtkdLcLeFsuk38wa4onl?__cft__[0]=AZUWo_9TcZ0Yu6pGGwwzC97xdgVRR3yOwyLPRdZzK-Oy8-1wRFcL1o0D4tZgvw2NLtlne3IfHHhsLSLpbR3CcZ6soHriPKIu5agTKQIEsCcnyp98Jw4qbSJUWFX3EPdt7At1eJwvbUUASB1Amz0N1oKil64naaUD7I5rY_8qylw2hw3uaKIeWgk06q2n62au5a4&__tn__=%2CO%2CP-R
Facebook,untvnewsrescue,,pinangunahan ni pres ferdinand marcos jr ang paglulungsad ng bayanihan sa estero upang paigtingin ang mga hakbang na ginagawa ng pamahalaan upang maresolba ang problema sa pagbaha sa metro manila pinangunahan ni pres ferdinand marcos jr ang paglulungsad ng bayanihan sa estero upang paigtingin ang mga hakbang na ginagawa ng pamahalaan upang maresolba ang problema sa pagbaha sa metro manila thanks be to god,https://www.facebook.com/UNTVNewsRescue/posts/pfbid0WM6mWKQDCUvAJGJ333QQk1FcWbuLpb4FxEh8grfDBWjvjonJf7QxzBKhGeUTLszSl?__cft__[0]=AZUCrZjrK23rRWl3PV0EAcjjBDJBRIZiH5uSz1hqklhePpgJsKTfdefDETFx-7dq_eooS4KdFOrEcemoT5rTAWB32-mguUzZ60JzZ1NefGgEc9e0Z8Lkfgg-BKAalp25aeUArPqkj0t_8Dpn95xWs1tIHPFCMVtbN1EMEy7zWMzaE4-bNUrRnlXlz9xfOUkhWhE&__tn__=%2CO%2CP-R
Facebook,#earthquakeph,,the big one when will it hit metro manila 400 years in the making the west valley fault hasnt moved since 1658 and experts say a 7 2 magnitude quake could be next no doomsday clocks no countdowns just facts and fierce ground shaking cracked roads collapsing bridges even tsunamis along our coastlines watch my 3 minute breakdown to see what really happens when the earth roarsand why we cant ignore it feeling thankful in balagtas the big one when will it hit metro manila 400 years in the making the west valley fault hasnt moved since 1658 and experts say a 7 2 magnitude quake could be next no doomsday clocks no countdowns just facts and fierce ground shaking cracked roads collapsing bridges even tsunamis along our coastlines watch my 3 minute breakdown to see what really happens when the earth roarsand why we cant ignore it feeling thankful in balagtas,https://www.facebook.com/hashtag/EarthquakePH
Facebook,#floodalert,2025-02-12 00:00:00,2 2025 floodwarning and heavy rain report by g a saqi 2 2025 floodwarning and heavy rain report by g a saqi,https://www.facebook.com/hashtag/FloodAlert
Facebook,ABS-CBN,,pinangangambahang mabawasan ang remittance ng mga pinoy mula us dahil sa remittance tax na ipapataw ni president donald trump us ang pinakamalaking source ng remittance ng pilipinas ayon sa bangko sentral via tv patrol tingnan ang comments section para sa link ng buong detalye pinangangambahang mabawasan ang remittance ng mga pinoy mula us dahil sa remittance tax na ipapataw ni president donald trump us ang pinakamalaking source ng remittance ng pilipinas ayon sa bangko sentral via tv patrol tingnan ang comments section para sa link ng buong detalye,https://www.facebook.com/abscbnNEWS/posts/pfbid02M7eDaeg9p6njdQpiCF9K6oxzf6FU5kJ3M737xNU4TzPmuRVqd92vaBTUyxgDSqRGl?__cft__[0]=AZU9MeFQxnC_7fEotRzbAKerFJrPMGD2Aw_dZyT2xHCIaC5EbEVk7uTRsJlRLfUgv3LJ59aaZ5WEbDTvey_Ioo5gV3033mpsIGh1zYnQFyvNvYgTo2tM_FuxNzFUGvcW8s1DYAtS24j1j8Pg5jToKo_M6PXW9GhuapxFXAJNMNS6fBxYqhHH9a-DY9Jzx1KVcr4&__tn__=%2CO%2CP-R
Facebook,Manila Bulletin,2025-08-01 00:00:00,a fire broke out in barangay fort bonifacio taguig city late friday night august 1 affecting 67 families or 217 individuals a fire broke out in barangay fort bonifacio taguig city late friday night august 1 affecting 67 families or 217 individuals,https://www.facebook.com/ManilaBulletin/posts/pfbid0pYQ1YhQS2uf6y2t4AyEUoqSe4f2Se64s4hDSGgYuEmM23JpBYCYS4w5Z4CJdX7Sxl?__cft__[0]=AZUyUnZ1x9SfhhVa0W0Sl-xJsKfE_4xD7tGysP0PMtiKqShJWRQTMuFipDUSbQNSL4keSynHaEf802SxgnKSuEAayEEvr3ilpjg2Bds3QwAsHlD9MFowMXemhzbqcCo0QkVIn8W32VJWdKM3CVYG9W0QgknEfZ2ic7aWVNdpWqkK-Kj0coLRq91W5p18rG32xCY&__tn__=%2CO%2CP-R
Facebook,mprsdcdo,2025-08-05 00:00:00,mindanao weather forecast issued at 5 00 am 02 august2025 valid until 5 00 am tomorrow synopsis localized thunderstorms affecting mindanao tropical cyclone outside par as of 3 00 am today tropical depression location 1 635 km east northeast of extreme northern luzon 26 8n 136 5e maximum sustained winds 55 km h near the center gustiness up to 70 km h movement northeastward at 25 km h forecast mindanao will have partly cloudy to cloudy skies with isolated rainshowers or thunderstorms due to localized thunderstorms light to moderate winds from southeast to southwest with slight to moderate seas 0 6 to 2 5 meters kaugalingong dayalekto ang tibuok dapit sa mindanao makasinati sa panalagsang pagdag um ngadto sa mapanganuron nga kalangitan inubanan sa patak patak nga pag ulan kilat ug pagpanalugdog tungod sa mga localized thunderstorms hinay ngadto sa kasarangan nga hangin ang magagikan sa habagatang silangan ngadto sa habagatang kasadpang direksyon ug ang kadagatan hapsay ngadto sa kasarangan ang pagbalud 0 6 to 2 5 meters over laguindingan upper air and synoptic station misamis oriental maximum temperature 02 00 pm yesterday 32 3 c minimum temperature 06 00 am yesterday 25 8 c maximum relative humidity 06 00 am yesterday 90 minimum relative humidity 04 00 pm yesterday 61 forecast heat index tomorrow 40c astronomical information over el salvador city sunrise today 05 34 am sunset today 06 03 pm moonrise today 12 05 pm moonset today 11 58 pm for more information and queries please call at telephone number 088 555 0485 local 102 mindanao prsd website mindanao prsd facebook account facebook group mindanao weather forecast issued at 5 00 am 02 august2025 valid until 5 00 am tomorrow synopsis localized thunderstorms affecting mindanao tropical cyclone outside par as of 3 00 am today tropical depression location 1 635 km east northeast of extreme northern luzon 26 8n 136 5e maximum sustained winds 55 km h near the center gustiness up to 70 km h movement northeastward at 25 km h forecast mindanao will have partly cloudy to cloudy skies with isolated rainshowers or thunderstorms due to localized thunderstorms light to moderate winds from southeast to southwest with slight to moderate seas 0 6 to 2 5 meters kaugalingong dayalekto ang tibuok dapit sa mindanao makasinati sa panalagsang pagdag um ngadto sa mapanganuron nga kalangitan inubanan sa patak patak nga pag ulan kilat ug pagpanalugdog tungod sa mga localized thunderstorms hinay ngadto sa kasarangan nga hangin ang magagikan sa habagatang silangan ngadto sa habagatang kasadpang direksyon ug ang kadagatan hapsay ngadto sa kasarangan ang pagbalud 0 6 to 2 5 meters over laguindingan upper air and synoptic station misamis oriental maximum temperature 02 00 pm yesterday 32 3 c minimum temperature 06 00 am yesterday 25 8 c maximum relative humidity 06 00 am yesterday 90 minimum relative humidity 04 00 pm yesterday 61 forecast heat index tomorrow 40c astronomical information over el salvador city sunrise today 05 34 am sunset today 06 03 pm moonrise today 12 05 pm moonset today 11 58 pm for more information and queries please call at telephone number 088 555 0485 local 102 mindanao prsd website mindanao prsd facebook account facebook group,https://www.facebook.com/mprsdcdo/posts/pfbid0G1aJGSVJS4SkLoZ34Xv5fFPTeME1HRK8Ur9VgyYo6jHZVpSqxp6D3dgN6Q55eWbhl?__cft__[0]=AZU9CDRHdHkQ5ZswuwtCJ8rRHnMtXCpt4HEEmPBXu098PgObZRogv1nJsNMAVsSMKaxWJtmgAUO7TABUxbMUeOAlardsXm6gQzP1ENep1wP-jlhuId7Jt7Tx1KU0CFTuLekbybAKSMglsYLEwC9tMo4jmGAfBBnZMp9k4zn4NwX8cGn5O_rXAW4P0u2uk005dX0hiPv79Flb7yi8t-Xvik-H&__tn__=%2CO%2CP-R
Facebook,PAGASA,2025-08-02 00:00:00,as of 8 00 am today 02 august 2025 no low pressure areas are being monitored for tropical cyclone formation all are advised to monitor updates from dost pagasa as of 8 00 am today 02 august 2025 no low pressure areas are being monitored for tropical cyclone formation all are advised to monitor updates from dost pagasa thank you dost pagasa for the update thank you so much dear lord,https://www.facebook.com/PAGASA.DOST.GOV.PH/posts/pfbid025oSHEMR7P6ja5GrwDsVUZaZmUDhktYZjV1rrV5GRXXEJUP72vxvxrsBTgmf7Tadzl?__cft__[0]=AZVHX0WqcJkTfZWpOMSXgJN7D7HvwbdEiQ3AB2-ClRAss-0ePw5mbWYBbh63ONCcHnx7hBmzRYqDh5upLlUYFIA_P0FM-jref4IwxfjWQIgNBr9Elw_FVdUB6NC4ijkfsZ6nWdQfM_ovCNo2F1DBG9mYIA9jIgPUBnxZIQ4s5THJh0-zmsNRFYRZ19VR3zNarqg&__tn__=%2CO%2CP-R
Facebook,untvnewsrescue,,nanawagan si bacolod city rep albee benitez kay public works and highways secretary manuel bonoan na mag leave of absence muna ito ay habang nagsasagawa ng imbestigasyon sa flood control projects ang kaniyang kagawaran nanawagan si bacolod city rep albee benitez kay public works and highways secretary manuel bonoan na mag leave of absence muna ito ay habang nagsasagawa ng imbestigasyon sa flood control projects ang kaniyang kagawaran,https://www.facebook.com/UNTVNewsRescue/posts/pfbid02ZKeisJyxbEdSDWDPMdrScXSBrMaekEx9gfRvqYsUyGvKNtJ3GG2UeWGwyjZxeU3El?__cft__[0]=AZUk17RnIPIXZIygzgfbfz-3LKufSV_TY_d5XgX_Szhtg94JcAktyoLgwjVq9SHOQq-Orp7MeisDZ6ne4E_t5O9wNmArxXGbSLGGJRR6pMYD6Mq-vjQg2V-j4t2k0nLOJb6s3mX9tUy_9470fa6pFWYPCvtcTKhfR-1MdIcUox3x-PGNobHqQDgB0luvs5u6ibs&__tn__=%2CO%2CP-R
Facebook,turismocentralluzon,2025-07-25 00:00:00,look aerial photos reveal landslide damage along diokno highway in batangas the aftermath of a landslide along diokno highway in calaca batangas was captured in dramatic aerial photos on saturday showing the extent of the damage the highway was temporarily closed on july 25 2025 after multiple road slips triggered by continuous rain and heavy fog made the area unsafe for motorists photos by jesse bustos look aerial photos reveal landslide damage along diokno highway in batangas the aftermath of a landslide along diokno highway in calaca batangas was captured in dramatic aerial photos on saturday showing the extent of the damage the highway was temporarily closed on july 25 2025 after multiple road slips triggered by continuous rain and heavy fog made the area unsafe for motorists photos by jesse bustos,https://www.facebook.com/TurismoCentralLuzon/posts/pfbid0Y8JaFqdEWUKabA9UcnGDGxp6joGJSkCRcPjwAfCzKiUM9qQoAWh63bm6gF6r59PUl?__cft__[0]=AZV9RDsFo2FS4hZkrBsINK75EhdiFvcBRQKucWhfFl3b1368WH2yhLbMTQWG5Nt4CqQcmOyI28b5IH_iDY1nrGImdY6Jc1XRi4zlFokC2EGQL67fWLrm0g5vo9yV4tC-NG49tIug7ZnX-3vJCaBOewKli2Q9aQE-0U-xQQUI6NCnHtYnhwP2VOUelNLrZO6AeiY&__tn__=%2CO%2CP-R
Facebook,Manila Bulletin,2025-08-01 00:00:00,five pet dogs perished in a fire that broke out in a residential building along j del rosario street in barangay tumana marikina city on friday afternoon august 1 full story in the comments section five pet dogs perished in a fire that broke out in a residential building along j del rosario street in barangay tumana marikina city on friday afternoon august 1 full story in the comments section,https://www.facebook.com/ManilaBulletin/posts/pfbid02Lur8EmAVYewvCFVnifrg8a62iNk25F7oR4dsb6Kr26dn51VraL9rKjmDtYFiCEndl?__cft__[0]=AZXyu56R5us1iFgl_NWfsQKtBNF5Y3cNow2xHDrk6B-RkE-OW81hzy5z0DDoDda2Vbi5w4W5f6iNfdzAU0VyvKFCUDfyFKAVG6ZTW7XURbra6B21d_73_I2CizopbeT21FM9zoWnuy3F4Hk4jOAzqjyg4_yMNC4ePxA3ZW5M5v4QgPEk8BspTr40vvZTzLnsxVY&__tn__=%2CO%2CP-R
Facebook,GMA News,,the national food authority nfa on saturday said that warehouses across the country remain full of rice buffer stocks despite the series of storms that hit the country last week the national food authority nfa on saturday said that warehouses across the country remain full of rice buffer stocks despite the series of storms that hit the country last week kita nyo na mag aanihan n kasi kya puno arnold juan ano aanihin mo sa binagyo,https://www.facebook.com/gmanews/posts/pfbid0jtyaAiURkKbocsWwixCchVqha9hci4mm9fHonVzXVQFFPX8DRbnD2usgGqGHZN1tl?__cft__[0]=AZWm4dQy-UrytwakK-rEEnI9sdxndomGVy5mPQZvmQT14IAmWojuLN7a3qHZTA67SvFLnzz-v-2mq6hI43EyBvbvaoP1EwPGfxlkANOj5JohQWLuN4K9p0_JPDDy6UjloGXwnsZx0scuxHtRYSNsRTCvtqtS7eIndxIXFzw43taf73XwHpS3EPDsbLC2ckE_pzc&__tn__=%2CO%2CP-R
Facebook,mprsdcdo,2025-08-02 00:00:00,thunderstorm advisory no 1 issued at 02 00 pm 02 august 2025 light to moderate rainshowers with lightning and strong winds are expected over iligancity cityofmalaybalay lantapan talakag tagoloanii malabang calanogas pagayawan and binidayan within the next 1 2 hours moderate to occasionally heavy rainshowers with lightning and strong winds are being experienced in cityofvalencia lumbacaunayan tubaran marogong lumbatan and bayang which may persist within 1 2 hours and may affect nearby areas all are advised to take precautionary measures against the impacts associated with these hazards which include flash floods and landslides keep monitoring for updates thunderstorm advisory no 1 issued at 02 00 pm 02 august 2025 light to moderate rainshowers with lightning and strong winds are expected over iligancity cityofmalaybalay lantapan talakag tagoloanii malabang calanogas pagayawan and binidayan within the next 1 2 hours moderate to occasionally heavy rainshowers with lightning and strong winds are being experienced in cityofvalencia lumbacaunayan tubaran marogong lumbatan and bayang which may persist within 1 2 hours and may affect nearby areas all are advised to take precautionary measures against the impacts associated with these hazards which include flash floods and landslides keep monitoring for updates,https://www.facebook.com/mprsdcdo/posts/pfbid02b5esqqYZXZgCvqf3cF6hciTzudbdiRXV7B8EjDarEQCtyTv25esS8mc2FUgUHNYRl?__cft__[0]=AZXZGnJi7zhyVHBuAIGucQWUIdavs6Qu86N6DegvWuIyrSxndj3ykZwaF-rj4ua09P_I46N3ZX33Wgj2NOEaHC4rPosuBebChxTuWel9g77JJE4YpkoiyvMHJfjDxWFB1llA7m1P6iCE2mb1sPPYf5UKXr_6VZDo22_YoZ5r7hwmcqZ_CsB26P3QVC13csdCsBk&__tn__=%2CO%2CP-R
Facebook,PHIVOLCS,2025-08-02 00:00:00,earthquake information no 1 date and time 02 august 2025 11 48 am magnitude 2 8 depth 082 km location 08 49n 122 46e 047 km n 09 w of labason zamboanga del norte earthquake information no 1 date and time 02 august 2025 11 48 am magnitude 2 8 depth 082 km location 08 49n 122 46e 047 km n 09 w of labason zamboanga del norte,https://www.facebook.com/PHIVOLCS/posts/pfbid02xvGmcNxgkwdwQRowx8uVMTH11HGSJDsjNKkKPDMA5CjQugmhwji6G7pnrQG9XZ8rl?__cft__[0]=AZUqFT-dGBHMJI-31ILBQJWGg6mXbn1lP-DCNYoQ2Io6KqsxA_29cqy775WaxvmlaG-elrl0NBz-fA5y6YV87gjuZIFmyx2OvwT_2Jia18ApuFAnGqc871cnk6_w3KhdIridbK1KQMGx9OEw-zw7Ax9clRzhUvoKLbyeoxRYcTEPR3yEiQwZU8TV3LK8A3jAmJs&__tn__=%2CO%2CP-R
Facebook,davaocitydisasterradio,2025-08-02 00:00:00,happy kaayo with vince tan august 2 2025 guests patrick daison albit man rn ccn nurse manager about us ph about us hub dr christine trixie paclibar velasquez hiv aids core team hact chairperson about us ph topics hiv awareness and prevention 6 understanding hiv myths vs facts 7 hiv transmission and prevention methods 8 the importance of hiv testing and early detection 9 living positively with hiv treatment and support systems 10 pre exposure prophylaxis prep and post exposure prophylaxis pep what you need to know reproductive and sexual health 21 family planning and contraceptive options 22 sexual health for lgbtq individuals 23 understanding the menstrual cycle and fertility awareness 24 body positivity and sexual confidence 25 the role of vaccines hpv hepatitis b in sexual health protection happy kaayo with vince tan august 2 2025 guests patrick daison albit man rn ccn nurse manager about us ph about us hub dr christine trixie paclibar velasquez hiv aids core team hact chairperson about us ph topics hiv awareness and prevention 6 understanding hiv myths vs facts 7 hiv transmission and prevention methods 8 the importance of hiv testing and early detection 9 living positively with hiv treatment and support systems 10 pre exposure prophylaxis prep and post exposure prophylaxis pep what you need to know reproductive and sexual health 21 family planning and contraceptive options 22 sexual health for lgbtq individuals 23 understanding the menstrual cycle and fertility awareness 24 body positivity and sexual confidence 25 the role of vaccines hpv hepatitis b in sexual health protection thank you patrick albit,https://www.facebook.com/davaocitydisasterradio/posts/pfbid0tAseb5B32SD2AejEjHuf8ZCb4QaSanSRbQYeYF5gpfJfCvz2KESsX3DAMHhANool?__cft__[0]=AZX21zu8CDeqTuG7ypHzo_wlaHv53Gdmvv9H8DqrLOF9BPsNj33wBPSJK4U_SPP4QnXHuYPndO09c-aWloXlIco3mnDntmN4jHn4YH-SFEEz0rMnvTUFD01-OmLZIsp5ozbhjLhztedfdoDWaEZ4Nq1Zyini-G7Je8uo__diNRL3TPtRVssuwocEGaBXGe4c9I4&__tn__=%2CO%2CP-R
Facebook,GMA News,2025-08-18 00:00:00,up to a million young catholic believers are expected saturday for a night time vigil led by pope leo xiv the culmination of a week long pilgrimage a key event in the jubilee holy year the jubilee of youth when the vatican invites catholics aged 18 to 35 to the seat of the global church s power has seen thousands of young pilgrims from around the world flood rome this week read more up to a million young catholic believers are expected saturday for a night time vigil led by pope leo xiv the culmination of a week long pilgrimage a key event in the jubilee holy year the jubilee of youth when the vatican invites catholics aged 18 to 35 to the seat of the global church s power has seen thousands of young pilgrims from around the world flood rome this week read more,https://www.facebook.com/gmanews/posts/pfbid02ps57yNCqCAWErS1xNYePtCW99JfNrJ4igo8LkSwnzcWexSfxXqAEk87Z5NLo83Vbl?__cft__[0]=AZV89joZ5iBb9RYjUDK7JB7XtmE9VJwUzSOTQ4X7hrNkCRBuljj3N3pinyTh4dM1hchFodoEIcGzxPBQIx9_rp5W2jr-zuj0s_chzJvJrj9_bDhVI6uQ-vkqPFI62m_2B-ElgE76J0PeZlP8Vi58q653-jGspOF-fEuz1L5gHzs3X8QoMSiJszX7MKgjvQ-qKKY&__tn__=%2CO%2CP-R
Facebook,PAGASA,2025-08-02 00:00:00,as of 2 00 pm today 02 august 2025 no low pressure areas are being monitored for tropical cyclone formation all are advised to monitor updates from dost pagasa as of 2 00 pm today 02 august 2025 no low pressure areas are being monitored for tropical cyclone formation all are advised to monitor updates from dost pagasa siguradong may tuyong labada na mga tao,https://www.facebook.com/PAGASA.DOST.GOV.PH/posts/pfbid0RWeaTsEy9RUaDbkJ4SE94UPgrVwmmKeKWW9WwyKKP8V2RfCZW4kUBhLLbSpRkTVtl?__cft__[0]=AZU0VR-ip5KQCyYwZB3sA_YfPKZ8eFv6BdpKOT5yuHQ5c-hmjReqyIAYIKJcYKEG1YGwEgpmBY-GG_cyLekv62dp2TURXQ9JwEDPU7q5W9QPoxfjBC0DU4AechqfVhD1bKTdQdPeXn_nQAwC7gtY7d4Sa1kbiWzyajQmUTDOjgTyLkYei0J6WPmkm_AIpFflTaA&__tn__=%2CO%2CP-R
Facebook,weather.davao,2025-08-02 00:00:00,24 hr localized weather forecast for davao region issued at 4 00 am august 02 2025 valid until 4 00 am tomorrow synopsis southwest monsoon affecting northern luzon localized thunderstorms affecting davao region tropical cyclone outside par as of 3 00 am today tropical depression location 1 635 km east northeast of extreme northern luzon 26 8 n 136 5 e maximum sustained winds 55 kph near the center gustiness up to 70 kph movement northeastward at 25 kph forecast davao region will have partly cloudy to cloudy skies with isolated rainshowers or thunderstorms due to localized thunderstorms possible flash floods or landslides during severe thunderstorms light to moderate wind coming from the southeast to southwest will prevail and the coastal waters will be slight to moderate kaugalingong pinulungan ang dakbayan sa davao ug ubang dapit sa davao region makasinati ug panalagsang pagdag um sa kalangitan inubanan sa pat ak pat ak nga pagulan kilat ug pagpanalugdug tungod sa localized thunderstorms posible ang pagbaha ug pagdahili sa yuta kung adunay masinati nga severe thunderstorms hinay ngadto sa kasarangan nga huyop sa hangin nga magagikan sa habagatan sidlakan ngadto sa habagatan kasadpan nga direksyon ang mopasulabi ug ang kadagatan hapsay ngadto sa kasarangan ang pagbalud 0 6 to 2 1 meters over davao city temperature today 26 c to 33 c sunrise sidlak today 5 35 am sunset salop today 6 00 pm gvjr for more information and queries please call telephone for local number 082 234 0890 and 088 555 0485 for regional or log on to bagong pagasa dost gov ph regional mindanao prsd or join our facebook group at mindanao prsd regional office or pagasa davao 24 hr localized weather forecast for davao region issued at 4 00 am august 02 2025 valid until 4 00 am tomorrow synopsis southwest monsoon affecting northern luzon localized thunderstorms affecting davao region tropical cyclone outside par as of 3 00 am today tropical depression location 1 635 km east northeast of extreme northern luzon 26 8 n 136 5 e maximum sustained winds 55 kph near the center gustiness up to 70 kph movement northeastward at 25 kph forecast davao region will have partly cloudy to cloudy skies with isolated rainshowers or thunderstorms due to localized thunderstorms possible flash floods or landslides during severe thunderstorms light to moderate wind coming from the southeast to southwest will prevail and the coastal waters will be slight to moderate kaugalingong pinulungan ang dakbayan sa davao ug ubang dapit sa davao region makasinati ug panalagsang pagdag um sa kalangitan inubanan sa pat ak pat ak nga pagulan kilat ug pagpanalugdug tungod sa localized thunderstorms posible ang pagbaha ug pagdahili sa yuta kung adunay masinati nga severe thunderstorms hinay ngadto sa kasarangan nga huyop sa hangin nga magagikan sa habagatan sidlakan ngadto sa habagatan kasadpan nga direksyon ang mopasulabi ug ang kadagatan hapsay ngadto sa kasarangan ang pagbalud 0 6 to 2 1 meters over davao city temperature today 26 c to 33 c sunrise sidlak today 5 35 am sunset salop today 6 00 pm gvjr for more information and queries please call telephone for local number 082 234 0890 and 088 555 0485 for regional or log on to bagong pagasa dost gov ph regional mindanao prsd or join our facebook group at mindanao prsd regional office or pagasa davao,https://www.facebook.com/weather.davao/posts/pfbid0jMQzY9MZT2DUcKMKeNnfscnQnVpRwxE9ftPNZ6TpzdPzHs8MJV1fPE8qafVfyNC8l?__cft__[0]=AZUCeE52WIh1Vn8f--fRy5k1lQL5sY6D6uK9fCIecrnwoVVqR69STLsY3vDBDQUxGFCloThMmvjD-zSHXlwDgBdYieM5ij2hOSCLV9X3rAXr8Iv7w5DoR2toaEAtK0vjlIoh-rnqy25DnkXqzk-XRuXNUXeG0LF4UUIQmtgRLgGTLYMtLo8jVvHRc3vpuXwXajo&__tn__=%2CO%2CP-R
Facebook,Philstar News,,the doh warns of a potential rise in leptospirosis cases following continuous rainfall and flooding the doh warns of a potential rise in leptospirosis cases following continuous rainfall and flooding,https://web.facebook.com/philstarnews/posts/pfbid02QT436Lfv7eYKCRmESEa1izSCR7A7pmWgCGcjMDe2wNtk2PkHRMyc6hHvEMPGeAt8l?__cft__[0]=AZUDgrvhrVDMJL-YrWpVbWrlRuPZACemRTyCDnurPORcFNYzY9w8SuiheK_uYvzX1K3Tkk1n0Eoc_L29D0OJ2nVHaBebwnq31GQWlKqpeg_d2e2l3yEBCytUQOr9gsTz11IGHQxKR6w4a3Zgb7N8YG4sUxu7jyQ0ZDmUgNeIGKaYQUCB0ecEBw4srovStQYOUl8&__tn__=%2CO%2CP-R
Facebook,#fireandrescueph,2025-08-02 00:00:00,fire alarm aug 2 2025 location isla de romero quaipo manila fire alarm aug 2 2025 location isla de romero quaipo manila,https://www.facebook.com/hashtag/FireandRescuePH
X,dost_pagasa,2025-07-26 01:29:00,thunderstorm advisory no 5 issued at 1 20 am 26 july 2025 saturday moderate to heavy rainshowers with lightning and strong winds are expected over bulacan metro manila rizal cavite and batangas within the next 2 hours the above conditions are being experienced,https://x.com/dost_pagasa/status/1948797678693089290
X,dost_pagasa,2025-07-25 23:18:00,thunderstorm advisory no 4 issued at 11 10 pm 25 july 2025 friday moderate to heavy rainshowers with lightning and strong winds are expected over tarlac nueva ecija metro manila rizal and quezon within the next 2 hours the above conditions are being,https://x.com/dost_pagasa/status/1948764896247906453
X,dost_pagasa,2025-07-26 16:01:00,rainfall advisory no 1 weather system southwest monsoon habagat issued at 4 00 pm 26 july 2025 saturday light to moderate rains are expected over tarlac cavite batangas laguna and rizal light to moderate rains affecting bataan pampanga bulacan metro,https://x.com/dost_pagasa/status/1949017326336045193
X,dost_pagasa,2025-07-28 00:53:00,thunderstorm advisory no 24 issued at 12 50 am 28 july 2025 monday moderate to heavy rainshowers with lightning and strong winds are expected over metro manila laguna tarlac pampanga bulacan rizal and quezon within the next 2 hours heavy to intense,https://x.com/dost_pagasa/status/1949513553595265350
X,dost_pagasa,2025-07-28 22:41:00,thunderstorm advisory no 36 issued at 10 35 pm 28 july 2025 monday moderate to heavy rainshowers with lightning and strong winds are expected over bulacan within the next 2 hours the above conditions are being experienced in pampanga san simon san luis apalit,https://x.com/dost_pagasa/status/1949842649063817222
X,phivolcs_dost,2025-07-30 06:04:00,earthquake information no 1 date and time 30 july 2025 05 59 am magnitude 4 3 depth 032 km location 07 46n 126 70e 019 km s 50 e of baganga davao oriental,https://x.com/phivolcs_dost/status/1950316464956985622
X,phivolcs_dost,2025-07-30 05:09:00,earthquake information no 1 date and time 30 july 2025 04 57 am magnitude 2 1 depth 033 km location 08 66n 125 66e 003 km s 40 e of esperanza agusan del sur,https://x.com/phivolcs_dost/status/1950302811113349324
X,phivolcs_dost,2025-07-30 10:29:00,earthquake information no 1 date and time 30 july 2025 10 18 am magnitude 3 1 depth 025 km location 08 33n 127 38e 112 km n 73 e of lingig surigao del sur,https://x.com/phivolcs_dost/status/1950383146937249870
X,phivolcs_dost,2025-07-30 09:33:00,advisory minor sea level disturbance tsunami information no 2 date and time 30 jul 2025 07 25 am magnitude 8 7 depth 074 kilometers location 52 2n 160 0e off the east coast of kamchatka russia,https://x.com/phivolcs_dost/status/1950369246023942559
X,phivolcs_dost,2025-07-30 08:14:00,earthquake information no 1 date and time 30 july 2025 08 05 am magnitude 3 5 depth 097 km location 06 57n 124 04e 002 km n 45 w of kalamansig sultan kudarat,https://x.com/phivolcs_dost/status/1950349188233122269
X,phivolcs_dost,2025-07-31 04:57:00,earthquake information no 1 date and time 31 july 2025 04 51 am magnitude 1 9 depth 111 km location 13 61n 120 72e 017 km s 71 w of tingloy batangas,https://x.com/phivolcs_dost/status/1950662080841056750
X,phivolcs_dost,2025-07-31 06:24:00,earthquake information no 1 date and time 31 july 2025 06 16 am magnitude 2 3 depth 006 km location 11 62n 124 32e 006 km west of almeria biliran,https://x.com/phivolcs_dost/status/1950684014509219959
X,phivolcs_dost,2025-07-31 06:17:00,earthquake information no 1 date and time 31 july 2025 06 03 am magnitude 1 6 depth 035 km location 13 62n 124 20e 006 km n 41 w of virac catanduanes,https://x.com/phivolcs_dost/status/1950682264351957276
X,phivolcs_dost,2025-07-31 05:49:00,earthquake information no 1 date and time 31 july 2025 05 43 am magnitude 1 8 depth 004 km location 15 69n 121 98e 045 km s 80 e of baler aurora,https://x.com/phivolcs_dost/status/1950675224980333020
X,phivolcs_dost,2025-07-31 09:13:00,earthquake information no 1 date and time 31 july 2025 09 05 am magnitude 2 5 depth 003 km location 14 17n 125 17e 094 km n 63 e of gigmoto catanduanes,https://x.com/phivolcs_dost/status/1950726592826880311
X,phivolcs_dost,2025-07-31 07:33:00,earthquake information no 1 date and time 31 july 2025 07 25 am magnitude 2 4 depth 019 km location 06 93n 125 61e 020 km s 34 w of island garden city of samal davao del norte,https://x.com/phivolcs_dost/status/1950701215484092692
X,phivolcs_dost,2025-07-31 07:06:00,earthquake information no 1 date and time 31 july 2025 06 57 am magnitude 3 1 depth 003 km location 15 12n 119 20e 084 km s 66 w of palauig zambales,https://x.com/phivolcs_dost/status/1950694498234949654
X,phivolcs_dost,2025-07-31 06:58:00,earthquake information no 1 date and time 31 july 2025 06 52 am magnitude 1 9 depth 030 km location 09 36n 126 28e 013 km n 44 e of cortes surigao del sur,https://x.com/phivolcs_dost/status/1950692458742083746
X,phivolcs_dost,2025-07-31 12:20:00,earthquake information no 1 date and time 31 july 2025 12 12 pm magnitude 3 7 depth 090 km location 14 06n 123 16e 011 km n 69 w of siruma camarines sur,https://x.com/phivolcs_dost/status/1950773586450608268
X,phivolcs_dost,2025-08-01 04:04:00,earthquake information no 1 date and time 01 august 2025 03 53 am magnitude 1 7 depth 031 km location 07 62n 126 06e 006 km s 27 w of compostela davao de oro,https://x.com/phivolcs_dost/status/1951011219063840868
X,phivolcs_dost,2025-08-01 03:40:00,earthquake information no 1 date and time 01 august 2025 03 31 am magnitude 1 4 depth 032 km location 09 62n 126 26e 021 km s 32 e of general luna surigao del norte,https://x.com/phivolcs_dost/status/1951004942581506469
X,phivolcs_dost,2025-08-01 03:06:00,earthquake information no 1 date and time 01 august 2025 02 55 am magnitude 2 3 depth 012 km location 10 83n 125 75e 010 km n 18 e of homonhon island guiuan eastern samar,https://x.com/phivolcs_dost/status/1950996620289646641
X,phivolcs_dost,2025-08-01 04:59:00,earthquake information no 1 date and time 01 august 2025 04 52 am magnitude 2 0 depth 031 km location 18 19n 120 49e 010 km s 88 w of city of laoag ilocos norte,https://x.com/phivolcs_dost/status/1951024882864758940
X,phivolcs_dost,2025-08-01 04:44:00,earthquake information no 1 date and time 01 august 2025 04 35 am magnitude 2 9 depth 125 km location 05 91n 126 26e 068 km s 90 e of jose abad santos davao occidental,https://x.com/phivolcs_dost/status/1951021070187999678
X,dost_pagasa,2025-08-01 10:43:00,thunderstorm advisory no 1 issued at 10 42 am 01 august 2025 friday moderate to heavy rainshowers with lightning and strong winds are expected over zambales bataan pampanga and tarlac within the next 2 hours all are advised to take precautionary measures,https://x.com/dost_pagasa/status/1951111413860278283
X,ndrrmc_opcen,2025-08-01 10:36:00,disaster response update the office of civil defense cordillera administrative region ocd car provided non food items shelter repair kits family hygiene kits today 31 july 2025 to the baguio city police office bcpo and fairview barangay in support of its ongoing,https://x.com/NDRRMC_OpCen/status/1951109830829285545
X,phivolcs_dost,2025-08-01 08:54:00,earthquake information no 1 date and time 01 august 2025 08 42 am magnitude 1 9 depth 005 km location 15 46n 121 64e 028 km n 74 e of dingalan aurora,https://x.com/phivolcs_dost/status/1951084036379779465
X,phivolcs_dost,2025-08-01 08:36:00,earthquake information no 1 date and time 01 august 2025 08 30 am magnitude 2 0 depth 010 km location 08 30n 127 26e 098 km n 73 e of lingig surigao del sur,https://x.com/phivolcs_dost/status/1951079625792299515
X,phivolcs_dost,2025-08-01 11:28:00,earthquake information no 1 date and time 01 august 2025 11 20 am magnitude 1 7 depth 015 km location 12 55n 124 81e 007 km n 78 w of san roque northern samar,https://x.com/phivolcs_dost/status/1951122906513305666
X,phivolcs_dost,2025-08-01 11:22:00,earthquake information no 1 date and time 01 august 2025 11 08 am magnitude 3 4 depth 016 km location 18 12n 120 38e 016 km n 45 w of currimao ilocos norte,https://x.com/phivolcs_dost/status/1951121365261783099
X,phivolcs_dost,2025-08-01 17:27:00,earthquake information no 1 date and time 01 august 2025 05 18 pm magnitude 2 9 depth 049 km location 08 63n 125 65e 005 km s 03 e of esperanza agusan del sur,https://x.com/phivolcs_dost/status/1951213253759213691
X,phivolcs_dost,2025-08-02 03:56:00,earthquake information no 1 date and time 02 august 2025 03 49 am magnitude 2 3 depth 027 km location 11 96n 125 60e 015 km s 57 e of dolores eastern samar,https://x.com/phivolcs_dost/status/1951371417758605589
X,phivolcs_dost,2025-08-02 03:54:00,earthquake information no 2 date and time 02 august 2025 03 35 am magnitude 3 1 depth 024 km location 18 14n 120 96e 015 km east of carasi ilocos norte,https://x.com/phivolcs_dost/status/1951371040648761361
Facebook,ABS-CBN,,naglunsad ang gobyerno ng bagong proyekto na layong malinis ang mga kanal at estero sa metro manila upang makatulong na maiwasan ang malawakang pagbaha tuwing tag ulan tingnan ang comments section para sa buong ulat naglunsad ang gobyerno ng bagong proyekto na layong malinis ang mga kanal at estero sa metro manila upang makatulong na maiwasan ang malawakang pagbaha tuwing tag ulan tingnan ang comments section para sa buong ulat,https://www.facebook.com/abscbnNEWS/posts/pfbid02qpfDpXN7jaZ6cHc1WX4qxBPLjW1MxPQKpLir4acYgKc6UqhLJwVne6Go2Epg2oJJl?__cft__[0]=AZWRnt0dsmitN_c1m0qQHwZlSFlsfz7c9aGx2UMho-8JU3L4jKvh2ooQPb4x8NbJ6aZHNF_PbT4RhvZ7LwnXZ48DI3dMjjUX9l3NukaCU8XTFVxzhKtQHmADFZNY9MlB-42XhbwmERRe9p20dvlc0uQYdo_T--x2lvD9pT36Y1jBqy4oUxn9mULDfEa4qcLUQSU&__tn__=%2CO%2CP-R
Facebook,#fireandrescueph,2025-08-02 00:00:00,fire alarm aug 2 2025 location dulag lingayen pangasinan fire alarm aug 2 2025 location dulag lingayen pangasinan,https://www.facebook.com/hashtag/FireandRescuePH
Facebook,ABS-CBN,,patay ang isang senior citizen nang ma trap sa nasusunog na bahay sa bgy onate mandurriao iloilo city patay ang isang senior citizen nang ma trap sa nasusunog na bahay sa bgy onate mandurriao iloilo city,https://www.facebook.com/abscbnNEWS/
Facebook,#earthquakealert,2025-08-10 00:00:00,few days ago there s a huge wildfires in turkey and atleast 10 firefighters and rescuers died then an 8 8 magnitude earthquake in russia that creates tsunami in japan and then headed towards hawaii all these things that are happening now i ve already seen all these in my dreams i don t know kung unsay reason nganu mangadamgohan nko ning mga in ani pero cguro it s a warning god s warning kaapan sa akong damgo walay exact location ang mga panghitabo ra akong makita such as fires quakes tsunamis floods og ang uban sa mga tao but the exact place wla nkoy ideya kung asa storms floods hurricanes tsunamis earthquakes plagues fires wars the bible reminds us for nation shall rise against nation and kingdom against kingdom and there shall be famines and pestilences and earthquakes in divers places matthew 24 7 more and more people are realizing that the lord jesus is coming soon but today many continue to pursue wealth pleasure and immerse themselves in the fleeting world ignoring gods warnings with no sense of urgency when the lord returns suddenly will you be a watchful servant or the one left behind see matthew 24 45 51 are you ready to welcome the lord not to be the one left behind few days ago there s a huge wildfires in turkey and atleast 10 firefighters and rescuers died then an 8 8 magnitude earthquake in russia that creates tsunami in japan and then headed towards hawaii all these things that are happening now i ve already seen all these in my dreams i don t know kung unsay reason nganu mangadamgohan nko ning mga in ani pero cguro it s a warning god s warning kaapan sa akong damgo walay exact location ang mga panghitabo ra akong makita such as fires quakes tsunamis floods og ang uban sa mga tao but the exact place wla nkoy ideya kung asa storms floods hurricanes tsunamis earthquakes plagues fires wars the bible reminds us for nation shall rise against nation and kingdom against kingdom and there shall be famines and pestilences and earthquakes in divers places matthew 24 7 more and more people are realizing that the lord jesus is coming soon but today many continue to pursue wealth pleasure and immerse themselves in the fleeting world ignoring gods warnings with no sense of urgency when the lord returns suddenly will you be a watchful servant or the one left behind see matthew 24 45 51 are you ready to welcome the lord not to be the one left behind,https://www.facebook.com/hashtag/EarthquakeAlert
Facebook,#fireandrescueph,2025-08-02 00:00:00,fire alarm aug 2 2025 location dreamville brgy ligid tipas taguig involved residential 1st alarm fire alarm aug 2 2025 location dreamville brgy ligid tipas taguig involved residential 1st alarm,https://www.facebook.com/hashtag/FireandRescuePH
Facebook,#tsunamialert,2025-08-01 00:00:00,live tsunami coverage madang coastline we are bringing you live footage from the ngbrc campus at nagada harbour as we monitor the situation closely tsunami waves 1 3 metres are estimated to arrive around 5 50 pm png time please follow official safety instructions and stay away from the shoreline stay safe stay informed live tsunami coverage madang coastline we are bringing you live footage from the ngbrc campus at nagada harbour as we monitor the situation closely tsunami waves 1 3 metres are estimated to arrive around 5 50 pm png time please follow official safety instructions and stay away from the shoreline stay safe stay informed,https://www.facebook.com/hashtag/tsunamialert
Facebook,#tsunamialert,,new large crowds march in manchester for britain first s march for remigration new large crowds march in manchester for britain first s march for remigration,https://www.facebook.com/hashtag/tsunamialert
Facebook,PHIVOLCS,2025-08-02 00:00:00,earthquake information no 1 date and time 02 august 2025 09 29 pm magnitude 2 6 depth 008 km location 08 18n 126 90e 056 km n 74 e of lingig surigao del sur earthquake information no 1 date and time 02 august 2025 09 29 pm magnitude 2 6 depth 008 km location 08 18n 126 90e 056 km n 74 e of lingig surigao del sur,https://www.facebook.com/PHIVOLCS/posts/pfbid02mBEm1Jo1cDdpGtdvbH1hdRu5LrpgqSKztov59WizKDrozov2w7wwwuTpEms581sgl?__cft__[0]=AZXYTuZ7aaKA8B9Fs57EOFoMZl2zlVX0b02wN5p5Zkxh5p5dFWuI1HIfzK7fjKo0X8rxH8TgkZLwgzxQDfHNdaJsnUyqsHZAlxo903NZbmwA_BTwSAmwWHhRbLv37K1s67_E8xinYIJRbrRkn3OMRGCarBu6LCHpG9iBJZ-dK7wF04l3yzYRL1ui1O3MVqdlbyg&__tn__=%2CO%2CP-R
Facebook,ABS-CBN,2025-08-02 00:00:00,burning hot k pop group le sserafim sets the stage ablaze with hot during the manila leg of their easy crazy hot tour at the mall of asia arena on saturday aug 2 via jaehwa bernardo abs cbn news burning hot k pop group le sserafim sets the stage ablaze with hot during the manila leg of their easy crazy hot tour at the mall of asia arena on saturday aug 2 via jaehwa bernardo abs cbn news,https://www.facebook.com/abscbnNEWS/
Facebook,PHIVOLCS,2025-08-02 00:00:00,earthquake information no 1 date and time 02 august 2025 10 20 pm magnitude 2 6 depth 010 km location 11 21n 125 47e 008 km s 61 w of general macarthur eastern samar earthquake information no 1 date and time 02 august 2025 10 20 pm magnitude 2 6 depth 010 km location 11 21n 125 47e 008 km s 61 w of general macarthur eastern samar,https://www.facebook.com/PHIVOLCS/posts/1072521101738520?__cft__[0]=AZUtMlA2NFSrCblGsEtB6b222piR0s9BznNs2ouoOERtHoOTQ4O2Kan0NytNp15869bcxIVu1o3Skn1WdJKqLuD3E6uD8ctFi4K3oRIMnTjZF8Bxb6T-2VUC9tBZq8DN_96hVoocBgprwxINjw1_PV8M_EseoaA1M6YuQuxmQfQr7NBOZJdeKDCm0aONa-z1qIM&__tn__=%2CO%2CP-R
Facebook,davaodevupdates,2025-08-01 00:00:00,sunog sa buhangin just in dakong sunog miulbo sa medalla milagrosa sa buhangin davao city karong gabii agosto 1 2025 sa karon mi responde na ang mga kabomberohan sa lugar contributed winston badajos sunog sa buhangin just in dakong sunog miulbo sa medalla milagrosa sa buhangin davao city karong gabii agosto 1 2025 sa karon mi responde na ang mga kabomberohan sa lugar contributed winston badajos,https://www.facebook.com/DavaoDevUpdates/posts/767176525829260?__cft__[0]=AZUvDlUujt2PeAK-SYVlGGllZqhpVfUm3BJ-wifWfEyp9lOj23hU9Ifl9TOPYtvbawAFldcOggyddH47HP0fVUU_jRIfcVwR8iJnIgvObM6TBdf_B17LLkBWiK2VxmWN_TObXQcS3e-xZZps39CwK9cfWTYk2AlXCyI9A8ISy1ChrYmwSuGCm3OJQMxRb9VVUwI&__tn__=%2CO%2CP-R
Facebook,#fireandrescueph,2025-08-02 00:00:00,fire alarm aug 2 2025 location zone 1 gate 3 barangay fort bonifacio taguig city fire alarm aug 2 2025 location zone 1 gate 3 barangay fort bonifacio taguig city,https://www.facebook.com/hashtag/FireandRescuePH
Facebook,#landslidealert,,a major landslide caused by illegal earth cutting and continuous rainfall has stranded vehicles along the holongi itanagar route disrupting access to donyi polo airport and assam via nh 415 despite the road s strategic importance no immediate response was seen from district or disaster authorities drawing criticism from locals landslides on this stretch remain a recurring threat due to unstable soil and poor regulation during the dry season a major landslide caused by illegal earth cutting and continuous rainfall has stranded vehicles along the holongi itanagar route disrupting access to donyi polo airport and assam via nh 415 despite the road s strategic importance no immediate response was seen from district or disaster authorities drawing criticism from locals landslides on this stretch remain a recurring threat due to unstable soil and poor regulation during the dry season,https://www.facebook.com/hashtag/LandslideAlert
X,phivolcs_dost,2025-08-02 07:49:00,earthquake information no 1 date and time 02 august 2025 07 40 am magnitude 2 4 depth 005 km location 08 66n 126 95e 073 km s 78 e of marihatag surigao del sur,https://x.com/phivolcs_dost/status/1951429994867204156
X,phivolcs_dost,2025-08-02 06:58:00,earthquake information no 1 date and time 02 august 2025 06 51 am magnitude 2 6 depth 036 km location 12 32n 125 07e 005 km s 65 e of las navas northern samar,https://x.com/phivolcs_dost/status/1951417386462286187
X,phivolcs_dost,2025-08-02 05:10:00,earthquake information no 1 date and time 02 august 2025 04 59 am magnitude 2 3 depth 017 km location 08 02n 122 63e 006 km n 41 w of tampilisan zamboanga del norte,https://x.com/phivolcs_dost/status/1951390204067184905
X,phivolcs_dost,2025-08-03 04:57:00,earthquake information no 1 date and time 03 august 2025 04 47 am magnitude 2 0 depth 011 km location 08 96n 125 71e 016 km n 06 e of sibagat agusan del sur,https://x.com/phivolcs_dost/status/1951749171461144616
X,phivolcs_dost,2025-08-03 04:41:00,earthquake information no 1 date and time 03 august 2025 04 30 am magnitude 1 8 depth 023 km location 07 56n 126 56e 002 km s 09 w of baganga davao oriental,https://x.com/phivolcs_dost/status/1951745111643361643
Facebook,Manila Bulletin,2025-08-03 00:00:00,warm and mostly dry conditions will prevail over most of the country in the next three days while the southwest monsoon habagat continues to affect extreme northern luzon said the philippine atmospheric geophysical and astronomical services pagasa on sunday aug 3 read warm and mostly dry conditions will prevail over most of the country in the next three days while the southwest monsoon habagat continues to affect extreme northern luzon said the philippine atmospheric geophysical and astronomical services pagasa on sunday aug 3 read,https://www.facebook.com/ManilaBulletin/posts/1206698104831727?__cft__[0]=AZWnsQRCLkeVhv30zKljE66ncEAcvDygl8c8lh5X2pKwHKyJ125VGSRca-hXAWJC0pOlG9S0tRREt2fInlnuWQO0zCTax2qYy1KjBdrLSJR3-dmTCWcyIdRQCs1R6VhU_B7esSt5Jcmt6DT4C5DWJN_NTYLcQA8aUrJllCDXSDdY1XpSHCbQJqxYjqLsh0oM2QQ&__tn__=%2CO%2CP-R
Facebook,PHIVOLCS,2025-08-03 00:00:00,earthquake information no 1 date and time 03 august 2025 12 21 pm magnitude 2 6 depth 022 km location 11 31n 126 54e 094 km n 71 e of guiuan eastern samar earthquake information no 1 date and time 03 august 2025 12 21 pm magnitude 2 6 depth 022 km location 11 31n 126 54e 094 km n 71 e of guiuan eastern samar,https://www.facebook.com/PHIVOLCS/posts/1072969678360329?__cft__[0]=AZUrmXQatY79qTWRpm4WlxYrKM677OfvE5d9For1_JZM-dfRcJPUx1A5uHKyr1jeL7WuI_RvEJWSjUhf8F9TxXQsVASmYY2Tz9ThPQBsctOOGvAiTK_cphnkbnrW7VrNDSpMY6PGyv9wr77gDVMG5GHdqQ15of4Jqs2KRA_lcEbF6-tinWWzXlcyUQu22BJkVg4&__tn__=%2CO%2CP-R
Facebook,stormchasersph,,stay hydrated mainit at maalinsangang panahon asahan sa malaking bahagi ng bansa sa susunod na 2 3 araw mas ok na to kesa maulan ria anduyan mentino mas ok na maulan kawawa sa iyo mga nasa tabing dagat magugutom pamilya nila ikaw busog,https://www.facebook.com/stormchasersPH/posts/1718152428959679?__cft__[0]=AZUB3mLuvk8fTbGPCNY1btlvpy2hBR_eoI83zW4En6fdRW0-DERPQxx7M57OjUAylLf3Z5NJrBP_A3MU6cA1A_6xEXJcFgH8AVFxZnsoTeCSGVmYdrs3q--seenlxdYqtc8NDQqzSN1lL_UXCEGFtcFOVYDPtxed2MePF-WQqjT5kaxsU_TcYbyYIUNqQ1PHsNU&__tn__=%2CO%2CP-R
Facebook,Inquirer.net,,dormant russia volcano erupts for first time in 450 years dormant russia volcano erupts for first time in 450 years,https://www.facebook.com/inquirerdotnet/posts/pfbid02QYd8V9Sd92fznzZjM24RmHeBF3iPouUVydVLjSeDVCU4Vb7Rvr4Md6jXPbgWss1ul?__cft__[0]=AZUtwluETauyftRd5tFBG0Nld6ZHXtAnfqoBKeLpctMdUCjWOJcx0NMZ17WWzcOYxpUCggh22-GcjfsjVNUirWAIzdbbiPMJvxGUZnH_tNFXYBX6556GUUzQtD5POIJV-8DEESPodXDOtr-B2ssrAMLjpGJCrhWo_TN66AFV93iXRguqOvuhreZN64n3NW85-g0&__tn__=%2CO%2CP-R
Facebook,SunStar Davao,2025-08-01 00:00:00,the amount of damage incurred in the infrastructure sector following the series of calamities that struck the country has reached nearly p10 6 billion while agricultural damages exceeded p2 2 billion the national disaster risk reduction and management council ndrrmc said friday august 1 2025 the amount of damage incurred in the infrastructure sector following the series of calamities that struck the country has reached nearly p10 6 billion while agricultural damages exceeded p2 2 billion the national disaster risk reduction and management council ndrrmc said friday august 1 2025,https://www.facebook.com/sunstardavaonews/posts/pfbid027Xh4eQGDdDiJxCQrj8eg66gvbgAcXUjZ9Rx9kftzrzbyGURuerzNMLAbwFdTspnAl?__cft__[0]=AZU8djna4uQrLTmkY6B6rfUYR6Eb92-o_9ZAKdMbEntSCW-1MTEjTeWjOHpEPjS2mpvaOQT31DxuGlyEedtBxrLYnhylIXFU55Bdtvcywb2cWkqu3QmUwR0hs7_1NOg64tHturpvDxHtd6yX-gRJ5bUeIXGNVbs2ImtEfcD1Ptym8Bspz5uDqbSV3_KbO-Nc0OY&__tn__=%2CO%2CP-R
Facebook,#bahaph,,umuwi muna kami binisita ang bahay sa camella baha pa rin umuwi muna kami binisita ang bahay sa camella baha pa rin,https://www.facebook.com/hashtag/BahaPH
Facebook,stormchasersph,,stay hydrated mainit at maalinsangang panahon asahan sa malaking bahagi ng bansa sa susunod na 2 3 araw mas okay na to for now kesa sa matinding ulan dala ng habagat,https://www.facebook.com/stormchasersPH/posts/1718152428959679?__cft__[0]=AZUBp8gwUGDChrEnJE5yVfiQkWLURNbxAgv3CJoqXwMuloOBJmdQq1H-7BF_HueKcNoiyfsMpyy4DOVMK1I6p_5BPM9LXhsXxsNKinDwwDRPFLvIzJOoQkTbzwjsfd0IcUoZ5Yn0TuTX4ejsWX_VU8bl_M_tiUYt3LW4e5sV412_-F6JTdangeBC3oVnd52jYEc&__tn__=%2CO%2CP-R
Facebook,mprsdcdo,2025-08-03 00:00:00,thunderstorm advisory no 1 issued at 12 00 pm 03 august 2025 light to moderate rainshowers with lightning and strong winds are expected over cityofisabela lantawan maluso sumisip cityoflamitan akbar tuburan hadjimohammadajul tabuanlasa hadjimuhtamad languyan panglimasugala tandubas sapasapa bongao simunul and southubian within the next 1 2 hours moderate to occasionally heavy rainshowers with lightning and strong winds are being experienced in ungkayapukan tipotipo albarka and banguingui which may persist within 1 2 hours and may affect nearby areas all are advised to take precautionary measures against the impacts associated with these hazards which include flash floods and landslides keep monitoring for updates thunderstorm advisory no 1 issued at 12 00 pm 03 august 2025 light to moderate rainshowers with lightning and strong winds are expected over cityofisabela lantawan maluso sumisip cityoflamitan akbar tuburan hadjimohammadajul tabuanlasa hadjimuhtamad languyan panglimasugala tandubas sapasapa bongao simunul and southubian within the next 1 2 hours moderate to occasionally heavy rainshowers with lightning and strong winds are being experienced in ungkayapukan tipotipo albarka and banguingui which may persist within 1 2 hours and may affect nearby areas all are advised to take precautionary measures against the impacts associated with these hazards which include flash floods and landslides keep monitoring for updates,https://www.facebook.com/mprsdcdo/posts/pfbid02cvu5C6LM2eFHeqvYa4YokWk7E9myU5AnTdPyFqkCFFAHEy1HgoMm82oS3AFYw3WXl?__cft__[0]=AZUdkoRnLCkm8S4ILpLTklH54N8xsWgLj1Slm1OPETAVZt-ehiBjztqaD7euQ-vYUPcBwBvDIjHoJsQXWu-fYDJuHeLb6GLCPw31mV7sQjJGJ6zVZHK3fSltd4jWwb8zNt_1uK3XPyt-tbYvWNuzphePSi7LcfSNHV88q0BbWcGYfmzONLVkv22kNohX3IJ-fa4&__tn__=%2CO%2CP-R
Facebook,Rappler,,a strong plastics treaty is a win for every filipino drowning in floods poisoned by pollution and ignored by profit hungry corporations says marian ledesma of greenpeace philippines a strong plastics treaty is a win for every filipino drowning in floods poisoned by pollution and ignored by profit hungry corporations says marian ledesma of greenpeace philippines,https://www.facebook.com/rapplerdotcom/posts/pfbid02xvATfQr1fscLnWNWZvPD83qA8qaVtWSZH8MU4MSJrW1igbMBCWDjX1eu9voFqdgCl?__cft__[0]=AZXbPd0VqycKrNVrZZahyZs2PQgLvBEU3_oeUbTy8TBihRYHoI3fuauI8YNi3NFC2SJkTTggw8B36STxGZ5h9OBE8iw_7BN9fCX12jtZncLcrZa1tmkxFVaZhOUtsGIvHMYUXienvtRXhTTq03ERaJ0yC5VOoLkmc6O0vHUtg3CmOcAyDtiRK7jXyfkfN5gWNmg&__tn__=%2CO%2CP-R
Facebook,PHIVOLCS,2025-08-03 00:00:00,earthquake information no 1 date and time 03 august 2025 12 25 pm magnitude 1 8 depth 032 km location 09 71n 123 83e 004 km s 16 w of maribojoc bohol earthquake information no 1 date and time 03 august 2025 12 25 pm magnitude 1 8 depth 032 km location 09 71n 123 83e 004 km s 16 w of maribojoc bohol paikot ikot lang lindol sa pinas salamat mahihina lang,https://www.facebook.com/PHIVOLCS/posts/pfbid0L7DWggRzQYLZFC2dQ1VsrRfgse3SQGXEKeBb7Rof24x7QgBZaVEEBiCKBVzHcti5l?__cft__[0]=AZVsqgE1C2bWwfHQmiiea9RKMjE_qe0R-4x7RDweP5y05kUbF9ivjMNc_TRH77h-EGMnY0BBEvwrGrVbZdc-JDx5T63V7V-fl1HyvIaIvleDRJgSV-Fn-Vvy5dw4ZykWDF_ot0HAmI1GN0DB7uEARjEEem1bUGa-0RLGSpiMhXyBdMqTxDiRhWB-A7JD-LBZbyg&__tn__=%2CO%2CP-R
Facebook,Rappler,,indirect negotiations between hamas and israel aimed at securing a 60 day ceasefire in the gaza war and deal for the release of half the hostages ended last week in deadlock indirect negotiations between hamas and israel aimed at securing a 60 day ceasefire in the gaza war and deal for the release of half the hostages ended last week in deadlock working to release hostages as well witkoff should be replace with the envoy to ukraine that fellow is smarter,https://www.facebook.com/rapplerdotcom/posts/pfbid0PuGu34Ds54QWag9V1oPxcpAPxHqUQBpCCHaBEuUNnxBEsC9rdUS8hSuVx7YqfhxCl?__cft__[0]=AZUMEfLUY7lWNudrpbY_jm1WDqi7aGSJ187iC68GKeyFkWNvro20yjTZz1JhqLJi-cacSo4eNeRMETogwlC7b0N_2I0M1i7Ywz65OHfczhwu79Hjc4GLwmOrZV9aIHGLnjx3Rd7cFtmIp8XYweEi8I-pq-Umvui46W9MtVZgCZWP_vhipi5_cof5zMUytryqDxE&__tn__=%2CO%2CP-R
Facebook,stormchasersph,2025-08-02 00:00:00,breaking krasheninnikov volcano in kamchatka peninsula russia erupts after 600 years on august 2 2025 it recorded its first ever eruption with ash soaring up to 5 6 km high a historical eruption triggered by great earthquake m8 8 on july 30 2025 ivs feb ras kvert breaking krasheninnikov volcano in kamchatka peninsula russia erupts after 600 years on august 2 2025 it recorded its first ever eruption with ash soaring up to 5 6 km high a historical eruption triggered by great earthquake m8 8 on july 30 2025 ivs feb ras kvert next is yellowstone,https://www.facebook.com/stormchasersPH/posts/pfbid02NtX3coGxB5RKenrwvwbKqMMCbPVaASMKRw9ZXKgmmBeSxbFN62FBYPL9g1xNKGdTl?__cft__[0]=AZXohU1xnyqHOdFbm854Tr5cfkMxdZcy4P444KEmaxsPIeuWM7ZQX-SJNmQGtZdwYeKz7xNck7Gy6h0iLjXON89YP7ViCaqtsgFbM-_0pA5M8EcEbR8pUbsqHq4Qd1BezpF3cbd41g5w2vE5eKFBLI3EPglLjzog4kkNjw3kXPFU7avz5ABBLjCR859ymjUkYKg&__tn__=%2CO%2CP-R
Facebook,#firealert,2025-08-02 00:00:00,update naapula dayon ang sunog sa bodega sa suazo street davao city kagabii agosto 2 2025 pasado alas 9 sa gabii gilayong narespondehan sa bfp davao volunteer fire brigade inc ug uban pang fire volunteers basura lang ang nasunog ug wala nay mikuyanap fire out na sumala sa kabomberohan ctto mdn mindanao digital network broadcasting the future of mindanao update naapula dayon ang sunog sa bodega sa suazo street davao city kagabii agosto 2 2025 pasado alas 9 sa gabii gilayong narespondehan sa bfp davao volunteer fire brigade inc ug uban pang fire volunteers basura lang ang nasunog ug wala nay mikuyanap fire out na sumala sa kabomberohan ctto mdn mindanao digital network broadcasting the future of mindanao,https://www.facebook.com/hashtag/FireAlert
Facebook,Philstar News,2025-08-02 00:00:00,ahtisa s gala look miss universe philippines 2025 ahtisa manalo graced the gma gala 2025 on saturday august 2 at the marriott hotel manila in pasay city philstar com anj andaya ahtisa s gala look miss universe philippines 2025 ahtisa manalo graced the gma gala 2025 on saturday august 2 at the marriott hotel manila in pasay city philstar com anj andaya pupunta ako sa china i will ask the navy to bring me to the nearest boundary dyan sa spratly scarborough bababa ako sasakay ako ng jetski dala dala ko yung flag ng pilipino at pupunta ako dun sa airport nila tapos itanim ko then i would say this is ours and do what you want with me bahala na kayo,https://www.facebook.com/philstarnews/posts/pfbid02NtX2BZdrLRQbua7LS5qfmvreLxLQFbQ7xv9pGYa2nbGBRQnPh4V7neGuv5LQwoJ6l?__cft__[0]=AZU_pVJmNvlr0bh6y2wgwrvKGzzIViX6G-Gxh2i35wiYtki06wiw9JSNbCEaI9HaRn8sEkIGrALp4LqcgVjr8bzMl-Kleb6phpQCN9V83N_HhBgD2SCedW09uH53i9jdAQrAa1JAmiwVkX9mEd0M3w6T0uiQUJRAwV3Tad-Yn5ndDrdCjoO1vAt_n4U08I7qVlo&__tn__=%2CO%2CP-R
Facebook,PHIVOLCS,2025-08-03 00:00:00,earthquake information no 1 date and time 03 august 2025 01 26 pm magnitude 2 3 depth 020 km location 07 38n 125 77e 007 km n 70 e of carmen davao del norte earthquake information no 1 date and time 03 august 2025 01 26 pm magnitude 2 3 depth 020 km location 07 38n 125 77e 007 km n 70 e of carmen davao del norte,https://www.facebook.com/PHIVOLCS/posts/pfbid085N4Zdg888JUCk9AB5WuVtZ8NQaUfifGSWSBNwUoGMg3vnStoE5fnUayJdmjjs1il?__cft__[0]=AZU26_u-OLjVs7XrNb6iFcL-UaTY7JpTC_bBOObQ6Tdl8O7Mc6hjuJ-juGPaWHIUZxZ6TRZS9YUhpXx7ZpYhAQvEkmWkcLyJrXozItYz38oE9PTfu0hTuXdSUo3Fts5Gye2JXUBfE7X69xFq5uba_IY2APPqbbCc_Ka1Jto_74g5fAGKGBwU1OE5r5PfrU-u0KA&__tn__=%2CO%2CP-R
Facebook,stormchasersph,2025-08-07 00:00:00,no tsunami threat walang banta ng tsunami sa bansa matapos yumanig ang magnitude 7 0 na lindol sa kuril islands ayon sa phivolcs syempre sa init na ito tsunami,https://www.facebook.com/stormchasersPH/posts/1718233815618207?__cft__[0]=AZUuYy2RgHnkloasQ9F2okCKS5vW4gbgtVhES82YhPelxGHug0pWanrxobjKLzY03I_9FBU0eCl593iNK2JORqLU4y7j8-VIESX4CICN2rZ2z0IYSCTaC2-Js3Vuu6aP9bFQKlUK65vGjaC0O5IuL4a8uelv74KvNbZYzDrldTeUQJkcirthmvKfKsxxmGmjU7Q&__tn__=%2CO%2CP-R
Facebook,mprsdcdo,2025-07-29 00:00:00,icymi the pagasa enso alert and warning system remains inactive as enso neutral conditions prevail over the tropical pacific ocean during the 186th climate outlook forum held on 29 july 2025 climps chief ana liza solis noted that enso neutral condition is present in the tropical pacific and is likely to persist until feb mar apr 2026 however climate models suggest higher than climatology likelihood for la nina conditions through the dec jan feb 2026 season watch the 186th climate outlook forum here icymi the pagasa enso alert and warning system remains inactive as enso neutral conditions prevail over the tropical pacific ocean during the 186th climate outlook forum held on 29 july 2025 climps chief ana liza solis noted that enso neutral condition is present in the tropical pacific and is likely to persist until feb mar apr 2026 however climate models suggest higher than climatology likelihood for la nina conditions through the dec jan feb 2026 season watch the 186th climate outlook forum here icymi the pagasa enso alert and warning system remains inactive as enso neutral conditions prevail over the tropical pacific ocean during the 186th climate outlook forum held on 29 july 2025 climps chief ana liza solis noted that enso neutral condition is present in the tropical pacific and is likely to persist until feb mar apr 2026 however climate models suggest higher than climatology likelihood for la nina conditions through the dec jan feb 2026 season watch the 186th climate outlook forum here,https://www.facebook.com/mprsdcdo/posts/9646656378769560?__cft__[0]=AZW1v2taEASUtbuoQzaCrawI40aaJALPdkJQDT4elb-17BCmnH_gkJKU7KmeL9JyUiqu_pyN0-FASuwl3DyiLTxaZs9wC6fqYRVDUQSDigB50Mk3x9ijYd0-0G1hWedQQDyhMxY9LMV0dWWOmLojZ2IBSZUHlVYBbdQtdsfJ95-He3IKDh4DRZ4hWZ8qiVciWxySOLJjLG1ZgNJCosOBHDvc_Vm9dSe1iYQreAiGAwj1lw&__tn__=%2CO%2CP-R
Facebook,PHIVOLCS,2025-08-03 00:00:00,earthquake information no 1 date and time 03 august 2025 01 28 pm magnitude 1 9 depth 016 km location 07 84n 126 83e 042 km n 45 e of baganga davao oriental earthquake information no 1 date and time 03 august 2025 01 28 pm magnitude 1 9 depth 016 km location 07 84n 126 83e 042 km n 45 e of baganga davao oriental,https://www.facebook.com/PHIVOLCS/posts/pfbid02qSGiLyeKRDrrJcySz9wZ4xLxMKUrDk8um7FpH34BRjnfXYwgqUUKPQBXyBCNABATl?__cft__[0]=AZVmgjS_jrjOUmGQ_0HDoB1-HKiW312_gdmfkK2RZETPMHlffpdf-oaYePE-PaSm9YQ6i-fymMcVC8TMAHrjww-Z7NBisg1ekMRygWpvyvhlat0UjXw1NrnR3IRAaqHtkD1mivvkRFxgSO1Nn5BJKaQNy98cfUECnZ9u_qF6HMFEh73frI0Qvy1YeT8jpVbr48Y&__tn__=%2CO%2CP-R
Facebook,PHIVOLCS,2025-08-03 00:00:00,earthquake information no 1 date and time 03 august 2025 02 08 pm magnitude 2 0 depth 025 km location 07 98n 122 98e 016 km s 83 e of godod zamboanga del norte earthquake information no 1 date and time 03 august 2025 02 08 pm magnitude 2 0 depth 025 km location 07 98n 122 98e 016 km s 83 e of godod zamboanga del norte,https://www.facebook.com/PHIVOLCS/posts/pfbid0rga46qTV7GJzrXxTzAAJynxjdincmiCY2DkTAY2kX6tX27qungLYyrVvK5v9C72Gl?__cft__[0]=AZVxc5gmQ3cGM6GeqiDJ3ny_kcBJ1bdoDjjfzSAbGK7-sMNxyXaWISM0yd0r8ormHjNV1irfjLvJGh1uIvFRT0rMEE-GABydA1upFMIbg7MMvT1zcesFooAMYu0YWMeyw3PBOfyOHMnwufJ1k3XkMhgM3HlWog3JRpf_beRdxxI6BF3md6CSF12-4VzXFUY0X78&__tn__=%2CO%2CP-R
Facebook,PAGASA,2025-08-03 00:00:00,as of 2 00 pm today 03 august 2025 no low pressure areas are being monitored for tropical cyclone formation all are advised to monitor updates from dost pagasa as of 2 00 pm today 03 august 2025 no low pressure areas are being monitored for tropical cyclone formation all are advised to monitor updates from dost pagasa mabuti naman lord at sana wala ng bagyo o habagat na darating,https://www.facebook.com/PAGASA.DOST.GOV.PH/posts/pfbid031hFPJM5b1xYLJejTdYfjbm5RPaiQBBGfQ8Gj552nLdq9UdkrZsTrfLZ3zFPipEMQl?__cft__[0]=AZWMiz-Loy-uX77SKyy3Yp1Jzq3mCEb0zwcHFyvXz5JvCqb79muQKAlzJHFXtA2RACisS83TYMNshIIQAAlUqBRcRwgZ7P_d1MEgnUxqq6T1w-T7u0Jitu12wQZTj4BzsN3D0_d5KR2hw5TJGZySyQP2PSbcYJ_oZFQDWkWOgsUXWpXIH35089tO4DA9AvT9j6c&__tn__=%2CO%2CP-R
Facebook,SunStar Davao,2025-08-02 00:00:00,here is the statement of the philippine health insurance corporation on the no balance billing policy released on saturday august 2 2025 philhealth here is the statement of the philippine health insurance corporation on the no balance billing policy released on saturday august 2 2025 philhealth kung sila ay maadmit sa basic o ward accomodation how about yung mga nasa icu or nasa private room dahil wala nang iba pang bakante or any other reason ibig sabihin ba ay hindi sila kasama sa no balance billing luvinne chu at paano na kung emergency case at private hospital ang pinakamalapit at di na kailangan pang pumila for triage immediate assessment,https://www.facebook.com/sunstardavaonews/posts/pfbid02cjRyzp61YsTZV772v1QBqADxRUCLG7xt8S8J3d27AZSqVUvfYMpJAiVPr9Na3htJl?__cft__[0]=AZVN042TjWuKxBwiKfz-wUfkDgOyraXsruN_IXPwtVMBdbCJMiBmMQNZ6AOLC1cOdgO2vag7sO7ybQidydRDwi1vDmh7ufNwyt6aUV6-T88npRJoURtQa3dlFwjk3HU-6Add2OnlVyTUJE8VHC85vdaRuI-1xoYhFm94ecMi0G9n8ZWhu5cbejw731D-VhWSfak&__tn__=%2CO%2CP-R
Facebook,angeloalmero29,2025-08-08 00:00:00,tf ahaahahaahhah tf ahaahahaahhah a grandma in peru saw news of a tsunami warning after a big 8 8 earthquake near russia and got curious instead of staying safe she took her grandson to the coast to try and see a tsunami up close she said she wasn t scared because the news said it was just a warning not a serious risk her calm attitude and risky decision quickly went viral online the tsunami warning led to the closure of many ports in peru and waves were seen in russia japan and even california in russia buildings were swept into the sea and one person passed away japan evacuated nearly 2 million people but sadly one woman passed away and several others were hurt while trying to get to safety in california smaller waves were recorded but caused no major problems a grandma in peru saw news of a tsunami warning after a big 8 8 earthquake near russia and got curious instead of staying safe she took her grandson to the coast to try and see a tsunami up close she said she wasn t scared because the news said it was just a warning not a serious risk her calm attitude and risky decision quickly went viral online the tsunami warning led to the closure of many ports in peru and waves were seen in russia japan and even california in russia buildings were swept into the sea and one person passed away japan evacuated nearly 2 million people but sadly one woman passed away and several others were hurt while trying to get to safety in california smaller waves were recorded but caused no major problems a grandma in peru saw news of a tsunami warning after a big 8 8 earthquake near russia and got curious instead of staying safe she took her grandson to the coast to try and see a tsunami up close she said she wasn t scared because the news said it was just a warning not a serious risk her calm attitude and risky decision quickly went viral online the tsunami warning led to the closure of many ports in peru and waves were seen in russia japan and even california in russia buildings were swept into the sea and one person passed away japan evacuated nearly 2 million people but sadly one woman passed away and several others were hurt while trying to get to safety in california smaller waves were recorded but caused no major problems,https://www.facebook.com/angeloalmero29/posts/pfbid0vJN12vfSfeAA5MykSeDjdFngFX3k6Py5YVU4mfVDFB6EGFyowpPWzYssiAhhgbGxl?__cft__[0]=AZXsANWCHcB_XU3omzJXWyABVz43NeYpCD3mSZN2KFFl0smBS0UH0xSBa2w1a5KC-duEaGnRCGYwGKb3r-0oERZqyjlmZVJAMp-7FKywG7CeN2AjmoH4heP0shIjXM_a4pQRe5hmKXH_QzDNB0euRiO7zg_PhphYiUdGuHsoTGaGKbI65A_w7w2e1c-9qM0AzPzwAuSBWkHYrh--GLiqiviuUfWIJqZDBJYfFmU2PXcLbA&__tn__=%2CO%2CP-R
Facebook,Manila Bulletin,2025-07-28 00:00:00,the historic ceasefire agreement between cambodia and thailand forged on july 28 2025 in putrajaya malaysia stands as a triumph of diplomacy dialogue and our shared commitment to peace in asia read the historic ceasefire agreement between cambodia and thailand forged on july 28 2025 in putrajaya malaysia stands as a triumph of diplomacy dialogue and our shared commitment to peace in asia read,https://www.facebook.com/ManilaBulletin/posts/pfbid02wt6f7wjy4rJzAT4iRtZcCEaBH4WvHWs2n81gSv2CmdyU2tjshiaYx9AAo2hRTn9cl?__cft__[0]=AZW81MOQ23uS-VrC4YA0ZixqpsnvJPrxUXRZXH3_n-q_sNDuBQsmml2opOlDp8L-OZiT97rgzrgBYkHqKbS3G79Uq940OaDa8hc3Jw32K2_v08mEecB5-O4lJKeT6XXNAqC-NMNH_WihilJjla2ZAUM61CSPNIrAgvCD4zPf0jOYJXWn35vXi7ZYpbJ5AENFJRo&__tn__=%2CO%2CP-R
Facebook,NDRRMC,,disaster response update when calamity strikes the philippine air force takes flightbringing aid saving lives and restoring hope source see more disaster response update when calamity strikes the philippine air force takes flightbringing aid saving lives and restoring hope source see more,https://www.facebook.com/NDRRMC/posts/pfbid02YhWA2hSkyvJkUxBwcL6WEMVnuGrmWmnjjpVt4AN7g6PinmdNyGwEcVLVUoQpoguPl?__cft__[0]=AZWMsn0tKJ8Bs_4kJOxNSW6O_ILm9HIsdAVGbrBHoGk8744MkJFrATw37pSTEGd6o1bssefHXbKtW6pS82qprJO-8RRqn9whE_ANr23ZwKztbwiulDaZX25xW441Jd4v_vT71HEIwZiKM2sdKiIHliVgo2ninCDXBPMgpMXRqYWRo8MLSLjHZ0dsu-2e05YQnE9eNmJ8L44HNmQnoGkSrZs8Q76b098Eul6wLbnLr2eVDQ&__tn__=%2CO%2CP-R
Facebook,Philstar News,,street parking should be prohibited at all hours instead of the partial ban proposed by the department of the interior and local government a lawyers group is pushing for total ban on street parking in metro manila read street parking should be prohibited at all hours instead of the partial ban proposed by the department of the interior and local government a lawyers group is pushing for total ban on street parking in metro manila read from a safety and public health perspective a total ban on street parking in metro manila would likely be more effective in achieving the goals set out by the lawyers for commuter safety and protection a total ban would help reduce traffic congestion allow for better flow of emergency services and could potentially lead to fewer accidents however such a ban would also have a significant impact on commuters and businesses in the area so it is important to carefully consider the potential consequences and provide alternative transportation options if possible overall it is a complex issue with trade offs to consider,https://www.facebook.com/philstarnews/posts/pfbid027KEzSXs1dZaEuVK7NvB4z4NLBxjbQXS2PAi4uPCrap3L8zyWNzAp33F11q1EXkXal?__cft__[0]=AZVCtGuYFiG4GTfqM3eOBWKXlMKoQc3SzRMYmJkgWSeVaUgStnYDUbKY6l-z7DwEEaabABLg6RalBj1C_J-vKCdI_V7dyL0c1OT54ruYCX8_xGbHA5ZH2Nevr0go3fplS_fN13CD1nYnzm0BSKEYnHobrzz_m5oZLyTxRubNfR64NDBZHOHU7uAo2TlgXQ4fsbU&__tn__=%2CO%2CP-R
Facebook,Manila Bulletin,2025-08-07 00:00:00,the philippine institute of volcanology and seismology phivolcs said there is no tsunami threat to the country following a magnitude 7 0 earthquake that struck off the coast of russias kuril islands on sunday aug 3 the philippine institute of volcanology and seismology phivolcs said there is no tsunami threat to the country following a magnitude 7 0 earthquake that struck off the coast of russias kuril islands on sunday aug 3,https://www.facebook.com/ManilaBulletin/posts/pfbid02zbMtMnZRvNr4mtS8Bgs8bvC7REbQFCbvoYS9khybNCiqbv8RqTzt6zEC9yiFnrBJl?__cft__[0]=AZWPCvbPJT3i06AOU6qMoxDzSLppT_-yVSatHNA_haASQ9Dg4A-OgYB6R7JwU198QDMLme-hRqzT-rB2f2hAQE7mDWVM8SQw8DMkOCyBBdH52tZbH7W3N_fvnrQ1kt8Ei_nnNhhMiBoMTm2KZ1gei6PhFjdcFkpfRxdDI7FCbr5Sa-FDNsJuBYeVmsa4JsQB1uQ&__tn__=%2CO%2CP-R
Facebook,SunStar Davao,,every year in the philippines the same sad story happens typhoons and habagat rains come and floodwaters rise quickly streets become rivers homes are filled with dirty water and many people are forced to leave or suffer in silence the damage is big lives are lost properties are destroyed and travel becomes impossible every year in the philippines the same sad story happens typhoons and habagat rains come and floodwaters rise quickly streets become rivers homes are filled with dirty water and many people are forced to leave or suffer in silence the damage is big lives are lost properties are destroyed and travel becomes impossible,https://www.facebook.com/sunstardavaonews/posts/pfbid02yLdKQouXdHqY8r9UpQdnaQPguxN1P5Us7dLZVduKnHK83DKGukr82psKk3AgZGQNl?__cft__[0]=AZXwfvfh5yA2gjcwyOJVwxLtaezcvWh2Hd201N5wKs1ab-MKIR1dR_qec8t2wVKnhxsMji_cGtlGdn_VKd-jQYkD_RVuw_OcXDgbVTQI9GD7ZyxOO-mII_nC8ArUh4TRRYprtTwT0_FS2JS7LqKt1s5skVWHmIEgn5HRnnlbS2TA43g4YqrTDVwVh1AwhKzdM8Y&__tn__=%2CO%2CP-R
Facebook,ABS-CBN,,the philippines will enjoy a temporary break from the southwest monsoon or habagat although a low pressure area is brewing east of the country the philippines will enjoy a temporary break from the southwest monsoon or habagat although a low pressure area is brewing east of the country,https://www.facebook.com/abscbnNEWS/posts/pfbid028z7QzJK76UGC89RyoUqX8fxDvHyzYqUkvsm9EQWmGwedhZSPUHLhVTL9FNtaaxFBl?__cft__[0]=AZWtkrdZptrCO4Fn917pnrefHQHUhzMscDVoaW1xC37Z3uvwcZloQVlE03FEsIrc_2zCJlfa2xfK0NlXNibdq7MGh-FQxb5gLZGngjr6iR4eD2X3dE4MjkCnFxDCx5R8FEUQ8cn34AG7QghQdZ-pl41P-8Tz6o2GvvAxhKO1BmvQTRX6gmYOrbd7yBfWem-L1Ew&__tn__=%2CO%2CP-R
Facebook,Manila Bulletin,2025-08-03 00:00:00,the death toll from the combined effects of tropical cyclones crising dante emong and the southwest monsoon habagat has climbed to 38 the national disaster risk reduction and management council ndrrmc reported sunday aug 3 the death toll from the combined effects of tropical cyclones crising dante emong and the southwest monsoon habagat has climbed to 38 the national disaster risk reduction and management council ndrrmc reported sunday aug 3,https://www.facebook.com/ManilaBulletin/posts/pfbid0tsUMV6pW31PMXo3AP6DhKnJDRTCqL4fuuz7eFCGNkUVJ4H3q2eoomhmo6o6drvMxl?__cft__[0]=AZWfvP-D3mFamImfTY0wX740Lsk4Ys8NMsN3qH1cqH_pHc-Mrm_SlDI9nIPdMxseatD_nHfERYgwEKmYzpO1RCiI-e0cs-OPZxvcVmySTKuAOB3YbkgOx3_N6XSPDF7tFRH7JSwDnFVdl84LBrBHWHyQVDRPLrvWEwltqbKncr2xrDO_mM-kZO0J-WIXp8n0b2k&__tn__=%2CO%2CP-R
Facebook,#landslidealert,,heavy rains trigger a landslide in kalimpong blocking nh10 and disrupting traffic flow heavy rains trigger a landslide in kalimpong blocking nh10 and disrupting traffic flow,https://www.facebook.com/hashtag/LandslideAlert
X,ndrrmc_opcen,2025-08-03 08:33:00,disaster response update paf deploys huey helicopter to support relief mission in ilocos sur the philippine air force paf through the 505th search and rescue group deployed a huey helicopter on august 1 2025 to support a relief mission in ilocos sur the airlift,https://x.com/NDRRMC_OpCen/status/1951803680665346528
Facebook,Inquirer.net,2025-08-25 00:00:00,long weekend alert a long weekend awaits this august with the national heroes day falling on august 25 a monday read more long weekend alert a long weekend awaits this august with the national heroes day falling on august 25 a monday read more long weekend alert a long weekend awaits this august with the national heroes day falling on august 25 a monday read more long weekend alert a long weekend awaits this august with the national heroes day falling on august 25 a monday read more long weekend alert a long weekend awaits this august with the national heroes day falling on august 25 a monday read more,https://www.facebook.com/inquirerdotnet/posts/pfbid0ppfrTN943HafkvbhEMu3BKCXpZJhnQksLVzSTm9Xkwbj1wz8UWn67L68gD42odgYl?__cft__[0]=AZVfIMyBQxvTvSZZLHJX2SHs25U54YxinzQf91SpyawIT2JvaFSDsDSZNsEHXrUIlIajHg8t-N9MMh3ma0IUfsZ98xe6GjAIpvR49I2q3nMKub2VE85gmCe-iYou92lou6kNpy-K-w3PSPwU4r5t7930PQdu1WBX6lPLIjxD_l1hpuhjlH9oTop9J4X60dENwiiTqpTPGoJZMrMolvw-JAKMmhPYd826W4RujT7C5kVcDYLdat8vGBUDn19t1VbAZ34&__tn__=%2CO%2CP-R
Facebook,PHIVOLCS,2025-08-03 00:00:00,earthquake information no 1 date and time 03 august 2025 06 00 pm magnitude 2 7 depth 030 km location 19 81n 121 96e 034 km n 08 e of babuyan island calayan cagayan earthquake information no 1 date and time 03 august 2025 06 00 pm magnitude 2 7 depth 030 km location 19 81n 121 96e 034 km n 08 e of babuyan island calayan cagayan,https://www.facebook.com/PHIVOLCS/posts/pfbid0R1APyck2Ai5DT1BngTSbndQ6EsjEdDuYkdbnYPd4xjBCoaCTZCHY5Mp8vfwAwQCZl?__cft__[0]=AZXJ12GioGaA_RUx6XvYjySY1OJ3Ke40t3sZn1NnoG4q4Bh74FjFETIQq7y-59v3nbK2sce4Om43eJvg7uw8Zp_-PPApAMMxSrza4slXICLAJDYn5HWTgNsz89MtivY56k4NMXHrh6vGGrbI9z80PaFhvmHcZjkBzsAcrVwChtfLtHLyGc5oTEE-S1Jr0HTTWvg&__tn__=%2CO%2CP-R
Facebook,Manila Bulletin,2025-08-03 00:00:00,the daily rundown august 3 1 pcg challenges chinese research vessel surveying west ph sea for 22 days already read 2 dpwh seeks p5 b dredging allocation in 2026 budget read 3 warm weather to prevail over most of the philippines in the next 3 days pagasa read 4 no tsunami threat to philippines after 7 0 magnitude quake off russia on aug 3 phivolcs read 5 israeli fire again kills gaza aid seekers as us envoy meets with hostages families read the daily rundown august 3 1 pcg challenges chinese research vessel surveying west ph sea for 22 days already read 2 dpwh seeks p5 b dredging allocation in 2026 budget read 3 warm weather to prevail over most of the philippines in the next 3 days pagasa read 4 no tsunami threat to philippines after 7 0 magnitude quake off russia on aug 3 phivolcs read 5 israeli fire again kills gaza aid seekers as us envoy meets with hostages families read,https://www.facebook.com/ManilaBulletin/
Facebook,#floodalert,,breaking heavy rainfall causes severe flooding the locality turned into rivers homes submerged and lives disrupted the power of nature is a reminder of our vulnerability stay safe everyone lightening cyclone and wind the locality turned into darkness homes submerged and lives disrupted the power of nature is a reminder of our vulnerability stay safe everyone breaking heavy rainfall causes severe flooding the locality turned into rivers homes submerged and lives disrupted the power of nature is a reminder of our vulnerability stay safe everyone lightening cyclone and wind the locality turned into darkness homes submerged and lives disrupted the power of nature is a reminder of our vulnerability stay safe everyone,https://www.facebook.com/hashtag/FloodAlert
Facebook,Manila Bulletin,,the philippine marine corps pmc will integrate special operations training into the standard career path of its personnel aiming to enhance combat readiness and raise the bar for all troops the philippine marine corps pmc will integrate special operations training into the standard career path of its personnel aiming to enhance combat readiness and raise the bar for all troops,https://www.facebook.com/ManilaBulletin/posts/pfbid0383BFy8nJhC2hDtiuyZ8nVfuhAn3n2iLSYnW9wAiG5khSi9hUkPmT8TrbhYQhd1ivl?__cft__[0]=AZVZUFAWWsNlwIVBaQKwaFeuBjOBuGX73hOZE_Ii8qRhb2f081jD72av1QL0JYrDeiOHC4E8liF51PuLDmRXOCCwNxDOil3hqvgE11vaPl1QqtzWJE5-fAIN4u2qo81BpRN8CToN7tC8c4f6zpBuEq9HaCO94s-Av8HnKkTr69VumCsdtu8e0HEnOGm76HApOy0&__tn__=%2CO%2CP-R
Facebook,#firealert,,sumabog ang isang gasolinahan sa edsa bagong barrio caloocan city kawawa naman si kuya ingat po sumabog ang isang gasolinahan sa edsa bagong barrio caloocan city kawawa naman si kuya ingat po,https://www.facebook.com/hashtag/FireAlert
Facebook,#landslidealert,,traveling from sikkim to siliguri i made this vlog to show the current road condition landslides and damaged areas on the way if you re planning this route watch before you travel stay alert and stay safe traveling from sikkim to siliguri i made this vlog to show the current road condition landslides and damaged areas on the way if you re planning this route watch before you travel stay alert and stay safe,https://www.facebook.com/hashtag/LandslideAlert
Facebook,SunStar Davao,,the armed forces of the philippines afp has issued a stern warning against the false news being spread by china concerning operations in the west philippine sea wps the armed forces of the philippines afp has issued a stern warning against the false news being spread by china concerning operations in the west philippine sea wps,https://www.facebook.com/sunstardavaonews/posts/pfbid02SCHspgbCPeUAkG7u1rDDAsjCJS5Joy8FYzfcsVEwKPVvC9aHns7SJnTBBE1Ckk8Kl?__cft__[0]=AZWFmBVTnCZ_AUq_4eFW53ccHrDnj4WMzVp2ZjGd_2y7Sk0naDPLGQSf8EvA8ypQzkZSnyjAqvTyhrUr6De1rZdRwfZbQLamrOB9mbwkUaXnVGawl_No-pHHdKddnT8XcEcHyGIrrMDJt-GvU6RriZ1ELmaFEce-do8VKcgoWvHyQBcAMQdc1TFdK9QVxEMnaog&__tn__=%2CO%2CP-R
Facebook,civildefensedavao,2025-08-03 00:00:00,thunderstorm advisory no 6 issued at 06 35 pm 03 august 2025 light to moderate rainshowers with lightning and strong winds are expected over cityofsamal cityofpanabo carmen braulioe dujali mabini pantukan magsaysay sarangani and within the next 1 2 hours moderate to occasionally heavy rainshowers with lightning and strong winds are being experienced in which may persist within 1 2 hours and may affect nearby areas all are advised to take precautionary measures against the impacts associated with these hazards which include flash floods and landslides keep monitoring for updates source mindanao prsd thunderstorm advisory no 6 issued at 06 35 pm 03 august 2025 light to moderate rainshowers with lightning and strong winds are expected over cityofsamal cityofpanabo carmen braulioe dujali mabini pantukan magsaysay sarangani and within the next 1 2 hours moderate to occasionally heavy rainshowers with lightning and strong winds are being experienced in which may persist within 1 2 hours and may affect nearby areas all are advised to take precautionary measures against the impacts associated with these hazards which include flash floods and landslides keep monitoring for updates source mindanao prsd uulan po va ngayun gabi sa zambonga pinensula po,https://www.facebook.com/civildefensedavao/posts/pfbid0Ukbm98RJYttAiDmHUQ8XMJc1bmKsrVZEo1949aX5yxoUgaP3aX1ANE69vk3KoArKl?__cft__[0]=AZUZw0g2w8_8Zqyady6bsgidHHQz6ocxemMPshY_IU8PN8asvbCamBYcEP3pYHqy8ZTyjfd5wS9PHGPj_o0xX0_PpuKihRkMiAQHL4015rmMg682EVGdBC6N5VnbJ-QoUUyq-jy5oexiLhvt11CX-VaKc7Lcfdw2N3xyx_APEeMF_japN6Dn3siGVThWJHlcHDc&__tn__=%2CO%2CP-R
Facebook,#fireandrescueph,2025-08-03 00:00:00,fire alarm aug 3 2025 location brgy 1 purok 3b san francisco agusan fire alarm aug 3 2025 location brgy 1 purok 3b san francisco agusan,https://www.facebook.com/hashtag/FireandRescuePH
Facebook,#landslidealert,,heavy monsoon rains caused a cloudburst and flash flood in mandi last night triggering sudden landslides near jail road and palace colony at least three people have died and rescue operations are underway stay safe and alert heavy monsoon rains caused a cloudburst and flash flood in mandi last night triggering sudden landslides near jail road and palace colony at least three people have died and rescue operations are underway stay safe and alert,https://www.facebook.com/hashtag/LandslideAlert
Facebook,ABS-CBN,,tinatayang aabot sa p3 milyon ang pinsala sa sunog tinatayang aabot sa p3 milyon ang pinsala sa sunog mula pa naman noong administrasyong duterte talamak na ang droga at kriminalidad hindi na bago yan at walang pag babago ang systema sa bansa ngayon administrasyong marcos nabawasan ang krimen at droga at naging maunlad pa ang bansa natin sana tuloy tuloy malaking pagbabago ng pilipinas si bbm lang ang nagtatrabaho para ayosin ang sitwasyon ng bansa natin samantalang si inday lustay walang ginawa kundi magtravel at mag waldas ng pera ng taumbayan,https://www.facebook.com/abscbnNEWS/posts/pfbid0SZUnzTYjmVf5ZLff36dbphTbDVFkkRTPC5hnqHvUjSXLBvKJYsGp8vniurhibuCTl?__cft__[0]=AZVIxjjEjtVSXVAkCp07pvPbLHejsEm_kwciVgsjHT_G5OE8VOw7-KGut1CJ0Z9gxzxEces1z3GDAv__5IvlExgpE8PUccAHItQAGDY-fIlZ6_w8tlkAT1bQugEias4165WKiBYrdKjJ-h3uPDKaP0bUKws9-12MuvDvM88xfq4k6XsSqLz1fvBi7E5UnfmAWBE&__tn__=%2CO%2CP-R
Facebook,ABS-CBN,2025-08-02 00:00:00,tingnan nasunog ang 70 bahay sa east libis bgy 160 caloocan city nitong sabado ng gabi agosto 2 tinatayang 100 residente ang naapektuhan at 15 ang bahagyang nasugatan tingnan nasunog ang 70 bahay sa east libis bgy 160 caloocan city nitong sabado ng gabi agosto 2 tinatayang 100 residente ang naapektuhan at 15 ang bahagyang nasugatan kahihinto lng ng bagyo may sunog na agad,https://www.facebook.com/abscbnNEWS/
Facebook,PHIVOLCS,2025-08-03 00:00:00,earthquake information no 1 date and time 03 august 2025 07 34 pm magnitude 3 2 depth 550 km location 14 83n 119 73e 040 km s 71 w of san antonio zambales earthquake information no 1 date and time 03 august 2025 07 34 pm magnitude 3 2 depth 550 km location 14 83n 119 73e 040 km s 71 w of san antonio zambales pray to god,https://www.facebook.com/PHIVOLCS/posts/pfbid0F6puonbFsMmAGqJfTNKBHCh8qQ6wwLbjJxoqry7DERYoDgNQ8BDEYQAx3cF6y3fEl?__cft__[0]=AZWfIxoCepAjX6Tp2fmXuvwls56cKJtx_jLXQ-tmmNT-QOBIGRDXwc5dm3ygChWxOjgsZA4JM-HpBrDv8AngwMXlIR_cxX0l4i9cdsf2bB7gTySDfUCbAy4KKyjhKyuYgpei2hYPPTkgbQ2K-A7wrgvG2N8k3GwrJF8IEx2XrsGRhI7PTPxywDl50kYFuH-3EZ0&__tn__=%2CO%2CP-R
Facebook,PHIVOLCS,2025-08-03 00:00:00,earthquake information no 1 date and time 03 august 2025 08 30 pm magnitude 2 4 depth 008 km location 12 88n 124 97e 034 km n 07 w of laoang northern samar earthquake information no 1 date and time 03 august 2025 08 30 pm magnitude 2 4 depth 008 km location 12 88n 124 97e 034 km n 07 w of laoang northern samar,https://www.facebook.com/PHIVOLCS/posts/pfbid02f645KauAn8c2QJscUpf9ACPTb64EJN78burAznGFJAx5JUoa4JPSprZ7yncuAbxql?__cft__[0]=AZXwBp_VbIjJcmTAmShuHDshzpXnMe-vIHUgUhJoan1_PFUD_K9nQxiu1jCepuTNZPVbKgVaRMeZYX2kTHwrSFRswr5_AqcTDoBeAtet2QSL2WHAsNT_NWoz1QYL6LhdRKY_66JvmHkPq5NGkSUOSIaGfqUX1Mvavi29gBihqPAeM7cS1TIhIFiu-yxXhQS5brs&__tn__=%2CO%2CP-R
X,phivolcs_dost,2025-08-03 09:32:00,earthquake information no 1 date and time 03 august 2025 09 24 am magnitude 1 9 depth 032 km location 13 44n 121 07e 005 km n 86 e of san teodoro oriental mindoro,https://x.com/phivolcs_dost/status/1951818535673712781
Facebook,#earthquakealert,,tsunami great east japan earthquake miyako city iwate pref tsunami great east japan earthquake miyako city iwate pref,https://www.facebook.com/hashtag/EarthquakeAlert
Facebook,#fireandrescueph,2025-08-06 00:00:00,tinupok ng apoy ang dalawang bahay sa barangay sampaguita kibawe bukidnon kahapon ng gabi ngayong taon pasado alas 6 30 ng gabi dahil dito naabo ang lahat ng ari arian sa loob at nagdulot ito ng matinding pinsala sa mga residente tinupok ng apoy ang dalawang bahay sa barangay sampaguita kibawe bukidnon kahapon ng gabi ngayong taon pasado alas 6 30 ng gabi dahil dito naabo ang lahat ng ari arian sa loob at nagdulot ito ng matinding pinsala sa mga residente,https://www.facebook.com/hashtag/FireandRescuePH
Facebook,PHIVOLCS,2025-08-03 00:00:00,earthquake information no 1 date and time 03 august 2025 08 54 pm magnitude 3 1 depth 023 km location 06 88n 126 21e 008 km s 04 w of city of mati davao oriental earthquake information no 1 date and time 03 august 2025 08 54 pm magnitude 3 1 depth 023 km location 06 88n 126 21e 008 km s 04 w of city of mati davao oriental,https://www.facebook.com/PHIVOLCS/posts/pfbid02VkvA68YnsNuoXADLuRdx2Q9mLVDZE9ayUHYrA7oSc63Q3KjvP7yeKiKYPyc5L6wSl?__cft__[0]=AZWqXXzaDrBRE-yqt93RFBEQkfgS3XEwq8BxNmTXGCL75lprFDPkQ10RX6L6stBY66wrQHSW7ek5166o6LjbvtNVaNUsU-m0zhuxyP3n57uC_5JsOz93H3k1QIfPx-jwVUTWyZvW2WYL2VnMSmnO0byN89SHI2NufaXDfrBHF5TFE8hykde93xbxgnW1X0Ua3rQ&__tn__=%2CO%2CP-R
Facebook,SunStar Davao,2025-08-02 00:00:00,lawmen have arrested nine individuals and seized some p1 9 million worth of smuggled cigarettes and firearms in an intelligence driven law enforcement operation in maguindanao del norte the police said saturday august 2 lawmen have arrested nine individuals and seized some p1 9 million worth of smuggled cigarettes and firearms in an intelligence driven law enforcement operation in maguindanao del norte the police said saturday august 2,https://www.facebook.com/sunstardavaonews/posts/pfbid036MDVbLnTwqyWLqWKmSdxHcW57MmajPQqdc7tNSB6c62GfPzWJ9MAve9SuHV1Xv14l?__cft__[0]=AZUl5YxHWi4481xBFxpiifDurM_POmNetWwTqDeq2QR9KEhVMhg714nn0G_FkeLIz_tRbLWWFghi-HbBMbfxy2TkrTnbHjrnZEIKV8vxAWeWtp6dk_jcGlBLgwjtDTVS7bSvZQbNs9gg9EcvjIKp1BXT7C3lPt4v4jJPnzBO0wdduA-MsKF1cqvhVTkbU0K_6kQ&__tn__=%2CO%2CP-R
Facebook,davao.region.2025,2025-08-04 00:00:00,where is the president now while typhoon crising lashes the philippines leaving entire towns flooded homes destroyed and filipinos crying for help our president is abroadcomfortably meeting with the us president this is leadership in the face of calamity when his people need him the most he chooses to leave no direct presence no leadership on the ground just silence is this the kind of leader we deserve under the 1987 philippine constitution the president is the commander in chief and must be present and accountable in times of national emergency leaving the country without declaring who is in command violates his constitutional duties legal basis article vii section 4 the president shall ensure the faithful execution of the laws and must uphold accountability to the people article xi section 1 public officers including the president must at all times be accountable to the people article xi section 2 the president may be removed from office on impeachment for culpable violation of the constitution betrayal of public trust or gross neglect of duty abandoning the nation during a declared state of calamity without properly delegating emergency authority can be considered gross negligence and betrayal of public trust is this the kind of leader we want one who leaves during disaster or do we deserve someone who will stand and lead in the storm is this the kind of leader we deserve supreme court ph senate of the philippines senator imee r marcos senator ronald bato dela rosa robin padilla bong go rodante marcoleta chiz escudero alan peter cayetano donald j trump photo credit to the rightful owner for awareness pur where is the president now while typhoon crising lashes the philippines leaving entire towns flooded homes destroyed and filipinos crying for help our president is abroadcomfortably meeting with the us president this is leadership in the face of calamity when his people need him the most he chooses to leave no direct presence no leadership on the ground just silence is this the kind of leader we deserve under the 1987 philippine constitution the president is the commander in chief and must be present and accountable in times of national emergency leaving the country without declaring who is in command violates his constitutional duties legal basis article vii section 4 the president shall ensure the faithful execution of the laws and must uphold accountability to the people article xi section 1 public officers including the president must at all times be accountable to the people article xi section 2 the president may be removed from office on impeachment for culpable violation of the constitution betrayal of public trust or gross neglect of duty abandoning the nation during a declared state of calamity without properly delegating emergency authority can be considered gross negligence and betrayal of public trust is this the kind of leader we want one who leaves during disaster or do we deserve someone who will stand and lead in the storm is this the kind of leader we deserve supreme court ph senate of the philippines senator imee r marcos senator ronald bato dela rosa robin padilla bong go rodante marcoleta chiz escudero alan peter cayetano donald j trump photo credit to the rightful owner for awareness pur,https://www.facebook.com/davao.region.2025/posts/pfbid034UzKEVqovzxQ9RcpvkfWj8anJ7YefiWAvaf1vLQiJEhZNhhzz4e7Z6P5MenVLWQAl?__cft__[0]=AZXhaatfsFCN5Ul_pX7qu2DGiRRD61Pp-O-lQB6qpMMVqPRKT5UXaVBBLEyUUS28NiNI2ORiUwWbTPtT5Y5FGm5NnrezW80LKEXXAqPDUReY7RvEVmjJ4lZ2PrQt7ggMKxmVJ6jHKuc9n-YBt2UcnvqorS-ASsrzmnQk92K0ZWQ0qcC_ISRNqdnS94rhAhbMgSCfeexUeTVYCuoarS3dXuEa&__tn__=%2CO%2CP-R
X,phivolcs_dost,2025-08-03 08:09:00,earthquake information no 1 date and time 03 august 2025 07 53 am magnitude 2 1 depth 008 km location 06 55n 126 95e 077 km s 43 e of tarragona davao oriental,https://x.com/phivolcs_dost/status/1951797466426396826
X,phivolcs_dost,2025-08-03 06:29:00,earthquake information no 1 date and time 03 august 2025 05 43 am magnitude 2 3 depth 011 km location 13 51n 120 86e 010 km n 85 w of puerto galera oriental mindoro,https://x.com/phivolcs_dost/status/1951772371863658520
Facebook,ABS-CBN,2025-08-02 00:00:00,nagsagawa ang philippine coast guard ng maritime domain awareness patrol sabado agosto 2 ito y matapos mamataan ang isang chinese research vessel sa loob ng west philippine sea samantala aabot sa pitumpung bahay ang naabo sa sunog na sumiklab sa barangay 160 caloocan city nagsagawa ang philippine coast guard ng maritime domain awareness patrol sabado agosto 2 ito y matapos mamataan ang isang chinese research vessel sa loob ng west philippine sea samantala aabot sa pitumpung bahay ang naabo sa sunog na sumiklab sa barangay 160 caloocan city,https://www.facebook.com/abscbnNEWS/
Facebook,PHIVOLCS,2025-08-03 00:00:00,earthquake information no 1 date and time 03 august 2025 09 14 pm magnitude 3 0 depth 021 km location 05 99n 126 17e 057 km s 67 e of don marcelino davao occidental earthquake information no 1 date and time 03 august 2025 09 14 pm magnitude 3 0 depth 021 km location 05 99n 126 17e 057 km s 67 e of don marcelino davao occidental,https://www.facebook.com/PHIVOLCS/posts/pfbid0232TiQraQoZPJfryV7VuH98QppMbkqoDsuWzxmaq8w6DgFEiReur86rDsVFodh5KHl?__cft__[0]=AZVSrIUOTg9HroOV3Sp_rKym8M2M50c_QAgNogmaHiTjbJ0sVSENVLdvfSmTdLYQEcA-57cYBFGbsBj4zHq6LxdErCvhmSkUENJmT5OiS3_2nZ9vQ5HYYRiVMrgBraDXvJItB7xFQgS-HLWirrWRjE9YWvxOVQuI-g6Dd8ThEI8eGMXmlMfpOy_m81MokwC2on4&__tn__=%2CO%2CP-R
Facebook,#tsunamialert,,hala nag tsunami na jud sa russia amping tah kanunay hala nag tsunami na jud sa russia amping tah kanunay,https://www.facebook.com/hashtag/tsunamialert
Facebook,stormchasersph,,mataas ang tsansang magkaroon ng conditions mula december 2025 hanggang february 2026 ayon sa pagasa grabe naman un 1linggo palang nga na ulan baha na ganun pa kyang ktgal,https://www.facebook.com/stormchasersPH/posts/pfbid029CZY4dzWmT81coircLHcek4jAVfqMG4J7n681woLzr2aocLvnBf6EwxfG1MUFnFBl?__cft__[0]=AZVyhhTQUrRpU7t_xxBqTANyGa0UGzQSOhxeR7zz2RihnQ2UN3zP8yj-vfLKtajCSGRMPlcq7qC2IpMS4-yQDsnrEOY5k1d5ZlpTYGmwoxNGI8CbNeMI1T7Jwf8Ja-HxJrEY4xhWTMXmxYeXDWt82gTIe1fIiv3UOJB79M3d7_pZSvWAiD2nxmiFSzpp26wx6Sg&__tn__=%2CO%2CP-R
Facebook,#earthquakealert,2025-08-08 00:00:00,breaking news malaking tsunami ang nangyari matapos ang 8 7 magnitude earthquake breaking news malaking tsunami ang nangyari matapos ang 8 7 magnitude earthquake,https://www.facebook.com/hashtag/EarthquakeAlert
Facebook,PHIVOLCS,2025-08-03 00:00:00,earthquake information no 1 date and time 03 august 2025 09 49 pm magnitude 2 4 depth 004 km location 10 50n 123 09e 013 km s 26 e of murcia negros occidental earthquake information no 1 date and time 03 august 2025 09 49 pm magnitude 2 4 depth 004 km location 10 50n 123 09e 013 km s 26 e of murcia negros occidental,https://www.facebook.com/PHIVOLCS/posts/pfbid0v6tuqeR7C5JpfzNFqWbHA3ShPPfeHTmotGyuatGijcPdd1y16i4epwxPWZhxLiYil?__cft__[0]=AZUYN9ECjPSyU4zMOd6uhwWFK0Rr7NLYrRuB2E-nmjo8xVUFTvQfEuOZgPbJUAI0wziIHqH1SpM01Ecw4xZgUiAmc9xG7P5RaoESVEsXpEBNT7q4napXkFGs3eVdzOv19EIbQn1lzj_jPKsuRCh9oeluYETDNdjI4cxIYOjUISiEXyGO7Sfes_NrBjx2_e5wxjs&__tn__=%2CO%2CP-R
Facebook,sciencewatchph,2025-08-15 00:00:00,still waiting for rescue wash out napo 3rd floor and puro bubog nadin at mataas baha sa baba we are all girls here 15 people to be exact wala po kaming ibang mapuntahan since naka lock lahat ng establishments sa 2nd floor still waiting for rescue wash out napo 3rd floor and puro bubog nadin at mataas baha sa baba we are all girls here 15 people to be exact wala po kaming ibang mapuntahan since naka lock lahat ng establishments sa 2nd floor still waiting for rescue wash out napo 3rd floor and puro bubog nadin at mataas baha sa baba we are all girls here 15 people to be exact wala po kaming ibang mapuntahan since naka lock lahat ng establishments sa 2nd floor,https://www.facebook.com/sciencewatchph/posts/pfbid0RZhz41erpU3Kee124LDUAGPb6cdgfNzp1XoFPgaS6ofzh7WALfYBGHTsZJ3r915bl?__cft__[0]=AZU5t1AFDwMKnJ-rrMkKTFGMtzWsHIjOZp_bY8DWrhNzDr4EhffL5CONuFYrr9itlycng8lJ6MuRYKeIZSTmwII2w55LYECcWx_9qXfhEmp_E3L_zbaop9wyX9KkXFUrIyzsgV0V2Rc540T8-Z05LsvhaMn5kEZi74CixbFG9A_YVc7hX8T28qEaAMbN_6CJzy-FsVsPBhiwXv2dC07x1-dmeSdlEvjw0a-r3WmwsBLQ0g&__tn__=%2CO%2CP-R
Facebook,PAGASA,2025-08-03 00:00:00,as of 8 00 pm today 03 august 2025 no low pressure areas are being monitored for tropical cyclone formation all are advised to monitor updates from dost pagasa as of 8 00 pm today 03 august 2025 no low pressure areas are being monitored for tropical cyclone formation all are advised to monitor updates from dost pagasa mukhang maaga nanaman sisikat ang araw at mainit ka agad,https://www.facebook.com/PAGASA.DOST.GOV.PH/posts/pfbid02gaxDC7bGkFRRcYWbZpfyeYguDa5PzbZncKVY3btYwHkQH1QiPVL68guzXTKtYbKl?__cft__[0]=AZUKhYqKGErAZau3XbQeBxfHMcUhUJ3a_DqCLTskMb6A1xO-q5Tcxe798-ry2r4cCOzg-t07H9DWKNld8cmtk7HEFsT8xkpg2bTcAtQnQA3IbkuckwetuJu1HpTSMH8RVoFsn9MXHlUbB_R2qZDNrySGaQRlpms_GvVbT_VVqEaAdtE5bMivwyL9zCh6Ar8EMmU&__tn__=%2CO%2CP-R
Facebook,#earthquakealert,2025-08-08 00:00:00,8 8 earthquake tsunami in russia vaanveli russia tsunami 2025 kamchatka earthquake reason 8 8 earthquake explained tsunami science in tamil what caused tsunami in russia earthquake and tsunami tamil how tsunami forms tectonic plate tamil explanation russia 2025 disaster tsunami tamil video kamchatka tectonic zone earthquake footage 2025 tsunami waves explained earthquake tamil youtube 8 8 earthquake tsunami in russia vaanveli russia tsunami 2025 kamchatka earthquake reason 8 8 earthquake explained tsunami science in tamil what caused tsunami in russia earthquake and tsunami tamil how tsunami forms tectonic plate tamil explanation russia 2025 disaster tsunami tamil video kamchatka tectonic zone earthquake footage 2025 tsunami waves explained earthquake tamil youtube,https://www.facebook.com/hashtag/EarthquakeAlert
Facebook,PHIVOLCS,2025-08-03 00:00:00,earthquake information no 1 date and time 03 august 2025 11 29 pm magnitude 1 5 depth 033 km location 16 11n 120 09e 005 km n 10 w of sual pangasinan earthquake information no 1 date and time 03 august 2025 11 29 pm magnitude 1 5 depth 033 km location 16 11n 120 09e 005 km n 10 w of sual pangasinan,https://www.facebook.com/PHIVOLCS/posts/pfbid02bdKqj5hQSGxTLEfEJqHhDuq321MYxNKLbGjmK3i9bC3BFo21ngWX9CSA4PDkywPjl?__cft__[0]=AZWJWXBKpnc-7uRML7RtOBlM9oIRrv24kyeNFTzYWPsOPsqZ9_FtsThtYWr-4lgXAAPbnqmxDrTLGlisE-F5mDTnhFSjOuAa0YWvBpp4o0p8sq9UUx4R-5msbgZQiUm6qPhcMAxI_7lW1QPRDTzjRxWSaC37dGEW0x19THQ2mr77Hkd2JgTZaqse7kFgtZm6c9Q&__tn__=%2CO%2CP-R
Facebook,mmdaph,2025-05-28 00:00:00,official statement metropolitan manila development authority may 28 2025 nais ituwid ng metropolitan manila development authority mmda ang lumabas na news article ng abs cbn kung saan nakasaad na hindi exempted ang mga emergency vehicle sa no contact apprehension policy ncap sa panayam kay mmda chairman atty don artes ng isang abs cbn reporter malinaw niyang sinabi na hindi awtomatikong exempted sa mga traffic violations ang mga emergency vehicle hindi lahat ng may blinkers at sirena ay exempted sa batas trapiko isa ito sa dahilan kung bakit hindi pwede automatic ang exemption kinakailangang masiguro na lehitimong emergency vehicle ang sasakyan hindi dapat iprograma sa ncap system na lahat ng may blinkers at siren ay automatic na exempt sa huli dahil maaring may manamantala nito nagkaroon na ng insidente kung saan ang isang funeral vehicle ay nagpanggap na ambulance para makadaan sa edsa busway nahuli ito ng special action and intelligence committee for transportation saict sa ilalim ng ncap ang mga mahuhuli ng ai technology cctv cameras ay sasailalim sa automatic review ibig sabihin mano mano itong rerebyuhin ng aming ncap personnel kapag napatunayang mali ang pagkakahuli i invalidate ito at hindi makatatanggap ng notice of violation kung walang emergency hindi dapat lumalabag sa mga traffic rules ang mga emergency vehicle umaasa ang mmda na sa tulong ng mga media entities maihahatid ang impormasyon sa publiko nang tama at beripikado txtfire philippines inc official statement metropolitan manila development authority may 28 2025 nais ituwid ng metropolitan manila development authority mmda ang lumabas na news article ng abs cbn kung saan nakasaad na hindi exempted ang mga emergency vehicle sa no contact apprehension policy ncap sa panayam kay mmda chairman atty don artes ng isang abs cbn reporter malinaw niyang sinabi na hindi awtomatikong exempted sa mga traffic violations ang mga emergency vehicle hindi lahat ng may blinkers at sirena ay exempted sa batas trapiko isa ito sa dahilan kung bakit hindi pwede automatic ang exemption kinakailangang masiguro na lehitimong emergency vehicle ang sasakyan hindi dapat iprograma sa ncap system na lahat ng may blinkers at siren ay automatic na exempt sa huli dahil maaring may manamantala nito nagkaroon na ng insidente kung saan ang isang funeral vehicle ay nagpanggap na ambulance para makadaan sa edsa busway nahuli ito ng special action and intelligence committee for transportation saict sa ilalim ng ncap ang mga mahuhuli ng ai technology cctv cameras ay sasailalim sa automatic review ibig sabihin mano mano itong rerebyuhin ng aming ncap personnel kapag napatunayang mali ang pagkakahuli i invalidate ito at hindi makatatanggap ng notice of violation kung walang emergency hindi dapat lumalabag sa mga traffic rules ang mga emergency vehicle umaasa ang mmda na sa tulong ng mga media entities maihahatid ang impormasyon sa publiko nang tama at beripikado txtfire philippines inc,https://www.facebook.com/MMDAPH/posts/pfbid02jKmzdb45cKVrotQc6r13NV1kTyQaRbp8SBowhvX75pmqMz1FPgW4Y3kvUq8XFAFnl?__cft__[0]=AZURV8K9CZbBi02pGDx5nRXA09UfW99Tc6QP6VegY4uYiVl-YBZ0v5Zj7kGrpLJlllvajZ9PEVzejGkz1Af1QuU1y9WkfN3oYZCs6HdOCN35ATaF7lOTBd-iRm2x6AHxFCA82ZtZ4F4uKLcS3tkllYuZ37NyBuNiLGetw37oF36-RE1MxiC1PVH_VWGdBVlHm-8&__tn__=%2CO%2CP-R
Facebook,#floodalert,,flood alert chiputa to hoj road blocked due to heavy rainfall the chiputahoj road is completely blocked at chako nallah motorists are advised to avoid travel on this route until further clearance is provided by authorities stay safe and stay updated flood alert chiputa to hoj road blocked due to heavy rainfall the chiputahoj road is completely blocked at chako nallah motorists are advised to avoid travel on this route until further clearance is provided by authorities stay safe and stay updated,https://www.facebook.com/hashtag/FloodAlert
Facebook,PAGASA,2025-08-03 00:00:00,as of 8 00 pm today 03 august 2025 no low pressure areas are being monitored for tropical cyclone formation all are advised to monitor updates from dost pagasa as of 8 00 pm today 03 august 2025 no low pressure areas are being monitored for tropical cyclone formation all are advised to monitor updates from dost pagasa experienced heavy rainfall and thunderstorm around 11pm at manticao misamis oriental mindanao,https://www.facebook.com/PAGASA.DOST.GOV.PH/posts/pfbid02gaxDC7bGkFRRcYWbZpfyeYguDa5PzbZncKVY3btYwHkQH1QiPVL68guzXTKtYbKl?__cft__[0]=AZUFQaAmVrK0fs3qPe3LkTdDgZ_qLMqTIzZACVQPpiQomlqvR_Z4fk17rzHWcnLtB8A-WT54vKYiQ7nqVOle9Gwe_1A8-q0WY6uj6C3iT5hNIAWOViFkKC1FyVvHBGoPs4jsCvCLaYSkPJ9zF2SHavewGeYaNBb8rRnxl-oEJKmYgI_bho7F_WKewK5dv9k4NyI&__tn__=%2CO%2CP-R
Facebook,PHIVOLCS,2025-08-04 00:00:00,earthquake information no 1 date and time 04 august 2025 12 06 am magnitude 3 5 depth 010 km location 10 06n 126 10e 005 km n 31 e of burgos surigao del norte earthquake information no 1 date and time 04 august 2025 12 06 am magnitude 3 5 depth 010 km location 10 06n 126 10e 005 km n 31 e of burgos surigao del norte,https://www.facebook.com/PHIVOLCS/posts/pfbid0TkVzvYYJVgzC82iydpgLLyqPaAzxThizEUHgqkAz45NuFoEhZNevui8vjwUqjKzLl?__cft__[0]=AZUo56_kiqVEK6PytEDQ8Jpjt753ZnOEZWTVIvb4cpmYTgzFmbSprDKqgUnIfTOhORr9LheJwDk_bYnSMmc5qtrkZOMidqd9rM_ZS2IDo1IWpVOdKNAqIWcDbHxbmZadVkSr-Dng5cxQvFBEDRcOVlm2ETf3RazZFPqKxhPRu8TdEBxJMvdfBFKNnMHJ6OHJjHQ&__tn__=%2CO%2CP-R
Facebook,#firealert,2025-08-02 00:00:00,sunog sumiklab sa isla de romero quiapo manila fire alert isang sunog ang sumiklab sa isang residential area sa isla de romero ngayong sabado ng tanghali agosto 02 2025 rumesponde na ang mga bumbero upang apulahin ang apoy emman aquino hwph admin status reports raised to first alarm 12 18 pm raised to second alarm 12 22 pm hazardweb philippines saturday august 02 2025 sunog sumiklab sa isla de romero quiapo manila fire alert isang sunog ang sumiklab sa isang residential area sa isla de romero ngayong sabado ng tanghali agosto 02 2025 rumesponde na ang mga bumbero upang apulahin ang apoy emman aquino hwph admin status reports raised to first alarm 12 18 pm raised to second alarm 12 22 pm hazardweb philippines saturday august 02 2025,https://www.facebook.com/hashtag/FireAlert
Facebook,#rescueph,,update po sana may makapasok na rescue sa street namin marami na po na trap na ibang kapitbahay namin na need po ng help lucero st brgy kanluran update po sana may makapasok na rescue sa street namin marami na po na trap na ibang kapitbahay namin na need po ng help lucero st brgy kanluran,https://www.facebook.com/hashtag/RescuePH
Facebook,Manila Bulletin,,new outbreaks of violence overnight into sunday rocked syria at two distinct flashpoints straining a fragile ceasefire and calling into question the ability of the transitional government to exert its authority across the whole country new outbreaks of violence overnight into sunday rocked syria at two distinct flashpoints straining a fragile ceasefire and calling into question the ability of the transitional government to exert its authority across the whole country,https://web.facebook.com/ManilaBulletin/posts/pfbid02MTr6GcafEwPiDq2SFxtbcZ18T6wekQ7hxHrFRXB1NU4w8USSFF1JGNSvtvGhusLhl?__cft__[0]=AZXMmCo_di5D5nXQHPsxzltIvGSjBBznTWYo8QTW6BGnIE3pcXFDM9b1L682hFBsATZnhoHizs6luQt8v09HsA8y2SxDkIIMOAcXppbQvJvodhH1KXs5rtHLgMTPVC73wgK0MnNPUTT2iTpsDeLeD_OzF1M4D1Q9zo3wfxegaiIAVEK9XPKE6MI3IRwq5BPCRLc&__tn__=%2CO%2CP-R
Facebook,Philstar News,,with their sights set on defending the crown in uaap season 88 next month there is no slowing down for the maroons who will intensify their build up at home after a productive training camp in serbia and a spotless off season campaign with their sights set on defending the crown in uaap season 88 next month there is no slowing down for the maroons who will intensify their build up at home after a productive training camp in serbia and a spotless off season campaign,https://web.facebook.com/philstarnews/posts/pfbid02K5ogQSbXn7Zz4wnYBq5Yyx31sMSBsbLSXcRCWYJbarnc7hvtT93o9k6rstftQVVol?__cft__[0]=AZUwU36e16ySZk8P4kTscs6_ldtiwyf0aYPNm1x7Ob9j7kWnDGyCW1LE_RYhyqlkZq172EHjWKaDulZETVQyJGZ4E0r81NH6QWpWU7LwL68Ax6gVfiDFB316aRrfp1KnO-mdGGncl8e2swNcFAWeGCCWhUUSsaiEtmDx_HQ2rrBJiq1HWZGSu-Tvd6h7sVHDPwE&__tn__=%2CO%2CP-R
Facebook,Manila Bulletin,2025-08-04 00:00:00,manila bulletin headline for today august 4 2025 grab a copy at your favorite newsstand today or read it all on our website at you can follow us on x instagram threads youtube our viber community and subscribe to our newsletter here newsletter mb com ph subscribe you may also join our facebook community page if you wish to share any stories and photos bit ly 3onojyk manila bulletin headline for today august 4 2025 grab a copy at your favorite newsstand today or read it all on our website at you can follow us on x instagram threads youtube our viber community and subscribe to our newsletter here newsletter mb com ph subscribe you may also join our facebook community page if you wish to share any stories and photos bit ly 3onojyk,https://web.facebook.com/ManilaBulletin/posts/pfbid028juzfBqWF91ZtAQkD6GvhtmkZnhdfy5sAT2oiT7WY9iTQLgFTkxBbxJEPNwpCwkWl?__cft__[0]=AZXBc_NgDy8Z7NshX8f8Nkj7eza5wM4nvbIFRSj2LkjIuzkZ84b7b7DGNrXxFZN-pwTv_39uh0OS1Wa5IODw9nIIjCGl8CwO3KjsxBrbDrf2ggK-kNIrUWhmnDugI3cCcKhh43Bt4PvrdsawaWZQnpBF_Z3Sm8l8nkD_b8_XabU8kkBPdeNXvQS7rStsQPp0EsI&__tn__=%2CO%2CP-R
Facebook,PHIVOLCS,2025-08-04 00:00:00,earthquake information no 1 date and time 04 august 2025 05 29 am magnitude 1 7 depth 090 km location 13 75n 120 58e 010 km s 35 w of calatagan batangas earthquake information no 1 date and time 04 august 2025 05 29 am magnitude 1 7 depth 090 km location 13 75n 120 58e 010 km s 35 w of calatagan batangas,https://web.facebook.com/PHIVOLCS/posts/pfbid0AdTDeT6WzSa3fd2fD43kvNh8mAtwVSumVWsJJWcojW7Hr4D8NmZyQK4pm1LgBGh2l?__cft__[0]=AZUeg1aqiHvbaVcY_ZJlEKWG7qmtnOfUJ_4d4JQWuzDURpFlF43FCXy4nay9pTcpOXtZlI0wWYLD68gQZwH4gPdHF12JhyXrn-LacpgyP_QvfMMCfvSfBq2RQ8btvS6fxeLpRg_JQqwICV0udy7zc6uJ1Yfy4Vyh-Bv0nbOn59ycgRBWhHxE31isJXI6f3xP91A&__tn__=%2CO%2CP-R
Facebook,SunStar Davao,,the davao city government clarified that a recently circulated advisory banning fishing and swimming in the davao river is an old post from 2022 the public is urged not to reshare it to avoid spreading outdated and potentially misleading information davao cio via superbalita davao the davao city government clarified that a recently circulated advisory banning fishing and swimming in the davao river is an old post from 2022 the public is urged not to reshare it to avoid spreading outdated and potentially misleading information davao cio via superbalita davao tan aw2 pod lage mog year bago mo shared post klaro atung 2022,https://web.facebook.com/sunstardavaonews/posts/pfbid02pdXjNhtyknubkbgwZPHruTFLuoFRTZ3WFiA5Qgx4GtWZYFLBnwPaWHEWTpG9ZyQvl?__cft__[0]=AZXRlm0HOke0lqxV0-tjakiS8rPRTiuz5NaUYIeoTy0VDUWUj6S2tpjjq-0QDqniMjCuOyJ9NOsid_7gZVUk5IpGYokSVYztlrDyqhPgcDPZZ_feql4Ur1PCt4pidgYm2penAiXpObJR8DBCWPgWlSkBj8lkKA0_-wR-94ZGAJ25qo-WtzS6WdocWrJvAb6v0os&__tn__=%2CO%2CP-R
Facebook,#earthquakealert,2025-08-03 00:00:00,breaking news 3 6 earthquake has just hit new york breaking news 3 6 earthquake has just hit new york,https://web.facebook.com/hashtag/EarthquakeAlert?_rdc=1&_rdr#
Facebook,lemonaideproject,2025-08-03 00:00:00,urgent evacuation notice immediate threat to life evacuation orders in effect a fast moving wildfire known as the lake fire broke out on the afternoon of sunday august 3 2025 near eastlake drive and oak street in clearlake lake county california the blaze rapidly spread due to dry vegetation and gusty winds growing to over 287 acres within just a few hours and destroying at least two structures firefighters from cal fire and the lake county fire protection district have responded with air tankers helicopters and ground crews but containment remains at 0 as of the latest update cal fire has issued mandatory evacuation orders for the following zones due to immediate danger cle e123 cle e126 cle e135 clo e113 you must leave immediately these areas are now closed to public access do not delay grab essentials and go evacuation warnings are in place for these zones potential threat to life property cle e124 clo e109 if you need extra time have pets livestock or mobility issues leave now while its safe stay updated at fire ca gov and listen to local authorities your safety is the priority dont wait evacuate urgent evacuation notice immediate threat to life evacuation orders in effect a fast moving wildfire known as the lake fire broke out on the afternoon of sunday august 3 2025 near eastlake drive and oak street in clearlake lake county california the blaze rapidly spread due to dry vegetation and gusty winds growing to over 287 acres within just a few hours and destroying at least two structures firefighters from cal fire and the lake county fire protection district have responded with air tankers helicopters and ground crews but containment remains at 0 as of the latest update cal fire has issued mandatory evacuation orders for the following zones due to immediate danger cle e123 cle e126 cle e135 clo e113 you must leave immediately these areas are now closed to public access do not delay grab essentials and go evacuation warnings are in place for these zones potential threat to life property cle e124 clo e109 if you need extra time have pets livestock or mobility issues leave now while its safe stay updated at fire ca gov and listen to local authorities your safety is the priority dont wait evacuate,https://web.facebook.com/LemonAideProject/posts/pfbid0FbzAT8kBan53BNWPPXXFajkAvkHssS3BuWbeLbeJA2nfTBbigZsfQuNh5ac1TzGdl?__cft__[0]=AZVw_j67bKN5Rj-LvOJX9N4gpC5LYcX99vvVIwz-dV0oZnsb-a8k1vzbYReMKwCyHfNGtkliwGs4dY0tJ1tzP6n81tFcdPHJupZqxJINygxr7VhFd3xkCT4-diLHWjxjGvssxkNjuUjljqJYR4HMxWxjQxyQ8wu7oPEhFtd-JbiJ9ZRkzIVxbvf_uADdl9Qyqjw&__tn__=%2CO%2CP-R
X,phivolcs_dost,2025-08-04 04:30:00,earthquake information no 1 date and time 04 august 2025 04 21 am magnitude 2 7 depth 008 km location 11 90n 125 46e 004 km s 84 e of taft eastern samar,https://x.com/phivolcs_dost/status/1952104706601566679
X,phivolcs_dost,2025-08-04 03:51:00,earthquake information no 1 date and time 04 august 2025 03 39 am magnitude 2 2 depth 090 km location 09 73n 125 01e 021 km s 18 w of limasawa southern leyte,https://x.com/phivolcs_dost/status/1952095054673371578
X,phivolcs_dost,2025-08-04 03:21:00,earthquake information no 1 date and time 04 august 2025 03 13 am magnitude 2 1 depth 003 km location 11 52n 125 26e 022 km s 62 w of city of borongan eastern samar,https://x.com/phivolcs_dost/status/1952087450333131111
Facebook,PHIVOLCS,2025-08-04 00:00:00,earthquake information no 1 date and time 04 august 2025 09 24 am magnitude 3 2 depth 010 km location 13 59n 120 28e 014 km s 12 e of looc occidental mindoro earthquake information no 1 date and time 04 august 2025 09 24 am magnitude 3 2 depth 010 km location 13 59n 120 28e 014 km s 12 e of looc occidental mindoro kasi kanina pa ako nag tataka ehh,https://web.facebook.com/PHIVOLCS/posts/pfbid02kxgQHhvEN16Q6jecSDcqnFcPwn88aPS25Tp7MwyCwEX4FqQYV2cddmyyX7QPA5PNl?__cft__[0]=AZXhCDN_NWgvv3IcpO0yU0y6wCzjFqesP6BWFvmkb99V854Ezh0CfRHhy-mizgZBUT-PUKkGgxfZemk1ApeWUasildO-AHnOPfx4kYt6SzuRk3r8-KBCuFs-Hr131MZu3knHfK8_CSqf24MvB4lAo9jxphnhxUsKU0f9Esumyw5FGT9A003_FNNMNK6mIwQzC_g&__tn__=%2CO%2CP-R
Facebook,insidenuevaecija,2025-08-04 00:00:00,mahinang lindol sa nueva ecija naitala ng phivolcs ang isang mahinang pagyanig ngayong lunes agosto 4 2025 ganap na 9 03 ng umaga sa hilagang silangan ng lupao nueva ecija magnitude 1 5 lalim 32 km lokasyon 6 km hilaga 67 silangan ng lupao nueva ecija source phivolcs earthquake information no 1 bagaman mahina paalala ng mga eksperto na mahalagang maging handa sa lahat ng oras manatiling alerto at laging sumubaybay sa opisyal na abiso mula sa phivolcs i monitor ang inyong lugar at siguraduhing ligtas ang bawat isa mahinang lindol sa nueva ecija naitala ng phivolcs ang isang mahinang pagyanig ngayong lunes agosto 4 2025 ganap na 9 03 ng umaga sa hilagang silangan ng lupao nueva ecija magnitude 1 5 lalim 32 km lokasyon 6 km hilaga 67 silangan ng lupao nueva ecija source phivolcs earthquake information no 1 bagaman mahina paalala ng mga eksperto na mahalagang maging handa sa lahat ng oras manatiling alerto at laging sumubaybay sa opisyal na abiso mula sa phivolcs i monitor ang inyong lugar at siguraduhing ligtas ang bawat isa,https://web.facebook.com/InsideNuevaEcija/posts/pfbid0b7QJsYADesGnhtENaUxPo8qk3fywMpiV6LJ9sQsB4iexpJNsc5cvuRLUZKtXAZeWl?__cft__[0]=AZWP5-KkrA1zyRn9viLvE61j6Ujl8S6GolRP52cMB45gpv3O2_NZDzle6D1TYdB1X98-czoqa3gokZmQY-A0wKy7RBz44NlSyjaWQ-o84b9JCCYo1YuBTVDFZBIShDjyK9ZKNgpOoJA4C-Qdhm7RHU7lFpaLWPaY18q6W8Gkii6aYPTBNBELEcEOwdq1O6YFb5g&__tn__=%2CO%2CP-R
Facebook,bfprhq11,2025-08-01 00:00:00,icymi relive the unforgettable moments of bfp 11s cover exposure band as they rocked the stage at the recently concluded musika laban sa sunog in tagaytay last friday august 1 2025 what a day to remember some photos courtesy of bfp caraga icymi relive the unforgettable moments of bfp 11s cover exposure band as they rocked the stage at the recently concluded musika laban sa sunog in tagaytay last friday august 1 2025 what a day to remember some photos courtesy of bfp caraga,https://web.facebook.com/BFPRHQ11/posts/pfbid02Ce66SutkuDJX28UqH7V8bGj83hnvDcvMmfP2DmcfYpwechKMKFAZt1ytjoftPAa5l?__cft__[0]=AZVusp2_mDPhw81LhV7jojUW-sCMv7xV4LMPhmYuDzamhJaFiL4xxYHhXVXNicXxt8ERTo-0_w8Dp4nXTalUow8Jqq50oADgVL5QW7b2S4ooU5bOnlpUQ2i0MaMzsUeS67AsFm2Liy07Cufm7lO7J703asz8IlxfOezGR7IlOHIpbFeRYfAiF1TIZxKgjSEKvdTlRk8rbnj640NVAroh_h0w&__tn__=%2CO%2CP-R
Facebook,Manila Bulletin,,the enhanced defense cooperation agreement edca sites have been activated to serve as staging areas for the prepositioning of relief goods and rescue equipment for the victims of the recent typhoons and flooding the enhanced defense cooperation agreement edca sites have been activated to serve as staging areas for the prepositioning of relief goods and rescue equipment for the victims of the recent typhoons and flooding,https://web.facebook.com/ManilaBulletin/posts/pfbid02KQUps6ezXq5eJ8ftCpgAoyDiPtPF7aAuvbWCcZQsfQ2hBijvk2SBQynCM7iu3eTWl?__cft__[0]=AZXH6aaVb2YsY9PzTXK5iHFQqZ1axjp7wqLctwx3jmHkwlTUj1cfRcZwRWrkS24IEMH4-cUqytxtDWWnKehsqtSCCRG8qvOgv3BZFEi8tdIUj3fxFzHw1jxk71VjvrNqoZJGVt6p4Jf3StvGZxoVnfP1tuKdm9phVE73HYFRIDAhghjV_aC4nArAjF6CMwYbRy4&__tn__=%2CO%2CP-R
Facebook,stormchasersph,,bagong lpa nabuo sa labas ng par isang panibagong sama ng panahon o lpa ang nabuo sa labas ng par o sa silangan ng na nagbabadyang pumasok ng par mamayang gabi o bukas ng umaga sa ngayon ay nananatiling mababa pa ang tsansang lumakas bilang bagyo ang lpa ngunit inaasahang kikilos ito papalapit sa silangan ng at magdadala ng mga pag ulan sa mga susunod na araw patuloy na mag antabay ng mga susunod pang update hinggil sa nasabing sama ng panahon sa mga darating pang araw pws psu bagong lpa nabuo sa labas ng par isang panibagong sama ng panahon o lpa ang nabuo sa labas ng par o sa silangan ng na nagbabadyang pumasok ng par mamayang gabi o bukas ng umaga sa ngayon ay nananatiling mababa pa ang tsansang lumakas bilang bagyo ang lpa ngunit inaasahang kikilos ito papalapit sa silangan ng at magdadala ng mga pag ulan sa mga susunod na araw patuloy na mag antabay ng mga susunod pang update hinggil sa nasabing sama ng panahon sa mga darating pang araw pws psu bantayan maigi para d makapasok boboy torres kaya sir haha,https://web.facebook.com/stormchasersPH/posts/pfbid02DiZFQqbqvkzL3kRxaxcceUEbLeR51shBzCS4eZRaWdFAzhxCFECetxAwLhGqPmWRl?__cft__[0]=AZVolUaUhKRzX-A_6SwkWGn-BMeVEVaiampabUVJf_aFN9U8nY-fVllKG0rXqUZVxWmzmHj6krv64Y585WN6KsYus6okr6sq64YOmC52Sr2pyPg-HGKBuz7-p9sPSLDNozN8TfWqsyaHlV3WCGtMT-7YgOW3RChEg6_nsu-PEp8JurszbbJAatTc32aDx1ieTWA&__tn__=%2CO%2CP-R
Facebook,PHIVOLCS,2025-08-04 00:00:00,earthquake information no 1 date and time 04 august 2025 09 03 am magnitude 1 5 depth 032 km location 15 90n 120 95e 006 km n 67 e of lupao nueva ecija earthquake information no 1 date and time 04 august 2025 09 03 am magnitude 1 5 depth 032 km location 15 90n 120 95e 006 km n 67 e of lupao nueva ecija,https://web.facebook.com/PHIVOLCS/posts/pfbid02wkZd9CJcr9fCoxaLyWEv9DY3SfwZ8ZKTfrt77taDEYoRda57m8DBKXtgCswL6wdml?__cft__[0]=AZVhaRbsVAD4PCGcSbwNzVBoC4ggBxurlpEsJzgJ3XMdZ1A8NAJKTdkeeZUipWNMOHkyuD5EfFU6tayEfCpQd_hRU5NOKlJPuROHxSl40MUD5jTVq5Il84yRJPGwlq1p1b52a3MRwDWAmirw8XYTx07psbHD5B8OlgBTVjEklF58yuZYFjJCH6m50XXiN3OlTKg&__tn__=%2CO%2CP-R
Facebook,NDRRMC,2025-08-03 00:00:00,disaster response update batanes relief mission wraps up with final airlift of 1 500 food packs in support of ongoing humanitarian assistance and disaster response hadr efforts in the province of batanes two u s air force cv 22 osprey aircraft and two u s marine corps mv 22 osprey aircraft transported a total of 1 500 family food packs ffps provided by the department of social welfare and development dswd on august 3 2025 the relief mission which began on july 28 2025 was spearheaded by the office of civil defense ocd and mobilized both philippine and u s air assets to deliver critical aid to typhoon affected and geographically isolated communities in northern luzon over the course of seven days a total of 6 300 food packs were airlifted from clark air base in pampanga to basco batanes utilizing combined phu s airlift capabilities source philippine air force disaster response update batanes relief mission wraps up with final airlift of 1 500 food packs in support of ongoing humanitarian assistance and disaster response hadr efforts in the province of batanes two u s air force cv 22 osprey aircraft and two u s marine corps mv 22 osprey aircraft transported a total of 1 500 family food packs ffps provided by the department of social welfare and development dswd on august 3 2025 the relief mission which began on july 28 2025 was spearheaded by the office of civil defense ocd and mobilized both philippine and u s air assets to deliver critical aid to typhoon affected and geographically isolated communities in northern luzon over the course of seven days a total of 6 300 food packs were airlifted from clark air base in pampanga to basco batanes utilizing combined phu s airlift capabilities source philippine air force,https://web.facebook.com/NDRRMC/posts/pfbid0VzgNfMpkx99cmLpmYkp8Xn8nvWhZXo3aNTiq6KaLzmVSEocAPzbo9v4swiDmYvmBl?__cft__[0]=AZXM6IdrxHqG0xFxndzq0Dbha4iQSv0jYpL1JY4ZSijeABtQAAJrWkjlNEi5VYoiC8Xh1TgnoR75rrXbQ44kDNUfbqTQN4sI2_BWgV1F78INlK6eaX5duo4C6eqoLMRKLLUiMCUSX-4pP1axGC9DhVoC721VBSNzMVktMpavOenGzl6b8YRuXbzdls7RL-aywmc&__tn__=%2CO%2CP-R
Facebook,bfprhq11,,flag raising ceremony this morning the bureau of fire protection 11 under the leadership of fcsupt junito f maslang dsc regional director held its flag raising ceremony at the central parking bay leon garcia cor monteverde sts davao city today s troop information and education ti e speaker dr lora grace j deles md fpcp fpcc adult cardiologist from dc central animal bite center and medical clinic shared valuable insights primarily on heart health reminding our personnel of the importance of a strong and healthy heart in serving the community flag raising ceremony this morning the bureau of fire protection 11 under the leadership of fcsupt junito f maslang dsc regional director held its flag raising ceremony at the central parking bay leon garcia cor monteverde sts davao city today s troop information and education ti e speaker dr lora grace j deles md fpcp fpcc adult cardiologist from dc central animal bite center and medical clinic shared valuable insights primarily on heart health reminding our personnel of the importance of a strong and healthy heart in serving the community,https://web.facebook.com/BFPRHQ11/posts/pfbid02d7iCxdLEcdBRCkafTfZWwyD94MZ86qPGWSrZTTbRUvCNjU3EqocshzAQr6R2R3dyl?__cft__[0]=AZVbmJzN8_utmGdalnjsr-Xrsuc9hYsdv9PtJRN2JUccvPP0eCQc6ULHpPCDpv2nhmBf5U7NrkrUSNjh32oLE8OozT_WVfTRNTysNMP6N01peh1ckkTyzXnGjjHyAmj1rtsbICsyLj0BQd5R1-6f7Y2sxIbGMH7So5f2CbRuocP-B2Xxsaus3lztKFuyBFSRauSACsGGN2lXFhb1PvPX4py7&__tn__=%2CO%2CP-R
Facebook,SunStar Davao,2025-08-04 00:00:00,a fire broke out around noon on monday august 4 2025 in purok 7 father selga barangay 8 a davao city firefighters have already responded to the scene more details to follow screenshot dxdc 621 rmn davao a fire broke out around noon on monday august 4 2025 in purok 7 father selga barangay 8 a davao city firefighters have already responded to the scene more details to follow screenshot dxdc 621 rmn davao,https://web.facebook.com/sunstardavaonews/posts/pfbid0w5FQEh91uXBuDg2WBfcV5cX1E51Cwq2Tqqx6YAJAsxSPMucuQwjcgZLBGxbG8gLKl?__cft__[0]=AZUjud2TgBC3PmdBEswddGeabYqA2Wjp7jHOO5lGez7TwCWCi2dGmEzDwEd582-YsEVtYeHLQd0SMgxPj3Z9EGtb5B93u_e6OCSQFos6a7me1K5yp0Ix8I29JrVuCL2vwJTurHvARmp9_PtBe8IrchDbkOOBBzGaCZrus061sPo048A99qWnjYWrS-eTVF7xzZU&__tn__=%2CO%2CP-R
Facebook,mprsdcdo,2025-08-04 00:00:00,thunderstorm advisory no 12 final issued at 06 00 am 04 august 2025 all thunderstorm advisories over forecast areas are now terminated however all are still advised to continue monitoring for updates light to moderate rainshowers with lightning and strong winds are expected over baliguian and gutalac within the next 1 2 hours all are advised to take precautionary measures against the impacts associated with these hazards which include flash floods and landslides keep monitoring for updates thunderstorm advisory no 12 final issued at 06 00 am 04 august 2025 all thunderstorm advisories over forecast areas are now terminated however all are still advised to continue monitoring for updates light to moderate rainshowers with lightning and strong winds are expected over baliguian and gutalac within the next 1 2 hours all are advised to take precautionary measures against the impacts associated with these hazards which include flash floods and landslides keep monitoring for updates,https://web.facebook.com/mprsdcdo/posts/pfbid02EogPEkCUgcCBigUywBjDJ48gbgpBftsdeQX1dteZQjXRvfCuqDvwFfrNpQfSAgXxl?__cft__[0]=AZU9sE0S-PfHRKizGKS4H5QywjeeNpu50vlm3kAuwCV6s4o8e-kGmh_NllLX5gjEPiSuT-oa6m37x-g7oTKiKnyiClqcu5pTtLdtdtnO38HZjQEeGX7Y1dSQSrHL2SBS-EqanDnFFIz2d-ZVHV3qvpLjYukKnOx3i86-EB_dD04xFX6v94AXo1kkoPwCBIeOMbs&__tn__=%2CO%2CP-R
Facebook,PHIVOLCS,2025-08-04 00:00:00,earthquake information no 1 date and time 04 august 2025 12 28 pm magnitude 2 2 depth 030 km location 07 38n 125 85e 002 km n 53 w of maco davao de oro earthquake information no 1 date and time 04 august 2025 12 28 pm magnitude 2 2 depth 030 km location 07 38n 125 85e 002 km n 53 w of maco davao de oro,https://web.facebook.com/PHIVOLCS/posts/pfbid02ddxkZXkhwAwAzkFccT9vPfScCqiYxjEfeTqPxnKTWJfUQGCQqNeB27Tq1Br5wiual?__cft__[0]=AZWnR4SCCxKSDbdD2Gh8VLqnGhDEROM8qXEPBD-6z4R_UWGtYn-EWGiaW1x54Ae3jNuDLgydgSoNi4DbJDAhmOxF5K4V4_49eAodqDskY4zGll1Jm16NGhPEDal8ggNaM5qK9n1DAXHi2wvVuq3WXZI5VZr0Zjy6b9NK66WWpnNFUHeGhu85GTm_Ebz5_aDe_1M&__tn__=%2CO%2CP-R
Facebook,davaodevupdates,2025-08-04 00:00:00,fire alert sunog miulbo sa may purok 7 father selga brokenshire bypass barangay 8 a davao city karong udto agosto 4 2025 sa karon padayon ang pag responde sa kabumberohan sa lugar fire alert sunog miulbo sa may purok 7 father selga brokenshire bypass barangay 8 a davao city karong udto agosto 4 2025 sa karon padayon ang pag responde sa kabumberohan sa lugar,https://web.facebook.com/DavaoDevUpdates/posts/pfbid0HB4siACDqw83ZcqGwp3NsEdU7Ri9PCyKt9D755TpydgyxAC9EZTpv6Xbz1XqKtx6l?__cft__[0]=AZXAucSWg6EoMOfqf41Dr7XKrDeEYMlT-sr7Mxyg9-pCjl5PjrIwuVvvyRyExeNn1DlTShAUexn4LnWkndqKDe_mDrQkXyrQpBD_mIXNFW-e63EmVYC8n2JWqCjvTWINxM-xFdN8HC1u3unzaRhlrF8AcGwVzYQU7EEsOzupBl4U9q3Gq2xUuB2t3oQIGJZw_OI&__tn__=%2CO%2CP-R
Facebook,bfprhq11,,saludo kami watch the official music video of the cover exposure bands original composition saludo kami performed during the recently concluded musika laban sa sunog 2025 in tagaytay city saludo kami watch the official music video of the cover exposure bands original composition saludo kami performed during the recently concluded musika laban sa sunog 2025 in tagaytay city,https://www.facebook.com/BFPRHQ11/
Facebook,davaocitydisasterradio,2025-08-04 00:00:00,serbisyo dabawenyo with cswdo august 4 2025 guests uzziel macunte district 1 team leader technical and social pension program dswd field office xi kritz sheallae paulmitan district 2 team leader technical and social pension program dswd field office xi krystel jane bosquit district 3 team leader technical and social pension program dswd field office xi topic social pension for senior citizens anchored by donna mae alviola daghang salamat serbisyo dabawenyo with cswdo august 4 2025 guests uzziel macunte district 1 team leader technical and social pension program dswd field office xi kritz sheallae paulmitan district 2 team leader technical and social pension program dswd field office xi krystel jane bosquit district 3 team leader technical and social pension program dswd field office xi topic social pension for senior citizens anchored by donna mae alviola daghang salamat,https://www.facebook.com/davaocitydisasterradio/posts/pfbid09tXue38Byzhzp1UrpcdCQECewXJTsjVQatcX7xUqDSd4dGgR7Gn6dABfnbZUMgEwl?__cft__[0]=AZUEdihoSuXZ5gnwCC1GJZ7KSm9S76gZxNDwBbvEhLdjcpEjOARrILU95J1WW71GVuru_24tjouhPUkWuR2vuWrjchWQ5vGkJC5bIB-Dv9Vo7u2ArRupkPncaentp2ZnXJkaEh3VtsqHWRs_14wLIjfCoYgV8mcV2nBQuBKmSubysh6a4YxXyymIhQTahBBewBY&__tn__=%2CO%2CP-R
Facebook,officialbeaninquirer,,ang bagong kera look a 21 year old freelance artist based in malabon city showcased his portrait drawing of the iconic character kera mitena from the fantasy series encantadia chronicles sang gre jeziah caleb bote told the inquirer that he worked on it for six days spending an estimated five to six hours each day to finish the artwork bote also added that he is a fan of the actress portraying the character which inspired him to create this amazing illustration jeziah caleb facebook via lance bautista inquirer net trainee got any interesting stories photos or videos send us your experience here ang bagong kera look a 21 year old freelance artist based in malabon city showcased his portrait drawing of the iconic character kera mitena from the fantasy series encantadia chronicles sang gre jeziah caleb bote told the inquirer that he worked on it for six days spending an estimated five to six hours each day to finish the artwork bote also added that he is a fan of the actress portraying the character which inspired him to create this amazing illustration jeziah caleb facebook via lance bautista inquirer net trainee got any interesting stories photos or videos send us your experience here,https://www.facebook.com/officialbeaninquirer/posts/pfbid02nHZfnPFZwJTAwxGzePBHmXQA8uGZhbMLdvtGFTVWMP3p1hfo1hDUBEWv8tryd186l?__cft__[0]=AZVeqbQmluD4xGPHQ4a0A4kKHysVJqNBkE8HR7RBxcyCPubdDPV2Tf3fEQ1Cf4Pm8RQ0EMmsSrxRJS4LdsOgisjnN2tq8jpMSmMjESWwiibl_Gj39SBGSBwa5NgWg7Xhim9mp5wVj7vNo1AQsJfFomHfBRbL--Q-dkZocux0quvWYd1ALqgm2pXqF3tDyXwH2pQ&__tn__=%2CO%2CP-R
X,ndrrmc_opcen,2025-08-04 17:57:00,rocket launch advisory ndrrmc cautions the public for the possible falling of debris from the people s republic of china s long march 12 rocket that is scheduled to be launched on august 04 2025 the people s republic of china is scheduled to launch the long march 12 from the,https://x.com/NDRRMC_OpCen/status/1952307829643293160
X,ndrrmc_opcen,2025-08-04 13:33:00,disaster response update paf helicopters deliver critical aid to isolated areas in abra the philippine air force paf through the 505th search and rescue group and the 205th tactical helicopter wing deployed a sokol and black hawk helicopter respectively on august 3,https://x.com/NDRRMC_OpCen/status/1952241341821554895
Facebook,ABS-CBN,2025-08-04 00:00:00,look ongoing construction and maintenance work on flood mitigation structures and drainage systems in bgy candating arayat pampanga on monday august 4 2025 the project includes the rehabilitation of an eroded riverbank to help protect surrounding communities from flooding the pampanga provincial government has raised concerns over the continued erosion of riverbanks which threatens the safety of hundreds of families officials have appealed to dpwh for immediate assistance in repairing and rehabilitating flood control infrastructure including river dredging to reinforce slope protection and prevent further damage via maria tan abs cbn news look ongoing construction and maintenance work on flood mitigation structures and drainage systems in bgy candating arayat pampanga on monday august 4 2025 the project includes the rehabilitation of an eroded riverbank to help protect surrounding communities from flooding the pampanga provincial government has raised concerns over the continued erosion of riverbanks which threatens the safety of hundreds of families officials have appealed to dpwh for immediate assistance in repairing and rehabilitating flood control infrastructure including river dredging to reinforce slope protection and prevent further damage via maria tan abs cbn news,https://www.facebook.com/abscbnNEWS/
Facebook,PHIVOLCS,2025-08-04 00:00:00,earthquake information no 1 date and time 04 august 2025 04 29 pm magnitude 2 0 depth 004 km location 09 43n 125 90e 008 km n 38 w of carrascal surigao del sur earthquake information no 1 date and time 04 august 2025 04 29 pm magnitude 2 0 depth 004 km location 09 43n 125 90e 008 km n 38 w of carrascal surigao del sur,https://www.facebook.com/PHIVOLCS/posts/pfbid032zPL71yda9NBUDmuTyR6Rx4jnhQyi5Vqc5LXhBGtKir3TGguZofHmedZm3rV7NGfl?__cft__[0]=AZU7c0X2EpTGJOUPawKxRdOxoDvxViN6qJ0V7Eu5Mzgftt98uShP7LmTq6Yem8SFXEYPKCGe64W3D74sTcq0PIh0eDT8SjmjAchSOmp5fYx-1lMKRJiUTOjyzKlfgEg6gPR0-tNv4ywXTXLOj2ShAi6MxtXRQc5MPAxzJSWXUmu8GWHHhWG019cDT-kmPZeF3yw&__tn__=%2CO%2CP-R
Facebook,jane.noda.yanson,2025-08-04 00:00:00,earthquake information no 1 date and time 04 august 2025 04 14 pm magnitude 2 9 depth 002 km location 11 93n 124 07e 006 km n 21 e of pio v corpus masbate earthquake information no 1 date and time 04 august 2025 04 14 pm magnitude 2 9 depth 002 km location 11 93n 124 07e 006 km n 21 e of pio v corpus masbate earthquake information no 1 date and time 04 august 2025 04 14 pm magnitude 2 9 depth 002 km location 11 93n 124 07e 006 km n 21 e of pio v corpus masbate,https://www.facebook.com/jane.noda.yanson/posts/pfbid02H54SBnnTMRPHnYxVseE252eue2U1bJwg1tMdUScw1UnX7RwhsQNMyvgw4Agf7Cq8l?__cft__[0]=AZUl0Wysc5e5DDUdbRms45aWBAE93dozoz8FJ7pzqp1mzhDbQY5JiQJGN8Xd4MvKRA1-hCccwUSgCBuvETESnwyctRTDjFcnlcfblUIOvkIZ78BXO-YYxRyNttBbxJ3kMiqeypPgLPHY14qW2Y7xUxhB_lI9GtS_G5wEuGuQi4OyHTPAo7dzRMrf9q84iIf641lfHH6Ra047xQHiz0mFq3aU43DLjefIApkouU3e2noNwQ&__tn__=%2CO%2CP-R
Facebook,untvnewsrescue,,walang dapat ikabahala sa nakitang ahas sa gilid lamang ng maharlika hall sa villamor airbase sa pasay city ilang oras bago ang biyahe ni pangulong ferdinand marcos jr patungong india ang nahuling ahas ay malapit lamang sa dadaanan ng pangulo papunta sa kanyang eroplanong sasakyan walang dapat ikabahala sa nakitang ahas sa gilid lamang ng maharlika hall sa villamor airbase sa pasay city ilang oras bago ang biyahe ni pangulong ferdinand marcos jr patungong india ang nahuling ahas ay malapit lamang sa dadaanan ng pangulo papunta sa kanyang eroplanong sasakyan,https://www.facebook.com/UNTVNewsRescue/posts/pfbid0gnzucRb9K4vcLAPngQgGYmAXRwdSQTRLCoJGLL4cxyQ7toNCSeNas6kPvHT5yscel?__cft__[0]=AZWGRVYCbmH4AvZEmvYEOYde3720VBFWlfXVARlJh8j_9lOcTRDXQMO_fkmwNqR-wuo5hJauibiVOwUzaMrHfJDCdhib_cF8gkov2lZveNLmzMSZ71pzAINMQ_7zsQsbWz2spD-Lkx6LcfzL96FjudOacnd6WvNSx6nhIWPFiskhb2_eaHrfNzRBiQ0MYnk2Jp8&__tn__=%2CO%2CP-R
Facebook,wonderfulbicol,2025-08-01 00:00:00,a magnitude 1 6 earthquake struck the province of albay particularly the eastern part of camalig at 6 28 pm earlier today according to the philippine institute of volcanology and seismology phivolcs dost the earthquake had a depth of 035 km source phivolcs earthquake info ctto albay provincial information office a magnitude 1 6 earthquake struck the province of albay particularly the eastern part of camalig at 6 28 pm earlier today according to the philippine institute of volcanology and seismology phivolcs dost the earthquake had a depth of 035 km source phivolcs earthquake info ctto albay provincial information office,https://www.facebook.com/wonderfulbicol/posts/pfbid02kqahqmVyrndjdwsXuvkxcKFMb6ZsopagUQXcrP2QEoruyPv3f84H4Ju2o6xQZx5tl?__cft__[0]=AZUQ7oPnxWGIpk2Jd6O6kxGy71PZDhOftqwKPevtbsnaujg3XZJEW76ZvpGzwzE0aZ5cIBOUGBkR6KSFPY6p9S1Oj5U7ervh-GD2lpyRlKWhQNQ4RbYbCZTzvmEimL6-QnL5fO2mpfguyEeE1CYThH2DhtI9rIP1V8yfivhrDo5G4uWqfZpbLZSSDA_lztJs-nI&__tn__=%2CO%2CP-R
Facebook,#floodalert,,orange yellow alert in j k flood alert issued in 5 districts from today residents urged to stay alert and follow safety advisories orange yellow alert in j k flood alert issued in 5 districts from today residents urged to stay alert and follow safety advisories,https://www.facebook.com/hashtag/FloodAlert
Facebook,ABS-CBN,,inabisuhan ng philippine general hospital ang publiko na sa ibang ospital na lang muna magpunta dahil lagpas na nang 400 percent ang kapasidad ng kanilang emergency room basahin ang ulat sa comment section inabisuhan ng philippine general hospital ang publiko na sa ibang ospital na lang muna magpunta dahil lagpas na nang 400 percent ang kapasidad ng kanilang emergency room basahin ang ulat sa comment section,https://www.facebook.com/abscbnNEWS/posts/pfbid0JqwKhAHR9UzPhMrK18bgtJWcLzGhCHZ6VEQKH7gmwErpuwqQrWKLZU276HwJnWb2l?__cft__[0]=AZWfVEx0MxkSVXGFWSITBmKxKo67ksocSod0RokcrYlMI4PPKN-CDaY0ALT4Cogqt8oYcmsFi5HyvaWD3BcNlQ9opaoZNwvi6Jy9sOYafCvB60Rr1EzEY_axmr608JlnvwRrapfLNOmh8XrQqNiVQ8N6BmA7EGGL0DsISkh2XBHExu5Y4wPuEIsMVeaf-Zokssc&__tn__=%2CO%2CP-R
Facebook,Davao City DRRMO,2025-08-04 00:00:00,cdrrmo opcen weather update as of 08 35 pm august 04 2025 weather system localized thunderstorm light to at times moderate rainfall is experienced in some areas of calinan and toril districts other areas of davao city are experiencing cloudy conditions with scattered rain mostly drizzling all river channels are monitored at code green safe level coastal status calm seas low tide cdrrmo opcen weather update as of 08 35 pm august 04 2025 weather system localized thunderstorm light to at times moderate rainfall is experienced in some areas of calinan and toril districts other areas of davao city are experiencing cloudy conditions with scattered rain mostly drizzling all river channels are monitored at code green safe level coastal status calm seas low tide dito matina aplaya ulan na rin po,https://www.facebook.com/DavaoDRRMO/posts/pfbid023x5pobnrUToLxSPNeyec4HcNJghh52vRxMTnqcfgZctFpeL6ojYbshecsMCKP32rl?__cft__[0]=AZUcNfQVovqIiIrkSlpH2sfbH6Z3JxlLPX9FpEUBexZCyEuh1PyPbN-zFyR4R25XN0c0e4qdVK8d46d-ooLLFzOsj7mnqZxPhRkvJ352pqMTvGho5beGTO7BW4w4-hZe9oJySvmUa9TZDAU5Hk9y28B84kcFaEmEMqJGnIypix8XMEjX7hAxcq1vBsZGcRkpWkk&__tn__=%2CO%2CP-R
Facebook,ABS-CBN,,estudyante patay dahil sa leptospirosis matapos lumusong sa baha para hanapin ang amang naaresto pala estudyante patay dahil sa leptospirosis matapos lumusong sa baha para hanapin ang amang naaresto pala,https://www.facebook.com/abscbnNEWS/
Facebook,Inquirer.net,,president ferdinand marcos jr has revealed that he already has names of those responsible for failed flood control projects which caused to submerge several parts of the country in the recent weeks read more president ferdinand marcos jr has revealed that he already has names of those responsible for failed flood control projects which caused to submerge several parts of the country in the recent weeks read more,https://www.facebook.com/inquirerdotnet/posts/pfbid032BKKYuKsHXaPSuchquMoFbvBW4qtMtZC8fHA68Km6GrgKqcq2KfM4MpR1eALHsqkl?__cft__[0]=AZUFJkX_adhJ3UW2I13IXIY90WyGx_bbaCKdO7JD5EE0utkq84kZGbF59QYyOc5Q2HK6KAGrDGL4NitbcXegpu_iKhpwmtkYD4-23I0dLnfyh7RJ3WhNduwkABAjFjkgxSmSiYtLLahlP4q2S27nIEcYpf6geiS2lk1Pl2jFkJvD66VaAhuLwMcTCkh38jrEMuo&__tn__=%2CO%2CP-R
Facebook,SunStar Davao,2025-08-04 00:00:00,cocolife hosts alagang cocolife health and wellness forum cocolife brought its commitment to health and well being to life during the alagang cocolife health and wellness forum held at apo view hotel on august 4 2025 the forum featured guest speakers and fitness coaches geraldine and dax timbol who shared practical tips on building healthy habits proper nutrition and prioritizing self care cocolife area head for mindanao darwin calvo and regional trainer ralfh bascon also introduced the companys newest insurance offerings cocolife agapay and cocolife kalinga cocolife agapay is a flexible life and health insurance plan with investment growth ideal for filipinos seeking long term security and value meanwhile cocolife kalinga offers affordable term insurance with critical illness coverage and daily hospital income benefits perfect for those looking for essential no fuss protection the event also marked the official launch of the cocolife run club aimed at promoting a healthier more active lifestyle among filipinos to learn more follow cocolife on facebook or visit their website at cocolife hosts alagang cocolife health and wellness forum cocolife brought its commitment to health and well being to life during the alagang cocolife health and wellness forum held at apo view hotel on august 4 2025 the forum featured guest speakers and fitness coaches geraldine and dax timbol who shared practical tips on building healthy habits proper nutrition and prioritizing self care cocolife area head for mindanao darwin calvo and regional trainer ralfh bascon also introduced the companys newest insurance offerings cocolife agapay and cocolife kalinga cocolife agapay is a flexible life and health insurance plan with investment growth ideal for filipinos seeking long term security and value meanwhile cocolife kalinga offers affordable term insurance with critical illness coverage and daily hospital income benefits perfect for those looking for essential no fuss protection the event also marked the official launch of the cocolife run club aimed at promoting a healthier more active lifestyle among filipinos to learn more follow cocolife on facebook or visit their website at,https://www.facebook.com/sunstardavaonews/posts/pfbid02YwNeWuaLZazotrmmmcrWAU8c2j3dRn94Cd8NzXHPPVs7nyfYgWaeD6c6ZREaKPvbl?__cft__[0]=AZWNIaIqNpbvOyTSdWr0eb4OBxIUD05dqQgetlQBKNhBZDEQ2C0WP7rksrHSoxy1nyrSgq9zSx425Y61lKvW4ps0bK9H1xZJX_TizrrVBIgjVf0aVv90ofmws8JgwINkWhE2zg87rohJmqDjkiY8tROEK7-_j3n6pr-vMxw2nJO4PvmIY8zah9_j1FcFwfY22iw&__tn__=%2CO%2CP-R
Facebook,firstsourcenews,,fire alert upper saucon twp 2nd alarm house fire 4370 fieldstone court lehigh county fire broke out around 11pm sunday night flames tore through a garage and spread into the home prompting a 2nd alarm due to the intensity a vehicle outside also caught fire multiple fire departments responded pets were safely rescued by fire crews crews remain on scene please avoid the area article photo gallery below firstsourcenews net for full coverage and images fire alert upper saucon twp 2nd alarm house fire 4370 fieldstone court lehigh county fire broke out around 11pm sunday night flames tore through a garage and spread into the home prompting a 2nd alarm due to the intensity a vehicle outside also caught fire multiple fire departments responded pets were safely rescued by fire crews crews remain on scene please avoid the area article photo gallery below firstsourcenews net for full coverage and images,https://www.facebook.com/firstsourcenews/posts/pfbid0aZx64QSE8D8jdAgUffmSYCuRSK6JbSk14rJv92LRLRVQRCjKfTAU5dez4ChsZTp1l?__cft__[0]=AZXDk-8R7NocfRQPZYvDBrjHEyuYOXoZTCWfxvWQbC6htVKQ5K2FnACXr6g4_CjK8DEd8t3PIvEXeeN-fbZXM-Jm9Ocu5QjrgOCotWwPi6f4ooRf8KsibKNhyQf0rOnmyA4J3UWpdhHfRRODIxNq5QiKOiKRSCQ4HUPWz-p2IIKRLNkz9UEE9Ptpqfki1CZsngs&__tn__=%2CO%2CP-R
Facebook,#floodalert,,massive floods hit russias krasnodar regionforcing evacuations and collapsing a major bridge heavy rains turned roads into rivers watch the moment nature strikes hard massive floods hit russias krasnodar regionforcing evacuations and collapsing a major bridge heavy rains turned roads into rivers watch the moment nature strikes hard,https://www.facebook.com/hashtag/FloodAlert
Facebook,#tsunamialert,2025-08-08 00:00:00,breaking news a tsunami hits kamchatma after powerful 8 5 quake amping ta tanan breaking news a tsunami hits kamchatma after powerful 8 5 quake amping ta tanan,https://www.facebook.com/hashtag/tsunamialert
Facebook,ABS-CBN,2025-08-28 00:00:00,ukraines envoy to manila is calling for intensified international action warning that without it russias indiscriminate drone and missile assaults could be condoned and the conflict risks becoming a forgotten war the deadliest drone and missile strike on kyiv in over a year involving more than 300 drones and eight missiles claimed 28 lives including three children and injured over 150 according to official figures reported by ukrainian authorities speaking to anc s headstart ambassador yuliia fediv described civilian life in kyiv as like russian roulette saying nightly strikes force families to live in constant fear she argued sanctions must be broadened to include russia s trading partners whom she blamed for helping moscow produce more weapons with ukraines population now around 38 98 million down significantly from over 52 million in 1991 fediv cautioned that demographic decline war casualties and migration amplify the need for swift resolution and justice she reiterated that while ukraine supports diplomacy it sees no real intention from moscow to negotiate unless global pressure mounts moreover she said peace this year would not only end suffering in ukraine but also serve as a precedent if you break international law you will be punished reinforcing the rulebased order especially in the indopacific fediv also highlighted deepening ukrainephilippines collaboration from defense dialogue to shared cultural projects and stressed their mutual commitment to faith and family values raine musngi abscbn news channel ukraines envoy to manila is calling for intensified international action warning that without it russias indiscriminate drone and missile assaults could be condoned and the conflict risks becoming a forgotten war the deadliest drone and missile strike on kyiv in over a year involving more than 300 drones and eight missiles claimed 28 lives including three children and injured over 150 according to official figures reported by ukrainian authorities speaking to anc s headstart ambassador yuliia fediv described civilian life in kyiv as like russian roulette saying nightly strikes force families to live in constant fear she argued sanctions must be broadened to include russia s trading partners whom she blamed for helping moscow produce more weapons with ukraines population now around 38 98 million down significantly from over 52 million in 1991 fediv cautioned that demographic decline war casualties and migration amplify the need for swift resolution and justice she reiterated that while ukraine supports diplomacy it sees no real intention from moscow to negotiate unless global pressure mounts moreover she said peace this year would not only end suffering in ukraine but also serve as a precedent if you break international law you will be punished reinforcing the rulebased order especially in the indopacific fediv also highlighted deepening ukrainephilippines collaboration from defense dialogue to shared cultural projects and stressed their mutual commitment to faith and family values raine musngi abscbn news channel,https://www.facebook.com/abscbnNEWS/
Facebook,Inquirer.net,,eu releases 33m aid to ph communities hit by floods eu releases 33m aid to ph communities hit by floods mapupunta sa mabuting kamay,https://www.facebook.com/inquirerdotnet/posts/pfbid0KT6vxRJr5rUCXMLTJxrGxxUD6xhgB9pHhVyMy5XqeLye7yfMiQ5MAcWDtyxWXojHl?__cft__[0]=AZWJCvqYE0ALniW7KAyDkfPQd5LrfiGFdqeU1kQ5P0_Ov9MX50iD2VwArk4XWMUo7nY56dTn9dgqHHxN7IgklyXRo2bICghDx8y1YkSjUxpuy8k5AgTOx_T5E4ZuVmcCxmWAoa6iUTtxO9xqmc7AT-P7rpe6Sf7D2GmBm3g7lL1KBoY7MqDz-G_mWc-hCu8QtMc&__tn__=%2CO%2CP-R
Facebook,Manila Bulletin,,watch ayaw na kitang kaalyado i no longer want to be your ally this was how president marcos threatened to cut ties with his allies should they be found to be involved in corruption ridden flood control projects in the country watch ayaw na kitang kaalyado i no longer want to be your ally this was how president marcos threatened to cut ties with his allies should they be found to be involved in corruption ridden flood control projects in the country,https://www.facebook.com/ManilaBulletin/
Facebook,PHIVOLCS,2025-08-04 00:00:00,earthquake information no 2 date and time 04 august 2025 06 28 pm magnitude 2 8 depth 009 km location 13 19n 123 67e 002 km n 58 e of camalig albay reported intensities intensity i camalig albay earthquake information no 2 date and time 04 august 2025 06 28 pm magnitude 2 8 depth 009 km location 13 19n 123 67e 002 km n 58 e of camalig albay reported intensities intensity i camalig albay,https://www.facebook.com/PHIVOLCS/posts/pfbid09uqwfhpaxjdBWKe3S5d52nhagLa6XzkA5TpootqgV3sQCX8cwXKULjP1Uy4AhZr3l?__cft__[0]=AZUm4OYfuVshvG97erxv7zkzGuN048GVQmJw-9x09fDN7DwrpxLqbrk8eC4-dNQvk-zhK0avWYn7fmQBUFGBFWMo8evJ6HniKwT4w9xTP7ln7N-S9Nt3bFy9O6tt_hk81p89YVwmUk0PXmJnprK57_glnZMaSljXIA5QuMIccn6L35L0m33Y1ARDjo4BW0PuS2U&__tn__=%2CO%2CP-R
Facebook,#bahaph,2025-07-24 00:00:00,lubog na sa baha ang sitio dike brgy payompon mamburao occidental mindoro july 24 2025 sheila tadeo cardenas tuloy tuloy ang buhos ng ulan na naging sanhi ng matinding pagbaha sa sitio dike lubog na sa tubig ang lugar at nangangamba ang mga residente sa patuloy na pagtaas ng baha lubog na sa baha ang sitio dike brgy payompon mamburao occidental mindoro july 24 2025 sheila tadeo cardenas tuloy tuloy ang buhos ng ulan na naging sanhi ng matinding pagbaha sa sitio dike lubog na sa tubig ang lugar at nangangamba ang mga residente sa patuloy na pagtaas ng baha,https://www.facebook.com/hashtag/BahaPH
Facebook,tamarahharel.consigna,2025-08-04 00:00:00,quakes gaina buntag 11 43am hinatuan sds 45 san francisco sdn karon napud 08pm socorro sdn all of which range at 2 5 2 6 magnitude quakes gaina buntag 11 43am hinatuan sds 45 san francisco sdn karon napud 08pm socorro sdn all of which range at 2 5 2 6 magnitude earthquake information no 1 date and time 04 august 2025 07 08 pm magnitude 2 6 depth 029 km location 09 55n 126 18e 025 km s 73 e of socorro surigao del norte earthquake information no 1 date and time 04 august 2025 07 08 pm magnitude 2 6 depth 029 km location 09 55n 126 18e 025 km s 73 e of socorro surigao del norte earthquake information no 1 date and time 04 august 2025 07 08 pm magnitude 2 6 depth 029 km location 09 55n 126 18e 025 km s 73 e of socorro surigao del norte,https://www.facebook.com/tamarahharel.consigna/posts/pfbid02NoViswqX9YXe7BSYTnSzEaFgrzgXw8DGmUooZ3JR9C9vMCFvGoRzEgeap38XT47Vl?__cft__[0]=AZVExJ2i89NfqHBBUSkzD6MbxxLEmP2oTwASrJq8UZK1b9EqAcbIfW1zJjiqMauHpr3Xw1-JAgRBPhFs3MmKf0f-myT0HYz05q-nzW8V_gbqvSkWT7-Efjy2DtZToiDZ_pLwDn_qwV7vLHXXMNGnz10YKE2qrT6IGUl7IRTHVMOr9rbKTFzbB7vO5RC6mn3EqcD_pn55aTE130w0oil0IVk14C-o_eDXCRAqCCMV80ZeWA&__tn__=%2CO%2CP-R
Facebook,#tsunamialert,,tsunami alert a massive m8 8 earthquake shook the russia and pacific today prompting tsunami warnings in japan small waves have reached the coast but higher surges may follow evacuations are ongoing stay informed stay safe tsunami alert a massive m8 8 earthquake shook the russia and pacific today prompting tsunami warnings in japan small waves have reached the coast but higher surges may follow evacuations are ongoing stay informed stay safe,https://www.facebook.com/hashtag/tsunamialert
Facebook,stormchasersph,,lpa alert tuluyan nang pumasok ng par ang binabantayang lpa na huling namataan sa silangan ng ngayong gabi sa ngayon ay nananatiling mababa ang tsansang maging bagyo ang nasabing lpa sa susunod na 24 oras ngunit hindi inaalis ang posibilidad na itoy lumakas bilang bagyo sa mga susunod na araw inaasahang kikilos ito papalapit sa at na posibleng maapektuhan ng mga pag ulan dulot ng direktang epekto ng sama ng panahon sa mga susunod na araw manatiling mag monitor ng mga susunod pang update hinggil sa nasabing sama ng panahon sa mga darating pang araw pws psu lpa alert tuluyan nang pumasok ng par ang binabantayang lpa na huling namataan sa silangan ng ngayong gabi sa ngayon ay nananatiling mababa ang tsansang maging bagyo ang nasabing lpa sa susunod na 24 oras ngunit hindi inaalis ang posibilidad na itoy lumakas bilang bagyo sa mga susunod na araw inaasahang kikilos ito papalapit sa at na posibleng maapektuhan ng mga pag ulan dulot ng direktang epekto ng sama ng panahon sa mga susunod na araw manatiling mag monitor ng mga susunod pang update hinggil sa nasabing sama ng panahon sa mga darating pang araw pws psu hindi palng nakakabangon ang la union bagyo nanaman,https://www.facebook.com/stormchasersPH/posts/pfbid02C9oZjf4EHogBuWy4wV1EQbeqgMpWy9Snvua3F4GMgrmkviqib6o9QG4fYCVp3ChXl?__cft__[0]=AZUL6JfwlcfPEQG73YwYvkRgv3HuseJs8XTXbPcO2vfdqPhJFXOtDhukFwumagNz7-cL-Br6jCfGKBLjHvF8i9MLokXO6EeK-dFvA3jeHMRLV6dlpyFd-A3LmSHldO5IXq54B16Um4RvmsZJO0rpEQTQUdlhvX9lJM8QYLYx9Vh54SuEJ0joCzDNBRKKiqzRqmY&__tn__=%2CO%2CP-R
Facebook,#floodalert,2025-07-21 00:00:00,breaking news bus ng victory liner tumirik sa mismong gilid ng lampas dibdib na baha sa malinta city ngayong gabi tv5 newscrew fb hazard web philippines 21 july 2025 breaking news bus ng victory liner tumirik sa mismong gilid ng lampas dibdib na baha sa malinta city ngayong gabi tv5 newscrew fb hazard web philippines 21 july 2025,https://www.facebook.com/hashtag/FloodAlert
Facebook,SunStar Davao,2025-07-30 00:00:00,shortly after a powerful 8 7 magnitude earthquake struck russias kamchatka peninsula last wednesday july 30 2025 videos of tsunamis collapsing buildings and crying children spread online shortly after a powerful 8 7 magnitude earthquake struck russias kamchatka peninsula last wednesday july 30 2025 videos of tsunamis collapsing buildings and crying children spread online,https://www.facebook.com/sunstardavaonews/posts/pfbid0Woe3qGikK383MJUNPgx1eAwgK3XZTqwDaP5Gw73SFb7HTNr4EsNySyT32YTvZRyul?__cft__[0]=AZVtooJIyikQCB_Yhfu-BK65eyLyAlukZb9ZG-bZplbcFc_vCro4KXaI8uUHbU8qyxGDmoBBRYS6XczYgDufNq7YmrE_vazcqONrpT133TvDcUu48vBE1GalNbmm8ykjpIbv2lH094jixAF438s7WiA4Hk3VMzbn-myXw75rupT4D9lecRFsO9B_vUit_gr483I&__tn__=%2CO%2CP-R
Facebook,pioalbay2023,2025-08-01 00:00:00,niyanig ng magnitude 1 6 na lindol kaninang 6 28 pm ang lalawigan ng albay partikular na sa silangang bahagi ng camalig ayon pa sa philippine institute of volcanology and seismology phivolcs dost ito ay may lalim na 035 km source niyanig ng magnitude 1 6 na lindol kaninang 6 28 pm ang lalawigan ng albay partikular na sa silangang bahagi ng camalig ayon pa sa philippine institute of volcanology and seismology phivolcs dost ito ay may lalim na 035 km source,https://www.facebook.com/pioalbay2023/posts/pfbid0QHzTXgVBrLPa2K1uUgegTamoTuBnkL4uHAcV5sNzq4eQjLi6uKUFEuB13gfCGAtbl?__cft__[0]=AZVY2JyoJVVOoko2q1JSrN5CmeXVZAf-jMslIT62Oax-u85KufTYUEUSOpJ7Pcqthoabb4tFZsNV1TujxRn8h9iwVCI6Hli8mZa3LOXQw1zBm8UKx0VCgSHg_v9FEF3GeLvpYjDEsrYYEleqC2bESG5Fs0qxKJE2z2EqCzgJsSxywlFattWNiLlkVXxYV1BJIBs&__tn__=%2CO%2CP-R
Facebook,fcff89dragonbase,2025-08-07 00:00:00,fire alert reported house on fire at purok 7 kawayan brgy 8 a firefighters proceeding fire alert reported house on fire at purok 7 kawayan brgy 8 a firefighters proceeding,https://www.facebook.com/FCFF89DragonBase/posts/pfbid0tZEZzVREqbV1CaBrNyK215Yo6poCTkpY5ekChgjJE9vLb3bBSpg7HdsjXVE2721Rl?__cft__[0]=AZWpfIwn8oZ8_HdLJ6I9ZXayqa5Bmh_Ex8XSVe4QwBaUe2Pt1YsSNqVPuwW3JJxNZ0mj3eFswLmEZD1SVRpms0tMSWvYCeT-ntPM056NwUlL7nWwZFRrSzOzZiFEB9ZuyVWBqXslAjtjVJV_-HJKQt4TAVGGaZTOEW-oR036dYWBoMXj5jVfHIDOkgjamSQ0AnyfxDcIqv8ZRLCnYHMaoWtF&__tn__=%2CO%2CP-R
Facebook,#tsunamialert,2025-08-01 00:00:00,tsunami waves with height of less than one meter are expected in the following areas between 1 20 p m and 2 40 p m on july 30 says state seismologists batanes group of islands cagayan isabela aurora quezon camarines norte camarines sur albay sorsogon catanduanes northern samar eastern samar leyte southern leyte dinagat islands surigao del norte surigao del sur davao del norte davao oriental davao occidental davao del sur davao de oro the concerned public is advised to be on alert for unusual waves people are also advised to stay away from the beach and not to go to the coast of the following provinces until the cancellation of this advisory says phivolcs people whose houses are located very near the shoreline of these provinces are advised to move farther inland it added via charie abarca inquirer net tsunami waves with height of less than one meter are expected in the following areas between 1 20 p m and 2 40 p m on july 30 says state seismologists batanes group of islands cagayan isabela aurora quezon camarines norte camarines sur albay sorsogon catanduanes northern samar eastern samar leyte southern leyte dinagat islands surigao del norte surigao del sur davao del norte davao oriental davao occidental davao del sur davao de oro the concerned public is advised to be on alert for unusual waves people are also advised to stay away from the beach and not to go to the coast of the following provinces until the cancellation of this advisory says phivolcs people whose houses are located very near the shoreline of these provinces are advised to move farther inland it added via charie abarca inquirer net,https://www.facebook.com/hashtag/tsunamialert
Facebook,PAGASA,2025-08-04 00:00:00,as of 8 00 pm today 04 august 2025 the low pressure area lpa 08a is being monitored inside the philippine area of responsibility par and has a low potential of developing into a tropical depression within the next 24 hours all are advised to monitor updates from dost pagasa as of 8 00 pm today 04 august 2025 the low pressure area lpa 08a is being monitored inside the philippine area of responsibility par and has a low potential of developing into a tropical depression within the next 24 hours all are advised to monitor updates from dost pagasa toguegarao at calayan island dadaan sana po ilayo niyo sila sa bagyo at tumaas sana ang direksyun,https://www.facebook.com/PAGASA.DOST.GOV.PH/posts/pfbid033xJS6nQEu1KVYzU7extR74W2b6eMsm9VSaSEyAQuzHNb4TrKj9PtRTeFEwVAKvPtl?__cft__[0]=AZUPesv0xnY43TeILOsKr9SboL5oDH-Of2Ixo2VuVuC9bxCj4kVqyCAiCuxUd_tTB3s3v_HpZsRtPhFGUKI9U6c51tOf-HWCWP1seeLfIbR5OwrQMz9Nw-n5zYRfymjfMNEUTBOM8tyKrtIZsddDASSp07zwl7gDUK16q0VhKMr9D6233EeTsfi57VATR2OhmzE&__tn__=%2CO%2CP-R
Facebook,PHIVOLCS,2025-08-04 00:00:00,earthquake information no 1 date and time 04 august 2025 10 09 pm magnitude 1 7 depth 032 km location 09 50n 125 62e 007 km n 51 e of alegria surigao del norte earthquake information no 1 date and time 04 august 2025 10 09 pm magnitude 1 7 depth 032 km location 09 50n 125 62e 007 km n 51 e of alegria surigao del norte,https://www.facebook.com/PHIVOLCS/posts/pfbid02MQMRTN4yNPDrTRn28BUT9Ts2eDZkcXtcQ64itnogi7ypomJC6ZftECXbxkJd4DZml?__cft__[0]=AZXouaUZLbBXCJgIHsAfLZGPQG-J6Hq6vrEne2QUj2R0dLi7300l2pIraLjAQiV6Hx8qOUKJZz-flICtOkUgW9IjdDsf4nMlFbfnvIrE3ukTszXfRpWobU-7eMwWZNALWAC_ePlJHsdvSLwzfLUq4eowPtAIcW-felvPJu7CLdWd9QdiXs6ClIdYqBMEUfN8pS4&__tn__=%2CO%2CP-R
Facebook,SunStar Davao,,authorities in south africa s western cape have confirmed new outbreaks of bird flu in the province urging the public to stay alert but not alarmed authorities in south africa s western cape have confirmed new outbreaks of bird flu in the province urging the public to stay alert but not alarmed,https://www.facebook.com/sunstardavaonews/posts/pfbid02F3mX48CWHTi5y6odpmtrvAazAavBvnHfov9Kc6FpLiqcKVLAJy9YY7ZZPycA8ABGl?__cft__[0]=AZXY_jD00ZTCUb9tJl6q0CMhGDusm_bLq5Euwo8Q3jkA_sUvc6ZiyjHRne8hFmw5cQGf1lAHZk7oqXfUwD3lmbz2JPp-YnM5TMPDWTIxb4lF_SY2Maw0t4hZPNYdFHXx_kYZRxKof6PPCbnD850P52ggrrlgB5NspSMB36FdN4N3f9bpM_-KzUiyAFzQofZ2BiA&__tn__=%2CO%2CP-R
Facebook,stormchasersph,,pcnxa na po kaya mejo nagbawas ng kalat kalat sa paligid po pcnxa narin at nagsunog sunog na din binabaha ang paligid nmin nkita nyu nman po cguru kung sakaling uulan nnman d nnman kmi makakalinis slamaat po sa unawa,https://www.facebook.com/stormchasersPH/posts/pfbid02C9oZjf4EHogBuWy4wV1EQbeqgMpWy9Snvua3F4GMgrmkviqib6o9QG4fYCVp3ChXl?comment_id=784860617404135&__cft__[0]=AZW9Wn1lr-zJCLEnKcso2NZSYD71yUqky_8bC1IalGSqY0kBauq0EwGlAM5kUcIEk-icLhLRn977O0d2m4UCMgRQZgyGQRxyffDBX0Rm_zM5y2QdKheJ0V_m9KOiDm79siMfouEBDoweZ77aGJEFVSDYhRW6EjgPmpG-k6WYlvZycxmOSgFXuupDKNUxgFFK48k&__tn__=R-R
Facebook,PHIVOLCS,2025-08-04 00:00:00,earthquake information no 1 date and time 04 august 2025 09 44 pm magnitude 3 6 depth 025 km location 13 63n 125 41e 112 km s 81 e of gigmoto catanduanes earthquake information no 1 date and time 04 august 2025 09 44 pm magnitude 3 6 depth 025 km location 13 63n 125 41e 112 km s 81 e of gigmoto catanduanes,https://www.facebook.com/PHIVOLCS/posts/pfbid02Nt5jXDtxJLyRSG4ZZV4YYURRJ6kBJqv8QAuymQwX8KApTqs231bHcF3kpBpY9Kddl?__cft__[0]=AZU4qBaPGPcAV3IbHE2YZx5bTbvfxNbhiFhFbG-_E6oTkZg9mQRZ5DPPoQY3JOMLXc-lsYFgO6ySaTmYBTqxss5ccv6bDAez4wlqY-IIB1ekLNzJoJowZnqQeBSgyjRi8uRDb0U7Q91ZlaVT5hyAm1C2HYv20YfGZ_DOmkKaA3tvR_24e_TE_MkbZamJcHGUv9Q&__tn__=%2CO%2CP-R
Facebook,#landslidealert,,himachal pradesh main badel phatnay se aya baare please share this video himachal pradesh main badel phatnay se aya baare please share this video,https://www.facebook.com/hashtag/LandslideAlert
X,phivolcs_dost,2025-08-04 14:50:00,earthquake information no 1 date and time 04 august 2025 02 41 pm magnitude 1 4 depth 031 km location 13 71n 120 83e 007 km n 44 w of tingloy batangas,https://x.com/phivolcs_dost/status/1952260892743332327
X,phivolcs_dost,2025-08-04 14:23:00,earthquake information no 1 date and time 04 august 2025 02 14 pm magnitude 1 6 depth 032 km location 08 93n 126 06e 003 km s 51 e of san miguel surigao del sur,https://x.com/phivolcs_dost/status/1952254048968872430
X,phivolcs_dost,2025-08-04 14:10:00,earthquake information no 1 date and time 04 august 2025 02 00 pm magnitude 2 1 depth 004 km location 13 66n 122 81e 018 km s 37 w of lupi camarines sur,https://x.com/phivolcs_dost/status/1952250781681492081
Facebook,Rappler,2025-08-04 00:00:00,watch the house of representatives began on monday august 4 its formal review of flood control programs after president ferdinand marcos jr promised a crackdown on government officials and private sector accomplices that were corrupting such projects bicol saro representative terry ridon who presided over the first hearing of the public accounts committee 1 directed the department of public works and highways to submit to the house a list of all flood control projects in the last three years 2 asked the regional project monitoring committee to submit to the house a list of failed and ghost projects 3 and promised to publish the list watch the house of representatives began on monday august 4 its formal review of flood control programs after president ferdinand marcos jr promised a crackdown on government officials and private sector accomplices that were corrupting such projects bicol saro representative terry ridon who presided over the first hearing of the public accounts committee 1 directed the department of public works and highways to submit to the house a list of all flood control projects in the last three years 2 asked the regional project monitoring committee to submit to the house a list of failed and ghost projects 3 and promised to publish the list kala mo talaga may makukulong eh hahaha,https://www.facebook.com/rapplerdotcom/
Facebook,PHIVOLCS,2025-08-04 00:00:00,earthquake information no 1 date and time 04 august 2025 10 58 pm magnitude 1 3 depth 027 km location 16 82n 120 13e 026 km n 65 w of bacnotan la union earthquake information no 1 date and time 04 august 2025 10 58 pm magnitude 1 3 depth 027 km location 16 82n 120 13e 026 km n 65 w of bacnotan la union,https://www.facebook.com/PHIVOLCS/posts/pfbid02h4WKwDW5Yk5xBZQMkuoLt87epxbF2mH1WNg9KMXEmSg5xH6vCEWLG7dAFbGX6QgPl?__cft__[0]=AZXjYkrazAE2-QeZda4rZteI-RGmdi7DHgolq0liO9TqGR_P-Lp3-3g7qvTTxXNv-4UBbnaWPlxDbidv3Utwez_-g9hTsS-l0LKS8IyZahqUwJUxi4yMQNGiFZachWu4bLgpjaSuEbQ94Q5S4JaLrgas4g-lbu_yBsUaDKwaNxRCSPfGrUHMNucVdVhRwgWnQt8&__tn__=%2CO%2CP-R
Facebook,PAGASA,2025-08-04 00:00:00,as of 8 00 pm today 04 august 2025 the low pressure area lpa 08a is being monitored inside the philippine area of responsibility par and has a low potential of developing into a tropical depression within the next 24 hours all are advised to monitor updates from dost pagasa as of 8 00 pm today 04 august 2025 the low pressure area lpa 08a is being monitored inside the philippine area of responsibility par and has a low potential of developing into a tropical depression within the next 24 hours all are advised to monitor updates from dost pagasa mag announce na kayo na may buhos ng ulan ng tuesday august 5 around 5pm,https://www.facebook.com/PAGASA.DOST.GOV.PH/posts/pfbid033xJS6nQEu1KVYzU7extR74W2b6eMsm9VSaSEyAQuzHNb4TrKj9PtRTeFEwVAKvPtl?__cft__[0]=AZXU6DJesIgxTpMKaKc3l64n1qSKEMAw-le69ga-37LobqF8P96IyAs2XUHjuV92GMwbXR5mzNsFAEgxZ5Qro0HZ0WnlMiAwCvmpdMdU3mS5bgig2zT8ju7UystZ-1Fh1tnNn2mgnlDkM0wcbFrBnYhszK9rlSAwRCpxa47jasLuKyMsKjIq01dJxxCXyJNOyqE&__tn__=%2CO%2CP-R
Facebook,Manila Bulletin,,the department of public works and highways dpwh secretary manuel bonoan described as preposterous a blogger s claims that p800 billion worth of flood control projects had been cornered by six lawmakers the department of public works and highways dpwh secretary manuel bonoan described as preposterous a blogger s claims that p800 billion worth of flood control projects had been cornered by six lawmakers malapit sa katotohanan,https://www.facebook.com/ManilaBulletin/posts/pfbid02TDNhMZYNUij2F4zmqzvabEEvcAh8ohzXyyrAkmXJYwvy4MMis6mw9k7arqzmqFAyl?__cft__[0]=AZUNvF8CJfR2wQukWlgZSE2MN0Wc9qVrBDisOmNawr9eqKHaA5LegHO0iMtY4mzALrJFXgY3y7OxEruT84CE9qxPoTR3wTi52zAgUVdHJ6PzYvR9GOskHcp0HDKRtQGFfdgLt7HlEQf6ZKEzMzi8nGfhtECJvmEYzG_MTP2dCQr7I5nJEuqEzIOpPgx7b3S8KzU&__tn__=%2CO%2CP-R
Facebook,#floodalert,,watch hours after today s rain the borteyman comm18 underbridge remains flooded a frustrating ordeal for drivers trying to pass through ameyaw debrah watch hours after today s rain the borteyman comm18 underbridge remains flooded a frustrating ordeal for drivers trying to pass through ameyaw debrah,https://www.facebook.com/hashtag/FloodAlert
Facebook,ABS-CBN,,pinuna ni budget secretary amenah pangandaman ang mga ginagawang pagkukumpuni sa ilang kalsada kahit hindi pa kailangan iginiit din ng kalihim na bibigyang prayoridad sa pondo ang mga flood control project sa mga lugar na laging binabaha pinuna ni budget secretary amenah pangandaman ang mga ginagawang pagkukumpuni sa ilang kalsada kahit hindi pa kailangan iginiit din ng kalihim na bibigyang prayoridad sa pondo ang mga flood control project sa mga lugar na laging binabaha good job pbbm for fighting corruption hindi naman palpak si pbbm kasi nabuwag mga druglord pogo scammers human at sex traffickers mga gun for hire groups at mga espiya ng china binaba ang presyo ng bigas tinulungan ang magsasaka at pinalawig ang benepisyo ng philhealth noon sinasabi lang ng mga dds onsehan sa droga tapos wala na di na iimbestigahan ng pulis noon mahigit sampu araw araw ang patay ng riding in tandem pero walang nahuhuli ngayon paisa isa na lang kada araw minsan wala pa next target ni pbbm alisin ang korapsyon sa flood control at hulihin ang salarin sa kaso ng missing sabungeros kaya abangan natin,https://www.facebook.com/abscbnNEWS/
Facebook,PHIVOLCS,2025-08-04 00:00:00,earthquake information no 1 date and time 04 august 2025 11 22 pm magnitude 1 5 depth 012 km location 18 47n 121 15e 013 km s 42 w of sanchez mira cagayan earthquake information no 1 date and time 04 august 2025 11 22 pm magnitude 1 5 depth 012 km location 18 47n 121 15e 013 km s 42 w of sanchez mira cagayan,https://www.facebook.com/PHIVOLCS/posts/pfbid0ARzBKe8PCB2xXzmUgvPeS7P7rPeWVoq4NLz5oExZuAfU9kGXGtGVpqAg4kydPVvPl?__cft__[0]=AZUWiJYvueq0dSYSsJikSAeAhZqjrHFjQjNqH5WfbN3TvEiV9zS3nezvBYVhJ_K3eSXgqDc4dROBBnpkJNWShL833ju6gtqCu1j8VRUFNDism0nTchZXTHECGMcZWtCG__0deIo7h45jkwtO-8UYS0EqGeIPgl4XwJYFu3n2MLnFAgkS4cVglbmGAimJprf6GEQ&__tn__=%2CO%2CP-R
Facebook,#landslidealert,,pag amping mga byahero bhingkai kissar jocelyn sevellona pag amping mga byahero bhingkai kissar jocelyn sevellona,https://www.facebook.com/hashtag/LandslideAlert
Facebook,#landslideph,2025-07-13 00:00:00,landslide strikes san ramon southern leyte a devastating landslide hit san ramon san ricardo southern leyte at 12 30 am on july 13 2025 leaving one person missing and one injured the incident occurred in barangay san ramon approximately 40 kilometers from the town center after days of relentless heavy rainfall victim identified dador moscosa a foreman for 888 acy construction which is working on a local viaduct project is among those still missing authorities are working tirelessly to locate him and provide support to those affected ctto keep safe and stay updated follow panabo updates landslide strikes san ramon southern leyte a devastating landslide hit san ramon san ricardo southern leyte at 12 30 am on july 13 2025 leaving one person missing and one injured the incident occurred in barangay san ramon approximately 40 kilometers from the town center after days of relentless heavy rainfall victim identified dador moscosa a foreman for 888 acy construction which is working on a local viaduct project is among those still missing authorities are working tirelessly to locate him and provide support to those affected ctto keep safe and stay updated follow panabo updates,https://www.facebook.com/hashtag/LandslidePH
Facebook,ABS-CBN,,seventeen heat records were broken in japan on monday the weather agency said after the country sweltered through its hottest ever june and july seventeen heat records were broken in japan on monday the weather agency said after the country sweltered through its hottest ever june and july magmula nung maging pangulo si bangag puro kamalasan at trahedya nalang ang nangyayari sa ating daigdig nandyan na ang bagyo baha at paguho ng lupa pag alboroto ng bulkan lindol at iba pang kalamidad tsaka pagtaas ng presyo ng mga bilihin at pag kitil sa mga inosenteng tao,https://www.facebook.com/abscbnNEWS/posts/pfbid0HvRa7rTrFMYP6yTtzdLD6urdkbxctXVPiLt9sWT1GEm7ajM5f33cNZHURYqpbbCjl?__cft__[0]=AZV_MfPFmKb3veRKt21fri5MkKr2xnT_6kbZ0VFYx53RHe-TDcc3V_2s_uMTx3s160jBlsQWGXoHUwBiNe8I2bYDBtZedZ9Rd5j1yO0kcpugQvHrRxISdEpTYdhUe9636kWN1z0YFS-w87msLjB2ce_88V6u4C_eD-LEoblV4Z8HTZOFW3Tnl-tdlyHC1YLRkLE&__tn__=%2CO%2CP-R
Facebook,PHIVOLCS,2025-08-05 00:00:00,earthquake information no 1 date and time 05 august 2025 12 03 am magnitude 1 5 depth 020 km location 08 01n 126 62e 023 km s 82 e of lingig surigao del sur earthquake information no 1 date and time 05 august 2025 12 03 am magnitude 1 5 depth 020 km location 08 01n 126 62e 023 km s 82 e of lingig surigao del sur,https://www.facebook.com/PHIVOLCS/posts/pfbid0eonNBqz1ixAQWHKK6r7nVcFQWiVG4B12irMF9QXSwv4jHMhwGv98xWvLLmfMWVFJl?__cft__[0]=AZWgVMYvu5cM-8vhZnhAM1LD-GRDDKDz1Z_sG18GdYPb-3go8q0de0REFcJLuvmlHdYnBDwuvxax9_M762T2yiKWNBjm1ng00HyovkBeA0pPvexGpzgN00bjTFL3l8KbgSkW0TLz9-dpJ7MqyOqiiy8z98TBTs9dNxnPhrJzv66KXJqY3Y7Uz4xd2fTqQ6IEcjI&__tn__=%2CO%2CP-R
Facebook,PHIVOLCS,2025-08-04 00:00:00,earthquake information no 1 date and time 04 august 2025 11 17 pm magnitude 1 9 depth 032 km location 10 76n 124 92e 004 km s 21 w of javier leyte earthquake information no 1 date and time 04 august 2025 11 17 pm magnitude 1 9 depth 032 km location 10 76n 124 92e 004 km s 21 w of javier leyte,https://www.facebook.com/PHIVOLCS/posts/pfbid05977e9KgUbKDR5bdbtTHJHdXgP8sedbwdhDsaiJVhVAoSd9GeWm4VG8PGAwxm3oxl?__cft__[0]=AZXBa-WGxD2t5gc7Uq-Hou7k2hlE4SqJN-w0GGaceR_WEnenOwwtECwbV1YtFr58yqaYxkfdQNi07U_fLJRPY9ZnITjrmLeOnUrPps2uYjqbeu4J3mdWt9OdXEcsseouGCvO-RB_nBQfHY6dAqd-YKUrV9QXreXo_-VyEYnD2RLQqGGm-bBjvQvbfRM8eqrsE5A&__tn__=%2CO%2CP-R
Facebook,#earthquakealert,,omg a erupted for the first time in more than 600 years in s far east after a powerful struck the region earlier this week scary footage from helicopter tsunami warnings issued for russia japan guam hawaii alaska omg a erupted for the first time in more than 600 years in s far east after a powerful struck the region earlier this week scary footage from helicopter tsunami warnings issued for russia japan guam hawaii alaska,https://www.facebook.com/hashtag/EarthquakeAlert
Facebook,#tsunamialert,,an illegal deliveroo worker is literally getting a full police escort an illegal deliveroo worker is literally getting a full police escort,https://www.facebook.com/hashtag/tsunamialert
Facebook,Manila Bulletin,2025-08-04 00:00:00,the philippine general hospital pgh announced on monday august 4 that its emergency room er has exceeded capacity due to a surge in patient volume prompting the department of health doh to activate 20 public hospitals and four government owned specialty centers in the metropolis to receive overflow cases the philippine general hospital pgh announced on monday august 4 that its emergency room er has exceeded capacity due to a surge in patient volume prompting the department of health doh to activate 20 public hospitals and four government owned specialty centers in the metropolis to receive overflow cases,https://www.facebook.com/ManilaBulletin/posts/pfbid02sJ4c3Ur5PxoGQJz5tkkdkiawuZPTqWHP2622aZH9re3wpyXwwE99Tf6DTxwuPAJBl?__cft__[0]=AZX0D5JTgSLK7lYrAwpqyM54ZzYDD37TxQQD22_Mf1xKH3SX_Oaa4YANVYGdN4PShKpjWx1fnWDauBwf5Saqsxp4IV9bQzPB0l05VH6fqPCBWjEktIu0B1lnolIVynTt6-uIzyzE9QzzoT7JA_hZy0WMpNlxhqLOiQQnGEk0b_POCfzJluDLOjMiJuCQdAJ9OkE&__tn__=%2CO%2CP-R
Facebook,NDRRMC,,disaster response update central luzon has taken a major step forward in disaster resilience with the deployment of six mobile command and control vehicles moccovs by the department of science and technology dost region iii full story source dost philippines disaster response update central luzon has taken a major step forward in disaster resilience with the deployment of six mobile command and control vehicles moccovs by the department of science and technology dost region iii full story source dost philippines central luzon has taken a major step forward in disaster resilience with the deployment of six mobile command and control vehicles moccovs by see more central luzon has taken a major step forward in disaster resilience with the deployment of six mobile command and control vehicles moccovs by see more central luzon has taken a major step forward in disaster resilience with the deployment of six mobile command and control vehicles moccovs by see more,https://www.facebook.com/NDRRMC/posts/pfbid02pha7ySTjweKtEGf1uecUfGPkLuFLwvT3Z3BZjbX4U4wfUaQJnhhMcdLMorfeEjn9l?__cft__[0]=AZUW5D9BUCVo_gnWhMRt0O0rXR71QGRQbYOcfVZKgDqr-QFAQn9ARwCKAs6Oil4kcBg_OLZ5MWJsgCjYwnwY5dZlU6EYkcMXVLnR5i8Dd7cb5ehriWrMihSsZcMortoKKAR6DzqZ9iwYAeTUJh6etbT3I4GPQ5Qybrvxgvww2BS3B5KZxyjO_CnMvxi2xgScSd9VMgBNOxlKacCnErjFKv4mEEmy1YqimIx_qoJu_aVlgg&__tn__=%2CO%2CP-R
Facebook,stormchasersph,,god praying for your divine intervention that there will be no more typhoon to enter par that causes flood and may destroy lives and properties praying in jesus name amen,https://www.facebook.com/stormchasersPH/posts/pfbid02C9oZjf4EHogBuWy4wV1EQbeqgMpWy9Snvua3F4GMgrmkviqib6o9QG4fYCVp3ChXl?comment_id=1815737049371204&__cft__[0]=AZUjlOh6XSx1pXSuW9SZv6x-ZGzRIk2EM30DSNukL26f9-FFS07CTK7pkS47WvUA5PwdI8YQjYaUJcOYDclLqzl-xWSgiGAyOxjjY_6_QsN86KH0ClYI0CX9kC7Qz53ytum6HQTkLZjCyu6fePfTnS3L6htXOicbfPfjcJzz-n4OTmM0xj5FIzwUXcQtPLpjS8A&__tn__=R-R
Facebook,civildefensedavao,2025-08-05 00:00:00,thunderstorm advisory no 10 issued at 08 00 am 05 august 2025 light to moderate rainshowers with lightning and strong winds are expected over joseabadsantos sarangani and within the next 1 2 hours moderate to occasionally heavy rainshowers with lightning and strong winds are being experienced in baliguian siocon sirawai sibuco tungawan rosellerlim pata kalingalancaluang luuk talipao parang tapul siasi lugus pandami maimbung panglimaestino oldpanamao banguingui maitum kiamba and which may persist within 1 2 hours and may affect nearby areas all are advised to take precautionary measures against the impacts associated with these hazards which include flash floods and landslides keep monitoring for updates source mindanao prsd thunderstorm advisory no 10 issued at 08 00 am 05 august 2025 light to moderate rainshowers with lightning and strong winds are expected over joseabadsantos sarangani and within the next 1 2 hours moderate to occasionally heavy rainshowers with lightning and strong winds are being experienced in baliguian siocon sirawai sibuco tungawan rosellerlim pata kalingalancaluang luuk talipao parang tapul siasi lugus pandami maimbung panglimaestino oldpanamao banguingui maitum kiamba and which may persist within 1 2 hours and may affect nearby areas all are advised to take precautionary measures against the impacts associated with these hazards which include flash floods and landslides keep monitoring for updates source mindanao prsd,https://www.facebook.com/civildefensedavao/posts/pfbid0juk32JxMSoq9V6z77CH1MWa2pRcXp77hs7XVtrtHSeeyniNY2Kx7zqRJjriWTK2Kl?__cft__[0]=AZVYgpMW5hERpvIuksbfugtobr6yzr09itwXlK0KcsTgpGg-1qwq73pVdD6sB-EPxnoSKa7FlbKdwwzx3FevJccQ8rn62lpXpTlpOGsOEPPnErW4friKRKtMbLFNVOZ7JiYOBVg8K2xHmUpeEKjmpKpyGQbqdXtzsw8dH2pgMKrYAd5U6TLoeBpx4Ytn9HwC2Js&__tn__=%2CO%2CP-R
Facebook,batangasnewsreport,2025-08-04 00:00:00,3 magkasunod na lindol ang naitala ng phivolcs ngayong lunes ika 4 ng agosto sa lalawigan ng batangas una nitong alas dos ng madaling araw 2 06 am sa layong 15 kilometro timog kanluran ng nasugbu may lakas itong magnitude 2 2 at may lalim na 115 kilometro ikalawa nitong alas singko ng umaga 5 10 am niyanig din ang bahagi ng calatagan ng isang magnitude 2 0 na lindol na may lalim na 105 kilometro nasa 18 kilometro timog silangan ng bayan at huli ay makalipas lamang ang halos 20 minuto isang panibagong pagyanig ang naitala sa parehong bayan ng calatagan ito ay may magnitude 1 7 90 kilometro ang lalim at nasa 10 kilometro timog kanluran ng nasabing lugar 3 magkasunod na lindol ang naitala ng phivolcs ngayong lunes ika 4 ng agosto sa lalawigan ng batangas una nitong alas dos ng madaling araw 2 06 am sa layong 15 kilometro timog kanluran ng nasugbu may lakas itong magnitude 2 2 at may lalim na 115 kilometro ikalawa nitong alas singko ng umaga 5 10 am niyanig din ang bahagi ng calatagan ng isang magnitude 2 0 na lindol na may lalim na 105 kilometro nasa 18 kilometro timog silangan ng bayan at huli ay makalipas lamang ang halos 20 minuto isang panibagong pagyanig ang naitala sa parehong bayan ng calatagan ito ay may magnitude 1 7 90 kilometro ang lalim at nasa 10 kilometro timog kanluran ng nasabing lugar,https://www.facebook.com/BatangasNewsReport/posts/pfbid0KzmsQRpb9gZpvqNcFLjVs129r6gBuQSUoUsvg9uLzs4d1yN6EWK5RoErP3w4hYExl?__cft__[0]=AZU-ZlGAqigNi9ehuJS98wCQHgn6e-b9pQBU1Ojm4AMVxVGBCMWoCdGmIJSyhXcSiokQdjy-Q-g2dO-OKSos1NgBsuXmmRW4NUvgrdt3IJ6rbfZVaYG8lFWj3CU4JU-sYcqTY_7TzVvVqox7szlc_lMjomlcxgQM9u8RXBFXCYBwz_I0gW5wMG-nQxRq3Z1g95Q&__tn__=%2CO%2CP-R
X,phivolcs_dost,2025-08-05 04:50:00,earthquake information no 1 date and time 05 august 2025 04 35 am magnitude 1 4 depth 033 km location 13 46n 120 64e 010 km n 82 w of abra de ilog occidental mindoro,https://x.com/phivolcs_dost/status/1952472155608019350
Facebook,untvnewsrescue,,tambak na basura ang nakuha sa clearing operations sa 11 lugar na itinuturong dahilan ng naranasang matinding pagbaha sa north luzon expressway noong hulyo sa kasagsagsan ng walang tigil na pag ulan magpapatuloy ang dredging at clearing operations sa iba pang lugar upang maiwasan ang pagbaha sa tuwing tag ulan tambak na basura ang nakuha sa clearing operations sa 11 lugar na itinuturong dahilan ng naranasang matinding pagbaha sa north luzon expressway noong hulyo sa kasagsagsan ng walang tigil na pag ulan magpapatuloy ang dredging at clearing operations sa iba pang lugar upang maiwasan ang pagbaha sa tuwing tag ulan,https://www.facebook.com/UNTVNewsRescue/posts/pfbid03Bxu4BRAgZsFCg8nVzgoRS7ozVv1PXrzEDeHuRxVb6WWnkQZdL3CxRZNFk4AS942l?__cft__[0]=AZWN06T7R_VKzMLF0V1n5Bdl6HIaDdEZVU_P6oO2oTgqOqrgMsXNCM3JRfSFHTNiehup2vlL-ZLHVH-iEJYjsp6vfV6rshBK5EReOvj21NnAh6gknZb39yAYFyGNz_pWmgnlNQM0if5F8RfyXcqEius-T7xQMg7hPXQJqkQps-7ksWWsNTelz8c7zMOuRC5BhS8&__tn__=%2CO%2CP-R
Facebook,Manila Bulletin,2025-08-06 00:00:00,the malabon city government collected over 6 500 cubic meters of trash in just one week following days of heavy rainfall in late july the malabon city government collected over 6 500 cubic meters of trash in just one week following days of heavy rainfall in late july,https://www.facebook.com/ManilaBulletin/posts/pfbid02f4KippwxGWr9vKanifcdDsHUF9nELxQ24j6JTDybitPHfWgw7metU4npjxpsRevl?__cft__[0]=AZVK3el_WB4aYfQrBGKAjL-bLKrDYF5SYcRjfyFC0CPFyfR1-x962RXxBtqksoC1tN7D3XQaMS1q1t2Dz-n2xvIY3NodkoJ-4adjcY1XXadqak8JU4a18QK7o5VoEQwJO5S7gPmS-vYTcKkjfXtR2MPNnQaAEI1bLpt-yo2B4UpB2SrzIw1S8SLcykhjEkQc8tE&__tn__=%2CO%2CP-R
Facebook,untvnewsrescue,,milyon milyong mga tao sa united states of america ang nasa ilalim ngayon ng air quality alerts dahil sa usok na bumababa mula sa mga wildfires sa canada moderate to unhealthy na ang air quality conditions sa 14 estado sa midwest at northeast usa milyon milyong mga tao sa united states of america ang nasa ilalim ngayon ng air quality alerts dahil sa usok na bumababa mula sa mga wildfires sa canada moderate to unhealthy na ang air quality conditions sa 14 estado sa midwest at northeast usa,https://www.facebook.com/UNTVNewsRescue/posts/pfbid0BzQtHT3mtDiAdm9aew5MJB141UqwRBwUmeRMg2Dgt6vbZLgdJkcv9dCkGq92a6crl?__cft__[0]=AZULCEieLan2PhXkrvD4tnVN7cqJRAxChdxY-tZmxpMIqEAkZMerV_ylPVITz89LjQSPR3EpgQ6UkO0QncU03oiY2ydWeKaRXTL5uynhxv7jjOw4TcYr-UIv079vteWf7i3FeUZh73MpHHgoucSKGXbos6JnoDoWjo2Ko_Bk5_vbryex5Dp3Z8yokwEVmbjJ8OU&__tn__=%2CO%2CP-R
Facebook,#floodalert,,a woman recounts how they woke up to find their home inundated offering a glimpse of the waterlogged interior otonkophil tt a woman recounts how they woke up to find their home inundated offering a glimpse of the waterlogged interior otonkophil tt,https://www.facebook.com/hashtag/FloodAlert
Facebook,ABS-CBN,2025-08-02 00:00:00,the lrt 2 is currently implementing limited services after the catenary wire near the antipolo station was struck by lightning according to the light rail transit authority the train line is only running from recto station to cubao and vice versa for the meantime while it addresses the electrical issue via andrea taguines abs cbn news the lrt 2 is currently implementing limited services after the catenary wire near the antipolo station was struck by lightning according to the light rail transit authority the train line is only running from recto station to cubao and vice versa for the meantime while it addresses the electrical issue via andrea taguines abs cbn news miss ko magsakay sa mrt at lrt noon sa antipolo pa ako naninirahan nagwork akong it checker office at call center sa ortigas,https://www.facebook.com/abscbnNEWS/posts/pfbid02zw8SxB5wUUoYTsMetXx2RG8VQmZprFQ2KMM3MpWaXYMQBWpUrxGLhx75krB5DLTpl?__cft__[0]=AZV0JRDfbHMxduZti0By2vRjA4UBvnFq7s8LbHcaSdE5MZ43rmuWVQdqd0FRvrOm5BAucCWs7W6k4AJKYSiUkqOoLCbFNmcQ41Oye8D6caq-uqSQbs-Co7Scv_9Xhg3UyY3aIsLAPtXCsPBcwF-zg3ZRJsq0Gm4Fq6zpAHyXI_JU_DGlbU7btph_DIm88EMjva0&__tn__=%2CO%2CP-R
Facebook,NDRRMC,2025-08-05 00:00:00,as of 8 00 am today 05 august 2025 the low pressure area lpa 08a is being monitored inside the philippine area of responsibility par and has a low potential of developing into a tropical depression within the next 24 hours source dost pagasa as of 8 00 am today 05 august 2025 the low pressure area lpa 08a is being monitored inside the philippine area of responsibility par and has a low potential of developing into a tropical depression within the next 24 hours source dost pagasa san po kaya possible dumaan yan lpa po yung possible forecast track niya,https://www.facebook.com/NDRRMC/posts/pfbid02yJzNyUWDDhgdkgLMYgyNK5mCSffTFbPYBDaCZzdNKBXJunGRuSkxp4mA27v2EyiAl?__cft__[0]=AZXYAjNxe0gyjVS5tX78qEIuS8h-vf2a4VprEYHWOUfDkwAN71e_gbiAMsmQs8PsXlvb_dT_D7wMTxU3KGIXeH1bd60yYIxV62V4bhb_XiYd4M4VkYUGg8DgNiaY20wHxE4h2cNbSQ-qi8JpSnMGTAzxYcfDggHVEg40AHs01vxqvjaCpkUSwZNQZfLY3_VLc_Y&__tn__=%2CO%2CP-R
Facebook,PHIVOLCS,2025-08-05 00:00:00,earthquake information no 1 date and time 05 august 2025 03 51 pm magnitude 2 4 depth 032 km location 10 12n 125 32e 019 km s 22 e of anahawan southern leyte earthquake information no 1 date and time 05 august 2025 03 51 pm magnitude 2 4 depth 032 km location 10 12n 125 32e 019 km s 22 e of anahawan southern leyte,https://www.facebook.com/PHIVOLCS/posts/pfbid02ZrT4ZQNokWLyQgd7qRmu8nQaTa4asSSHLRtfpm3jsjCHJ8w396wp6hBcwWAWrdetl?__cft__[0]=AZVhgQp174t1tnY1a-eE2IRpB92RmeBB6fwZprv26Dji-7SjP7aUCRn1UzlaoALB8DVEh0XGWeuiUUPT6VFeibFR4bO8o2Qa05UjwtKykkMinyPL58QOjxP83_5ggQCeHrR5KJUSphdtFifpwsXMeFhaUvc2rsPFHRfEjxXGXwVhcnhOPdRDN_BQwuIFGPGCrUs&__tn__=%2CO%2CP-R
Facebook,PAGASA,2025-08-05 00:00:00,as of 2 00 pm today 05 august 2025 the low pressure area lpa 08a is being monitored inside the philippine area of responsibility par and has a low potential of developing into a tropical depression within the next 24 hours all are advised to monitor updates from dost pagasa as of 2 00 pm today 05 august 2025 the low pressure area lpa 08a is being monitored inside the philippine area of responsibility par and has a low potential of developing into a tropical depression within the next 24 hours all are advised to monitor updates from dost pagasa experiencing hailstorm right now in silang cavite,https://www.facebook.com/PAGASA.DOST.GOV.PH/posts/pfbid035xq2zGLsJu2Q5bks6hywEpv1MMdCbwqTiqUeCQrj3hZtmzzdvbUPDyKjyZo6JVjTl?__cft__[0]=AZV1vbTOoIT5NJ4XT-hu6mdzoVcuS0uXOvtTlACw3XhKY164UOXFbFp4tWQAQQ2Sk8KpTUJmUAkz_9ITA1rxVLwLrNX1UYV4qVxfdmeSHN3WBtUOOddH3HsogaMYCMhS6yp_OLJcOm3kuL_IgrerQHodKm7W3-n0LZ-HFISjSr1IjSLBUjrsVO4JSp3HrsBQQao&__tn__=%2CO%2CP-R
Facebook,weather.davao,2025-08-05 00:00:00,thunderstorm advisory no 1 issued at 01 15 pm 05 august 2025 light to moderate rainshowers with lightning and strong winds are expected over rosellerlim tungawan cateel boston lingig cityofbislig butuancity lasnieves buenavista esperanza compostela monkayo mabini maco mawab montevista nabunturan cityoftagum newcorella asuncion santotomas braulioe dujali cityofpanabo carmen cityofsamal and within the next 1 2 hours moderate to occasionally heavy rainshowers with lightning and strong winds are being experienced in dipologcity polanco dapitancity sergioosmenasr pinan mutia lalibertad rizal sibutad gutalac kalawit baliguian siocon labason tampilisan liloy sirawai sibuco donvictorianochiongbian concepcion sapangdalaga baliangao titay naga ipil malabang marogong balabagan kapatagan matanog barira parang buldon datublaht sinsuat upi southupi bagumbayan sen ninoyaquino palimbang kalamansig lebak isulan esperanza surallah lakesebu banga norala santonino cityofmati tarragona manay caraga baganga lupon banaybanay sanisidro governorgeneroso newbataan maragusan pantukan and which may persist within 1 2 hours and may affect nearby areas all are advised to take precautionary measures against the impacts associated with these hazards which include flash floods and landslides keep monitoring for updates thunderstorm advisory no 1 issued at 01 15 pm 05 august 2025 light to moderate rainshowers with lightning and strong winds are expected over rosellerlim tungawan cateel boston lingig cityofbislig butuancity lasnieves buenavista esperanza compostela monkayo mabini maco mawab montevista nabunturan cityoftagum newcorella asuncion santotomas braulioe dujali cityofpanabo carmen cityofsamal and within the next 1 2 hours moderate to occasionally heavy rainshowers with lightning and strong winds are being experienced in dipologcity polanco dapitancity sergioosmenasr pinan mutia lalibertad rizal sibutad gutalac kalawit baliguian siocon labason tampilisan liloy sirawai sibuco donvictorianochiongbian concepcion sapangdalaga baliangao titay naga ipil malabang marogong balabagan kapatagan matanog barira parang buldon datublaht sinsuat upi southupi bagumbayan sen ninoyaquino palimbang kalamansig lebak isulan esperanza surallah lakesebu banga norala santonino cityofmati tarragona manay caraga baganga lupon banaybanay sanisidro governorgeneroso newbataan maragusan pantukan and which may persist within 1 2 hours and may affect nearby areas all are advised to take precautionary measures against the impacts associated with these hazards which include flash floods and landslides keep monitoring for updates thunderstorm advisory no 1 issued at 01 15 pm 05 august 2025 light to moderate rainshowers with lightning and strong winds are expected over rosellerlim tungawan cateel boston lingig cityofbislig butuancity lasnieves buenavista esperanza compostela monkayo mabini maco mawab montevista nabunturan cityoftagum newcorella asuncion santotomas braulioe dujali cityofpanabo carmen cityofsamal and within the next 1 2 hours moderate to occasionally heavy rainshowers with lightning and strong winds are being experienced in dipologcity polanco dapitancity sergioosmenasr pinan mutia lalibertad rizal sibutad gutalac kalawit baliguian siocon labason tampilisan liloy sirawai sibuco donvictorianochiongbian concepcion sapangdalaga baliangao titay naga ipil malabang marogong balabagan kapatagan matanog barira parang buldon datublaht sinsuat upi southupi bagumbayan sen ninoyaquino palimbang kalamansig lebak isulan esperanza surallah lakesebu banga norala santonino cityofmati tarragona manay caraga baganga lupon banaybanay sanisidro governorgeneroso newbataan maragusan pantukan and which may persist within 1 2 hours an,https://www.facebook.com/weather.davao/posts/pfbid0tRhZSyczTXLtcNDnrc2SDmH2ib6X4B7eKrAKFy99gFLZGY15gnRBa6y9jVV8bJrAl?__cft__[0]=AZX98pndnhMCbJ8f3zp2b6FISxDQktrxE2pOD07km-lKe56y6qenj2aSUGs4TjCd-LywKBzrt4TRIbHJfZ7DEZHbdc1w86rPCCQhK9ixuTGeWrbZfLIEjrzbuDeyf4mgiVl94ftbcBFwVn7ZxV4nC20z9gfSpRVkNpjbA-_PkPwBzCcPcJ5Z03_U5DSSZ1AzTdmgcHe-uwJuN5erdSi2sxvieNeGyJrf8kUBOSpvMKrqUQ&__tn__=%2CO%2CP-R
Facebook,#earthquakealert,,the moment of 7 7 magnitude earthquake of myanmar who was reflected on markets if you like my video please like comment and share follow my facebook page hello my community please share my content it s likely that my followers have friends who might be interested in my content fans ni b ir abn official justice is fairness and ni b ir the moment of 7 7 magnitude earthquake of myanmar who was reflected on markets if you like my video please like comment and share follow my facebook page hello my community please share my content it s likely that my followers have friends who might be interested in my content fans ni b ir abn official justice is fairness and ni b ir,https://www.facebook.com/hashtag/EarthquakeAlert
Facebook,Davao City DRRMO,2025-08-05 00:00:00,cdrrmo emergency opcen weather update as of 3 43 pm august 05 2025 weather system localized thunderstorm areas within davao city are experiencing cloudy skies chances of rain showers and thunderstorms are forecasted all river channels are monitored at code green safe level coastal status calm to slight seas high tide cdrrmo emergency opcen weather update as of 3 43 pm august 05 2025 weather system localized thunderstorm areas within davao city are experiencing cloudy skies chances of rain showers and thunderstorms are forecasted all river channels are monitored at code green safe level coastal status calm to slight seas high tide,https://www.facebook.com/DavaoDRRMO/posts/pfbid0Mzs7Ks721LcseaF7YmDMQdAN5c8dphjHkmFrR4tQzpEfXrLQpB2uMLKXDZ25tNrSl?__cft__[0]=AZVNbGZ0Bj5FLSjgBWog8-b2PgbaqUx8XV3gRRneCgQtQNU3VvmYGKhWk1zmyYD3XwKuMJsCU-EPP7FpGskOOlJYLCzKWD2q6cBeq3m_swOHbtgdDmuVxdbcY8rZoP82dG5R4K5wHiujOYhekQd_CfuX5UC0PkfygZDL5pxY3wMkReWIoBup9MK7sdqRVZ_1Jok&__tn__=%2CO%2CP-R
Facebook,PAGASA,2025-08-05 00:00:00,24 hour public weather forecast issued at 4 00 pm 05 august 2025 synopsis at 3 00 pm today the low pressure area lpa was estimated based on all available data at 570 km east of virac catanduanes 14 4n 129 4e southwest monsoon affecting mindanao and the western sections of southern luzon and visayas forecast weather conditions area bicol region quezon northern samar and eastern samar weather condition cloudy skies with scattered rains and thunderstorms caused by trough of lpa impacts possible flash floods or landslides due to moderate to at times heavy rains area mindanao western visayas negros island region and palawan weather condition partly cloudy to cloudy skies with isolated rainshowers or thunderstorms caused by southwest monsoon impacts possible flash floods or landslides during severe thunderstorms area metro manila and the rest of the country weather condition partly cloudy to cloudy skies with isolated rainshowers or thunderstorms caused by localized thunderstorms impacts possible flash floods or landslides during severe thunderstorms forecast wind and coastal water conditions area the eastern sections of luzon and visayas wind speed light to moderate wind direction northeast to northwest coastal waters slight to moderate 0 6 to 2 5 meters area the rest of luzon and visayas wind speed light to moderate wind direction southwest to northwest coastal waters slight to moderate 0 6 to 2 1 meters area mindanao wind speed light to moderate wind direction southwest coastal waters slight to moderate 0 6 to 2 1 meters extremes of temperature and relative humidity for the 24 hour period ending 4 00 pm today minimum temperature 25 3 c 6 00 am maximum temperature 33 0 c 2 00 pm minumum relative humidity 60 2 00 pm maximum relative humidity 90 5 00 am tides and astronomical information over metro manila sunrise tomorrow 5 41am sunset today 6 23pm moonrise tomorrow 4 04pm moonset tomorrow 2 28am illumination tomorrow 91 for other information about weather please log on to pagasa dost gov ph or bagong pagasa dost gov ph or call at 02 927 1335 02 926 4258 24 hour public weather forecast issued at 4 00 pm 05 august 2025 synopsis at 3 00 pm today the low pressure area lpa was estimated based on all available data at 570 km east of virac catanduanes 14 4n 129 4e southwest monsoon affecting mindanao and the western sections of southern luzon and visayas forecast weather conditions area bicol region quezon northern samar and eastern samar weather condition cloudy skies with scattered rains and thunderstorms caused by trough of lpa impacts possible flash floods or landslides due to moderate to at times heavy rains area mindanao western visayas negros island region and palawan weather condition partly cloudy to cloudy skies with isolated rainshowers or thunderstorms caused by southwest monsoon impacts possible flash floods or landslides during severe thunderstorms area metro manila and the rest of the country weather condition partly cloudy to cloudy skies with isolated rainshowers or thunderstorms caused by localized thunderstorms impacts possible flash floods or landslides during severe thunderstorms forecast wind and coastal water conditions area the eastern sections of luzon and visayas wind speed light to moderate wind direction northeast to northwest coastal waters slight to moderate 0 6 to 2 5 meters area the rest of luzon and visayas wind speed light to moderate wind direction southwest to northwest coastal waters slight to moderate 0 6 to 2 1 meters area mindanao wind speed light to moderate wind direction southwest coastal waters slight to moderate 0 6 to 2 1 meters extremes of temperature and relative humidity for the 24 hour period ending 4 00 pm today minimum temperature 25 3 c 6 00 am maximum temperature 33 0 c 2 00 pm minumum relative humidity 60 2 00 pm maximum relative humidity 90 5 00 am tides and astronomical information over metro manila sunrise tomorrow 5 41am sunset today 6 23pm moonrise tomorrow 4 04pm moonset tomorrow 2 28am illumination tomorrow 91 for other information about weather please log on to pagasa dost gov ph or bagong pagasa dost gov ph or call at 02 927 1335 02 926 4258 pakiusap pakibalik na po yung tide level reporting napaka importante po yun sa aming mga magsasaka at mangingisda,https://www.facebook.com/PAGASA.DOST.GOV.PH/posts/pfbid0noALrzxrdefhVQYFvsUnCwrT2h5SShZoW7Htbk3Nq9vQbZYe89BE19hZqdgKbB7Ul?__cft__[0]=AZVInJXQYIDn4gJM3Q-VQXTNGQj_6bRUJkVs8wILrqT9_TIVF-iGw3hjxe48UOubCiC3V8H-p9UTg5IrVXUfmNzrKvTc3kIxo5ZMRdsWeDf1VWMwqZvGgcXSTo1SEASbfAycL2Gvw0156XPB2_J6BgbsQ29L_Aqp3_kcNquIW9K8nyJMsa0jSzLOH5xx7l8Tm9I&__tn__=%2CO%2CP-R
Facebook,PHIVOLCS,2025-08-05 00:00:00,earthquake information no 1 date and time 05 august 2025 03 18 pm magnitude 2 0 depth 011 km location 13 75n 122 98e 001 km s 38 e of sipocot camarines sur earthquake information no 1 date and time 05 august 2025 03 18 pm magnitude 2 0 depth 011 km location 13 75n 122 98e 001 km s 38 e of sipocot camarines sur,https://www.facebook.com/PHIVOLCS/posts/pfbid036EmpsrXxrH2W4Af77tiQr78tpR48Ct2yUcWktBVpHV5FWc4HdCmL77bWz1CSrd87l?__cft__[0]=AZUz2xpIycjj9mzyzLx68xrma5A7f2KxBowOWJxb2-2MaAJx39DWMgeLS7O3qGCpGbn8n6WhEmk_WPEJfd_6nS18StEdzGEgahPevbclPID5_fbWCJHDrB63YTLMtl0XeT2i8CaOjMoE175JMUyFU58eEzFW7FPiojSgoMODjeBcIH1Clom4stexs85alUq4tuo&__tn__=%2CO%2CP-R
Facebook,davaocitydisasterradio,2025-08-09 00:00:00,duna ba kamoy mga reklamo sa inyong barangay o komunidad isumbong ang inyong mga reklamo o inyong mga concerns pinaagi sa dcr on air kauban ang davao city reports mas gipalapdan nato ang serbisyo sa davao city reports kauban ang davao city disaster radio aron live natong mapaabot ug maaksyonaan ang inyong mga report ipaabot kini pinaagi sa pag tawag sa davao city reports 0917 131 2333 0919 072 2222 matag miyerkules alas 9 30am 10 00am sa 87 5fm davao city disaster radio pinaagi sa inyong mga sumbong dali lang matumbok ang mga problema dali usab kini nga maaksyonan busa ayaw pag duha duha i dcr on air na duna ba kamoy mga reklamo sa inyong barangay o komunidad isumbong ang inyong mga reklamo o inyong mga concerns pinaagi sa dcr on air kauban ang davao city reports mas gipalapdan nato ang serbisyo sa davao city reports kauban ang davao city disaster radio aron live natong mapaabot ug maaksyonaan ang inyong mga report ipaabot kini pinaagi sa pag tawag sa davao city reports 0917 131 2333 0919 072 2222 matag miyerkules alas 9 30am 10 00am sa 87 5fm davao city disaster radio pinaagi sa inyong mga sumbong dali lang matumbok ang mga problema dali usab kini nga maaksyonan busa ayaw pag duha duha i dcr on air na duna ba kamoy mga reklamo sa inyong barangay o komunidad isumbong ang inyong mga reklamo o inyong mga concerns pinaagi sa dcr on air kauban ang davao city see more duna ba kamoy mga reklamo sa inyong barangay o komunidad isumbong ang inyong mga reklamo o inyong mga concerns pinaagi sa dcr on air kauban ang davao city see more duna ba kamoy mga reklamo sa inyong barangay o komunidad isumbong ang inyong mga reklamo o inyong mga concerns pinaagi sa dcr on air kauban ang davao city see more,https://www.facebook.com/davaocitydisasterradio/posts/pfbid02DvnjA1QoaptbazddMNdqiC8NJygRx8d5Turv7Mg73JHiDX6C9xub3TU917jKbZefl?__cft__[0]=AZU3X0QPgTf1OLBkTO_vNnspzHe5Aw_0kCaDpUpAoS2r3rdIfCq3LYweDggTUfld6vyEEMlHh1ATBpCF26FosZLTQJMS2MfRHf4pwYXKYnMfe2UDeE7_VSn-4tpae_ViJ43GQvn30siErkAZR0LwwjuAQ76KxyrstE7zolFaalekt2F-cZvaQpIlKui_owjyfSWyiTi-TWnh0mKxyOo-rC2h9HzRqfni0hYRRVkHTvjw9sb0yuNRiC5Oky78WxRmEWA&__tn__=%2CO%2CP-R
Facebook,Manila Bulletin,,in the wake of the recent typhoons that battered the philippines the rapid delivery of relief goods via strategically located enhanced defense cooperation agreement edca sites stands out as a vital demonstration of the evolving concept of national security read in the wake of the recent typhoons that battered the philippines the rapid delivery of relief goods via strategically located enhanced defense cooperation agreement edca sites stands out as a vital demonstration of the evolving concept of national security read,https://www.facebook.com/ManilaBulletin/posts/pfbid0g4Wxa4H1rfxArAg2wH4LL61Vsee1UaaW9c8aBiUxnkAH4wDTjGRGMyHenzJ78UVsl?__cft__[0]=AZX5A-nPh0OJ9e0w6svCo4Sb-3soTipMZPAHRFZr0uGIMWjFyKLD_LnuhED1BvfJZytTPGc89ySo8t6Ln4nYZ30GdNrE_lt2EcvR6OY9dAGcH1QXoCVBci-9PHfuuQX5fbWTwilt5vkZ2p4WkfujVdiGaMmlVxhh0H5f4MDNFZdWUcCJ_JL-uv2uuAfyAjpQV6U&__tn__=%2CO%2CP-R
Facebook,Philstar News,2025-08-04 00:00:00,bilang bahagi ng kanyang state visit sa india nakipagkita si pangulong ferdinand bongbong marcos jr sa filipino community sa taj mahal hotel sa new delhi nitong lunes ng gabi agosto 4 sa kanyang talumpati ibinahagi ng pangulo ang kahalagan ng lumalalim na ugnayan ng pilipinas at india kabilang ang paglulunsad ng strategic partnership ng dalawang bansa binigyang diin niya rin ang mga hakbang ng administrasyon para suportahan ang mga ofw paunlarin ang imprastruktura at lumikha ng mas maraming oportunidad para sa mga pilipino sa buong mundo video by rtvm bilang bahagi ng kanyang state visit sa india nakipagkita si pangulong ferdinand bongbong marcos jr sa filipino community sa taj mahal hotel sa new delhi nitong lunes ng gabi agosto 4 sa kanyang talumpati ibinahagi ng pangulo ang kahalagan ng lumalalim na ugnayan ng pilipinas at india kabilang ang paglulunsad ng strategic partnership ng dalawang bansa binigyang diin niya rin ang mga hakbang ng administrasyon para suportahan ang mga ofw paunlarin ang imprastruktura at lumikha ng mas maraming oportunidad para sa mga pilipino sa buong mundo video by rtvm,https://www.facebook.com/philstarnews/
Facebook,iloilocitydrrmo,2025-08-05 00:00:00,08 05 2025 iloilo city operations center advisory earthquake information no 3 date and time 05 august 2025 02 40 am magnitude 4 2 depth 005 km location 11 37n 121 83e 024 km n 68 w of tibiao antique reported intensities intensity iv culasi and tibiao antique instrumental intensities intensity iii culasi antique intensity ii sebaste antique intensity i malinao aklan 08 05 2025 iloilo city operations center advisory earthquake information no 3 date and time 05 august 2025 02 40 am magnitude 4 2 depth 005 km location 11 37n 121 83e 024 km n 68 w of tibiao antique reported intensities intensity iv culasi and tibiao antique instrumental intensities intensity iii culasi antique intensity ii sebaste antique intensity i malinao aklan,https://www.facebook.com/IloiloCityDRRMO/posts/pfbid023UnKyQPQ4Txb7nHckxnrJq9JTwH98C5HuSSpPnHkSa7YpMZdckZKWAf9rmc8LoZ1l?__cft__[0]=AZVJkGRtIMx0NJopF9554ziZmZc2F4ra5vLmhOuR2eP5RXhUktjxdj4kzu5EWnrlj3WkMwCtIOFp92Sg3GkdQYIrTt0j9I8VlU2gf-X5SaFLXN0wcFBNK4r0uZrA9FsDn3NriYrecqPVmlYcd71HkUHDN5lYhDV6VmQBCqxJmWydXHsbDCkbFoD0DImPTIVpBN8&__tn__=%2CO%2CP-R
Facebook,NDRRMC,,permits are still required for removing storm damaged trees department of environment and natural resources denr is reminding the public that chainsaw ownership and operation are strictly regulated under the chainsaw act of 2002 republic act no 9175 a key measure to prevent illegal logging activities it also reiterates that cutting trees without a permit including those on private land is prohibited under the revised forestry code of the philippines presidential decree no 705 section 77 permits are still required for removing storm damaged trees department of environment and natural resources denr is reminding the public that chainsaw ownership and operation are strictly regulated under the chainsaw act of 2002 republic act no 9175 a key measure to prevent illegal logging activities it also reiterates that cutting trees without a permit including those on private land is prohibited under the revised forestry code of the philippines presidential decree no 705 section 77 permits are still required for removing storm damaged trees department of environment and natural resources denr is reminding the public that chainsaw owner see more permits are still required for removing storm damaged trees department of environment and natural resources denr is reminding the public that chainsaw owner see more permits are still required for removing storm damaged trees department of environment and natural resources denr is reminding the public that chainsaw owner see more,https://www.facebook.com/NDRRMC/posts/pfbid0FfbExHvwu4vX1vEirenThzhq5Ft68qJLUoU9fRQPW5YUEHrayXbqL73e2QcTjB8Jl?__cft__[0]=AZUfLjjeJBUpYf1NdjXvuP6Tlr20OMlWh2rTTK8tgmgfKfCmeGz_10nuNIoTZgOa12DnJuKY3ccbAksOAfZPlOlItWfT0hclfVXFfaaM9gFQYiYCCO1zoRTz1JlZDFoYMGp3SM-FpsAu75zM4GNPq_3Vy0ZRkXBQENry6fLOJCNzAvLQOfdYWHlQ6Sbzz4LrqpN1pe31b2yWZ9-4bkdbkXdZBR1sPnaqGSaSFNTPFyqpEg&__tn__=%2CO%2CP-R
Facebook,weather.davao,2025-08-05 00:00:00,24 hour localized weather forecast for davao region issued at 4 00 pm august 05 2025 valid until 4 00 pm tomorrow synopsis at 3 00 pm today the low pressure area lpa was estimated based on all available data at 570 km east of virac catanduanes 14 4n 129 4e southwest monsoon affecting mindanao and the western sections of southern luzon and visayas forecast davao region will experience partly cloudy to cloudy skies with isolated rainshowers or thunderstorms due to southwest monsoon possible flash floods or landslides during severe thunderstorms light to moderate winds coming from southwest will prevail with slight to moderate seas 0 6 to 2 1 meters wave height kaugalingong pinulungan ang dakbayan sa davao ug ubang dapit sa davao region makasinati sa panalagsang pagdag um ngadto sa madag umon nga kalangitan na inubanan sa pat ak pat ak nga pag ulan kilat ug pagpanalugdog kasagari sa hapon ug gabi i tungod sa habagat posible ang pagbaha ug pagdahili sa yuta tungod sa kusog nga ulan hinay ngadto sa kasarangan nga huyop sa hangin nga magagikan sa habagatang kasadpan nga direksyon ang mopasulabi ug ang kadagatan mahimong hapsay ngadto sa kasarangan ang pagbalud 0 6 to 2 1 meters wave height over davao city temperatura ugma 25 c to 33 c sunset salop karon 6 00 pm sunrise sidlak ugma 5 35 am for more information and queries please call telephone for local number 082 234 0890 and 088 555 0485 for regional or log on to bagong pagasa dost gov ph regional mindanao prsd or join our facebook group at mindanao prsd regional office or pagasa davao 24 hour localized weather forecast for davao region issued at 4 00 pm august 05 2025 valid until 4 00 pm tomorrow synopsis at 3 00 pm today the low pressure area lpa was estimated based on all available data at 570 km east of virac catanduanes 14 4n 129 4e southwest monsoon affecting mindanao and the western sections of southern luzon and visayas forecast davao region will experience partly cloudy to cloudy skies with isolated rainshowers or thunderstorms due to southwest monsoon possible flash floods or landslides during severe thunderstorms light to moderate winds coming from southwest will prevail with slight to moderate seas 0 6 to 2 1 meters wave height kaugalingong pinulungan ang dakbayan sa davao ug ubang dapit sa davao region makasinati sa panalagsang pagdag um ngadto sa madag umon nga kalangitan na inubanan sa pat ak pat ak nga pag ulan kilat ug pagpanalugdog kasagari sa hapon ug gabi i tungod sa habagat posible ang pagbaha ug pagdahili sa yuta tungod sa kusog nga ulan hinay ngadto sa kasarangan nga huyop sa hangin nga magagikan sa habagatang kasadpan nga direksyon ang mopasulabi ug ang kadagatan mahimong hapsay ngadto sa kasarangan ang pagbalud 0 6 to 2 1 meters wave height over davao city temperatura ugma 25 c to 33 c sunset salop karon 6 00 pm sunrise sidlak ugma 5 35 am for more information and queries please call telephone for local number 082 234 0890 and 088 555 0485 for regional or log on to bagong pagasa dost gov ph regional mindanao prsd or join our facebook group at mindanao prsd regional office or pagasa davao,https://www.facebook.com/weather.davao/posts/pfbid0oinQPGu6d7iK6ag2fWgaPGE2fdzkr9zWRzY53asmFYiUiuhnogvq2mqac4p4Rf7Ql?__cft__[0]=AZWtD2eZCIcm2JOcGVypfLXzwiQZKsZauHcLwk13FXt0c9FY1XtAApO8y7kRzcBWMRwzwyIXwoZTBQH1cQ1EFZkDMZvH_4RWOjMKxAkxv_upiJYw0Fub3TbkLI7UPUdkGVk1Zj-FtTa-33R2T9eVl_PrudwIszeMKWH9ePDuBxZ_WCKiaFXZDChBuvIHWz2DNyk&__tn__=%2CO%2CP-R
Facebook,#floodalert,,uttarakhand flood news a cloudburst has triggered massive flooding in uttarkashi district of uttarakhand rivers are overflowing and floodwaters have entered several homes rescue operations are underway and the administration is on high alert uttarkashi cloudburst uttarakhand flood news disaster news monsoon 2025 rescue operation heavy rainfall uttarakhand flood news a cloudburst has triggered massive flooding in uttarkashi district of uttarakhand rivers are overflowing and floodwaters have entered several homes rescue operations are underway and the administration is on high alert uttarkashi cloudburst uttarakhand flood news disaster news monsoon 2025 rescue operation heavy rainfall,https://www.facebook.com/hashtag/FloodAlert
Facebook,ABS-CBN,,in the 3rd episode of his podcast president ferdinand bongbong marcos did not mince words when asked what he would do should one of his allies got involved over misuse of flood control funds in the 3rd episode of his podcast president ferdinand bongbong marcos did not mince words when asked what he would do should one of his allies got involved over misuse of flood control funds we will wait you said names of contractors its been a week na baka budol na naman,https://www.facebook.com/abscbnNEWS/
Facebook,Davao City DRRMO,2025-08-05 00:00:00,dost pagasa rainfall advisory no 1 davao region weather system southwest monsoon habagat issued at 05 00 pm 05 august 2025 light to moderate rains are expected over the following areas within the next 23 hours davao de oro new bataan mabini maco mawab nabunturan davao oriental baganga moderate to occasionally heavy rains are currently affecting the following areas and may persist within the next 23 hours davao city davao del norte davao oriental tarragona manay caraga lupon city of mati san isidro governor generoso banaybanay davao de oro maragusan pantukan laak montevista davao occidental jose abad santos sarangani the public and the disaster risk reduction and management offices concerned are advised to monitor the weather condition and watch for the next warning to be issued at 08 00 pm today dost pagasa rainfall advisory no 1 davao region weather system southwest monsoon habagat issued at 05 00 pm 05 august 2025 light to moderate rains are expected over the following areas within the next 23 hours davao de oro new bataan mabini maco mawab nabunturan davao oriental baganga moderate to occasionally heavy rains are currently affecting the following areas and may persist within the next 23 hours davao city davao del norte davao oriental tarragona manay caraga lupon city of mati san isidro governor generoso banaybanay davao de oro maragusan pantukan laak montevista davao occidental jose abad santos sarangani the public and the disaster risk reduction and management offices concerned are advised to monitor the weather condition and watch for the next warning to be issued at 08 00 pm today,https://www.facebook.com/DavaoDRRMO/posts/pfbid036pxRhHmRS1HLcPkBxuxhDTprpsu9EMxR3Aoky7JRZJfF6UtfRvF5NfWtMsHAPFvrl?__cft__[0]=AZXMDCkdC7ZCNDP2RX8e1BQE1olMYz1kMVtkIAon7Po32NG9JLhsSxVaPlqo2x_mAa_ptUR6YDXIspykIfUzBd-q2HCuXWy8YTiCBVSyia7rrgViIsMevlyqvMcvhUmeib3CjGHjdmME9ughbhEw5tARw0L3I2m4fl7-n9yG-hG3gBaAWkdQy_vzVZzpIjnQU3c&__tn__=%2CO%2CP-R
Facebook,officialbeaninquirer,,life in the forest look a 62 year old hobbyist wildlife photographer from iloilo showcased his mesmerizing wildlife shots highlighting endangered birds in the philippines raymond garibay minoso shared with the inquirer that he started three years ago as a macro photographer taking insects on a piece of property inherited from his parents and eventually shifted his focus to birds some of his shots include the majestic philippine eagle taken at the philippine eagle center in davao the rare yellow faced flameback and the visayan hornbill shot in antique minoso also noted that taking photographs of endangered birds helps raise awareness supports conservation and inspires people to protect these irreplaceable species raymond g minoso facebook via lance bautista inquirer net trainee got any interesting stories photos or videos send us your experience here life in the forest look a 62 year old hobbyist wildlife photographer from iloilo showcased his mesmerizing wildlife shots highlighting endangered birds in the philippines raymond garibay minoso shared with the inquirer that he started three years ago as a macro photographer taking insects on a piece of property inherited from his parents and eventually shifted his focus to birds some of his shots include the majestic philippine eagle taken at the philippine eagle center in davao the rare yellow faced flameback and the visayan hornbill shot in antique minoso also noted that taking photographs of endangered birds helps raise awareness supports conservation and inspires people to protect these irreplaceable species raymond g minoso facebook via lance bautista inquirer net trainee got any interesting stories photos or videos send us your experience here,https://www.facebook.com/officialbeaninquirer/posts/pfbid02YKmjA5AukfVN9YFDXQsayBh2diLsUnNeEpFRtJYL2q4PHaAgexzyMratDwyJUgzYl?__cft__[0]=AZVA5IhPlepR0UEQw4J92qOn_yBRIlAK3TMyEqYYNcNSUnftm5nEK2dkW-xX16ltkz1h6NOXz3bjMUzXwkr1kilpEvbdXqLRbKOej-aQT56-njH8GrUSDmXFrw6S9NAx6BoNUJpLZ1TOM6fqhC6vQYg7E3at6H-6V5flUZbgPgCLphwv7EZ8I1VFN9UqLErmpBY&__tn__=%2CO%2CP-R
Facebook,PHIVOLCS,2025-08-05 00:00:00,as part of its commitment in championing volcano earthquake and tsunami disaster risk reduction drr activities dost phivolcs leads a training on communicating phivolcs information materials and tools for school drr focal persons of the department of education deped davao occidental from august 5 7 2025 at sun city suites general santos city in his message dr teresito c bacolcol director of dost phivolcs emphasized the vital role of drr focal persons in every school facilitating the conduct of evacuation drills checking safety plans and hazard information awareness your work may not always be seen but it makes a big difference we hope that this training gives you something useful to bring back and more than anything we hope it reminds you that what you do mattersquietly steadily and every single day dr bacolcol added participants learned various topics related to volcanoes earthquakes and tsunami information from dost phivolcs resource speakers ms fatima m moncada science research specialist srs ii discussed key principles in drrm laws and frameworks child rights convention understanding hazards and disasters ms lucille rose d sanico senior srs shared the overview of volcanic eruption hazards and impacts she also imparted her insights on understanding volcano alert level scheme and what to do before during and after a volcanic eruption a learning activity on precursory signs of an impending volcanic eruption assessed the takeaways of the participants on the given discussions ms joan c salcedo supervising srs tackled the overview of earthquake hazards and impacts lastly ms moncada lectured on landslide preparedness to the participants being situated in an area vulnerable to earthquakes this workshop is an opportunity to empower teachers and drr focal persons in davao occidental in responding to geologic hazards through science based drr initiatives and relay these skills to their students and community as part of its commitment in championing volcano earthquake and tsunami disaster risk reduction drr activities dost phivolcs leads a training on communicating phivolcs information materials and tools for school drr focal persons of the department of education deped davao occidental from august 5 7 2025 at sun city suites general santos city in his message dr teresito c bacolcol director of dost phivolcs emphasized the vital role of drr focal persons in every school facilitating the conduct of evacuation drills checking safety plans and hazard information awareness your work may not always be seen but it makes a big difference we hope that this training gives you something useful to bring back and more than anything we hope it reminds you that what you do mattersquietly steadily and every single day dr bacolcol added participants learned various topics related to volcanoes earthquakes and tsunami information from dost phivolcs resource speakers ms fatima m moncada science research specialist srs ii discussed key principles in drrm laws and frameworks child rights convention understanding hazards and disasters ms lucille rose d sanico senior srs shared the overview of volcanic eruption hazards and impacts she also imparted her insights on understanding volcano alert level scheme and what to do before during and after a volcanic eruption a learning activity on precursory signs of an impending volcanic eruption assessed the takeaways of the participants on the given discussions ms joan c salcedo supervising srs tackled the overview of earthquake hazards and impacts lastly ms moncada lectured on landslide preparedness to the participants being situated in an area vulnerable to earthquakes this workshop is an opportunity to empower teachers and drr focal persons in davao occidental in responding to geologic hazards through science based drr initiatives and relay these skills to their students and community,https://www.facebook.com/PHIVOLCS/posts/pfbid0eCj7k2MTZAEtCqtLwRWJUJmUY9jqfpTM1MM7kbNJsK6MR5C1PHVVdeG9jCxeN48yl?__cft__[0]=AZVf8JXOIKjhocJj0XNNWuOsPtSKDBzy42hBxxWh3FCexZbXkVfftMERf3Jz2TvItvlFIR-Je5T0TlHUHXwblg7EWX-HhmvGT0_eHz7P9gc5-MDr7QNl4AklO6IcyroDe3AQi6n3eCZl5DBvglTYmfnac0BRPkBnVzjkK1J47zZS_rY_S-0XNd6YSVMMF3nlBxE&__tn__=%2CO%2CP-R
Facebook,#floodalert,,a sudden massive flood in the khir ganga river in uttarkashi has triggered panic among locals and tourists authorities are monitoring the situation as water levels continue to rise and residents are advised to stay alert a sudden massive flood in the khir ganga river in uttarkashi has triggered panic among locals and tourists authorities are monitoring the situation as water levels continue to rise and residents are advised to stay alert,https://www.facebook.com/hashtag/FloodAlert
Facebook,officialbeaninquirer,,small but lovable look a 30 year old crocheter from oriental mindoro showcased her talent by creating a bouquet of crocheted micro flowers noemilyn silla told the inquirer that she decided to make something more complex yet beautiful than her previous works to inspire people to try micro crocheting as well she also shared that she began doing this art style last year due to popular demand online noemigurumi facebook via lance bautista inquirer net trainee got any interesting stories photos or videos send us your experience here small but lovable look a 30 year old crocheter from oriental mindoro showcased her talent by creating a bouquet of crocheted micro flowers noemilyn silla told the inquirer that she decided to make something more complex yet beautiful than her previous works to inspire people to try micro crocheting as well she also shared that she began doing this art style last year due to popular demand online noemigurumi facebook via lance bautista inquirer net trainee got any interesting stories photos or videos send us your experience here,https://www.facebook.com/officialbeaninquirer/posts/pfbid02K5G4Mu6rpHW4CqKXUPRVSZhYG1J6Fp79gDNQdMs9NVhgd3aFaceTQz21SScu74qNl?__cft__[0]=AZVVqkFU257gf6YQQH8OoDFiuAlx04giFM-S5UU4xjX74kVi2_oENTh0Gq89NUkwKPAMTsIxfNJ-TuH2BPruj_xlp4vEig5FfhmGmu-vIm-jjpwflUXaTUFGTIgX3L-trhTPdyyFBj67rwt-bi4BC-_Tpi4PM-CkdHLWHlhUt_bK6ddAQv-JwbOrr7GeEL1QBgU&__tn__=%2CO%2CP-R
Facebook,Philstar News,2025-08-18 00:00:00,in what could signal a compelling clash between seasoned campaigners and rising stars veteran angelo que and young gun carl corpus fired identical six under 66s to forge ahead of a stellar field after 18 holes of the ictsi caliraya springs championship via philstar sports hub in what could signal a compelling clash between seasoned campaigners and rising stars veteran angelo que and young gun carl corpus fired identical six under 66s to forge ahead of a stellar field after 18 holes of the ictsi caliraya springs championship via philstar sports hub,https://www.facebook.com/philstarnews/posts/pfbid0zz5XksN1yBd4wdg31ofPNGGtzkdWVf4hs6Vj4Mab4ea8W2cTwxoWcnyoVKX1sBAxl?__cft__[0]=AZX8kJ7QZpRi8440aLdXObfbAbN88arlTv0y_ofUAjPvoKwzyjpGeZodvUzBbXHYJySGDcPsWpWUsACqRMy2D3auYR7dsu9LDjeUIjmZuw6r3WDD8gPNGSn_jXgFnR1MaezBhImAqvpCbifhs_qygf5g3jNzzPYoKvFG90GBQ5oY0Vf8VSLtqNezgDGHTp2OCZE&__tn__=%2CO%2CP-R
Facebook,PHIVOLCS,2025-08-06 00:00:00,strengthening drrm through drone technology the dost ix in collaboration with dost phivolcs successfully kicked off a groundbreaking training on quadcopter remotely piloted aircraft rpa operations and applications to earthquake impact assessment using redas this initiative is a significant follow up in our shared journey one that began during the series of redas training modules from 20232024 capacitating 24 drrm officers and technical personnel including representatives from zamboanga del sur zamboanga del norte 6 zamboanga sibugay 1 zamboanga citys zcdrrmo and city engineers office 3 isabela city 3 and the department of agriculture 1 ms jali j badiola aov and oic oord shared that the use of drones or quadcopters when integrated with redas opens up new possibilities revolutionizing real time hazard assessment enabling swift data driven strategies for disaster management moreover ms rodelyn r atilano airport security asst 1 caap representative underscored legal protocols for responsible drone use equipping not only with technical skills but also with the legal knowledge necessary for responsible drone use together we take flighttoward smarter faster and more resilient responses to disasters ousec ro dost regional operations dost philippines strengthening drrm through drone technology the dost ix in collaboration with dost phivolcs successfully kicked off a groundbreaking training on quadcopter remotely piloted aircraft rpa operations and applications to earthquake impact assessment using redas this initiative is a significant follow up in our shared journey one that began during the series of redas training modules from 20232024 capacitating 24 drrm officers and technical personnel including representatives from zamboanga del sur zamboanga del norte 6 zamboanga sibugay 1 zamboanga citys zcdrrmo and city engineers office 3 isabela city 3 and the department of agriculture 1 ms jali j badiola aov and oic oord shared that the use of drones or quadcopters when integrated with redas opens up new possibilities revolutionizing real time hazard assessment enabling swift data driven strategies for disaster management moreover ms rodelyn r atilano airport security asst 1 caap representative underscored legal protocols for responsible drone use equipping not only with technical skills but also with the legal knowledge necessary for responsible drone use together we take flighttoward smarter faster and more resilient responses to disasters ousec ro dost regional operations dost philippines strengthening drrm through drone technology the dost ix in collaboration with dost phivolcs successfully kicked off a groundbreaking training on quadcopter remotely piloted aircraft rpa operations and applications to earthquake impact assessment using redas this initiative is a significant follow up in our shared journey one that began during the series of redas training modules from 20232024 capacitating 24 drrm officers and technical personnel including representatives from zamboanga del sur zamboanga del norte 6 zamboanga sibugay 1 zamboanga citys zcdrrmo and city engineers office 3 isabela city 3 and the department of agriculture 1 ms jali j badiola aov and oic oord shared that the use of drones or quadcopters when integrated with redas opens up new possibilities revolutionizing real time hazard assessment enabling swift data driven strategies for disaster management moreover ms rodelyn r atilano airport security asst 1 caap representative underscored legal protocols for responsible drone use equipping not only with technical skills but also with the legal knowledge necessary for responsible drone use together we take flighttoward smarter faster and more resilient responses to disasters ousec ro dost regional operations dost philippines,https://www.facebook.com/PHIVOLCS/posts/pfbid02PcnT4wH2yKSvY4tKq8nB9sk3okkb6hwufjsMHZxEayhpNT5J2LLR99wUQGUc5vgnl?__cft__[0]=AZVum5hAfDW6BQWEzM4HJ15sQc66v7MQSSBQRyo4ZN2UR5TyXD6xx2LU6L8zHiQazjJQ9GKhYMX7kQUEpjnS_SHvo4uvkx4Y8EMIWNAp8vUzWRYCnSpgqXSybhGzTsULw4bA9tZUbIpOiEZLMPwfh5xOuH9kUjvc5TuRcpuaEMun50TqPIU_9-p_w-yDTpw98f4IXWOxZe9MLoFTkjjDLcAPxm9lvrWEzkq688blGii_aQ&__tn__=%2CO%2CP-R
Facebook,ABS-CBN,2025-08-05 00:00:00,iniutos ng department of energy sa mga generation companies na paganahin agad ang mga pumalyang planta para maging stable ang visayas at mindanao power grid pangatlong araw na nitong martes agosto 5 na may yellow alert sa visayas dahil sa pagbagsak ng sangkaterbang planta sa kabisayaan via alvin elchico abs cbn news iniutos ng department of energy sa mga generation companies na paganahin agad ang mga pumalyang planta para maging stable ang visayas at mindanao power grid pangatlong araw na nitong martes agosto 5 na may yellow alert sa visayas dahil sa pagbagsak ng sangkaterbang planta sa kabisayaan via alvin elchico abs cbn news,https://www.facebook.com/abscbnNEWS/posts/pfbid02T5QMHEj2PZa1jLwTe2YhKSdYf7RLwT2GaXPYsFt42gt5wGAifZ4tbvPRvsEgBkCml?__cft__[0]=AZUiU0xzIf77KHl2bEVB0KWQMDc4aJBWxGM0TcLFNboQqFfcE-dvf3aJSVSCaIL0r0Pa0Z554dJPsMi2JVF_2JPZEjSDPWT0b7zN7c9zDrQpQiA9eJGPv0pkaCMi9ecpuDq8r-Xvr5sRE7l-8jLaBwkBtmBJg1sFnM1g4M_WIQ8Rg-yVoMTdBpXejcKE9fXhTAE&__tn__=%2CO%2CP-R
Facebook,civildefensedavao,2025-08-05 00:00:00,mindanao weather forecast issued at 5 00 pm 05 august2025 valid until 5 00 pm tomorrow synopsis at 3 00 pm today the low pressure area lpa was estimated based on all available data at 570 km east of virac catanduanes 14 4n 129 4e southwest monsoon affecting mindanao forecast mindanao will have partly cloudy to cloudy skies with isolated rainshowers or thunderstorms due to southwest monsoon possible flash floods or landslides during severe thunderstorms light to moderate winds from southwest with slight to moderate seas 0 6 to 2 1 meters kaugalingong dayalekto ang tibuok dapit sa mindanao makasinati sa panalagsang pagdag um ngadto sa mapanganuron nga kalangitan inubanan sa patak patak nga pag ulan kilat ug pagpanalugdog tungod sa southwest monsoon possible pagbaha o pagdahili sa yuta tungod sa severe thunderstorms hinay ngadto sa kasarangan nga hangin ang magagikan sa habagatang kasadpan direksyon ug ang kadagatan hapsay ngadto sa kasarangan ang pagbalud 0 6 to 2 1 meters over laguindingan upper air and synoptic station misamis oriental maximum temperature 01 00 pm today 32 2 c minimum temperature 04 00 am today 25 0 c maximum relative humidity 05 00 am today 91 minimum relative humidity 1 00 pm today 58 forecast heat index today 38c astronomical information over el salvador city sunrise today 05 34 am sunset tomorrow 06 02 pm moonset today 02 28 am moonrise today 03 35 pm source mindanao prsd mindanao weather forecast issued at 5 00 pm 05 august2025 valid until 5 00 pm tomorrow synopsis at 3 00 pm today the low pressure area lpa was estimated based on all available data at 570 km east of virac catanduanes 14 4n 129 4e southwest monsoon affecting mindanao forecast mindanao will have partly cloudy to cloudy skies with isolated rainshowers or thunderstorms due to southwest monsoon possible flash floods or landslides during severe thunderstorms light to moderate winds from southwest with slight to moderate seas 0 6 to 2 1 meters kaugalingong dayalekto ang tibuok dapit sa mindanao makasinati sa panalagsang pagdag um ngadto sa mapanganuron nga kalangitan inubanan sa patak patak nga pag ulan kilat ug pagpanalugdog tungod sa southwest monsoon possible pagbaha o pagdahili sa yuta tungod sa severe thunderstorms hinay ngadto sa kasarangan nga hangin ang magagikan sa habagatang kasadpan direksyon ug ang kadagatan hapsay ngadto sa kasarangan ang pagbalud 0 6 to 2 1 meters over laguindingan upper air and synoptic station misamis oriental maximum temperature 01 00 pm today 32 2 c minimum temperature 04 00 am today 25 0 c maximum relative humidity 05 00 am today 91 minimum relative humidity 1 00 pm today 58 forecast heat index today 38c astronomical information over el salvador city sunrise today 05 34 am sunset tomorrow 06 02 pm moonset today 02 28 am moonrise today 03 35 pm source mindanao prsd,https://www.facebook.com/civildefensedavao/posts/pfbid031QyfZrYUCvPWSwz7mJBeNV1UnGE9WkB74j4aHuPNPqAsoateYNN9d318V2Q5Y2yGl?__cft__[0]=AZU1_1AXWvvKqAMHNcST8ct5Bhs5dwdRSE0x7g5ufORvjfJCizgy3m1xhCu3bli3HzUj-Sm8NIoAwYMBA5yiRG3GVwTVt0McYLqaH7I3MTQxjIEDiqvjzw7Rg9iJz-ddFSXxzjrwZdUh6w9UtiBv1iFKIZXXeJZg7vCTsL9HAJMkY0B61Mjy3SsSrawYWA2L5KI&__tn__=%2CO%2CP-R
Facebook,PAGASA,,join our team be part of the philippines first green climate fund project the multi hazard impact based forecasting and early warning system for the philippines mhibfews project we re seeking dedicated professionals eager to contribute to climate resilience and early warning initiatives in the country explore the details in the posters below or click this link for more information to apply please submit all application eligibility relevant certificate if any documents and application letter to pagasagcf com the letter must be addressed to dr nathaniel t servando administrator dost pagasa science garden compound senator miriam p defensor santiago avenue barangay central quezon city attn ms thelma a cinco chief cad mhibfews project leader for inquiries call us at 02 8284 0800 loc 4950 thank you learn more about the project join our team be part of the philippines first green climate fund project the multi hazard impact based forecasting and early warning system for the philippines mhibfews project we re seeking dedicated professionals eager to contribute to climate resilience and early warning initiatives in the country explore the details in the posters below or click this link for more information to apply please submit all application eligibility relevant certificate if any documents and application letter to pagasagcf com the letter must be addressed to dr nathaniel t servando administrator dost pagasa science garden compound senator miriam p defensor santiago avenue barangay central quezon city attn ms thelma a cinco chief cad mhibfews project leader for inquiries call us at 02 8284 0800 loc 4950 thank you learn more about the project,https://www.facebook.com/PAGASA.DOST.GOV.PH/posts/pfbid0Az6TJTfDyXYhzcuzw7oMh5KSV57e5kZzkag4iV733CpEige36PgwFDNp9mezbdMpl?__cft__[0]=AZWeqfz4dRTxr-H2jfiIap_uKCs6iW4fI4phUt6MkBFD_CgiVoarNswZbuNQeTdEh-ufbeOSd59zqTmVdj00XKcapBAgHgod1x2YxTgJOa4jJGzMQsc27NILoDLIgc8GG7ROnjLkJbO7MDSRBOqyX2FHZoMMedATCUXdokorElMmxRghlO-nOLphUqui6Zso9q4&__tn__=%2CO%2CP-R
Facebook,Manila Bulletin,2025-08-05 00:00:00,the daily rundown august 5 1 romualdez house s motion for reconsideration on sc impeachment junking not an act of defiance read 2 pcg loud explosions that rattled palawan folk traced to china s rocket launch read 3 pangilinan hontiveros urge congress to terminate presidential powers to adjust rice tariffs read 4 ph india upgrade ties to strategic partnership read 5 lpa enters par may bring rains in coming days pagasa read the daily rundown august 5 1 romualdez house s motion for reconsideration on sc impeachment junking not an act of defiance read 2 pcg loud explosions that rattled palawan folk traced to china s rocket launch read 3 pangilinan hontiveros urge congress to terminate presidential powers to adjust rice tariffs read 4 ph india upgrade ties to strategic partnership read 5 lpa enters par may bring rains in coming days pagasa read,https://www.facebook.com/ManilaBulletin/
Facebook,Philstar News,,tingin namin kailangan naming gawin to after enduring yet another bout of flooding culinary content creator ninong ry based in malabon city is now considering relocating his studio saying the emotional physical and financial toll has become too heavy to bear read tingin namin kailangan naming gawin to after enduring yet another bout of flooding culinary content creator ninong ry based in malabon city is now considering relocating his studio saying the emotional physical and financial toll has become too heavy to bear read tingin namin kailangan naming gawin to after enduring yet another bout of flooding culinary content creator ninong ry based in malabon city is now considering relocating his studio saying the emotional physical and financial toll has become too heavy to bear read,https://www.facebook.com/philstarnews/posts/pfbid02aeY7YAWoN4iz7PqT5RuqhEYk3UhMnvhQrBY24YsCfNEQF8SRVHxTnDMR2kEq28GKl?__cft__[0]=AZUlTzawQ7ZQKY1qM8U3RX6uB90lfuoUc0ODhn6cBfsGvIpw8_FS_WKdYKxWRRzYll-wmLleOHvbubhFA7i5MwpQqhj4W8uuqlM9xLuy3OaBzbRDYt6_sY5qcZnLmysss9YZOOEQce8CU3njE_5JJDX6QeZgTPtYUAQeM2dJ0Rfk5j9LmmG2-XHjqkMd1GBQizTkS3i71Wbeqb8_haL5X-PamEr5mYAjn8jD_q2vtpHlDw&__tn__=%2CO%2CP-R
Facebook,ABS-CBN,,pansamantalang sarado ang parish church of st john the baptist sa misamis occidental matapos umanong duraan ng isang vlogger ang holy water font ng simbahan tingnan ang comments section para sa link ng buong detalye pansamantalang sarado ang parish church of st john the baptist sa misamis occidental matapos umanong duraan ng isang vlogger ang holy water font ng simbahan tingnan ang comments section para sa link ng buong detalye,https://www.facebook.com/abscbnNEWS/posts/pfbid08uJqvJvVCPnNhhPbKDtzCDXd6QwJJxyReVW5bQ6jXioBtjBmhs6XA2FR6CHEyyLbl?__cft__[0]=AZUciXfC2YTsz1jR8MSeT8P4gURZM_7cxgYOcS_ntrNDgif7_KALPoujhlyyeiwtNwnysgX_r_XKPGxNxtwsaMLDCn14dj2KAWc-BjT7NfoSMy3LYdcDy2o-YOUcTBc9f1waTeliHDs2Tkg-J1u5lVKA9sLMWMntWkcg3hLOjlV6EQtPCFDRc2VufYhVm4lkfeM&__tn__=%2CO%2CP-R
Facebook,Rappler,,the trough or extension of a low pressure area inside the philippine area of responsibility is expected to affect parts of southern luzon and eastern visayas the trough or extension of a low pressure area inside the philippine area of responsibility is expected to affect parts of southern luzon and eastern visayas,https://www.facebook.com/rapplerdotcom/posts/pfbid02SwFfZh4k75ckTycFQY53hjhEvYLt9gngAGXGRbVZoYWojz2EvxBVx2eN9YiBk3ul?__cft__[0]=AZVB6bPggSNAKH9WQyQ6Sk5CoEsiNFIcrb6u4QiVtflk8yOcvn02H6W-Mf8gh9jRTIYuXInDtbz3XN82JNln7b9wGx9ut5OljdZx5Wq1hRdSaJZ9SwCzdT19MtZzO9IxadPK_5I-SJGiEGzgB6LI06QFFOe4FmQ5u33LqY7ZcsxiNiNbOVWXT1FzfFiB4U6jZEo&__tn__=%2CO%2CP-R
Facebook,SunStar Philippines,,a mandaue city official criticized the poor state of the citys rescue center calling it unacceptable for a highly urbanized city with a p4 5 billion budget the current setup is just an open tent lacking security and basic facilities mayor jonkie ouano has ordered the renovation of an old storage building into a temporary shelter expected to open next month a mandaue city official criticized the poor state of the citys rescue center calling it unacceptable for a highly urbanized city with a p4 5 billion budget the current setup is just an open tent lacking security and basic facilities mayor jonkie ouano has ordered the renovation of an old storage building into a temporary shelter expected to open next month,https://www.facebook.com/SunStarPhilippines/posts/pfbid02EEhWW1YjzqUqVj6yk98TPbkV2CAVfKrVQfqoUNnda5M8PBhW3gRadww16XDSV8ojl?__cft__[0]=AZUqkUaQ0CfH86fzmsER9THAHqvxXw-rkUBnpBCNhYqi7ABCU8gNCI38YvRVmr5M_pYGKWwLhy8V6NymEMBtjZWMWe2X0z2q04SK9FB2oPjXganxG8jX9Elj8NkbNsH_1QSTOydfhbzF9VH1oM9kAubQg-kEiGN2cCfNrXPcV2CAEZS-hN3vlGnZ1mwxfZvQNHo&__tn__=%2CO%2CP-R
Facebook,untvnewsrescue,2025-08-04 00:00:00,tukoy na ng philippine national police ang suspek sa pamamaril sa intelligence officer ng highway patrol group region 4 a stable na ang kalagayan ng biktimang pulis sa ospital matapos magtamo ng 9 na tama ng bala sa ibat ibang bahagi ng katawan tukoy na ng philippine national police ang suspek sa pamamaril sa intelligence officer ng highway patrol group region 4 a stable na ang kalagayan ng biktimang pulis sa ospital matapos magtamo ng 9 na tama ng bala sa ibat ibang bahagi ng katawan tapos sasabihin ni torres na gagamit ng non lethal para sa mga krimenal bobo,https://www.facebook.com/UNTVNewsRescue/posts/pfbid02nobcvb5nvB3HEVvRTyyGQVhNB3CJjXHyTn2Tdsgg7mH7XBitvkiu9TBDChcAiyaNl?__cft__[0]=AZUQhmZRtYUdq7t2MN3N5CC2Qb_-LAycs-Kdu5_gGEAotrRi8VoMuyHJXpXMgCKD6cjFBGal8J_4pm4YnLIFJ8cO1RpA_XNrJsPqSGoLOKf75P9xTXGQ5cgWOn1WL7Mw32WG6Shw2Ho16076X04s8AlGjH27QcBEiBoP1b6_QidTVLoBcq7-fG3EeuzprwEtroU&__tn__=%2CO%2CP-R
Facebook,untvnewsrescue,,sugatan ang dalawang lalaking motorista nang magkabanggaan sa zamboanga city isang mag asawa naman sa bacolod ang sugatan din nang dumulas sa kalsada ang sinasakyan nilang motorsiklo ang mga biktima tinulungan ng untv news and rescue nar team sugatan ang dalawang lalaking motorista nang magkabanggaan sa zamboanga city isang mag asawa naman sa bacolod ang sugatan din nang dumulas sa kalsada ang sinasakyan nilang motorsiklo ang mga biktima tinulungan ng untv news and rescue nar team,https://www.facebook.com/UNTVNewsRescue/posts/pfbid0PmQunAoPkKKRDD9RAnMu9nh5VP4gaiZQyFeJgmww8gZMNgpVJC7dU7T11ecg1oRJl?__cft__[0]=AZUsptqOh6XrTcgIDUn9YUxR3RYzrarPxfM2aaUuA6pEv5tcTLa1T6GUG-Zyu48-XJImXF-k3KDHajdRuoykyBsTZe8CVd5wvQMMiyNxJwvBK3epigWSYakkE1M6uuPWX6R7E3SrQ92SfBF-XUvJSrmTCsbZ2wCjbA9EDBEKs9oao1vN5h6OzjwI0s-e0_4e5Ho&__tn__=%2CO%2CP-R
Facebook,ABS-CBN,,sunog sumiklab sa isang residential area sa calapan city sunog sumiklab sa isang residential area sa calapan city pipili ako bibigyan ko ng jikass ngayon sa mag sad sa comment ko game b0ss l first,https://www.facebook.com/abscbnNEWS/
Facebook,untvnewsrescue,,patuloy na pinalalakas ng philippine navy ang kakayahan ng kanilang mga tauhan sa paggamit ng mga makabagong barko at weapon system sa katatapos na maritime cooperative activity ng pilipinas at india muling sinubukan ang makabagong mga armas at capabilities ng pinakabagong barko ng navy patuloy na pinalalakas ng philippine navy ang kakayahan ng kanilang mga tauhan sa paggamit ng mga makabagong barko at weapon system sa katatapos na maritime cooperative activity ng pilipinas at india muling sinubukan ang makabagong mga armas at capabilities ng pinakabagong barko ng navy eh yong budget ngv flood control binili ng barko mapakinabangan sana eh nasa bulsa ng mga buaya eh,https://www.facebook.com/UNTVNewsRescue/posts/pfbid02GhmKQjtc13EUiSBzwvbARYpnUu7cTgtrENXpTr6btJUzMv6H67dKYyHrsRxrAzbil?__cft__[0]=AZUhBVBhUN6XJX06uDrnJfK37d7OR55I4T18o7pByNsUFimng7GBa0L5Mt3XRuqFchJQBbi3mGiI8vHpAjowmCKRqcrk3FxHHu182tCi4cM4W1PY_gTEe4QEW9LoCs3o0iqceWVLEX7MAywNjKmk7Ldlo9R_FzgYz7Hep4I6vikS-M7q5iKRxjQy8PAXJcs8Bsk&__tn__=%2CO%2CP-R
Facebook,stormchasersph,,tumataas ang tsansang tumawid o mag landfall sa bahagi ng ang binabantayang lpa sa silangan ng lagi niyo kc binibigyan ng tsansa kaya ang lalakas ng loob ng mga bagyo magsipasok satin eh claire beri rodrigo lazaro ok lng yan bsta wag nmn ung sobra dahil pag ala ulan walang ani sa palay na umaasa lng sa sahod ulan gaya dto sa amin my patubig lng pag my ulan,https://www.facebook.com/stormchasersPH/posts/pfbid0G4dkj4BPnVgJpJZhfdr2Nczi6SbLiV3DBQy9AgJNqXDxrKkLZujNhjnhdVyxUUFWl?__cft__[0]=AZWSRQwU8TahrjhuukL23qXJTMTCxgZpxKDzqApzweCMS8Nj8qvIgnjCSYHOcKzTg2KEX0wmts8PCuAn7AVlN4turYn98VKv7fM5DEoXXCxkExGgbArVBYjeckM9KYi4jHMCOyKrc5nNv8Kkmtaf8zYtFuyBUF1UV0ubTsBVv-PYstI0MNVGAbj4Od_TNnLntKc&__tn__=%2CO%2CP-R
Facebook,PHIVOLCS,2025-08-05 00:00:00,risk communication planning 101 tinalakay ni charmaine villamil senior science research specialist ng dost philippine institute of volcanology and seismology ang paggawa ng risk communication plan sa nagpapatuloy na risk and crisis communication workshop ng philippine information agency ngayong martes august 5 ani villamil ang risk communication plan ay isang komprehensibo at sistematikong plano na naglalaman ng sitwasyon layunin at mithiin at mga angkop na estratehiya para epektibong magbigay impormasyon sa panahon ng mga panganib at sakuna risk communication planning 101 tinalakay ni charmaine villamil senior science research specialist ng dost philippine institute of volcanology and seismology ang paggawa ng risk communication plan sa nagpapatuloy na risk and crisis communication workshop ng philippine information agency ngayong martes august 5 ani villamil ang risk communication plan ay isang komprehensibo at sistematikong plano na naglalaman ng sitwasyon layunin at mithiin at mga angkop na estratehiya para epektibong magbigay impormasyon sa panahon ng mga panganib at sakuna risk communication planning 101 tinalakay ni charmaine villamil senior science research specialist ng dost philippine institute of volcanology and seismology ang paggawa ng risk communication plan sa nagpapatuloy na risk and crisis communication workshop ng philippine information agency ngayong martes august 5 ani villamil ang risk communication plan ay isang komprehensibo at sistematikong plano na naglalaman ng sitwasyon layunin at mithiin at mga angkop na estratehiya para epektibong magbigay impormasyon sa panahon ng mga panganib at sakuna,https://www.facebook.com/PHIVOLCS/posts/pfbid0zA8phu2xR4Gg5AXokW6pUWi1ms2vmZsUcY7vgBuKJbfggmTYBQGadpYv9hiCa3S9l?__cft__[0]=AZVCKNDRPdde--qFKQaGc0YFgM6qtRjN7Ga9vQdubAITXIVXx7IgZEhwBZOrYVS9s0JgJ2wc4G2JnORvqJx2McYDl7AziPdzMB-aOvJmLtpf2iuKTxFVb0-hhpkVCu5sHQpHB8d-07_Any_WbcEkV3VkCsd8G4iqSMlxookVOXkVIviAIh7cjBkP6WrfaxteP0ITQC0clCGbjXmzqxS0PSIfUiswrUxErgXVxWCXR3tuNQ&__tn__=%2CO%2CP-R
Facebook,diannarose.mediano,2025-08-05 00:00:00,hala naga libot libot lang ang linog halin pa kahapon luzon mindanao kag visayas mga lugar kabatyag linog na hala naga libot libot lang ang linog halin pa kahapon luzon mindanao kag visayas mga lugar kabatyag linog na earthquake information no 1 date and time 05 august 2025 02 50 am magnitude 1 4 depth 007 km location 11 40n 121 81e 027 km s 83 w of culasi antique earthquake information no 1 date and time 05 august 2025 02 50 am magnitude 1 4 depth 007 km location 11 40n 121 81e 027 km s 83 w of culasi antique earthquake information no 1 date and time 05 august 2025 02 50 am magnitude 1 4 depth 007 km location 11 40n 121 81e 027 km s 83 w of culasi antique,https://www.facebook.com/diannarose.mediano/posts/pfbid0zMGtKLNsGbqcg6nWPvEnHFwAZtUXGbWssYsXsEH7Kgs1Mj3RBk9dCQhnnctiXgiYl?__cft__[0]=AZVOmbKlq2WxtsFBSto_FsAyYp-2wyt0N0jsjpOE81lbdig1_0E8606HZ7O9xtfcGM337g__qnMVgpCBbt0_qFyIxPvQmjg6TX6car0FI_aWlFFeWk6vYbXs52XUsxFM3orWiHtkB1hPv-CGGrcSG3cdv-fh89mt9XfKsHVTiGNH4Ss9Eh7YiecpoqKg-ncTrOiC2gmoqlHJrReELqkgRpRvKp5aEN7I5_NrVrjO2evDdQ&__tn__=%2CO%2CP-R
Facebook,leonnewslive,2025-08-05 00:00:00,tibiao antique gintay og sang 3 6 magnitude nga linog las 3 26 kaina sang aga agosto 5 yari ang report sang philippine institute of volcanology and seismology phivolcs dost earthquake information no 3 date and time 05 august 2025 03 26 am magnitude 3 6 depth 008 km location 11 40n 121 83e 026 km n 62 w of tibiao antique reported intensities intensity iii tibiao antique instrumental intensity intensity ii culasi antique by gabriel cabanalan canag cantomayor tibiao antique gintay og sang 3 6 magnitude nga linog las 3 26 kaina sang aga agosto 5 yari ang report sang philippine institute of volcanology and seismology phivolcs dost earthquake information no 3 date and time 05 august 2025 03 26 am magnitude 3 6 depth 008 km location 11 40n 121 83e 026 km n 62 w of tibiao antique reported intensities intensity iii tibiao antique instrumental intensity intensity ii culasi antique by gabriel cabanalan canag cantomayor,https://www.facebook.com/leonnewslive/posts/pfbid02gpCaDuGhmpoo9QHP8eEoxEr6fZBzBfoUvbxYJA8kUkAXVMRPK9uLG5KGumRr25qbl?__cft__[0]=AZXAdyMV3ziuCaLi41HTfnX9zpJgVDAketovZLK2ofE4H3rfpSPdXkzPZOX5jZbTQRaH0T_UUVckUxXdva3GBaYyNSHlMHrcf4zyggEylHF4ccgKpHlcH3_01eUKVMMbHG2VEF7jYYzM0_9fn6BxYJ1GpAjyPlnc0rbqB12WQqXrZYRXhJS11V9hE9OlO3e2oK8&__tn__=%2CO%2CP-R
Facebook,SunStar Davao,2025-08-05 00:00:00,cocolife empowers sales agents through social spark training in davao cocolife held the davao leg of its social spark training on august 5 2025 a workshop crafted by the marketing and research department to empower sales agents and account executives to grow their personal brand and expand their client base through social media following the success of its manila launch in march the program continues to roll out across key cities with davao chosen for its strong and active agency sales force the session focused on practical strategies for content creation digital branding and online engagement the training was led by adie may c sasot aimee ingrid emmanuelle r mirasol and marvin john m man who shared valuable insights to help participants spark meaningful connections and convert online presence into sales results cocolife empowers sales agents through social spark training in davao cocolife held the davao leg of its social spark training on august 5 2025 a workshop crafted by the marketing and research department to empower sales agents and account executives to grow their personal brand and expand their client base through social media following the success of its manila launch in march the program continues to roll out across key cities with davao chosen for its strong and active agency sales force the session focused on practical strategies for content creation digital branding and online engagement the training was led by adie may c sasot aimee ingrid emmanuelle r mirasol and marvin john m man who shared valuable insights to help participants spark meaningful connections and convert online presence into sales results,https://www.facebook.com/sunstardavaonews/posts/pfbid02L3PogqPvABBGTpJCQ3uNfS8g5BSkbFsVE49nUWcojBGb3zuq9MnStb3Vv734o7tSl?__cft__[0]=AZX43GjCYYh-bK5oY8WZalLybMHX_u9eYRkCbPAuY0FprZ6qQ0X4dNiy1-1mMqgmaQGwy9MN9fOs4-crkoSUq4OyCOIMcP1LhJ-FRQhblvPgsE_HXgLMFikw7SQKF2FeY4x1h9sxEudMqrYXDWF8NzGagLgTfYDjmCxyPSSmdwTgg4ThnpYO8WxRzOMJ3sbFh1Y&__tn__=%2CO%2CP-R
Facebook,PHIVOLCS,2025-08-05 00:00:00,earthquake information no 1 date and time 05 august 2025 07 54 pm magnitude 1 7 depth 025 km location 07 74n 124 64e 006 km s 41 w of amai manabilang lanao del sur earthquake information no 1 date and time 05 august 2025 07 54 pm magnitude 1 7 depth 025 km location 07 74n 124 64e 006 km s 41 w of amai manabilang lanao del sur,https://www.facebook.com/PHIVOLCS/posts/pfbid0nfqxDRPxSCXJMGrEBpBPLmPjNegraih5wEzpFxFK5k7K8yWTvnuDBUqRVUAmHzNrl?__cft__[0]=AZWdIMddYH_R0PM8-MI2Wa-shznUJsqfuC7OfWJWTVpjbyg9tL0vkBt3IUxUfRfAw_v5tm7tpab5ntBLGk5doJfip-ZESF8pWRXRN1NyNwaVaF7HA4YF7t83OULwQaTXl1QRzgCd2WtUyi4_TiDNRmB54MU-eq5OPuRRvn2wnft-BNEecF8RDmXmV6CSdgW75t0&__tn__=%2CO%2CP-R
Facebook,jessie.dugos,2025-08-05 00:00:00,nasunog ang police station sa bontoc southern leyte karong adlawa agosto 5 2025 mag amping ta tanan kay grabe na gyud ang kainit sa panahon nasunog ang police station sa bontoc southern leyte karong adlawa agosto 5 2025 mag amping ta tanan kay grabe na gyud ang kainit sa panahon,https://www.facebook.com/jessie.dugos/posts/pfbid0jJU6NrB9aiVzdhYqg1VPNEQ25Wnb2gsrSvSiMC9Kd3xR5G8bvpkb1f7PdNgP9Ltwl?__cft__[0]=AZWlmadyCq4IUIJ6s1ULO6Ca1yd9vOIC7EX3plZdHxBCexZWsiKdnkBP5hBJ7Z4PLvIGvmZak26W-mepqKN4UkRNxmRwH7KB_buFXMin-eMk2UO9N5RJt1Se1wvvEEYp0oidV5IcJ7YB3w4OktlYE5SNPCY_VzKV8Z9wWcVu6SC76rEnAD9TbBClpZNAneSPqu4&__tn__=%2CO%2CP-R
Facebook,SunStar Davao,2025-08-03 00:00:00,aden yemen the death toll from a migrant boat capsizing off yemens coast has risen to 68 with 74 others still missing as search and rescue operations continue amid rough seas local officials said sunday aug 3 2025 aden yemen the death toll from a migrant boat capsizing off yemens coast has risen to 68 with 74 others still missing as search and rescue operations continue amid rough seas local officials said sunday aug 3 2025,https://www.facebook.com/sunstardavaonews/posts/pfbid0tJvqiQpxuBrEbBW5JAzq9ZsLEisFBG8anqXJNzgirxm7wAPB7WMqcMRDVgfZ87TYl?__cft__[0]=AZWsNZ22VHGgQRC_4qzVmdBWKi008DMZFhqQP-HR75yh6h6QEr_XhVJPOC9e3WgGbvEK3q4QdiiIAGuNQjAfprcUzzSeqJP2xou8-TBqbrs1Rzum4yG-1k4imNYnY_eiML36a1Cb9Y26T8iOCf-48aCrIg5Ir_D0m8qI6nKseA6tpe7rE3evsiAbTlp6WLCTWBc&__tn__=%2CO%2CP-R
Facebook,#firealert,2025-08-02 00:00:00,serious post right now we have a if you have friends that live in the canyons not all have great access there is an apparent fire somewhere in castro valley if you go to my news page under city services they might have posts already in the meantime here is a video from 580 from pleasanton going towards castro valley fire alert 580 freeway there is an active fire near palomares canyon off the 580 freeway due to heavy traffic congestion its unclear which side of the freeway is affected but please stay clear of the area to allow emergency crews access lets help our firefighters get in fast and contain this before it spreads if youre nearby avoid the area and stay safe ktvu fox 2 thank you misty for the information please keep us updated in the comments xoxo its possibly a car fire serious post right now we have a if you have friends that live in the canyons not all have great access there is an apparent fire somewhere in castro valley if you go to my news page under city services they might have posts already in the meantime here is a video from 580 from pleasanton going towards castro valley fire alert 580 freeway there is an active fire near palomares canyon off the 580 freeway due to heavy traffic congestion its unclear which side of the freeway is affected but please stay clear of the area to allow emergency crews access lets help our firefighters get in fast and contain this before it spreads if youre nearby avoid the area and stay safe ktvu fox 2 thank you misty for the information please keep us updated in the comments xoxo its possibly a car fire,https://www.facebook.com/hashtag/FireAlert
Facebook,#tsunamialert,2025-08-08 00:00:00,now arrival of the tsunami in japan expected wave trains of up to 3 meters high hit the east coast of japan nhk reports waves of up to 3 meters in hokkaido usgs 8 8 magnitude earthquake in russia aftershocks of 7 0 and 7 5 degrees ingat friends na naa sa japan and affected areas diri sa atoa video from oscar gomez now arrival of the tsunami in japan expected wave trains of up to 3 meters high hit the east coast of japan nhk reports waves of up to 3 meters in hokkaido usgs 8 8 magnitude earthquake in russia aftershocks of 7 0 and 7 5 degrees ingat friends na naa sa japan and affected areas diri sa atoa video from oscar gomez,https://www.facebook.com/hashtag/tsunamialert
Facebook,ABS-CBN,,naka monsoon break pa rin ang bansa at isang low pressure area ang mas makaaapekto sa panahon magpapaulan ang lpa sa malaking bahagi ng luzon at visayas sa paglapit at pagtawid nito sa lupa naka monsoon break pa rin ang bansa at isang low pressure area ang mas makaaapekto sa panahon magpapaulan ang lpa sa malaking bahagi ng luzon at visayas sa paglapit at pagtawid nito sa lupa,https://www.facebook.com/abscbnNEWS/
Facebook,PHIVOLCS,2025-08-05 00:00:00,earthquake information no 1 date and time 05 august 2025 08 25 pm magnitude 1 7 depth 035 km location 07 22n 123 46e 028 km s 12 e of tabina zamboanga del sur earthquake information no 1 date and time 05 august 2025 08 25 pm magnitude 1 7 depth 035 km location 07 22n 123 46e 028 km s 12 e of tabina zamboanga del sur,https://www.facebook.com/PHIVOLCS/posts/pfbid0dDB11DcEJgUiAv8aeGbS9SN53cJgDFm94kKk6Bak8MpRRYhrahbGt6JQgWyZTjo2l?__cft__[0]=AZXx2W2WWlEYbtyZH218zs_RjGB4pE9C1zYywd3Nk3L7bg8vKkHIaCDiPSww_7FDZsEJ2YmpDwdpwWXC_UQo1jJR_55C57snphBK8wJN8C7pzQ7OARXUOLNGFUF7K_g4wEPRZmZx09BeyMzUOARi2FE7-Bj2sUBauiQGjC0knrplYe-9a7nbM4WjcqMBQK7s2yY&__tn__=%2CO%2CP-R
Facebook,PHIVOLCS,2025-08-05 00:00:00,earthquake information no 1 date and time 05 august 2025 08 19 pm magnitude 1 4 depth 031 km location 16 56n 119 70e 028 km n 48 w of bolinao pangasinan earthquake information no 1 date and time 05 august 2025 08 19 pm magnitude 1 4 depth 031 km location 16 56n 119 70e 028 km n 48 w of bolinao pangasinan,https://www.facebook.com/PHIVOLCS/posts/pfbid02wDqFHoo2qhhT7csfnKaADgLFx2mtGmYZpPhovASjnFfMBonriwdqSvkvUk4x5Vsl?__cft__[0]=AZUM9gqUnZ69EweZDovAN63113JXxUSJyMjqaPl1Szp-5yIgYLsnjq5Sbwx0dq_RncrDYK-AZBw-fL58eVv0Bg7B9Pc1fV4hHENehNMcjDJADB4xab6kjZtF4XwmWzxP-0QBEb4G14OHsJvzHH3ogVGDG44P-DnvckJnKiAS02RT9fkOIocZ2FpdW2NjLWY5Q84&__tn__=%2CO%2CP-R
Facebook,civildefensedavao,2025-08-05 00:00:00,rainfall advisory no 2 weather system southwest monsoon habagat issued at 08 00 pm 05 august 2025 light to moderate rains are expected over baganga mangudadatu buluan pandag datupaglas paglat ampatuan datuhofferampatuan datuabdullahsangki gen s k pendatun datuunsay southupi shariffaguak mamasapano rajahbuayan sultansabarongis datusaudiampatuan guindulungan shariffsaydonamustapha datusalibo talayan datuanggalmidtimbang datupiang sanmiguel lianga barobo sanagustin cagayandeorocity gingoogcity sugbongcogon kinoguitan balingoan talisayan medina naawan initao libertad upi datublaht sinsuat datuodinsinsuat salvador lala baroy magsaysay tangcal tubod kolambugan maigo bacolod kapatagan maco newbataan nabunturan mawab cityofkoronadal banga tantangan norala santonino surallah presidentquirino cityoftacurong lambayong pitogo tabina dimataling dinas sanpablo dumalinao pagadiancity labangan tukuran aurora and within the next 2 3 hours moderate to heavy rains affecting tarragona manay caraga lupon cityofmati sanisidro governorgeneroso banaybanay pagalungan pagagawan lugait salay claveria lagonglong balingasag binuangan manticao talitay kabuntalan northernkabuntalan sultanmastura sultankudarat parang matanog barira buldon nunungan sapad pantaoragat munai pantar poonapiagapo matungao baloi linamon kauswagan tagoloan iligancity sultannagadimaporo pantukan maragusan mabini and which may persist within 2 3 hours and may affect nearby areas the public and the disaster risk reduction and management offices concerned are advised to monitor the weather condition and watch for the next warning to be issued at 11 00 pm today source mindanao prsd rainfall advisory no 2 weather system southwest monsoon habagat issued at 08 00 pm 05 august 2025 light to moderate rains are expected over baganga mangudadatu buluan pandag datupaglas paglat ampatuan datuhofferampatuan datuabdullahsangki gen s k pendatun datuunsay southupi shariffaguak mamasapano rajahbuayan sultansabarongis datusaudiampatuan guindulungan shariffsaydonamustapha datusalibo talayan datuanggalmidtimbang datupiang sanmiguel lianga barobo sanagustin cagayandeorocity gingoogcity sugbongcogon kinoguitan balingoan talisayan medina naawan initao libertad upi datublaht sinsuat datuodinsinsuat salvador lala baroy magsaysay tangcal tubod kolambugan maigo bacolod kapatagan maco newbataan nabunturan mawab cityofkoronadal banga tantangan norala santonino surallah presidentquirino cityoftacurong lambayong pitogo tabina dimataling dinas sanpablo dumalinao pagadiancity labangan tukuran aurora and within the next 2 3 hours moderate to heavy rains affecting tarragona manay caraga lupon cityofmati sanisidro governorgeneroso banaybanay pagalungan pagagawan lugait salay claveria lagonglong balingasag binuangan manticao talitay kabuntalan northernkabuntalan sultanmastura sultankudarat parang matanog barira buldon nunungan sapad pantaoragat munai pantar poonapiagapo matungao baloi linamon kauswagan tagoloan iligancity sultannagadimaporo pantukan maragusan mabini and which may persist within 2 3 hours and may affect nearby areas the public and the disaster risk reduction and management offices concerned are advised to monitor the weather condition and watch for the next warning to be issued at 11 00 pm today source mindanao prsd,https://www.facebook.com/civildefensedavao/posts/pfbid026cWQxeGNsEMnsutnwUZpHyGvAoJB5GcnunSi5E3riNt4xyWasAfW78tRAHi3qrQGl?__cft__[0]=AZXGMP7iASJRvPfbL3_4bW-50UwhsYtr5UgD0zC6UUaeEeBmyY8s0LpeeTP8TQT--UTQON_gkVbYvgbYDtKH3B468a7t_uqRxlLJx7ugFZwxUWYg4XUg2WaILfC595_QScEFo4Vz8zyzwajF6-RMKeBWPueO4LnLIbxLkJljun3jDKRz19lgfSkE9JmnBG6UrQw&__tn__=%2CO%2CP-R
Facebook,Manila Bulletin,,watch a 20 year old college student died of leptospirosis after days of wading through floodwaters to search for his missing father who was later discovered to have been detained without a warrant watch a 20 year old college student died of leptospirosis after days of wading through floodwaters to search for his missing father who was later discovered to have been detained without a warrant,https://www.facebook.com/ManilaBulletin/
Facebook,#rescueph,,my preselection for pitikan popping battle battler judges mendoza g mundov ian villanueva pj boogie my preselection for pitikan popping battle battler judges mendoza g mundov ian villanueva pj boogie,https://www.facebook.com/hashtag/RescuePH
Facebook,PHIVOLCS,2025-08-05 00:00:00,earthquake information no 1 date and time 05 august 2025 09 17 pm magnitude 1 7 depth 033 km location 10 24n 123 15e 009 km s 67 e of moises padilla negros occidental earthquake information no 1 date and time 05 august 2025 09 17 pm magnitude 1 7 depth 033 km location 10 24n 123 15e 009 km s 67 e of moises padilla negros occidental ramdam ko dto sa bahay taguig,https://www.facebook.com/PHIVOLCS/posts/pfbid0Cb9CtNLJnLLDyvNeWYVXgux4sTm1fwv3WMwE4ey5yRQwKTiyeGtnJxZ5ECQvQx9Nl?__cft__[0]=AZWAKlFTTHorrHqzjUzRn32sJFjNnfVmwwaOvKx6vYfKmg7VoCQ8jtRcnxVhyhxvgg4JMNbY0ibGyLvH2BmEoHVoyVyhBkkhkBvxpDoD-gYeVhClz0phge62sZqfyq311jw4AUbcYEDYP6ARVL5dxcnoeLxy8mQ9GFJwtVLjlf5-5C4qKADBr4g__ENZMLPNLmI&__tn__=%2CO%2CP-R
Facebook,SunStar Davao,2025-08-05 00:00:00,k9 dog under rehabilitation a belgian malinois k9 named kobe is undergoing a two to three month rehabilitation period with the animal kingdom foundation akf the foundation took custody of the police dog after photos of him looking emaciated went viral online and caused public concern on a facebook post on tuesday august 5 akf said they sent a formal request urging an investigation into kobe s condition and the welfare of all k9 units under government custody on august 4 the regional explosive and canine unit ncr visited akf to discuss kobe s condition they said kobe was recently relocated from taguig to manila had just finished refresher training and was newly paired with his handler who is a person with a disability officials added that kobe s lab results were normal his vaccinations were up to date and he was being fed properly while we thank the recu eod k9 and the mpd for their immediate response in reaching out we continue to call for an urgent and comprehensive review of the health and welfare of all working k9s in recognizing their indispensable and physically demanding role in protecting lives and detecting dangers the k9 heroes deserve better working condition and care the animal kingdom foundation said in a post via sunstar cebu animal kingdom foundation facebook k9 dog under rehabilitation a belgian malinois k9 named kobe is undergoing a two to three month rehabilitation period with the animal kingdom foundation akf the foundation took custody of the police dog after photos of him looking emaciated went viral online and caused public concern on a facebook post on tuesday august 5 akf said they sent a formal request urging an investigation into kobe s condition and the welfare of all k9 units under government custody on august 4 the regional explosive and canine unit ncr visited akf to discuss kobe s condition they said kobe was recently relocated from taguig to manila had just finished refresher training and was newly paired with his handler who is a person with a disability officials added that kobe s lab results were normal his vaccinations were up to date and he was being fed properly while we thank the recu eod k9 and the mpd for their immediate response in reaching out we continue to call for an urgent and comprehensive review of the health and welfare of all working k9s in recognizing their indispensable and physically demanding role in protecting lives and detecting dangers the k9 heroes deserve better working condition and care the animal kingdom foundation said in a post via sunstar cebu animal kingdom foundation facebook salute u akf,https://www.facebook.com/sunstardavaonews/posts/pfbid0dyZ4R9yYe8dYjfXuhUUVfQyNNxJrdjjBxZ2riGuRRsV3LkTrLvuLx9nySqef8Jfl?__cft__[0]=AZUGrxLAJ7HxtNAKJ-nTgBNTrr4MOmR8G4FlkKAa8vDnVxBNkzTX7c434DjAZjmu_f0ASOyCzRYaC9VQQJ--Ncmvn1-2r7NE0VtH_vI3tODGkrPWPzhPriqBWtxRgIVKJIXm8YzC5rn-H1vi1bk_cEXk2wj7EMRe6EIVaAfIA5JrovP3JSta35syCgy0aBC0h6E&__tn__=%2CO%2CP-R
Facebook,pangasinanyouthfordrrm,,pa help naman po need napo ng rescue nabakasan napo sila tatlo lang po sila sa isang bahay may kasama po silang 96 years old 62 years old at may sakit papo ung isa basang basa napo sila loc sa may plaza po ng don matias papasok po doon sa may malaking sampalok po pa help naman po need napo ng rescue nabakasan napo sila tatlo lang po sila sa isang bahay may kasama po silang 96 years old 62 years old at may sakit papo ung isa basang basa napo sila loc sa may plaza po ng don matias papasok po doon sa may malaking sampalok po pa help naman po need napo ng rescue nabakasan napo sila tatlo lang po sila sa isang bahay may kasama po silang 96 years old 62 years old at may sakit papo ung isa basang basa napo sila loc sa may plaza po ng don matias papasok po doon sa may malaking sampalok po,https://www.facebook.com/PangasinanYouthforDRRM/posts/pfbid02qsq1fLoz1qi12dkb1Wk9wRce6Mr7Xm51FQoAu1rDGMo4cfXHxfdkCVefCE4T8LjWl?__cft__[0]=AZWorAt0IsSAgH9Rbu7byCTvgL5-lVUbNlW172-lOVoI0ztIGpuMgEkpCo3Yb2P7bMHl4orvAk59HJYqAszKqIQsIlSggz3erk9qkMFUY20B9R-AS0b8fNT9erAjAIngJGX1PB21gkioHzK-P4L2mjWldi47gBZ5R5ejdlbMFS20lUXFJNIh4RMNhCxQZhDKg198bljc1Sa4ALAcIPuXaUs_fJGDxTZDEnZRMPDH6ukDMA&__tn__=%2CO%2CP-R
Facebook,ABS-CBN,2025-08-05 00:00:00,the low pressure area over the philippine sea was spotted 715 km east of infanta quezon at 8 p m tuesday august 5 its potential for tropical cyclone development in the next 24 hours remains low according to pagasa via ariel rojas abs cbn news the low pressure area over the philippine sea was spotted 715 km east of infanta quezon at 8 p m tuesday august 5 its potential for tropical cyclone development in the next 24 hours remains low according to pagasa via ariel rojas abs cbn news,https://www.facebook.com/abscbnNEWS/posts/pfbid09Dz1pCd3ndTutc8SumuSRYyHxQA5mgWd2SGCaWjYpc5z7XZr8qhLSdzqUnP9WpxLl?__cft__[0]=AZWJBiEkniQaC32hUSxP6lGLC--WGtJDVo11hBcZ27fRrfgy1qg1d08zIQU329PXupkMqUP4Dda7FQwibO3yaXIaYFqhIS9x26NwbxMGZaWcWdGMJIxWlFEKHZ74y_Kkb0lZpX6D6FMfVLCoUCzGZUvnpn5GODMh6Hs6cT30DTo9alIay5X0yptLREFl0FE2FeM&__tn__=%2CO%2CP-R
Facebook,PHIVOLCS,2025-08-05 00:00:00,earthquake information no 1 date and time 05 august 2025 09 42 pm magnitude 2 0 depth 001 km location 13 71n 122 85e 014 km s 26 e of ragay camarines sur earthquake information no 1 date and time 05 august 2025 09 42 pm magnitude 2 0 depth 001 km location 13 71n 122 85e 014 km s 26 e of ragay camarines sur ano po kaya dahilan at sunodsunod ang lindol,https://www.facebook.com/PHIVOLCS/posts/pfbid02p6QZaeiWguoMT2sNxVb4TNH8bjQLnLaCieNbeW184f9RRdAQK1HkdcrLhR391Xubl?__cft__[0]=AZUEfY_aSMD-MQ3ScjNdpPtqJEdkeCID4JH0wouh-RCDrSrXq4-CbLyPpo765SiHrZcvdUo7ykrSCO9WajgahQOBiDBoT69oi5Z6vjshwDoCO1bXRSZsOty30ueCcSANXF3BHrQUHjSF-PwAgHOqnge9BVIz-Ej7MxA6M8vT8KzT3YG9MZ3yIjmkKzuMlrrDglU&__tn__=%2CO%2CP-R
Facebook,belkissmaribel.medinacastillo,,impacto del tsunami con olas de 4 metros las imagenes del primer impacto han comenzado a circular en redes sociales las tomas aereas muestran la devastacion en el puerto de severo kurilsk tras la enorme ola tambien en hawai y otras zonas costeras afectadas en el oceano pacifico impacto del tsunami con olas de 4 metros las imagenes del primer impacto han comenzado a circular en redes sociales las tomas aereas muestran la devastacion en el puerto de severo kurilsk tras la enorme ola tambien en hawai y otras zonas costeras afectadas en el oceano pacifico,https://www.facebook.com/belkissmaribel.medinacastillo/posts/pfbid09AGbvqgWYRQLAfzH82u6UCugxBVjaVXmPRL3NuA2kYNxEUGKtXTwJpp5LZxoNagKl?__cft__[0]=AZW9uRtrMwVs8Zcb-agac21fuz-Z8px7Pf5FT6W-DhBlqvEIHzsmZOIEEZajV13035A9_SsC_5HaXIeFtXbor4d_TX3QNAP0xJfILjHAmiwLpYC2IBJ5FlAS062six6rc7zKh51lAehOJ0CZQ31Rcn5nNgu3865NmHkSKbkxVNT5dA&__tn__=%2CO%2CP-R
Facebook,SunStar Davao,2025-08-03 00:00:00,damascus deadly clashes erupted in syrias southern province of sweida as outlawed groups violated a recently brokered ceasefire syrian state media reported on sunday aug 3 2025 citing a security source damascus deadly clashes erupted in syrias southern province of sweida as outlawed groups violated a recently brokered ceasefire syrian state media reported on sunday aug 3 2025 citing a security source,https://www.facebook.com/sunstardavaonews/posts/pfbid0CqtJ8VanGquo5Y1r98dNYzpsdMcGtsPhWhgAjxgqVUCdZRcXg1smn5t3SikVjq8al?__cft__[0]=AZU8-JVdFceHBv0qkZ7myVawY2y6W4Wl0OhP2RW2a5K9hYcjp9ca-EFap3h9foP9o_mcF-9l5Yse1_rdgXUePhMbrj5Vb0EGN7aVR4rR5XMVe_YVM3BbDI1CKJV1BpHX9gh2NspO6_3PbOSdO9NxH-gl8nrapDKAg92UHcqZvlLK6EBmahx5RkDyUPbtPPk-Ves&__tn__=%2CO%2CP-R
Facebook,mprsdcdo,2025-08-05 00:00:00,rainfall advisory no 2 amendment weather system southwest monsoon habagat issued at 09 30 pm 05 august 2025 light to moderate rains are expected over baganga sanmiguel tagbina salay lagonglong balingasag binuangan naawan initao libertad opol cityofelsalvador alubijid laguindingan gitagum salvador lala baroy magsaysay tangcal tubod kolambugan maigo bacolod kapatagan carmen cityofpanabo braulioe dujali cityoftagum santotomas newcorella asuncion sanisidro talaingod kapalong maco newbataan nabunturan mawab vincenzoa sagun margosatubig sanmiguel lapuyan guipos kumalarang tigbao labangan tukuran lakewood bayog aurora ramonmagsaysay sominot midsalip tambulig mahayag dumingag molave josefina sibuco sirawai siocon bonifacio tangubcity ozamiscity wao lumbayanague masiu poonabayabao lumbabayabao bumbaran tamparan taraka madamba bacolodkalawi mulondo tugaya balindong madalum buadiposobuntong marantao maguing ditsaanramain bubong piagapo marawicity saguiaran kapai tagoloanii damulog kibawe kadingilan dangcagan kitaotao doncarlos quezon maramag kalilangan pangantucan sanfernando cityofvalencia cabanglasan lantapan cityofmalaybalay impasugong sumilao carmen buenavista nasipit butuancity sibagat cityofbayugan talacogon sanluis rosario tulunan makilala m lang cityofkidapawan magpet kabacan antipas matalam presidentroxas and arakan within the next 2 3 hours moderate to heavy rains affecting tarragona manay caraga lupon cityofmati sanisidro governorgeneroso banaybanay lianga barobo sanagustin lugait cagayandeorocity claveria manticao tagoloan jasaan villanueva nunungan sapad pantaoragat munai pantar poonapiagapo matungao baloi linamon kauswagan tagoloan iligancity sultannagadimaporo cityofsamal pantukan maragusan mabini tabina pitogo dimataling dinas sanpablo pagadiancity dumalinao kapatagan balabagan marogong malabang picong lumbacaunayan calanogas sultandumalondong tubaran butig lumbatan bayang pagayawan binidayan ganassi pualas talakag baungon libona manolofortich malitbog prosperidad sanfrancisco pikit midsayap aleosan libungan pigkawayan carmen banisilan alamada and which may persist within 2 3 hours and may affect nearby areas the public and the disaster risk reduction and management offices concerned are advised to monitor the weather condition and watch for the next warning to be issued at 11 00 pm today rainfall advisory no 2 amendment weather system southwest monsoon habagat issued at 09 30 pm 05 august 2025 light to moderate rains are expected over baganga sanmiguel tagbina salay lagonglong balingasag binuangan naawan initao libertad opol cityofelsalvador alubijid laguindingan gitagum salvador lala baroy magsaysay tangcal tubod kolambugan maigo bacolod kapatagan carmen cityofpanabo braulioe dujali cityoftagum santotomas newcorella asuncion sanisidro talaingod kapalong maco newbataan nabunturan mawab vincenzoa sagun margosatubig sanmiguel lapuyan guipos kumalarang tigbao labangan tukuran lakewood bayog aurora ramonmagsaysay sominot midsalip tambulig mahayag dumingag molave josefina sibuco sirawai siocon bonifacio tangubcity ozamiscity wao lumbayanague masiu poonabayabao lumbabayabao bumbaran tamparan taraka madamba bacolodkalawi mulondo tugaya balindong madalum buadiposobuntong marantao maguing ditsaanramain bubong piagapo marawicity saguiaran kapai tagoloanii damulog kibawe kadingilan dangcagan kitaotao doncarlos quezon maramag kalilangan pangantucan sanfernando cityofvalencia cabanglasan lantapan cityofmalaybalay impasugong sumilao carmen buenavista nasipit butuancity sibagat cityofbayugan talacogon sanluis rosario tulunan makilala m lang cityofkidapawan magpet kabacan antipas matalam presidentroxas and arakan within the next 2 3 hours moderate to heavy rains affecting tarragona manay caraga lupon cit,https://www.facebook.com/mprsdcdo/posts/pfbid0EJddBmFtgqWtMoC7hpMmg9a3romWo3LNSSExcYq53VVYEScKXQeYDMC1BBCdHpBQl?__cft__[0]=AZXjyyVJtiyIGJmTATAASZ7C0PZz4AvPloT9H06jr_UrZqpI2mdiIaiNPTUwQImbJLGr7JObRX5pfYTo6gIZoIzFaAudZRTQttpiDYJREKVmRrPfS_lgvYIGZJsKW6OZCbl2VqBQs7V5n17YEWsWUiDjXcLMOKy8CnMGRN7KO17GcWxC62fwU_UxxflvRAw6_LA&__tn__=%2CO%2CP-R
Facebook,PHIVOLCS,2025-08-05 00:00:00,earthquake information no 1 date and time 05 august 2025 10 25 pm magnitude 2 3 depth 124 km location 15 79n 120 34e 004 km s 21 e of urbiztondo pangasinan earthquake information no 1 date and time 05 august 2025 10 25 pm magnitude 2 3 depth 124 km location 15 79n 120 34e 004 km s 21 e of urbiztondo pangasinan,https://www.facebook.com/PHIVOLCS/posts/pfbid02qL3mGNBZrsvCuaHxP1Lmw1jpoSHhXoKv7z6TEZ4Le5hvwW2uyWmd376doaNyaSqgl?__cft__[0]=AZUQqwLyi9vNPYMu7ms15nkCjfjYU2R-UVc0at-skpV4VHoZx_GRjBNVrAyEn38DqMVu502tVze-Q7D9DgroqIl0Ehx_tjM7B_oIG8nLYZgYQLEqeOKt-g4Lsqpv_TQ-TQR0MxrlBBZl7Ibd9AS7pph0GlFw32hBlcW-3Z8I9Qv1NS04eagac3PmgcQ6YJHAje4&__tn__=%2CO%2CP-R
Facebook,PHIVOLCS,2025-08-05 00:00:00,earthquake information no 1 date and time 05 august 2025 10 53 pm magnitude 2 5 depth 010 km location 15 04n 122 05e 023 km n 22 e of burdeos quezon earthquake information no 1 date and time 05 august 2025 10 53 pm magnitude 2 5 depth 010 km location 15 04n 122 05e 023 km n 22 e of burdeos quezon hnd yn totoo god save the philippines,https://www.facebook.com/PHIVOLCS/posts/pfbid02C7Wa8dr4dmRKH7LwTkM9q5ywy5g6cibvJfRX45iKmNRchrayD4Efbup1J8G5C84al?__cft__[0]=AZUB3oYPKU54CiLxinFX1miR-3Uxe7_lHgndy-cnngYwNHrzgYhZaa37y1wRN96qohtEKfOjlvdyjIpQveYBzg498Wi5izuvLCV7BlvtonR_JJKpEvQf5Ce2g1hP0CFMd396x5WHygl7j8UjZB3LR6Gww3qc3BaDupJO4LWqhio7z-omEW43rQnnvsph0nSRAqk&__tn__=%2CO%2CP-R
Facebook,PAGASA,,divine interventions cover us your precious blood ang water save us global warming climate change no floods heavy rains and flash floods,https://www.facebook.com/PAGASA.DOST.GOV.PH/posts/pfbid02473H4gxaH5JCHmM86pAc3eUizvFBgvdQmfZQSBMEQpbTebmbGs5H1kEJfz2QfTLql?comment_id=1659043658126905&__cft__[0]=AZXYgeqTvNvmLWU5mMGBiRSpnjeDViji-e4f_eK-MuLC8tzcCXxPAZUpqoTojGr0rFuBCG42lO3lXA4H4a7MgEGHaDdLRGKAZvcE29xx7Oh9Twf_uhxUpX6xeBSlvjyVwNkjKaH404szk5YVBCMmU9Wo3Y3B9iwRlP77rDA7abm8CAboNOPDTE8Zo63PffBx9nE&__tn__=R-R
Facebook,PHIVOLCS,2025-08-05 00:00:00,earthquake information no 1 date and time 05 august 2025 10 57 pm magnitude 2 3 depth 019 km location 15 96n 119 95e 008 km s 69 e of dasol pangasinan earthquake information no 1 date and time 05 august 2025 10 57 pm magnitude 2 3 depth 019 km location 15 96n 119 95e 008 km s 69 e of dasol pangasinan,https://www.facebook.com/PHIVOLCS/posts/pfbid032CC3UzeGPjPkueJzoUxzTwRYDT18M9re1vfyPknGMUUeszDuwU8Bk6Yt6VFr3yzNl?__cft__[0]=AZU9gEyfO6Sk8_yzJrpOhoUKXaDVpbNssfkpLnPQ2kmhd6eoOJFoPAmFqNIV9kjPm5QDpCoG1TsLImyWAXQ-H5mtMYhbsnep88LXTrEWbpU4xoOWecjZ3jDB1MLNOOy5VNVDhRGiTRNh5pfRCFQR_XqHz3wqGtjbzL-uWwoLw0IcpTg1cpyBUZMQyZhVGtdNUE8&__tn__=%2CO%2CP-R
Facebook,Inquirer.net,2025-08-06 00:00:00,dpwh claims that 6 solons got p800 b flood control funds are lies dpwh claims that 6 solons got p800 b flood control funds are lies pangalanan na yan,https://www.facebook.com/inquirerdotnet/posts/pfbid0qsHQDYwGoZzgNze4KACxotbSexyzfA7KXiCKd3hfiXWTbVwkit3HnycnwGZUVwiRl?__cft__[0]=AZWKfiiNRYDyOfO47efdJA9_lTPERyWrDcYvB8iF4nYyYXVj-04Gym5xTviDz9WqAICZUCaHAR_ax1hjDhRDD-Xhw070KZPftJU1ROSs7dTmX3iVRstRIqh9BPNQJcMQkD0bt0tJFac8xZQKIRL36bv_CJyIGzgJH0pnrNJvgTU-CdqdrVR_fV4BWaGy9sBsJcE&__tn__=%2CO%2CP-R
Facebook,PHIVOLCS,2025-08-05 00:00:00,earthquake information no 1 date and time 05 august 2025 11 32 pm magnitude 2 1 depth 031 km location 07 91n 122 54e 001 km s 81 e of kalawit zamboanga del norte earthquake information no 1 date and time 05 august 2025 11 32 pm magnitude 2 1 depth 031 km location 07 91n 122 54e 001 km s 81 e of kalawit zamboanga del norte,https://www.facebook.com/PHIVOLCS/posts/pfbid0259m5uNbGTB4Sea7K4XCG85aFXTDjpYJuPnCKakXZh7pQ3UjimrLt5QQQ3nRhHMQol?__cft__[0]=AZW74UK9DnrPysaR2ig3z-zxnv2gVeKOjHap4LfK8NEh1jfCFppuNQIXESdTZeZaC-65ZtGcIuK0Aa6hRaKi95uf88y-9PDN21w0DHyozotI_Eg82UA3E3xuCqoWZo2hijkhNepzIDFwMZLSLqRlwtn8soPNUWaxJnq2veXLS0eowLWHIia9FgkLS_j2mPajMQU&__tn__=%2CO%2CP-R
Facebook,ABS-CBN,,cctv patrol gurong nagdarasal sa simbahan tinangayan ng gamit cctv patrol gurong nagdarasal sa simbahan tinangayan ng gamit ambot sayo,https://www.facebook.com/abscbnNEWS/
Facebook,stormchasersph,,unti unti nang mababawasan ang matinding init ng panahon simula bukas dahil sa paglapit ng lpa sa na inaasahang magdadala ng kalat kalat na mga pag ulan o thunderstorms unti unti nang mababawasan ang matinding init ng panahon simula bukas dahil sa paglapit ng lpa sa na inaasahang magdadala ng kalat kalat na mga pag ulan o thunderstorms thank god my grandson plus his classmates are finally coming home after their ucla archaeology projects been gone for two months have a safe flight home god bless them all,https://www.facebook.com/stormchasersPH/posts/pfbid037UxmnHhCBTeREZBg2G52k3Sh7e1bbMdccBDhEq8p7JHzyqMTgv1xA4AZpHrnYzghl?__cft__[0]=AZWWedy5gcAQPxbPOqsoYrx8L-hICJ0md8kixLvMVKiEVU4MYIN6e5VrcRlyJBSp_rc80UgBszIS503P-rh0HKgojICbuffvHeFRL68aEggDaQfeUqIYt4TVlpvxvXmCyq5onOo6kca65ayfIbvBuItJ84EOEJQC4PHn8xk3434E6GamQXHgXDjBixZKm71F6mg&__tn__=%2CO%2CP-R
Facebook,PHIVOLCS,2025-08-05 00:00:00,earthquake information no 1 date and time 05 august 2025 11 59 pm magnitude 2 5 depth 010 km location 15 72n 121 84e 029 km s 82 e of baler aurora earthquake information no 1 date and time 05 august 2025 11 59 pm magnitude 2 5 depth 010 km location 15 72n 121 84e 029 km s 82 e of baler aurora,https://www.facebook.com/PHIVOLCS/posts/pfbid0UVRPEfRw2WjGfgtJVNy79ERnU1eoygkAuQsXupN1WuiWqvPe4StLokTWPpCYhYtDl?__cft__[0]=AZVEup0Svp0ZumuVb-AG2jEBhH6xIlPfLmUu79A6pTxaxube-2qOsWvA4mVBipgj8wBp770NytU7VhWkplWdir98UB4jnt4a3SswDn-S9NO4Nd9UWCVRz_NvwZ6v6lgafftzDBu4nMI0oK5B-oH5NwUcQpErJ5kVWzj7WAYXzFLuJCfg3k0lhMiXoaWbEad6pKg&__tn__=%2CO%2CP-R
Facebook,#firealert,,breaking a man was reportedly seen shooting during the fire outbreak at madina redco its still unclear what triggered the gunshots but residents were left in fear as flames and chaos filled the area authorities are yet to release an official statement stay tuned for more updates as the story develops breaking a man was reportedly seen shooting during the fire outbreak at madina redco its still unclear what triggered the gunshots but residents were left in fear as flames and chaos filled the area authorities are yet to release an official statement stay tuned for more updates as the story develops,https://www.facebook.com/hashtag/FireAlert
X,phivolcs_dost,2025-08-05 05:51:00,earthquake information no 1 date and time 05 august 2025 05 43 am magnitude 2 9 depth 031 km location 13 45n 120 30e 018 km n 77 w of paluan occidental mindoro,https://x.com/phivolcs_dost/status/1952487703775449459
X,phivolcs_dost,2025-08-05 05:12:00,earthquake information no 1 date and time 05 august 2025 05 01 am magnitude 2 4 depth 032 km location 09 23n 121 91e 074 km s 56 w of hinoba an negros occidental,https://x.com/phivolcs_dost/status/1952477853951631846
Facebook,Philstar News,,filipinos trust in the house of representatives now exceeds that of the senate with a new survey showing the lower chamber earning a majority of public trust while confidence in the senate lags below 50 filipinos trust in the house of representatives now exceeds that of the senate with a new survey showing the lower chamber earning a majority of public trust while confidence in the senate lags below 50 magkano sa bagay ang malalaking contractor sa flood control ay taga house kaya kahit magbayad ng malaki mapalabas lang na may tiwala ang taong bayan sa kanila ay no problema trillion pa naman ang project na duman sa kanila hayyyzzz,https://www.facebook.com/philstarnews/posts/pfbid09C1yVKQ1EjnrUe2Mf5aVwbYBcBU2tfrYeryBeAcikTjZyFSsKEvwwDV87srgEijsl?__cft__[0]=AZX7inzEjYy5QSM3fU8C4AGSQfJYUThOO_zeHJGQ2QoVXrw5WssHbj6ZMmTvInJS26Vcok-xngh3NpL9nMhaG8ZMZyGO2zfKCCOrLAxlmFLhbN57Mty6XrFmhGXhegnyJFy89eaT9PsKkwJ1_CWWm_5m8EUi-IXoK65qfyYH3_zU9jbkha2KQ-OgjbVvs4aGkZo&__tn__=%2CO%2CP-R
Facebook,stormchasersph,,unti unti nang mababawasan ang matinding init ng panahon simula bukas dahil sa paglapit ng lpa sa na inaasahang magdadala ng kalat kalat na mga pag ulan o thunderstorms unti unti nang mababawasan ang matinding init ng panahon simula bukas dahil sa paglapit ng lpa sa na inaasahang magdadala ng kalat kalat na mga pag ulan o thunderstorms amen lord sna po malusaw n lng po wag nyo po kami pababayaan,https://www.facebook.com/stormchasersPH/posts/pfbid037UxmnHhCBTeREZBg2G52k3Sh7e1bbMdccBDhEq8p7JHzyqMTgv1xA4AZpHrnYzghl?__cft__[0]=AZVGwqh5-5P1eqmwNLDEf8hbTju_bbDUFwYBc2zoKbJqfc1wWOTDTweMkfLi7qwxDULYC9yyAodIdlIl_MGHu096pb7W4qJ1gK90BuctUjMu8qiCsSm1AfvhckBQNbX_9wJ4N9X7voyCSXAlQeG2vVQF412bF9FkPaJCmoL8ITS08a1fhY8y60wLYcZrUp572sg&__tn__=%2CO%2CP-R
Facebook,#earthquakealert,,preservation of life clients and employees lamang ang may alam preservation of life clients and employees lamang ang may alam,https://www.facebook.com/hashtag/EarthquakeAlert
Facebook,davaocityresponder,2025-07-13 00:00:00,a landslide occurred at 12 30 am in san ramon san ricardo southern leyte on july 13 2025 resulting in one person missing and one injured the incident took place in barangay san ramon a village located 40 kilometers from the town proper according to reports the landslide was triggered by prolonged heavy rains the missing person was identified as dador moscosa a foreman for 888 acy construction the company working on a viaduct project in the area ctto a landslide occurred at 12 30 am in san ramon san ricardo southern leyte on july 13 2025 resulting in one person missing and one injured the incident took place in barangay san ramon a village located 40 kilometers from the town proper according to reports the landslide was triggered by prolonged heavy rains the missing person was identified as dador moscosa a foreman for 888 acy construction the company working on a viaduct project in the area ctto,https://www.facebook.com/DavaoCityResponder/posts/pfbid02vERz67WhLSUozbMrMaT77pmvQiLNcK6eHrtb7AWQKuRoyRQ5Mwvbx7b6Mj774TnNl?__cft__[0]=AZV0bBonQ8HE1VAZ1bxi230CSFcVA9OVIS7eefAXgJKPNSJ9dROwmtMHw9HbM-v266TVvaRfm-98R2r8ya-rU1r0WqRhz2ZNyJKo2i9FQ2eEVu06sLHmj3U34Y7aDAEo-2Zbe9z02WTufcq0IYSXTVSvvc2_Ng0aaYRhhtWlh1cSa4ieboChvY2ScH833IkeufE&__tn__=%2CO%2CP-R
Facebook,Manila Bulletin,,with floods droughts and heatwaves becoming more frequent the department of environment and natural resources denr urged private companies to help restore the countrys forests which serve as lifelines that protect millions of filipinos from the worst effects of climate change with floods droughts and heatwaves becoming more frequent the department of environment and natural resources denr urged private companies to help restore the countrys forests which serve as lifelines that protect millions of filipinos from the worst effects of climate change,https://www.facebook.com/ManilaBulletin/posts/pfbid02DWYYB1rqVBq5erkPnMk8RcSFNb62y357Ws291ceMZYcJoLjkugijJRQRYHgnDrZsl?__cft__[0]=AZX7TdK7eyN_4J7uiK-NJ8lQbzWEYm94LfVE-pm38d_Kq-lXRW71pimrONkkkxprB9SI-Syyng6gdm_1OCgxw7KUDxuxE_CZHLKq8HOYYIJlzV7N0in8RfVgAsueif8V91DFHemG55N7B9roGGpqtYvYiXDuwuutujARZPT4ig6hdPI3rWUQviKvp_Tptd1-YzU&__tn__=%2CO%2CP-R
Facebook,PHIVOLCS,2025-08-06 00:00:00,earthquake information no 1 date and time 06 august 2025 12 26 am magnitude 1 7 depth 030 km location 07 06n 123 74e 031 km s 89 w of datu blah t sinsuat maguindanao del norte earthquake information no 1 date and time 06 august 2025 12 26 am magnitude 1 7 depth 030 km location 07 06n 123 74e 031 km s 89 w of datu blah t sinsuat maguindanao del norte,https://www.facebook.com/PHIVOLCS/posts/pfbid02yVoTsYDu8EhcrQevReWwr9Cy6giA5ZDmQgKt6ML5ZgsZARb6MG5XtqzfRY9fTv4rl?__cft__[0]=AZU_S2Xp505bArN1aWGGORmGzdyBUvLP1tsU1XkWPen-D2TTkkCATO7j0ItlZRpO0zgU6AYkhrUlAhXaXma-O6NAPaNusRVcMAzN13lweLpgSuBbAOxKYjYUTARn0-Y3AFnvpGaUKteC-vVeDiFDvvKPqfW0qY10akgkaqkA0HHQtMQ2RKMwbHZQW71kTzigbHQ&__tn__=%2CO%2CP-R
Facebook,mprsdcdo,2025-08-05 00:00:00,rainfall advisory no 3 weather system southwest monsoon habagat issued at 11 00 pm 05 august 2025 light to moderate rains are expected over sanisidro cityofmati tarragona banaybanay lupon manay lugait manticao naawan initao libertad gitagum laguindingan alubijid tagoloan villanueva jasaan claveria balingasag magsaysay gingoogcity talakag pangantucan kalilangan libona baungon manolofortich malitbog sumilao tago bayabas cagwait marihatag lianga sanagustin sanmiguel hinatuan barobo tagbina cityofbayugan talacogon sanluis prosperidad sanfrancisco generalsantoscity tupi polomolok banguingui alicia malangas payao imelda buug diplahan siay kumalarang tigbao pagadiancity lakewood lapuyan bayog sanmiguel guipos dumalinao labangan tukuran sultannagadimaporo iligancity picong malabang balabagan kapatagan lumbabayabao butig bumbaran wao matanog barira buldon northernkabuntalan kabuntalan talitay pigkawayan datuanggalmidtimbang southupi talayan plaridel lopezjaena oroquietacity aloran panaon jimenez sinacaban tudela clarin ozamiscity tangubcity siocon sibuco sirawai baliguian butuancity buenavista carmen nasipit cagdianao dinagat sanjose and basilisa within the next 2 3 hours moderate to heavy rains affecting columbio tampakan cityofsamal cityofelsalvador opol cagayandeorocity talusan olutanga mabuhay pitogo tabina dimataling vincenzoa sagun margosatubig dinas sanpablo sultankudarat datuodinsinsuat datublaht sinsuat upi sultanmastura and parang which may persist within 2 3 hours and may affect nearby areas the public and the disaster risk reduction and management offices concerned are advised to monitor the weather condition and watch for the next warning to be issued at 02 00 am tomorrow rainfall advisory no 3 weather system southwest monsoon habagat issued at 11 00 pm 05 august 2025 light to moderate rains are expected over sanisidro cityofmati tarragona banaybanay lupon manay lugait manticao naawan initao libertad gitagum laguindingan alubijid tagoloan villanueva jasaan claveria balingasag magsaysay gingoogcity talakag pangantucan kalilangan libona baungon manolofortich malitbog sumilao tago bayabas cagwait marihatag lianga sanagustin sanmiguel hinatuan barobo tagbina cityofbayugan talacogon sanluis prosperidad sanfrancisco generalsantoscity tupi polomolok banguingui alicia malangas payao imelda buug diplahan siay kumalarang tigbao pagadiancity lakewood lapuyan bayog sanmiguel guipos dumalinao labangan tukuran sultannagadimaporo iligancity picong malabang balabagan kapatagan lumbabayabao butig bumbaran wao matanog barira buldon northernkabuntalan kabuntalan talitay pigkawayan datuanggalmidtimbang southupi talayan plaridel lopezjaena oroquietacity aloran panaon jimenez sinacaban tudela clarin ozamiscity tangubcity siocon sibuco sirawai baliguian butuancity buenavista carmen nasipit cagdianao dinagat sanjose and basilisa within the next 2 3 hours moderate to heavy rains affecting columbio tampakan cityofsamal cityofelsalvador opol cagayandeorocity talusan olutanga mabuhay pitogo tabina dimataling vincenzoa sagun margosatubig dinas sanpablo sultankudarat datuodinsinsuat datublaht sinsuat upi sultanmastura and parang which may persist within 2 3 hours and may affect nearby areas the public and the disaster risk reduction and management offices concerned are advised to monitor the weather condition and watch for the next warning to be issued at 02 00 am tomorrow,https://www.facebook.com/mprsdcdo/posts/pfbid02b57L6zyC5pF7YByrj2rKAwebf1HiPVAvH9eC5cqyCQGKF3jULAdqPcBPncRK6uYnl?__cft__[0]=AZWNKMoZAGfH0ykiAiJ0CGttpLTLxYMqdcrqQWmra4Q9Z84p3QOD0mD8nburWLZOUrr4rT3AitxMKW6Xc_nGo4sJo-SwXeOituJghIPBp-C-RFthOrCfSGyh3B8myXVhISOeyoqkyZIhTGeE8p-zZi8MfM_Hs4zinm5rS9B9LeuaeBiURq_OknYFov7CNbPRWsc&__tn__=%2CO%2CP-R
Facebook,ABS-CBN,2025-05-02 00:00:00,donald trump made an unexpected appearance tuesday on a white house rooftop and joked about installing nuclear missiles at a time of escalating tensions with russia donald trump made an unexpected appearance tuesday on a white house rooftop and joked about installing nuclear missiles at a time of escalating tensions with russia verily allah will raise the temperature of the planet saqar to create tactical fiery war tornadoes greater than what happened in los angeles o the most evil of creatures donald trump in fact you are evil and very bad consequences for the united states of america which trump the most evil of creatures has brought into the fiery age not the golden age and you will know the catastrophe of colliding winter and summer in your upcoming summer o donald trump indeed the united states of america will collapse in the worst way as a punishment for them because of choosing the most evil of creatures donald trump even though they know that he is an enemy of allah lord of the worlds and an enemy of humanity among the worlds along his host benjamin netanyahu the greatest criminal in the blessed land who transgressed there in being oppressive tyrant and rose to great heights surely you are not the savior of the children of israel in fact he is the cause of their destruction and they were supposed to save themselves from the enemy of allah and the enemy of the peaceful ones among them rather benjamin the stinking yahu is also the cause of evil and disaster for the children of israel so woe then woe to those who take the enemies of allah among the worlds as allies instead of allah even though they know that trump and the criminal benjamin are enemies of allah his religion of islam and his book the quran so whoever takes the enemies of allah instead of allah as allies upon him is the curse of allah his angels and the curse of the humanitarian people among the worlds upon trump and benjamin the leaders of the criminals and their allies heart and soul but allah knows best what is in the souls of the worlds indeed my lord encompasses the criminals and he is the best of helpers and you will soon know that the good end is for the dutiful righteous and that the earth belongs to allah and he bequeaths it to his righteous servants indeed in this is a message for a people who worship allah confirming with the word of allah the most high al anbyaa 21 105 106 confirming with the word of allah the most high al fatt h 48 28 confirming with the word of allah the most high al tawba 9 32 33 and confirming with the word of allah the most high al nour 24 55 peace be upon the messengers and praise be to allah lord of the worlds enemy of satans of jinn and mankind khalifa of allah over the worlds imam mahdi nasser mohammad al yemeni imam mahdi nasser mohammad al yemeni 04 dhul qa dah 1446 ah may 02 2025 ad 07 38 am according to the official time of mecca mother of towns to read the full statement click on the link below or visit the bushra islamic and great news forums _____________ 375257,https://www.facebook.com/abscbnNEWS/posts/pfbid02vxUeU95vksWQDyFRE19kh2fpLe4TChw3Xsz28zjRYiouNsqZNfe763Y9dc3bHxTAl?__cft__[0]=AZW7ZSn8cHCPa8tpZaI8Det5FPYUxbV3iNFjJ85Id7wYCWz5nFCFUYbRH34I65F6YeUJvB0wvWJ9XbUBHZMBoxBW9y1QqrGfEISVkSP9Fhnhh3nUosAKetG_sct9L0PG1js9JMWf3bpQVYkBHVujHuP3T0kSvqXKVvz80fClcjWAjoGv4AeeOxZkgULuHpf0Pvs&__tn__=%2CO%2CP-R
Facebook,Manila Bulletin,,senator erwin tulfo wants an investigation conducted into waterways being clogged by structures that contribute to the recurring and massive floodings in the country senator erwin tulfo wants an investigation conducted into waterways being clogged by structures that contribute to the recurring and massive floodings in the country,https://www.facebook.com/ManilaBulletin/posts/pfbid02ErX9VijvLdnkUT2SznTnyhH1hcuAsDh2BbQMBwL1sWj4gVBTZy9xXRe7ZHoKPxWbl?__cft__[0]=AZUOsVFzNQo4pPcpGjDtpGME6YNmQvWfBoIwOQNFEQazuDWmC50WTzSud_rRoUwdBRk37QOSPGl7tONpH9dVkHLIo4hF5BfCzR1rq6uFQnEiBmF3x8sFbQGvfSHht289Ki5_6hfNnLFXyGyOFKg2eo3ng4oDRZPVnQij-Grq0TD33jhTyOAbu9fxHarZhnr1b-Q&__tn__=%2CO%2CP-R
Facebook,PHIVOLCS,2025-08-06 00:00:00,earthquake information no 1 date and time 06 august 2025 02 16 am magnitude 1 9 depth 024 km location 05 87n 124 69e 015 km s 28 e of kiamba sarangani earthquake information no 1 date and time 06 august 2025 02 16 am magnitude 1 9 depth 024 km location 05 87n 124 69e 015 km s 28 e of kiamba sarangani,https://www.facebook.com/PHIVOLCS/posts/pfbid0yxfjWcncwFzEZXy8czrCAnypj9TUb8A52BZQTPdmapF7FatqRJQwG2zeTgAGX3g2l?__cft__[0]=AZWjkI8JcAnrX7rB6LjhEfZbT3jSCUDnyeYw_g1xjdoGpB3tmXs22Ebe1vHXPz_0ndO9xhHEszKrAlVqa2uSgpqLiMoquMSDwpOpk2x5ifgPmYtib92L6ffe_QbpdtAHrTbCaoNNmn48oEIaCLkVRv2edqOQDxbD6gBExIt5RbrKEiJ31FtN6hhxubzIRk5h-Rc&__tn__=%2CO%2CP-R
X,phivolcs_dost,2025-08-05 11:05:00,earthquake information no 1 date and time 05 august 2025 10 54 am magnitude 1 8 depth 034 km location 09 90n 124 17e 007 km s 44 w of danao bohol,https://x.com/phivolcs_dost/status/1952566622331551776
X,phivolcs_dost,2025-08-05 10:01:00,earthquake information no 1 date and time 05 august 2025 09 53 am magnitude 1 7 depth 008 km location 10 19n 125 90e 025 km n 39 w of santa monica surigao del norte,https://x.com/phivolcs_dost/status/1952550383731290608
Facebook,PHIVOLCS,2025-08-06 00:00:00,earthquake information no 1 date and time 06 august 2025 02 41 am magnitude 2 8 depth 024 km location 17 92n 122 49e 064 km s 54 e of gonzaga cagayan earthquake information no 1 date and time 06 august 2025 02 41 am magnitude 2 8 depth 024 km location 17 92n 122 49e 064 km s 54 e of gonzaga cagayan,https://www.facebook.com/PHIVOLCS/posts/pfbid02uQ3xwZoduauQEreau53aNELLp3ukrd16RHLWQyPt6K51cTLbWTkJGwftCuzDdambl?__cft__[0]=AZVsrwi10rg3pPowOgcUOWVEftEwQqQxU1ZWvUDlqqYZ6lIEDWoArv0FdeND5w-N7U2_InlbcmmCYa5c7KmSBeSKmE51md6MGf12D4HjsLdruKXFtnrRSMyEc6NaQucE32GCq407Kv46FTfaCDWaffbzclcBhydo6pRY-_x0L7JrR8KUIUTHkrITbG2OCUrjQZ4&__tn__=%2CO%2CP-R
Facebook,#firealert,,active fire alert location i 5 south highway 152 west santa nella area a fire is currently active near the interchange flames and heavy smoke are visible in the area please use alternative routes if possible to avoid delays and ensure safety emergency crews are responding expect traffic impacts and possible closures sent by follower active fire alert location i 5 south highway 152 west santa nella area a fire is currently active near the interchange flames and heavy smoke are visible in the area please use alternative routes if possible to avoid delays and ensure safety emergency crews are responding expect traffic impacts and possible closures sent by follower,https://www.facebook.com/hashtag/FireAlert
Facebook,ABS-CBN,,dpwh sec bonoan itinangging may anim na mambabatas na nakakopo ng p800 b halaga ng flood control projects dpwh sec bonoan itinangging may anim na mambabatas na nakakopo ng p800 b halaga ng flood control projects hala lagot na kayo hahahhaa,https://www.facebook.com/abscbnNEWS/
Facebook,PHIVOLCS,2025-08-06 00:00:00,earthquake information no 1 date and time 06 august 2025 02 58 am magnitude 3 4 depth 098 km location 05 03n 127 65e 246 km s 78 e of sarangani island municipality of sarangani davao occidental earthquake information no 1 date and time 06 august 2025 02 58 am magnitude 3 4 depth 098 km location 05 03n 127 65e 246 km s 78 e of sarangani island municipality of sarangani davao occidental,https://www.facebook.com/PHIVOLCS/posts/pfbid02P9bEkUM9otpFMQfQHKCaqh5udMmbsy72mDpUgAgwk8UTnwbh9TXKLMaYqfwPYLNDl?__cft__[0]=AZVB1ajLbyansPk8vO51Y5ZizvA63tC7q4S8JCoRfeBfSpBLebkKgc46ovPBIpOAu_87dA1buuWXuKU7YUZoZHktEooUKG6hEKAxAuMKej_YpLjWtW2tO6w8YmoCi3q5y3lMBrZs4nn0B3IYc6UcgbpVBv9onJ2TGEZ-gJQLpVD-2Vwu2UliQRZ6fm5S1HPTE0o&__tn__=%2CO%2CP-R
Facebook,Philstar News,,days after a rookie soldier died during military reception rites the armed forces of the philippines reiterated it does not and will never tolerate hazing or physical abuse within its ranks days after a rookie soldier died during military reception rites the armed forces of the philippines reiterated it does not and will never tolerate hazing or physical abuse within its ranks bring it out the trend of enrollment in the afp training schools since 1987 to present kung d kayo maniwala nasa downward trend,https://www.facebook.com/philstarnews/posts/pfbid0kMWuN95AY8LCeLqx6q4K9fF5z3XwVu2AJtsxJCaXBdevDaKa1faP9KWkjw1UFRckl?__cft__[0]=AZUxid4gtGQK9V2F_5i28WN-Xk2mJjKb8Gv9Lih-CkprxgnhS4ROzixfX7FU31i4OyeHZNlTATkjyhNO81JDq8icXtO43KS45uJcWWGwAQ1X5sOy34NoCvFqmDUbj_yH9Q1MKcqP1NqesH36eh7tC3G4xQ9uc3Qg8-9OZzAu4aPqttJxoywgylQsjRc1wXnWyIA&__tn__=%2CO%2CP-R
Facebook,ABS-CBN,2025-08-03 00:00:00,inaasahan ang katamtaman hanggang sa malakas na pag ulan na may kasamang kidlat at malakas na hangin sa rizal laguna at batangas sa susunod na dalawang oras ayon sa inilabas na thunderstorm advisory ng pagasa kaninang 3 50 a m miyerkules august 6 inaasahan ang katamtaman hanggang sa malakas na pag ulan na may kasamang kidlat at malakas na hangin sa rizal laguna at batangas sa susunod na dalawang oras ayon sa inilabas na thunderstorm advisory ng pagasa kaninang 3 50 a m miyerkules august 6,https://www.facebook.com/abscbnNEWS/posts/pfbid0bDjmNzrT22ehiuCtDtqmnMduVEbxMvgpYPCQFPEd9dwPgeRRKg3SyeT54R4c1DRVl?__cft__[0]=AZUOul0TYlsPpb033CWYy0Soa46vfpSzp8ket7xYAgYGY15Ur4Mb24K7j6xn4NDy2Wx2ZujXxsyfCFpRQVrW5q6u3cuyRQSQNxMkMbr9pwqAp1lojtoFRyySPHWw8ULXKOFys5O-89FnKcUBtQc9q9PxXhjSyHriYr-L-NTVAzdSDRtTJX7DcPzg7w57nSSqCqU&__tn__=%2CO%2CP-R
Facebook,mprsdcdo,2025-08-06 00:00:00,rainfall advisory no 4 weather system southwest monsoon habagat issued at 02 00 am 06 august 2025 light to moderate rains are expected over baungon talakag pangantucan doncarlos kalilangan libona manolofortich lumbacaunayan bayang sultandumalondong lumbatan lumbayanague tagoloan villanueva jasaan balingasag josedalman manukan pres manuela roxas katipunan polanco dipologcity pinan mutia lalibertad sibutad rizal dapitancity sergioosmenasr sirawai siocon concepcion donvictorianochiongbian oroquietacity lopezjaena plaridel calamba baliangao sapangdalaga aloran tungawan rosellerlim siay payao talusan olutanga mabuhay alicia imelda malangas buug diplahan pagadiancity bayog kumalarang lakewood tigbao dumalinao guipos lapuyan sanmiguel dinas sanpablo margosatubig vincenzoa sagun dimataling pitogo tabina and labangan within the next 2 3 hours moderate to heavy rains affecting sibuco and which may persist within 2 3 hours and may affect nearby areas the public and the disaster risk reduction and management offices concerned are advised to monitor the weather condition and watch for the next warning to be issued at 05 00 am today rainfall advisory no 4 weather system southwest monsoon habagat issued at 02 00 am 06 august 2025 light to moderate rains are expected over baungon talakag pangantucan doncarlos kalilangan libona manolofortich lumbacaunayan bayang sultandumalondong lumbatan lumbayanague tagoloan villanueva jasaan balingasag josedalman manukan pres manuela roxas katipunan polanco dipologcity pinan mutia lalibertad sibutad rizal dapitancity sergioosmenasr sirawai siocon concepcion donvictorianochiongbian oroquietacity lopezjaena plaridel calamba baliangao sapangdalaga aloran tungawan rosellerlim siay payao talusan olutanga mabuhay alicia imelda malangas buug diplahan pagadiancity bayog kumalarang lakewood tigbao dumalinao guipos lapuyan sanmiguel dinas sanpablo margosatubig vincenzoa sagun dimataling pitogo tabina and labangan within the next 2 3 hours moderate to heavy rains affecting sibuco and which may persist within 2 3 hours and may affect nearby areas the public and the disaster risk reduction and management offices concerned are advised to monitor the weather condition and watch for the next warning to be issued at 05 00 am today,https://www.facebook.com/mprsdcdo/posts/pfbid0gSuU3bzpAtqEPk3u2KPmJZfnGDPbmXxNhXMBgbA8SorisQoQizBcKRfJnft2GVe7l?__cft__[0]=AZXQv5uMp_4d-viSlIwv98vqekdNnxwV5sDZx5KIxvTmwgBvhF9XyK5CGYdy0Q9imz8aPHyrcj5m3miX-jDJQP4BG8JUM3ftV2FYkOpUepmWhsFduu1Dz1BlQnV2A5r3IluM6xqgYx1W8itG-pS0VQTngAQpTELGCkz98ohHxUekZXDHcM4frYbeMjj09lovXFo&__tn__=%2CO%2CP-R
Facebook,PHIVOLCS,2025-08-06 00:00:00,earthquake information no 1 date and time 06 august 2025 03 49 am magnitude 1 9 depth 015 km location 06 09n 127 49e 157 km s 47 e of tarragona davao oriental earthquake information no 1 date and time 06 august 2025 03 49 am magnitude 1 9 depth 015 km location 06 09n 127 49e 157 km s 47 e of tarragona davao oriental,https://www.facebook.com/PHIVOLCS/posts/pfbid02At8PmkCGtkSf9hmw7W36wmxEyorH33kQGaWddp58MPcCqX9Z9vX3JFTt6GXRPxNl?__cft__[0]=AZVZbq2_fjoLgsI70gTgG54Uwcbj7pFVEoaxCL_Duz6od_TjJvrP-MQRKo2gOSZ7QNXdJZxvudo3myh8WWPHQY7MnYNYTMzdvZlphAVIr80KwEX-DoO4WR6VnEycuiqos_L2wE8T3Wbzk3qEsatlObWcL_9N708a8nXTaJMRfPL02WSX5ne3Uo47ZUvjTcG__fM&__tn__=%2CO%2CP-R
Facebook,PHIVOLCS,2025-08-06 00:00:00,earthquake information no 1 date and time 06 august 2025 04 07 am magnitude 2 6 depth 021 km location 10 93n 122 18e 010 km s 38 e of valderrama antique earthquake information no 1 date and time 06 august 2025 04 07 am magnitude 2 6 depth 021 km location 10 93n 122 18e 010 km s 38 e of valderrama antique,https://www.facebook.com/PHIVOLCS/posts/1075131804810783?__cft__[0]=AZU2F3nR46tqRfSv-EEsXKB9gXIzBCmE4GOAyig4FpGvej4oGZkiuTIxHMLJGiyAfrsgSlSBGw7UbF096Fv7T-DVVQqCl6BUG3D2I7GTUgD6zkwcK_Gj7ciUPBhQ0ZDEH_b3hTwr-B6niiZKio0G2b6Ly0ZuoswXqTsMJnDXk4vd_ellGnmvjmKkuiIP2jo4-HQ&__tn__=%2CO%2CP-R
Facebook,ABS-CBN,,star patrol first solo concert ng bgyo kasado na star patrol first solo concert ng bgyo kasado na pupunta ako sa china i will ask the navy to bring me to the nearest boundary dyan sa spratly scarborough bababa ako sasakay ako ng jetski dala dala ko yung flag ng pilipino at pupunta ako dun sa airport nila tapos itanim ko then i would say this is ours and do what you want with me bahala na kayo john kent silva,https://www.facebook.com/abscbnNEWS/
Facebook,NDRRMC,,even after storms come tell us that like after typhoon odette you would be told to get lost or bring a chainsaw and help clear the roads and cut lumber to help rebuild homes i saw no denr personnel helping in our area of hilongos after typhoon odette,https://www.facebook.com/NDRRMC/posts/pfbid0FfbExHvwu4vX1vEirenThzhq5Ft68qJLUoU9fRQPW5YUEHrayXbqL73e2QcTjB8Jl?comment_id=647553031693351&__cft__[0]=AZVDh5S9MlGaoxNyvN70UaRLZHSMWKfnL0SiDDayqFzDSW7Q9Kjq_ES4I1-IgG6JFPmIOhRnuLW4BrHARxfgiekLhvlzRzPLBGGBC0ajzWGk2Upsr0HRFTo3u8lEBXhO3hka5OgKJ9ee-i82xcNtsjlfY2GPJ7-UA8zO4LUcCh9nOz8yA9MQ2doaltHiP9d48EHSd_gNVsYbz_Fna7H3L7CLY4NLmJhAO-q7D5ohgktlKA&__tn__=R-R
Facebook,NDRRMC,,alan wade paano po yong mga ipinaputol n puno ng narra at puno ng niyog s lupa nmin inaangkin po nla ang lupa kya ipinputol ang mga puno wla nman bagyo wla po permit s pca at s denr,https://www.facebook.com/NDRRMC/posts/pfbid0FfbExHvwu4vX1vEirenThzhq5Ft68qJLUoU9fRQPW5YUEHrayXbqL73e2QcTjB8Jl?comment_id=647553031693351&reply_comment_id=760323923019520&__cft__[0]=AZVDh5S9MlGaoxNyvN70UaRLZHSMWKfnL0SiDDayqFzDSW7Q9Kjq_ES4I1-IgG6JFPmIOhRnuLW4BrHARxfgiekLhvlzRzPLBGGBC0ajzWGk2Upsr0HRFTo3u8lEBXhO3hka5OgKJ9ee-i82xcNtsjlfY2GPJ7-UA8zO4LUcCh9nOz8yA9MQ2doaltHiP9d48EHSd_gNVsYbz_Fna7H3L7CLY4NLmJhAO-q7D5ohgktlKA&__tn__=R-R
Facebook,PHIVOLCS,2023-10-13 00:00:00,earthquake information no 1 date and time 13 october 2023 08 24 am magnitude 5 0 depth 014 km location 13 89n 120 78e 005 km s 39 w of calaca batangas instrumental intensities intensity v lemery batangas intensity iv cuenca bauan sta teresita and san luis batangas tagaytay city cavite muntinlupa city metro manila intensity iii laurel and batangas city batangas tagaytay city cavite dolores quezon intensity ii talisay and rosario batangas magallanes cavite boac marinduque city of las pinas and city of pasay metro manila puerto galera oriental mindoro mauban polillo and gumaca quezon taytay and antipolo rizal intensity i dinalupihan bataan malvar batangas malolos city and guiguinto bulacan ternate cavite san pablo laguna malabon city pateros city of san juan and city of paranaque metro manila abra de ilog and mamburao occidental mindoro lucban lucena city and alabat quezon tanay rizal earthquake information no 1 date and time 13 october 2023 08 24 am magnitude 5 0 depth 014 km location 13 89n 120 78e 005 km s 39 w of calaca batangas instrumental intensities intensity v lemery batangas intensity iv cuenca bauan sta teresita and san luis batangas tagaytay city cavite muntinlupa city metro manila intensity iii laurel and batangas city batangas tagaytay city cavite dolores quezon intensity ii talisay and rosario batangas magallanes cavite boac marinduque city of las pinas and city of pasay metro manila puerto galera oriental mindoro mauban polillo and gumaca quezon taytay and antipolo rizal intensity i dinalupihan bataan malvar batangas malolos city and guiguinto bulacan ternate cavite san pablo laguna malabon city pateros city of san juan and city of paranaque metro manila abra de ilog and mamburao occidental mindoro lucban lucena city and alabat quezon tanay rizal,https://www.facebook.com/PHIVOLCS/posts/pfbid0PP8m84UUCSsULCcTB2H8kWcpWMRqpy3tEwb8u154MGuGxxz66NhJ6rpZVPsRZPJLl?__cft__[0]=AZUaZN6tG9_Ln2LqL2fzkTnoes0uzXUDmnuVGMdaQCLkIEddDmdpfGyJ2m6CFttGUF83_HyIJTO6ku7K4-TRww2JySZeTchNo36mNb7iPCPAc1U24MZTP5Z9VKgk6OmbTEAsAtFbAfvzJ3nFCp5o1f4RLXZD9l88-UfQbcfOPxvLeTVcSXTN5cAykDIs97vKfTI&__tn__=%2CO%2CP-R
Facebook,#firealert,2025-08-01 00:00:00,since august 1 the gifford fire has exploded across california s los padres national forest burning over 72 000 acres in santa barbara and san luis obispo counties more than 1 000 firefighters supported by aircraft are battling the fast moving wildfire fueled by hot dry and windy conditions hundreds of structures are threatened new evacuation alerts have been issued and officials say this is now one of california s largest wildfires of the season citytalks since august 1 the gifford fire has exploded across california s los padres national forest burning over 72 000 acres in santa barbara and san luis obispo counties more than 1 000 firefighters supported by aircraft are battling the fast moving wildfire fueled by hot dry and windy conditions hundreds of structures are threatened new evacuation alerts have been issued and officials say this is now one of california s largest wildfires of the season citytalks,https://www.facebook.com/hashtag/FireAlert
Facebook,PAGASA,2025-08-06 00:00:00,general flood advisories issued 06 august 2025 region 4a calabarzon gfa region 5 bicol region gfa region 8 eastern visayas gfa region 9 zamboanga peninsula gfa region 11 davao region gfa final barmm gfa general flood advisories issued 06 august 2025 region 4a calabarzon gfa region 5 bicol region gfa region 8 eastern visayas gfa region 9 zamboanga peninsula gfa region 11 davao region gfa final barmm gfa,https://www.facebook.com/PAGASA.DOST.GOV.PH/posts/pfbid0D4mkjeHHfMWqVnsZMfvsuu3Wq6JGLsGDByrZgt66Btw7vgSjdJSUEhfNLp5UMm3Yl?__cft__[0]=AZW-g5kmK4gHzTcsE9DFgZS2alWQlSyMaGfv2WAqL4f8v-sFU8EDG4fQdT4OOmBN18efLFRErxgDCfahTSmQ74cSLP4eMSpSUmAMKmkQwy9cDIvwMWHF1P8sHHSDNx-dg-KxFtCjW2Ux6-rPqjozVOF8xiqvc5WVhTUy057IvOn1Z3nOwKvfAVI-k5LKDw2E6OQ&__tn__=%2CO%2CP-R
Facebook,untvnewsrescue,,sinaksihan kahapon nina pangulong ferdinand marcos jr at indian prime minister narendra modi ang palitan ng mga bilateral agreements sa pagitan ng pilipinas at india samantala kasama sa napagkasunduan ang trade law enforcement security and defense digital technologies maritime cooperation science and technology tourism culture and arts space cooperation at marami pang iba sinaksihan kahapon nina pangulong ferdinand marcos jr at indian prime minister narendra modi ang palitan ng mga bilateral agreements sa pagitan ng pilipinas at india samantala kasama sa napagkasunduan ang trade law enforcement security and defense digital technologies maritime cooperation science and technology tourism culture and arts space cooperation at marami pang iba pinakabogo nga presidente take note nagtesting na ang china og long range missile near palawan nakahuna pa jud ka pangita og molaban mao na na y resulta sa imong pagkatraydor after ka nagpatabang sa china way back 2016 then nahimo kang presidente gitalikdan na nimo sila karon sa us napud og india kana ra y mopatay nimo unya,https://www.facebook.com/UNTVNewsRescue/posts/pfbid0d8axvhuhKEK3wCMEkVzH9WXDdPM8To5JJtQoSdmHfgceDMH7JbtM9KeiaRRny8gfl?__cft__[0]=AZX23Kgk9pIYTbNsAAtKtO86tsvH5S5PJMoY6AtLwToL36MxEmIVOmp0tw5XeL_5-eQIo9qIhFvptScB8GZM_tada-pJsxz-JjZRdAbE7C_xl_8GMlFOekL-6PVrDLnQ0moQP9NhWLNfRBPSd8hDB0qfmZTlc89jCP2UPxOQ7wXYGFwiFACZUKTPm6oLLnVYHdI&__tn__=%2CO%2CP-R
Facebook,Rappler,,justin brownlee fouls out with over four minutes left as gilas pilipinas falls short of an inspired fourth quarter comeback sparked by kevin quiambao justin brownlee fouls out with over four minutes left as gilas pilipinas falls short of an inspired fourth quarter comeback sparked by kevin quiambao pupunta ako sa china i will ask the navy to bring me to the nearest boundary dyan sa spratly scarborough bababa ako sasakay ako ng jetski dala dala ko yung flag ng pilipino at pupunta ako dun sa airport nila tapos itanim ko then i would say this is ours and do what you want with me bahala na kayo,https://www.facebook.com/rapplerdotcom/posts/pfbid02BJSY9HZCWRYmsPBf8iG4x4B57hNuGpojhsFxwcazRSoEzLwEu9tUNumC7DGULJDVl?__cft__[0]=AZWKPxANSxDsHY3jeB2ymG7Sji0S-1Ivnfa-ux562VXvgnI1hkDZnesvIV5YC2QpU7GosC5ICOqiqbu-E7B4kFV9TwjyfpiIMRzdPIcFMgqSz1zaoFNw7Q9nZXDcJtG3zZvFrIdcO-76M7Tw9Ppn9qiFpyGljNkHWrowwUllSyNi8q0Vis5M6aUNw3YXGeycgxY&__tn__=%2CO%2CP-R
Facebook,stormchasersph,,unti unti nang mababawasan ang matinding init ng panahon simula bukas dahil sa paglapit ng lpa sa na inaasahang magdadala ng kalat kalat na mga pag ulan o thunderstorms unti unti nang mababawasan ang matinding init ng panahon simula bukas dahil sa paglapit ng lpa sa na inaasahang magdadala ng kalat kalat na mga pag ulan o thunderstorms glad to know when hell freezes over,https://www.facebook.com/stormchasersPH/posts/pfbid037UxmnHhCBTeREZBg2G52k3Sh7e1bbMdccBDhEq8p7JHzyqMTgv1xA4AZpHrnYzghl?__cft__[0]=AZUyJD5kWorESoBuL91GvR5oh_Xjn3YuE87jKJOm-kL4bJV1BV0jAmTPWzetGiXdFZu3dg1qUy_dwHTSE-fDCYITKPo76_K4JWSgIWNqJ7FrokWPvG7LTHg3eKhnGUaQ4j_FjfZW70JVAdydoGkY8FjBBNI9pAvlAF334P_QBRDps-AOrW1q5IucIsAELGUk5Ic&__tn__=%2CO%2CP-R
Facebook,celestecentaury19,2025-08-05 00:00:00,el caribe alerta magnitud 5 7 zona oriental de la republica dominicana a una profundidad de 168 0 km el caribe alerta magnitud 5 7 zona oriental de la republica dominicana a una profundidad de 168 0 km,https://www.facebook.com/CelesteCentaury19/posts/pfbid02A9PNY5ngKz7QFVgNw5JkQmZpsE46EXF9Ly3a22cadk4ujSFgUpAGSL5xBidzw3Rel?__cft__[0]=AZVRhofC69F0ZghDBQE8E_ObvMn1wGUf1NEWYMjQlchXS_Vv7vP00wXFhJMG9WdsM1Ce5kLbPfuTmrD2wysW6okxMM0KBgpEB_Mw8rMifzzKJSKvrUlghr1l3cN-NraZQSAMI1Inljr9ZEvL7ugxgzN5beaEQx6JgtYdbUxl34nvKdC_eiDgMqgxB9JMtD3P1m4&__tn__=%2CO%2CP-R
Facebook,ABS-CBN,,hindi tao kundi ibon na may dalang isda ang pinaniniwalaang nag umpisa ng isang sunog sa isang damuhan sa kanlurang bahagi ng canada hindi tao kundi ibon na may dalang isda ang pinaniniwalaang nag umpisa ng isang sunog sa isang damuhan sa kanlurang bahagi ng canada patunay na may diyos,https://www.facebook.com/abscbnNEWS/posts/pfbid02k5u49wFEMJeXg6MmWTZ15frFaNxVhCLk6NpazGeuyLW2QHzziResp8oBJeAYuyQYl?__cft__[0]=AZUc4qrsBchHdtEnZmPPeDg9GtYkHniAe2egC8I0bEclMA44LOQBBk1obnSkenfHQbZbcUnWIb_NUJZEpnWKBQz-io3CcZZu0euj_iL8w5p00qKVIlRvCSXDqk_6qcaOT4S-eC8qJL6BmH1dHabZlMg-bo_plp2Gew8E9A7VU9BZsYHgf0RhnorI7S-og5TwRX4&__tn__=%2CO%2CP-R
Facebook,weather.davao,2025-08-06 00:00:00,24 oras localized nga lakat sa panahon davao region gipagula 4 00 am august 06 2025 balido hangtod 4 00 am august 07 2025 synopsis alas 3 00 am karong adlawa ang low pressure area lpa ang gibana banaang base sa datus anaa sa 550 km sidlakan sa infanta quezon 14 5 n 126 8 e southwest monsoon makaapekto sa davao region forecast ang dakbayan sa davao ug ubang dapit sa davao region makasinati ug panalagsang pagdag um sa kalangitan inubanan sa pat ak pat ak nga pagulan kilat ug pagpanalugdug tungod sa southwest monsoon posible ang pagbaha ug pagdahili sa yuta kung adunay masinati nga severe thunderstorms hinay ngadto sa kasarangan nga huyop sa hangin nga magagikan sa habagatan kasadpan nga direksyon ang mopasulabi ug ang kadagatan hapsay ngadto sa kasarangan ang pagbalud 0 6 to 2 1 meters kinatibuk ang davao city temperatura karong adlawa 25 c ngadto 33 c sunrise sidlak today 5 35 am sunset salop today 5 59 pm gvjr sa dugang impormasyon ug mga pangutana palihug sa pagtawag sa telepono para sa lokal nga numero 082 234 0890 ug 088 555 0485 sa regional o log on sa bagong pagasa dost gov ph regional mindanao prsd o salmot kamo sa facebook group at mindanao prsd regional office o pagasa davao local 24 oras localized nga lakat sa panahon davao region gipagula 4 00 am august 06 2025 balido hangtod 4 00 am august 07 2025 synopsis alas 3 00 am karong adlawa ang low pressure area lpa ang gibana banaang base sa datus anaa sa 550 km sidlakan sa infanta quezon 14 5 n 126 8 e southwest monsoon makaapekto sa davao region forecast ang dakbayan sa davao ug ubang dapit sa davao region makasinati ug panalagsang pagdag um sa kalangitan inubanan sa pat ak pat ak nga pagulan kilat ug pagpanalugdug tungod sa southwest monsoon posible ang pagbaha ug pagdahili sa yuta kung adunay masinati nga severe thunderstorms hinay ngadto sa kasarangan nga huyop sa hangin nga magagikan sa habagatan kasadpan nga direksyon ang mopasulabi ug ang kadagatan hapsay ngadto sa kasarangan ang pagbalud 0 6 to 2 1 meters kinatibuk ang davao city temperatura karong adlawa 25 c ngadto 33 c sunrise sidlak today 5 35 am sunset salop today 5 59 pm gvjr sa dugang impormasyon ug mga pangutana palihug sa pagtawag sa telepono para sa lokal nga numero 082 234 0890 ug 088 555 0485 sa regional o log on sa bagong pagasa dost gov ph regional mindanao prsd o salmot kamo sa facebook group at mindanao prsd regional office o pagasa davao local,https://www.facebook.com/weather.davao/posts/1286451246323936?__cft__[0]=AZW5GHqjpJxvzxUIxqFCi-plm74qqftPnO2T-BKsz9FybScoGwonBp2PHDKZQIrk6Vu3bU7iRu7ydF6Sc0_jDSdYqN7zioVgfKQSFsxp2AKgJQOF34AByRsQUYhC5df9beCA7PDqRXsM3qHtcizTsQBgOstvQDuU9AOaD7tNOxFy0A&__tn__=%2CO%2CP-R
X,phivolcs_dost,2025-08-05 23:27:00,earthquake information no 1 date and time 05 august 2025 11 14 pm magnitude 2 3 depth 026 km location 15 15n 123 11e 098 km n 59 e of jomalig quezon,https://x.com/phivolcs_dost/status/1952753348236775813
Facebook,davaocitydisasterradio,2025-08-06 00:00:00,madayaw davao august 6 2025 guest engr ryan michael jamisola engr i standard regulations and enforcement unit abed city agriculturist office topic climate smart agriculture anchored by james galay daghang salamat madayaw davao august 6 2025 guest engr ryan michael jamisola engr i standard regulations and enforcement unit abed city agriculturist office topic climate smart agriculture anchored by james galay daghang salamat aug 8 p0 ser james,https://www.facebook.com/davaocitydisasterradio/posts/pfbid02kQTtfdC21fehTjrmgfhdxyAHV8cqfe9xNDwPowdd9XKR3mBbbMCWrtaj1yarf56il?__cft__[0]=AZU7JCFzNyF8rh3psjxVsYZvalhpQCzuaIyDlQmdsXxHG88Zq3wLxdIrzeX2q_03T-rfEVRnE-a-LA9GFF9LBvbqLX7fU_1mYesP7xxejjSOeH20YdWX_niczRZ0LJVdzaR6CxjpwOtFJ1S_X_SC-hMNOn1vqRr2nB7d2Jg6HFjE5vfEVfs8EbnOpfJoqSATxuY&__tn__=%2CO%2CP-R
Facebook,Manila Bulletin,2025-08-05 00:00:00,watch firefighters fought a hillside blaze in san bernardino that spread to more than 5 acres and has destroyed several homes the gold fire a brush fire in the san bernardino county area of holcomb valley near big bear erupted monday morning an evacuation order was in effect for the holcomb campground as firefighters continued to battle the blaze video courtesy of san bernardino county fire tmx via ap watch firefighters fought a hillside blaze in san bernardino that spread to more than 5 acres and has destroyed several homes the gold fire a brush fire in the san bernardino county area of holcomb valley near big bear erupted monday morning an evacuation order was in effect for the holcomb campground as firefighters continued to battle the blaze video courtesy of san bernardino county fire tmx via ap,https://www.facebook.com/ManilaBulletin/
Facebook,Philstar News,2025-08-01 00:00:00,the alert notice issued when power reserves are low was raised from 1 p m to 9 p m yesterday according to the national grid corp of the philippines the alert notice issued when power reserves are low was raised from 1 p m to 9 p m yesterday according to the national grid corp of the philippines,https://www.facebook.com/philstarnews/posts/pfbid02iXoNmyEGHTeeKTJzaPuVSRzt6xiV7covFTSfNZQ2puCyF2nfzRTAp5HamuCTDAP5l?__cft__[0]=AZU-SQwBDEtlabTTY2_dArJxRipeCTmaXRfnlPB56klM4s4d6oqwKSs1d-jisGBAnIlOibih_84Y3TkD8EOmW9VA6S60pUjey_w9SJYRYByjVlItkYz39fL970HNvbvzYxK-rgK8HZNEliXJ88nBKCJb_Yn4lRjNP93HPMnmyUZzqlCZdLDlrp5fs1IcEQMmvSw&__tn__=%2CO%2CP-R
Facebook,PHIVOLCS,2025-08-06 00:00:00,earthquake information no 1 date and time 06 august 2025 08 32 am magnitude 2 9 depth 004 km location 09 31n 123 23e 004 km n 30 w of valencia negros oriental earthquake information no 1 date and time 06 august 2025 08 32 am magnitude 2 9 depth 004 km location 09 31n 123 23e 004 km n 30 w of valencia negros oriental,https://www.facebook.com/PHIVOLCS/posts/pfbid0aRKm86jLJM9LudzeFQ1Sv73QRY95ueBQeWrhSFS31UD8gpEnFBGFBFps2s4vEr2nl?__cft__[0]=AZXn3qV2XP8oc6vsFMZbfd2HxjYnO6pMF-gmFhBURgWw7fqkJtEhz-6YSpKMkRqk38ODDPLDRn2I7uqLtMaHz5yLAoQuORfmYpUfuYFcARe6W7Xqs5swbtXLIH4WSIZHq7KLu00vE5cYnUkmb9QE3S3ZRbZYPbKdk20TqAobqg02q0ORo7qJtMn0RjceS9JCxNA&__tn__=%2CO%2CP-R
Facebook,bfprhq11,2025-08-07 00:00:00,announcement herein is the list of fo1 applicants in this region who shall proceed to the next stage of the hiring process medical dental physical examination further listed applicants are advised to report at central fire station parking bay davao city fire district alvarez corner monteverde streets davao city on 07 august 2025 applicants are advised to bring the following a two 2 valid identification cards b two 2 passport size id pictures with nametag c printed copy of the dental and medical forms downloadable through this link pages 3 and 4 must be printed back to back please be guided accordingly announcement herein is the list of fo1 applicants in this region who shall proceed to the next stage of the hiring process medical dental physical examination further listed applicants are advised to report at central fire station parking bay davao city fire district alvarez corner monteverde streets davao city on 07 august 2025 applicants are advised to bring the following a two 2 valid identification cards b two 2 passport size id pictures with nametag c printed copy of the dental and medical forms downloadable through this link pages 3 and 4 must be printed back to back please be guided accordingly announcement herein is the list of fo1 applicants in this region who shall proceed to the next stage of the hiring process medical dental physical examin see more announcement herein is the list of fo1 applicants in this region who shall proceed to the next stage of the hiring process medical dental physical examin see more announcement herein is the list of fo1 applicants in this region who shall proceed to the next stage of the hiring process medical dental physical examin see more,https://www.facebook.com/BFPRHQ11/posts/pfbid02LYzPrzZwawSygT3kBuho1BKFZ22jeVQ4mAwKgChexgXBkwGdpBfDCtW5CSciQkxKl?__cft__[0]=AZUP43NhYs23zUIM7tXJt40Tdd3jrCCmnXD8gFz-YRlnk0mIePB-_3GtFR01JDznpuNSSFL3JCmGJbamae-mceMdKe6HTuzAOE6VI7uiBVAdvz8lclRFQNBQXWOFGlT8Jp2R7ajOZVh3V3jJjDtakjC2tdsJG9lUhg4KkcPWBkdb0Y3k6KZmbuSOwT1PooS0_t-yHTDdske1o1tG3wxZxX39T1CdpR9VSbDWPgNqUcIiNQ&__tn__=%2CO%2CP-R
Facebook,PHIVOLCS,2025-08-06 00:00:00,earthquake information no 1 date and time 06 august 2025 08 39 am magnitude 2 1 depth 015 km location 10 76n 122 37e 003 km s 46 w of leon iloilo earthquake information no 1 date and time 06 august 2025 08 39 am magnitude 2 1 depth 015 km location 10 76n 122 37e 003 km s 46 w of leon iloilo,https://www.facebook.com/PHIVOLCS/posts/pfbid02TGKmZWCVE5edMstdzFwCtTno3zbqg9vex8y8cays6QFZeGtTeXQb4cz5R1mdRVwel?__cft__[0]=AZXILwDg72vdPNRz7sTR84cld3IoXLLHl8uG_LrxgMncFBytOZiadvY69xbMLAkU3UngZ5gTCJ9gxeVVQXCYYxB5o7OyX1KTrZcmQ6-_5akA789llHMfFauzDhOeXLGnnJyA8aB5MG-oYGzsjE_vUjEHeAIizZYeb6zap07IFH9aCgMvvTTjUkor6D38YGbWD64&__tn__=%2CO%2CP-R
Facebook,SunStar Davao,2025-08-04 00:00:00,acting davao city vice mayor rigo duterte extended immediate assistance to families affected by a fire that struck purok 7 barangay 8 a on august 4 2025 the blaze destroyed 18 homes displacing 25 families who are now temporarily sheltered at the city high annex covered court duterte distributed cash aid and food packs to the evacuees with additional assistance coming from his father 1st district congressman paolo pulong duterte councilor luna acosta also contributed support to the affected families office of coun rigo duterte acting davao city vice mayor rigo duterte extended immediate assistance to families affected by a fire that struck purok 7 barangay 8 a on august 4 2025 the blaze destroyed 18 homes displacing 25 families who are now temporarily sheltered at the city high annex covered court duterte distributed cash aid and food packs to the evacuees with additional assistance coming from his father 1st district congressman paolo pulong duterte councilor luna acosta also contributed support to the affected families office of coun rigo duterte,https://www.facebook.com/sunstardavaonews/posts/pfbid0UrPYjaLfGmWsVFx6QNHaJAPLBpizWJgU4DrJ8nVPkPuJxQBh5roNxRcZ5ZuXMfPwl?__cft__[0]=AZXr3UceGAA7_GYQKd0UyyLHLO8dgwwMAMYyKiBgj_Bz42Q5hOlip0Q9hSV-hwrRKheU62Gk69SKW8EyOC0VqmnQ-G_jCwMonAQUEY2O59MlP3HQ34VGqx1Mp4g6UetxQP-L49KL2M1j0Lp9n2JGjavoQeH157rqVjWzRNmJx0Cwlj55oImpUlCYPqPaJAI0b6g&__tn__=%2CO%2CP-R
Facebook,mprsdcdo,2025-08-06 00:00:00,rainfall advisory no 6 weather system southwest monsoon habagat issued at 08 00 am 06 august 2025 light to moderate rains are expected over sirawai siocon gutalac baliguian labason kalawit tampilisan liloy salug godod manukan pres manuela roxas katipunan josedalman leonb postigo sindangan siayan sergioosmenasr polanco dipologcity pinan mutia bayog kumalarang lakewood lapuyan margosatubig vincenzoa sagun carrascal cantilan carmen madrid lanuza cortes sanmiguel cityoftandag tago bayabas cagwait claver gigaquit bacuag sison surigaocity sanfrancisco malimono taganaan mainit placer tubod alegria kitcharao jabonga santiago tubay cityofcabadbaran concepcion oroquietacity aloran panaon jimenez donvictorianochiongbian sitangkai sibutu simunul bongao panglimasugala turtleislands mapun datublaht sinsuat upi lebak sibagat and within the next 2 3 hours the above conditions are being experienced in sibuco sibutad dapitancity rizal lalibertad siargaoisland socorro sapangdalaga calamba baliangao plaridel lopezjaena sapasapa tandubas languyan southubian and which may persist within 2 3 hours and may affect nearby areas the public and the disaster risk reduction and management offices concerned are advised to monitor the weather condition and watch for the next warning to be issued at 11 00 am today rainfall advisory no 6 weather system southwest monsoon habagat issued at 08 00 am 06 august 2025 light to moderate rains are expected over sirawai siocon gutalac baliguian labason kalawit tampilisan liloy salug godod manukan pres manuela roxas katipunan josedalman leonb postigo sindangan siayan sergioosmenasr polanco dipologcity pinan mutia bayog kumalarang lakewood lapuyan margosatubig vincenzoa sagun carrascal cantilan carmen madrid lanuza cortes sanmiguel cityoftandag tago bayabas cagwait claver gigaquit bacuag sison surigaocity sanfrancisco malimono taganaan mainit placer tubod alegria kitcharao jabonga santiago tubay cityofcabadbaran concepcion oroquietacity aloran panaon jimenez donvictorianochiongbian sitangkai sibutu simunul bongao panglimasugala turtleislands mapun datublaht sinsuat upi lebak sibagat and within the next 2 3 hours the above conditions are being experienced in sibuco sibutad dapitancity rizal lalibertad siargaoisland socorro sapangdalaga calamba baliangao plaridel lopezjaena sapasapa tandubas languyan southubian and which may persist within 2 3 hours and may affect nearby areas the public and the disaster risk reduction and management offices concerned are advised to monitor the weather condition and watch for the next warning to be issued at 11 00 am today,https://www.facebook.com/mprsdcdo/posts/pfbid02Qf4wp3XjGfdYyHqBVnGbF6rPpqgQgoUouPWw9yR5eivQBU18Tm22EpkGxgTp641Cl?__cft__[0]=AZWMhGju3ds-3fbimQ69CroHmFny4qgqy2JsA0eazBrBV6P8qQShF5Gtdw_anIIEppnYV-Ffm3vh0NNJK2snbLzuP3weFTnTEW_ozfsmKizMmcT4Znth5dj3KZF1uxlteGuCqQs_lYc-2Axbitft3H1MkI_nkFJsAK8O9Pe-Im7TVGB2dRp7UNQQn9MKCQjacPo&__tn__=%2CO%2CP-R
Facebook,dameasyph,,our innovative barrier in action the dam easy flood barrier is all you need to protect you from that murky and contaminated flood water imagine the amount of damage and cleanup needed if that water were to enter your property our innovative barrier in action the dam easy flood barrier is all you need to protect you from that murky and contaminated flood water imagine the amount of damage and cleanup needed if that water were to enter your property,https://www.facebook.com/DamEasyPH/posts/pfbid02Jy9NMnUafhE6v1DFnycEYt1mKsG7dXxbqNWFfk29jbHf9EtKHQLSFs9YFQmgbQYVl?__cft__[0]=AZX6IcWEFwQhmTiK6ObLYCoZKyW_89NjydBZPdaCkE3Pdv062V5OfOL0ivW-NQNvyJAUcIIDX0aJJVpqflq1JkqxGmfbRv-YUBuABiUxMXIOOMp6zoegJyB4-dtqize3ZTwuqZOHN5oc423ycx_0ywySgVIOOCXroC-xU0EjVZCEshgdZb8gwUXHL3Uw3hpWnd4&__tn__=%2CO%2CP-R
Facebook,ABS-CBN,2025-08-01 00:00:00,nag donate ng higit 1 600 metric tons ng bigas ang republic of korea sa pilipinas gagamitin ito ng dswd sa relief operations kung saan nasa 280 000 pamilya ang makikinabang ipinakita rin ng dswd ang proseso ng pag repack ng family food packs ni jervis manahan nag donate ng higit 1 600 metric tons ng bigas ang republic of korea sa pilipinas gagamitin ito ng dswd sa relief operations kung saan nasa 280 000 pamilya ang makikinabang ipinakita rin ng dswd ang proseso ng pag repack ng family food packs ni jervis manahan,https://web.facebook.com/abscbnNEWS/
Facebook,davaocitydisasterradio,2025-08-06 00:00:00,live dcdr health alert city health office cho august 06 2025 11 05am anchored by ms mariel escabarte live dcdr health alert city health office cho august 06 2025 11 05am anchored by ms mariel escabarte aduna ba kamo y gusto ipaabot nga pangutana o concern pinaagi sa atong mga programa text o tawag sa see more gdmorning ma am mariel dcdr gd morning po nndot ang topic nnyo maam informative and purposeful gud am dxdr i really like the discusion and explanation po its very cystal clear very educational daghana na nako g na learn sa imong segment uy haha mariel escabarte,https://web.facebook.com/davaocitydisasterradio/
Facebook,stormchasersph,,unti unti nang mababawasan ang matinding init ng panahon simula bukas dahil sa paglapit ng lpa sa na inaasahang magdadala ng kalat kalat na mga pag ulan o thunderstorms unti unti nang mababawasan ang matinding init ng panahon simula bukas dahil sa paglapit ng lpa sa na inaasahang magdadala ng kalat kalat na mga pag ulan o thunderstorms do you mean gradually decrease or gradually increase if inclement weather is coming in wouldnt that mean gradually increase,https://web.facebook.com/stormchasersPH/posts/pfbid037UxmnHhCBTeREZBg2G52k3Sh7e1bbMdccBDhEq8p7JHzyqMTgv1xA4AZpHrnYzghl?__cft__[0]=AZUMfrUdnPdLA6PJZ6bf0BzjBCHdTsMntW0wblz-aPt7h7cqgG9RiDzzSQM50kyithZvK3qcPvHKUDcl6elQX7AltcfkQjRYJ3Bo-nXVvbRRrmvue6tZzWjgXH9c0293BDxOE7AA00k0sOvuXND650xtddb0jaLT4EnEmA0PO0lo0UMYOsI_TuzK1bvYZK7xWYg&__tn__=%2CO%2CP-R
Facebook,PHIVOLCS,2023-01-17 00:00:00,earthquake information no 1 date and time 17 january 2023 05 57 am magnitude 5 3 depth 010 km location 14 42n 122 99e 008 km s 37 e of tinaga island vinzons camarines norte reported intensities instrumental intensities intensity v daet camarines norte intensity iii jose panganiban camarines norte ragay iriga city camarines sur san roque northern samar intensity ii pili pasacao camarines sur infanta gumaca mauban guinayangan mulanay alabat quezon intensity i pulilan bulacan pasig city marikina city metro manila calauag quezon taytay rizal this is an automatic solution earthquake information no 1 date and time 17 january 2023 05 57 am magnitude 5 3 depth 010 km location 14 42n 122 99e 008 km s 37 e of tinaga island vinzons camarines norte reported intensities instrumental intensities intensity v daet camarines norte intensity iii jose panganiban camarines norte ragay iriga city camarines sur san roque northern samar intensity ii pili pasacao camarines sur infanta gumaca mauban guinayangan mulanay alabat quezon intensity i pulilan bulacan pasig city marikina city metro manila calauag quezon taytay rizal this is an automatic solution,https://web.facebook.com/PHIVOLCS/posts/pfbid02he9Ji7EsAYnY1YY7LBQAyCtpK2yRtd81AEGRxw1s1fHzMyU3apK6YM5L3oM83LJHl?__cft__[0]=AZXdd_a9K5bnvC64x-Ldjz8NyPKDkD1wyUtiSAQmUa2s7YPXOu2nAX3fpIRP-rDJXmaHDaO6VHJOG_rnFaJ8XOFaaYOR99OuuKvIeY0sFOcG3GcS7fUm-THux7YumpzY8lHOVOYmWdhhsLjV7vC28QH15a0rNydB_oeHnUyzUGCfBlr5UkJRsikEYYjct4AvmY0&__tn__=%2CO%2CP-R
X,dost_pagasa,2025-08-05 15:32:00,thunderstorm advisory no 5 issued at 3 32 pm 05 august 2025 tuesday heavy to intense rainshowers with lightning and strong winds are expected over tarlac pampanga bataan and rizal within the next 2 hours intense to torrential rainshowers with lightning and,https://x.com/dost_pagasa/status/1952633894165151932
X,phivolcs_dost,2025-08-06 02:01:00,earthquake information no 1 date and time 06 august 2025 01 51 am magnitude 1 8 depth 004 km location 17 95n 120 84e 017 km s 23 e of solsona ilocos norte,https://x.com/phivolcs_dost/status/1952792032147324981
Facebook,ABS-CBN,,nanawagan ang kapatid ng israeli hostage na si evyatar david na magsama sama ang mundo sa pagsagip kay evyatar matapos lumabas ang isang video kung saan ipinakita ang payat na bihag na umanoy naghuhukay ng kanyang libingan nanawagan ang kapatid ng israeli hostage na si evyatar david na magsama sama ang mundo sa pagsagip kay evyatar matapos lumabas ang isang video kung saan ipinakita ang payat na bihag na umanoy naghuhukay ng kanyang libingan lord tabangi tawon,https://web.facebook.com/abscbnNEWS/
Facebook,davaocitydisasterradio,2025-08-06 00:00:00,dcdr health alert august 6 2025 guest jerrielyn b lewis head cho population division topic family planning month anchored by mariel escabarte daghang salamat dcdr health alert august 6 2025 guest jerrielyn b lewis head cho population division topic family planning month anchored by mariel escabarte daghang salamat,https://web.facebook.com/davaocitydisasterradio/posts/pfbid0Bi2ojX7nJos7CWbTXJfw5ZrjbBJXSmKv37uJktNKCYoqLHVujQGCC26aGQhFtwDKl?__cft__[0]=AZXxGpfU3c7Rr5TKj5zO_iw9XKxjHZx-mxCM9GSr2a7065tk5PXSspqZ0C7oQLXbNE_O9UPV2DpWxxxOvsTyNiEdB3L7MiMXpVW-zm1HFLDAE0Y6cARjutekAycv56E07B8jkvVxUZc_AW_4WwaWity9FZMiSU35enoJMB1yNzYCuBXWdD8AqhrHl2sgkwpaG_w&__tn__=%2CO%2CP-R
Facebook,Philstar News,,iginiit ng malacanang na hindi matatapos sa pagbabanta ang pagpapanagot sa mga sangkot sa palpak at pangungurakot umano sa mga flood control projects ng bansa sinabi ito ni pco undersecretary atty claire castro matapos ang privilege speech ni representative leila de lima na hinihimok si pangulong ferdinand bongbong marcos na pangalanan na ang mga taong sangkot sa katiwalian sa mga flood control projects depensa ng palayso kailangan imbestigahan nang maigi ang mga sinasabing sangkot bago itio isapubliko mahirap po kasi na mag pabilis bilis lang po yung padalos dalos sa kilos na mali pala at baka meron tayong inosenteng masabit at maapektuhan so dapat po verified lahat ang facts at pananagutin po ang dapat managot at yan po ang gusto ng pangulo sabi ni castro video by philstar com jean mangaluz iginiit ng malacanang na hindi matatapos sa pagbabanta ang pagpapanagot sa mga sangkot sa palpak at pangungurakot umano sa mga flood control projects ng bansa sinabi ito ni pco undersecretary atty claire castro matapos ang privilege speech ni representative leila de lima na hinihimok si pangulong ferdinand bongbong marcos na pangalanan na ang mga taong sangkot sa katiwalian sa mga flood control projects depensa ng palayso kailangan imbestigahan nang maigi ang mga sinasabing sangkot bago itio isapubliko mahirap po kasi na mag pabilis bilis lang po yung padalos dalos sa kilos na mali pala at baka meron tayong inosenteng masabit at maapektuhan so dapat po verified lahat ang facts at pananagutin po ang dapat managot at yan po ang gusto ng pangulo sabi ni castro video by philstar com jean mangaluz sinabi ba nyan after niya kumanta,https://web.facebook.com/philstarnews/
Facebook,PHIVOLCS,2025-08-06 00:00:00,earthquake information no 1 date and time 06 august 2025 12 18 pm magnitude 2 1 depth 018 km location 07 51n 126 34e 023 km s 79 e of new bataan davao de oro earthquake information no 1 date and time 06 august 2025 12 18 pm magnitude 2 1 depth 018 km location 07 51n 126 34e 023 km s 79 e of new bataan davao de oro,https://web.facebook.com/PHIVOLCS/posts/pfbid0jEyQ8N2MsdsDAmRQEWCw7m7ipnEcwC5wRxuXhUfjei7PPhtnhnDM6HCbZ551widal?__cft__[0]=AZVtfTNxusPLbu46VQQfp4X1k4XAx9KwuSjTxXrsJB2ot8O8-AvHCFJS5GKEwZl1fJEe6NWiFPHbeG5JtdfrGotX9DrpznrzfCJ1gdR1jciaDcS-MfqCWW5yVgPWC0YaUUQZ-XRT8ZmIM6756P7pKWnmLiXMR63yDBAz-thAe5ZxUqxQapQ5qjj97jdwYbCi77k&__tn__=%2CO%2CP-R
Facebook,hoshiarpuronline,2025-06-12 00:00:00,6 2025 5 4000 pong dam water level in pong dam nears danger mark bbmb to release 18 995 cusecs stay alert stay safe 6 2025 5 4000 pong dam water level in pong dam nears danger mark bbmb to release 18 995 cusecs stay alert stay safe,https://web.facebook.com/HoshiarpurOnline/posts/pfbid0jViYExZ33REPmZLW11sC58FzT2kFTGLjTmkHgdGLGC2WyX2EbHqmAPyhbimbejtrl?__cft__[0]=AZXJVmRjCETRxJy3uaKRdaMKfwKyPykKRDlte4WSsxhQn3i6mrO3ssdzAXkuObYZCaHhUa4cRRP4BE75zuOJo-vc_FAiLwba7GeD1Xxg_27xeex8oaJ2eQcWoV3LsapJK3uHpHOfUQhNXBcX97VdO4fgAFQztFQq0tdGc41_pu7xIjKagHCxlv9CBJBoAN7CKzM&__tn__=%2CO%2CP-R
X,phivolcs_dost,2025-08-06 17:34:00,earthquake information no 1 date and time 06 august 2025 05 25 pm magnitude 2 7 depth 136 km location 06 34n 125 76e 017 km n 24 e of don marcelino davao occidental,https://x.com/phivolcs_dost/status/1953026946788671659
X,phivolcs_dost,2025-08-06 17:08:00,earthquake information no 1 date and time 06 august 2025 05 00 pm magnitude 2 4 depth 027 km location 11 73n 125 22e 018 km n 79 e of hinabangan samar,https://x.com/phivolcs_dost/status/1953020335173042589
X,phivolcs_dost,2025-08-06 15:27:00,press release theft of seismic equipment in pinatubo volcano networks san jose observation station vpsj san jose tarlac on 6 august 2025 during a routine maintenance activity by pinatubo volcano observatory pvo personnel it was discovered that the seismic vault of the,https://x.com/phivolcs_dost/status/1952994808341143773
X,phivolcs_dost,2025-08-06 13:21:00,earthquake information no 1 date and time 06 august 2025 01 12 pm magnitude 1 8 depth 004 km location 18 14n 120 70e 003 km s 24 w of piddig ilocos norte,https://x.com/phivolcs_dost/status/1952963294886875230
Facebook,ABS-CBN,2025-08-10 00:00:00,welcome to your new home tiger freshies the university of santo tomas welcomed more than 10 000 freshmen tigers on wednesday august 6 for academic year 2025 2026 they passed through the arch of the centuries as part of the welcome walk the university s customary rite of passage the first of two batches were met with some rain during their parade while the second batch was moved to a later time in the afternoon ust rector fr richard ang o p and vice rector fr isaias tiongco o p presided over the welcome masses for the newly minted tigers precious kae a andaya pia c barretto ethan joshua nikholai f guisama chloe elysse b ibanez james michael m magboo montrell aigan s matias djenhard yreneo raphael y sapanhila justin jacob s urag alexa f viray vio neiro m villaescusa alexandra s demaisip and chloe elysse b ibanez the varsitarian welcome to your new home tiger freshies the university of santo tomas welcomed more than 10 000 freshmen tigers on wednesday august 6 for academic year 2025 2026 they passed through the arch of the centuries as part of the welcome walk the university s customary rite of passage the first of two batches were met with some rain during their parade while the second batch was moved to a later time in the afternoon ust rector fr richard ang o p and vice rector fr isaias tiongco o p presided over the welcome masses for the newly minted tigers precious kae a andaya pia c barretto ethan joshua nikholai f guisama chloe elysse b ibanez james michael m magboo montrell aigan s matias djenhard yreneo raphael y sapanhila justin jacob s urag alexa f viray vio neiro m villaescusa alexandra s demaisip and chloe elysse b ibanez the varsitarian,https://www.facebook.com/abscbnNEWS/posts/1242729577902296?__cft__[0]=AZUrwytIspBwEiRMqBh9YuZRauuAo77cF_Dx1sWIflpzNPhKqrOnOJ5iQ-QdCnfcACtn_Hnw7d315K8uE88EAdKyDrQXWIvuDDfK8Uj_u5oEJ2djlsLcGQ1LGFxGaT-rjmGisJCmAw8qeVtZaABiqnzWqfPrtgw7recuPPM42DAYCSu7rjnsfTbpTSrx-KwEovY&__tn__=%2CO%2CP-R
Facebook,bfprhq11,2025-08-11 00:00:00,bfp 11 gears up for kadayawan festival deployment fcsupt junito f maslang dsc regional director bfp region 11 alongside fsupt donald r concepcion district fire marshal of davao city fire district spearheaded the send off ceremony for this years kadayawan festival held at the central parking bay leon garcia cor monteverde sts davao city the event also featured a ceremonial blessing of vehicles and equipment to be utilized for the festival deployment ensuring readiness and safety throughout the celebration bfp 11 gears up for kadayawan festival deployment fcsupt junito f maslang dsc regional director bfp region 11 alongside fsupt donald r concepcion district fire marshal of davao city fire district spearheaded the send off ceremony for this years kadayawan festival held at the central parking bay leon garcia cor monteverde sts davao city the event also featured a ceremonial blessing of vehicles and equipment to be utilized for the festival deployment ensuring readiness and safety throughout the celebration sayang hindi nakapasok anak,https://www.facebook.com/BFPRHQ11/posts/122185988714306426?__cft__[0]=AZUI9MwtfC-JVZt_ekrzZ2yFhNFqhdmLfF3ZGtF7HvsO3Pd3DJWUI1YbL7Lrmh17v9NE2mNJPPnhYZM4F4kiRppInndo9am_jZJYV7qdMnFNJ_6-TPyt5jDOWdgV8PNW_yPdtrHJ0IyRCPjr4VvrJCekq6LLIcPUR94hw1PY8f0nMz6JmABwzmcVYduoCIVIuVULPZQMItfPZv92CPhUM1rd&__tn__=%2CO%2CP-R
Facebook,civildefensedavao,2025-08-06 00:00:00,regional geohazard threat advisory 2 for southwest monsoon habagat for the municipal mayor of tarragona date issued 06 august 2025 1800h regional geohazard threat advisory 2 for southwest monsoon habagat for the municipal mayor of tarragona date issued 06 august 2025 1800h,https://www.facebook.com/civildefensedavao/posts/1072044821783437?__cft__[0]=AZUk8n2A7c4uE0g7zvVfcyktjirLSpZdPBOjGTYT9BtxDPfpH2IZ5abM11wjjP6ttwtj6T4aYTdTZeMtbW5g4fHaqkDPzgIXYbAPMiplApOLZmQGSVZRU3vrxhXhq4h6jfxvZLvWy0cZYxaxTXtQEGAavBmrUczfMK6lTCb8v97IBnUyiYiew9nHCvO4EdamoNA&__tn__=%2CO%2CP-R
Facebook,Manila Bulletin,,a small medical transport plane crashed and caught fire tuesday on the navajo nation in northern arizona killing four people the tribe said in a statement a small medical transport plane crashed and caught fire tuesday on the navajo nation in northern arizona killing four people the tribe said in a statement,https://www.facebook.com/ManilaBulletin/posts/1209850974516440?__cft__[0]=AZXb77nmpayU4d444UqZd4_UFX3mWeasbdZu_xxkAUYhL6q6UQAnwyN5z8KEqbrSdQyYOurf40frwFR2sQXegqwZWaVnGGANUQgo93brYjw3DkEJj-aHYyqMxWKZ6qnqKy-zLfEENDhFgaQRtpjVaF71kpfLbG8L693O82RrJjY93Khqq9i_ynADtdiPjh7Ip90&__tn__=%2CO%2CP-R
Facebook,NDRRMC,2025-08-06 00:00:00,disaster response update a paf black hawk helicopter performs heli bucket operations on august 6 2025 in brgy 105 tondo manila video courtesy of 207th tactical helicopter squadron source philippine air force see more disaster response update a paf black hawk helicopter performs heli bucket operations on august 6 2025 in brgy 105 tondo manila video courtesy of 207th tactical helicopter squadron source philippine air force see more a paf black hawk helicopter performs heli bucket operations on august 6 2025 in brgy 105 tondo manila video courtesy of 207th tactical helicopter squadron a paf black hawk helicopter performs heli bucket operations on august 6 2025 in brgy 105 tondo manila video courtesy of 207th tactical helicopter squadron a paf black hawk helicopter performs heli bucket operations on august 6 2025 in brgy 105 tondo manila video courtesy of 207th tactical helicopter squadron heto na kantyaw ng mga experts kasi napanood nila sa pelikula,https://www.facebook.com/NDRRMC/posts/1065880415714858?__cft__[0]=AZUGqvj9Tt7UAPjWy2ge2MDHzXoHi7COeL63UpkQV3jggk1NCEyQ3SpEgBaZl9QRZjLJ0AC_L49dQuzXnNACMVPuUY_FZsfbF86HPeiruEpmMk0fyyJ92V3dhGxyaKfLWWQs_C5VX0Q4CNMukPTlV9ujAS_5L2X5cQhk2CSBhnKpfmW3CCortTr5UjTY4VHnoRbjqTHLQqHxML_WGHcIH_mA&__tn__=%2CO%2CP-R
Facebook,PHIVOLCS,2025-08-07 00:00:00,earthquake information no 1 date and time 07 august 2025 12 25 am magnitude 2 0 depth 037 km location 07 12n 125 92e 003 km s 75 e of pantukan davao de oro earthquake information no 1 date and time 07 august 2025 12 25 am magnitude 2 0 depth 037 km location 07 12n 125 92e 003 km s 75 e of pantukan davao de oro,https://www.facebook.com/PHIVOLCS/posts/1075779634746000?__cft__[0]=AZXjslX6zqrrExf-74Ec6XOZVVBMQ1HtToD124Z6zHGKD7e_H3Aa1lyWZFyRrvgFlwM0VQz1T6HY-Es1TfVkQ2xLRxcLbGm6e3bROkq0JPFAJWeT6gCySakoXnhy4U4oRbXxVinBocYHMl0072vNGV2oIqKhzFefhqrwAYhcG_kBrwEXDfhKSXC--aveNPj5YjU&__tn__=%2CO%2CP-R
Facebook,Manila Bulletin,2025-08-06 00:00:00,look a lighthearted moment between davao city representatives paolo and omar duterte was captured during the house of representatives session wednesday august 6 as the father and son tandem shared a brief candid exchange before the day s proceedings commenced ivy tejano mb look a lighthearted moment between davao city representatives paolo and omar duterte was captured during the house of representatives session wednesday august 6 as the father and son tandem shared a brief candid exchange before the day s proceedings commenced ivy tejano mb yan ang hirap sa tin pati dynasty nila lightheart at niroromanticized na para bang birthright ng mga kupal na to ang mga posisyon sa gobyerno excellent job manila bulletin,https://www.facebook.com/ManilaBulletin/posts/pfbid0CwTN64iPTmU1zpnMTNPaYw6quWbsVhpbuRvU6o81Wm57pg6bdRnNPiEVRdKQB2BSl?__cft__[0]=AZWvKckM4EKZOrewViKf13R0YMpR8Xw-dhNd9kjivsDP5BjZfGjRL-IdBhWZXWryFynRW66p_aQ3GaJlTsxb0wcdLbe2t7h7eQS-0eJi6YoXSVh1IAv9LKb331egCUBtlYv6NRYftylv7WuTdPXy01qW64KhjdqrfklNXaev3Q94-uX_nKbESNoNRGlYJGkOh_E&__tn__=%2CO%2CP-R
Facebook,NDRRMC,2025-08-06 00:00:00,disaster response update a paf black hawk helicopter performs heli bucket operations on august 6 2025 in brgy 105 tondo manila video courtesy of 207th tactical helicopter squadron source philippine air force see more disaster response update a paf black hawk helicopter performs heli bucket operations on august 6 2025 in brgy 105 tondo manila video courtesy of 207th tactical helicopter squadron source philippine air force see more a paf black hawk helicopter performs heli bucket operations on august 6 2025 in brgy 105 tondo manila video courtesy of 207th tactical helicopter squadron a paf black hawk helicopter performs heli bucket operations on august 6 2025 in brgy 105 tondo manila video courtesy of 207th tactical helicopter squadron a paf black hawk helicopter performs heli bucket operations on august 6 2025 in brgy 105 tondo manila video courtesy of 207th tactical helicopter squadron hindi bumbero ang piloto dapat may training din yung mismong piloto kasi delikadong ibaba pa ang black hawk at useless naman kung malayo sa target ang pagbuhos at wala sa timing ng buhos dapat more training to adopt the performance ng black hawk helicopter,https://www.facebook.com/NDRRMC/posts/pfbid0Xo5uVadW9pxMQkToctynZt2DyZKDhLS2fBY2aHqfhttm9nH8X5LpDcUguLWfv3Rql?__cft__[0]=AZX_zPj27db9NDLmhs-0sbI0lPk79M1UH6uqLUOmlj-sAgB4Wa7PBe8xqA67VwS8ncesZMcqxMPW0jywf7uXHGoDklEU1lr6oWEdvL1cfnckP7ShQ6ues-hEuQ8Dr6O6sAdfEiAA0qd376ff7E9vhcmMfuxY8v-6ETNCMFUYya5s4MOvAgJT7mNtV9Hrf5JO3rK00xyAlbQWgA-wTxCVR6I-&__tn__=%2CO%2CP-R
Facebook,mprsdcdo,2025-08-06 00:00:00,rainfall advisory no 11 weather system southwest monsoon habagat issued at 11 00 pm 06 august 2025 light to moderate rains are expected over cagdianao sanjose basilisa and dinagat within the next 2 3 hours moderate to occasionally heavy rains affecting akbar hadjimohammadajul tuburan tipotipo albarka ungkayapukan santiago tubay jabonga and kitcharao which may persist within 2 3 hours and may affect nearby areas the public and the disaster risk reduction and management offices concerned are advised to monitor the weather condition and watch for the next warning to be issued at 02 00 am tomorrow rainfall advisory no 11 weather system southwest monsoon habagat issued at 11 00 pm 06 august 2025 light to moderate rains are expected over cagdianao sanjose basilisa and dinagat within the next 2 3 hours moderate to occasionally heavy rains affecting akbar hadjimohammadajul tuburan tipotipo albarka ungkayapukan santiago tubay jabonga and kitcharao which may persist within 2 3 hours and may affect nearby areas the public and the disaster risk reduction and management offices concerned are advised to monitor the weather condition and watch for the next warning to be issued at 02 00 am tomorrow,https://www.facebook.com/mprsdcdo/posts/pfbid0Rcf8ZfEH5uhFQJRxwkhBMAqkULGfaHDSqTYZbjAYz4KovVW9C4A87Uma9JrXjoFpl?__cft__[0]=AZVRaa-SkNWYvV1cjpLjiycs6c9lOWc0OwF1jJWo8fzJJjPGHnQAtZCSJ4fIEGOaJJGmPtErjaXIMvyMG1kb7ORNcYRYdMXY1x0h_tN-SGlXC1nJwbu-PTqd4Q5tTby8u1qmt1yCVrnxBIS2k5t9vWcg78BasLTa8JzDozHvcIfdjYVAHrNEYTw8MPY1MvJK7k4&__tn__=%2CO%2CP-R
Facebook,PHIVOLCS,2025-08-07 00:00:00,earthquake information no 1 date and time 07 august 2025 01 04 am magnitude 2 3 depth 016 km location 10 52n 124 89e 012 km s 41 w of mahaplag leyte earthquake information no 1 date and time 07 august 2025 01 04 am magnitude 2 3 depth 016 km location 10 52n 124 89e 012 km s 41 w of mahaplag leyte,https://www.facebook.com/PHIVOLCS/posts/pfbid02T28MEPitNq49g3DLwnSptN1XQ7aL7Db1WvhinHZfeezJES1STi4yojg7Dfs2WXz7l?__cft__[0]=AZXQruD1f08myVOIBZAhWHWThNR5thFFbB5mFOtNPl5-ZREEjI82MiW7B74-empdwexYe53EhZQgl7zYmCqs1gWDlho_KVbKVtA4sxi0E4Z9x7J6pQWR49ahQ3fQJf2ZJnhyYcRUoQQDBFmgBiNw0hzW3Y4HfKJRr9yrseQvuXdr1IW09pCXmn-Xwd0pB0IWwpA&__tn__=%2CO%2CP-R
Facebook,fcff89dragonbase,,fire alert reported house on fire at belisario village firefighters proceeding fire alert reported house on fire at belisario village firefighters proceeding,https://www.facebook.com/FCFF89DragonBase/posts/pfbid02YhWHCseGBNYDNGY7BQUAmNsj5PBNzorPxbKqNP6b7uTx5euBdkjbCEGNPekEEkEzl?__cft__[0]=AZUzcP7DxemomAvk-XxJ-zGeyplbxjlaiuXdQpymhxUJQ_iR0T2bFZUk5P-beUUU14lcutyYsnyAYgXHAZQ5_cc06pzLDAa2NH9scDW4fCMkZiKtbX8zwn_BMk2dzkdENWx503zQWD9cykDKTy_uCvt410bk6TCqAIdIc7V0K6DW4exPuiCVbP6us4NIJ-4ZNshsU8vJhK1WbZTZFo2j-0G1&__tn__=%2CO%2CP-R
Facebook,PHIVOLCS,2025-08-07 00:00:00,earthquake information no 1 date and time 07 august 2025 05 09 am magnitude 1 7 depth 045 km location 15 62n 119 84e 010 km s 83 w of candelaria zambales earthquake information no 1 date and time 07 august 2025 05 09 am magnitude 1 7 depth 045 km location 15 62n 119 84e 010 km s 83 w of candelaria zambales,https://www.facebook.com/PHIVOLCS/posts/pfbid028vwr4bd9NK2VesviQKfAVwA3NTYRLWhLqQnXhWKp4hbt1SWVL4MYrUznyPRvpCx4l?__cft__[0]=AZWumhj3iTj0DgR4exdK0zysQ5SGVr7fkhZQZxuk9haHlMuVJXa9euH_LExMh5Ov-wfZvpEBrdoIpYhIG0LVmLQ2t85q7eLS-2zmXAJj71V_HxK8pRvv3iXcEEiz5kPy8oMrHnFCal6zZ0zGFjb3iwUysusy7FvwpMAK9BcWknWcP83JrJxn_crFcvLGNw5ZO-g&__tn__=%2CO%2CP-R
Facebook,stormchasersph,,dalawang lpa sa loob at labas ng par patuloy ngayong binabantayan ang unang lpa 08a na nasa silangan ng ay patuloy na kumikilos papalapit sa landmass ng inaasahang tuluyan na itong magla landfall bukas ng gabi at inaasahang tatawirin ang kalupaan ng hanggang sa biyernes ng umaga inaasahang bahagya rin nitong hahatakin ang na inaasahang magdadala ng mga kalat kalat na pag ulan sa bansa partikular sa kanlurang bahagi samantala isa pang panibagong lpa 08b ang nabuo sa labas ng par o sa silangan ng at may tsansang pumasok ng par at maging bagyo sa mga susunod na araw sakaling maging bagyo ito pagpasok ng par tatawagin itong patuloy na babantayan ang magiging kilos nito dahil hindi rin inaalis ang posibilidad na lumapit ito sa next week manatiling mag antabay ng mga susunod pang update hinggil sa mga nasabing sama ng panahon sa mga susunod na araw pws psu dalawang lpa sa loob at labas ng par patuloy ngayong binabantayan ang unang lpa 08a na nasa silangan ng ay patuloy na kumikilos papalapit sa landmass ng inaasahang tuluyan na itong magla landfall bukas ng gabi at inaasahang tatawirin ang kalupaan ng hanggang sa biyernes ng umaga inaasahang bahagya rin nitong hahatakin ang na inaasahang magdadala ng mga kalat kalat na pag ulan sa bansa partikular sa kanlurang bahagi samantala isa pang panibagong lpa 08b ang nabuo sa labas ng par o sa silangan ng at may tsansang pumasok ng par at maging bagyo sa mga susunod na araw sakaling maging bagyo ito pagpasok ng par tatawagin itong patuloy na babantayan ang magiging kilos nito dahil hindi rin inaalis ang posibilidad na lumapit ito sa next week manatiling mag antabay ng mga susunod pang update hinggil sa mga nasabing sama ng panahon sa mga susunod na araw pws psu panginoon tunawin mo na po ang mga bagyo ng sa ganoon ay wala ng mapipinsala pa at magdusa sa pangalan ni hesus amen,https://www.facebook.com/stormchasersPH/posts/pfbid0WjP6D5CqdBofbTWhxX9btm8MTskKfEAHXwGDHHHaKTwm4g8srBtRDGHoBUmoo3WMl?__cft__[0]=AZUZTahgTAjedjWmWmr_svVq6Yg-PpcQ_Zx9zlmuteX7Erg0q8Uivyw6YdKGt2Tx8A-Dnt4RAJFiCoZ00-E6ZQJs-3ETbVZFb5_bcS-y5ZqgfWPzJRKvzgv6Z5BRTzUBT3bprds7TVqtxvESUVf0IBIKyHzwo-aqflf__vE5-BfvfqEDv3_RPYxAN1kVrnkic0c&__tn__=%2CO%2CP-R
Facebook,#landslidealert,2025-08-04 00:00:00,13 000 ordered to evacuate in japan as deadly rainfall hits wajima city wajima city in ishikawa prefecture has issued urgent level 4 evacuation orders for over 6 400 households as relentless rain triggers landslide warnings across the region the same city devastated by last years massive earthquake is now facing another unfolding crisis districts including machino minamishimi wajimazaki ama houji kugenosu kawai and oya are all under evacuation hillsides weakened by past disasters are now saturated rivers are rising and the window to act is closing fast 13 000 ordered to evacuate in japan as deadly rainfall hits wajima city wajima city in ishikawa prefecture has issued urgent level 4 evacuation orders for over 6 400 households as relentless rain triggers landslide warnings across the region the same city devastated by last years massive earthquake is now facing another unfolding crisis districts including machino minamishimi wajimazaki ama houji kugenosu kawai and oya are all under evacuation hillsides weakened by past disasters are now saturated rivers are rising and the window to act is closing fast,https://www.facebook.com/hashtag/LandslideAlert
X,dost_pagasa,2025-08-06 07:40:00,thunderstorm advisory no 13 issued at 7 35 am 06 august 2025 wednesday moderate to heavy rainshowers with lightning and strong winds are expected over quezon rizal laguna batangas bulacan metro manila and cavite within the next 2 hours all are advised to,https://x.com/dost_pagasa/status/1952877296655974879
Facebook,PHIVOLCS,2025-08-07 00:00:00,earthquake information no 1 date and time 07 august 2025 07 09 am magnitude 2 2 depth 014 km location 13 70n 120 91e 006 km s 31 w of mabini batangas earthquake information no 1 date and time 07 august 2025 07 09 am magnitude 2 2 depth 014 km location 13 70n 120 91e 006 km s 31 w of mabini batangas ramdam ko ito,https://www.facebook.com/PHIVOLCS/posts/pfbid0Bpat8v3MrG4EQqEYB8ZpHyAJapCenEzCkhv4jhq6bRtvahbj5dEtrjPfsMRhnHpQl?__cft__[0]=AZUHWV_W-w29Br2Yzts5sQz0scsEIFyUd4qlgCCAf-DJMJ9utjdkaVt4Kx1trlwrNgQmudWbY8VjV-TyumSaLc427LgsIJVhQmlJKrQcSB3PMcUfkMxxoUgqkiEMktfqefOKv3MSFmw9uSfYvSJFZwUY8IoRY1VP5Wo2PJqtgct1D_Qd3qP1VQjiA7N8KSdQbzs&__tn__=%2CO%2CP-R
Facebook,stormchasersph,,papalapit na ang lpa nakararanas na ng maulap na kalangitan at mga pag ulan ang malaking bahagi ng dahil sa patuloy na paglapit sa kalupaan ng binabantayan pa ring lpa na huling namataan sa silangan ng inaasahang magla landfall na ang lpa mamayang gabi at magdamag na tatawirin ang kalupaan ng hanggang sa makarating sa west philippine sea bukas ng umaga inaalerto ang mga residenteng nakatira sa hilangang sa posibilidad ng mga biglaang pagbaha at mga pagguho ng lupa pws psu papalapit na ang lpa nakararanas na ng maulap na kalangitan at mga pag ulan ang malaking bahagi ng dahil sa patuloy na paglapit sa kalupaan ng binabantayan pa ring lpa na huling namataan sa silangan ng inaasahang magla landfall na ang lpa mamayang gabi at magdamag na tatawirin ang kalupaan ng hanggang sa makarating sa west philippine sea bukas ng umaga inaalerto ang mga residenteng nakatira sa hilangang sa posibilidad ng mga biglaang pagbaha at mga pagguho ng lupa pws psu keep safe everyone,https://www.facebook.com/stormchasersPH/posts/pfbid0t2mQVemRLnErtFaaNKKM4bKoayXTXRhRyV2H7aQKBhLsxFf5mw1ZY2ACWddEAt7gl?__cft__[0]=AZX5oRvczftcvKBMW1nh4HYfhHaWhkGQLCO-efFEHW5zgXs0RYm6sXm_tJDkgCrKaAleDw4Kt5UpHHrLrrcAYKRE74_AwuulOAZiKFkyDlfNW6pDeyCmxv-h1KdwSGD4YpefgnBVAj-75rwtP9oQ9X1ZgLc_nrIQ7cokHUUnpZ5A1crb__uFpceWUXU1sewcaQ0&__tn__=%2CO%2CP-R
Facebook,#bahaph,,umiikot ngayon sa social media ang ibat ibang larawan ng matinding pagbaha sa loob at labas ng metro manilamula tuhod hanggang dibdib ang lalim ng tubig narito ang ilan sa mga kuha mula sa ibat ibang lugar in and out of metro manila photo courtesy of respective owners mag ingat po tayo iwasan ang paglalakbay kung hindi mahalaga at manatiling nakatutok sa mga ulat ng pagasa at inyong lgu umiikot ngayon sa social media ang ibat ibang larawan ng matinding pagbaha sa loob at labas ng metro manilamula tuhod hanggang dibdib ang lalim ng tubig narito ang ilan sa mga kuha mula sa ibat ibang lugar in and out of metro manila photo courtesy of respective owners mag ingat po tayo iwasan ang paglalakbay kung hindi mahalaga at manatiling nakatutok sa mga ulat ng pagasa at inyong lgu,https://www.facebook.com/hashtag/BahaPH
Facebook,mindanaotimes,2025-08-06 00:00:00,a house is on fire in st matthew crossing bayabas toril davao city on wednesday afternoon august 6 firefighters are currently on their way to the scene photo courtesy ry llanes facebook a house is on fire in st matthew crossing bayabas toril davao city on wednesday afternoon august 6 firefighters are currently on their way to the scene photo courtesy ry llanes facebook,https://www.facebook.com/MindanaoTimes/posts/pfbid0hpxUWdVpM85CutN65eBBB2N3WonnaYBmVXMS55zFbonucYuSPFFwMaLkg6tbgJkgl?__cft__[0]=AZUjK5bcAN3EM6FmvM3MFXEXvMFr2I3SKurRjPBu3_qIuTZZERk-WiNjQpB714WWJYsAM-J6n6cDWKwS7utAprZJj8t2Gp_6SG0qASdUYzbqhBrNqnyOFDiwUBTMrAV7u2QHPfFR8nPM9gVJD-iUAsNY7HeS22_rxqUGZRqWtOyBsdMKOPZfUq0DwYcp6QTIDGM&__tn__=%2CO%2CP-R
Facebook,#fireandrescueph,2025-08-06 00:00:00,fire alarm aug 06 2025 location happyland road 10 aroma tondo involved residential 5th alarm fire alarm aug 06 2025 location happyland road 10 aroma tondo involved residential 5th alarm,https://www.facebook.com/hashtag/FireandRescuePH
Facebook,mprsdcdo,2025-08-07 00:00:00,mindanao weather forecast issued at 5 00 am 07 august 2025 valid until 5 00 am tomorrow synopsis at 3 00 am today the low pressure area lpa was estimated based on all available data at 380 km northeast of daet camarines norte or 390 km east of casiguran aurora 16 2n 125 8e forecast zamboanga peninsula northern mindanao caraga barmm will have cloudy skies with scattered rains and thunderstorms due to southwest monsoon the rest of mindanao will have partly cloudy to cloudy skies with isolated rainshowers or thunderstorms due to southwest monsoon light to moderate winds from west to southwest with slight to moderate seas 0 6 to 1 2 meters kaugalingong dayalekto ang zamboanga peninsula northern mindanao caraga ug barmm makasinati sa mapanganuron nga kalangitan inubanan sa katag katag nga pag ulan kilat ug pagpanalugdog tungod sa southwest monsoon ang ubang dapit sa mindanao makasinati sa panalagsang pag dag um ngadto na sa mapanganuron nga kalangitan inubanan sa patak patak nga pag ulan kilat ug pagpanalugdog tungod sa southwest monsoon hinay ngadto na sa kasarangan nga hangin ang maga gikan sa kasadpang ngadto sa habagatang kasadpang direksyon ug ang kadagatan hapsay ngadto na sa kasarangan ang pagbalud 0 6 to 1 2 meters over laguindingan upper air and synoptic station misamis oriental maximum temperature 01 00 pm yesterday 30 8 c minimum temperature 02 00 am today 23 7 c maximum relative humidity 02 00 am today 95 minimum relative humidity 1 00 pm yesterday 69 astronomical information over el salvador city sunrise today 05 34 am sunset today 06 01 pm moonrise today 04 28 pm moonset today 03 23 am for more information and queries please call at telephone number 088 555 0485 local 102 mindanao prsd website mindanao prsd facebook account facebook group mindanao weather forecast issued at 5 00 am 07 august 2025 valid until 5 00 am tomorrow synopsis at 3 00 am today the low pressure area lpa was estimated based on all available data at 380 km northeast of daet camarines norte or 390 km east of casiguran aurora 16 2n 125 8e forecast zamboanga peninsula northern mindanao caraga barmm will have cloudy skies with scattered rains and thunderstorms due to southwest monsoon the rest of mindanao will have partly cloudy to cloudy skies with isolated rainshowers or thunderstorms due to southwest monsoon light to moderate winds from west to southwest with slight to moderate seas 0 6 to 1 2 meters kaugalingong dayalekto ang zamboanga peninsula northern mindanao caraga ug barmm makasinati sa mapanganuron nga kalangitan inubanan sa katag katag nga pag ulan kilat ug pagpanalugdog tungod sa southwest monsoon ang ubang dapit sa mindanao makasinati sa panalagsang pag dag um ngadto na sa mapanganuron nga kalangitan inubanan sa patak patak nga pag ulan kilat ug pagpanalugdog tungod sa southwest monsoon hinay ngadto na sa kasarangan nga hangin ang maga gikan sa kasadpang ngadto sa habagatang kasadpang direksyon ug ang kadagatan hapsay ngadto na sa kasarangan ang pagbalud 0 6 to 1 2 meters over laguindingan upper air and synoptic station misamis oriental maximum temperature 01 00 pm yesterday 30 8 c minimum temperature 02 00 am today 23 7 c maximum relative humidity 02 00 am today 95 minimum relative humidity 1 00 pm yesterday 69 astronomical information over el salvador city sunrise today 05 34 am sunset today 06 01 pm moonrise today 04 28 pm moonset today 03 23 am for more information and queries please call at telephone number 088 555 0485 local 102 mindanao prsd website mindanao prsd facebook account facebook group,https://www.facebook.com/mprsdcdo/posts/pfbid02EgumF7xrV72D6NbwFxFzy8nFBH9fYGcb9tNRTGhkw4pf9XF8t8LyLyPqxVR8RBkpl?__cft__[0]=AZW3rX70ZwQziBBC4hs4nrxzTmX6FNukmD9t9JZKBP_ZalZImXLARDCeyRERvmiScHs3p-TV-yAcpuzvdMuMDlM7ln_PgT3_EyGTsCh1ovQoIui7X5ef6aXQgglZRbNR9BHiMcUXs5KXHk0Y4bz3zWRp29bALsVaPpFkNVq7E-mKp81WFxLc5DpY93wguUtD88U&__tn__=%2CO%2CP-R
Facebook,PAGASA,2025-08-07 00:00:00,hydrological forecast for bicol river basin issued at 6 00 am 07 august 2025 hydrological forecast for bicol river basin issued at 6 00 am 07 august 2025 rainfall warning need namin,https://www.facebook.com/PAGASA.DOST.GOV.PH/posts/pfbid02NLQvFPaiS5xyVdchDMRCNohaQiEiLYsiPrjvxzuyZSywwfKRtqFyE2JEiHyMiRELl?__cft__[0]=AZVR7FgS1wq8WO6DHkUWGmV6vACUSXHc7CkgCQjn7WKn3vT5yPqPtX5A86saAYL_olFhVxvLPjIZtT5_qDqppR8EL2OwzpgryaM3iTAWA1_oRgtw6dtC78NfwNYffYumf5q6Vh_JzU7LUVkQ0T9qn9JaByzqKLxb0vMYUlR30HwAw5cHF-bzRi6ZxCpb6GvIUlM&__tn__=%2CO%2CP-R
Facebook,SunStar Davao,,the integrated bar of the philippines ibp has voiced its support for the supreme courts authority in striking down the impeachment complaints against vice president sara duterte while firmly warning against any calls to defy the court s decision read more the integrated bar of the philippines ibp has voiced its support for the supreme courts authority in striking down the impeachment complaints against vice president sara duterte while firmly warning against any calls to defy the court s decision read more,https://www.facebook.com/sunstardavaonews/posts/pfbid0VXNuGQ4QNvCz5FN3yKgsgWFtod8ZgzFMB1yx4gZfWGSdsotvY33xp63GDKh2abd7l?__cft__[0]=AZW6Ev-NizDwJLRCDrhhf6SPTg6pJSmniP6dXEqjqgyADUdLWGL092TfrmG-V4K-TO646MxobPMlfRuQOCOY1FdXjmRkzlQ-lYOezv57lfTreqbf-KpGjhJFVDPhd-hj6cENPN_k9HY3SpplOCCZYqPWHDmWrBi6BqCMMilBABiAcW4IGvziy0Gk3kpZH08FrJk&__tn__=%2CO%2CP-R
Facebook,weekendtraveler195,2025-08-02 00:00:00,second wave southern california shaking intensifies day 2 of seismic unrest and its spreading after a swarm near brawley yesterday the inland empire is now feeling the tremors six earthquakes hit from rialto to ontario to lytle creek in just 12 hours including 3 quakes near ontario in under 15 minutes with the strongest at m3 7 these jolts are tracking known danger zones the san jacinto cucamonga and glen helen faults signaling rising pressure across southern california are we witnessing the early signs of something bigger stay alert stay informed second wave southern california shaking intensifies day 2 of seismic unrest and its spreading after a swarm near brawley yesterday the inland empire is now feeling the tremors six earthquakes hit from rialto to ontario to lytle creek in just 12 hours including 3 quakes near ontario in under 15 minutes with the strongest at m3 7 these jolts are tracking known danger zones the san jacinto cucamonga and glen helen faults signaling rising pressure across southern california are we witnessing the early signs of something bigger stay alert stay informed,https://www.facebook.com/weekendtraveler195/posts/pfbid02u1fUuFiwRxHgCn9nNvJHm9ssT2EjBGcm8k4S1LPgcHYBYWbes4ktof3RB8oQukDfl?__cft__[0]=AZXj9i_m6LsyoaTMXTvVU0eKDA3PCeJ7rpSNrS6xrqY16iPnRfUepXDnkyeRqBqlF4sfImiMDik_6qHyEGqdJPwcqFgpUJ5M9iPG4_a6sfxrzWMSSYuInBRFvyrZS-cs8fzvXz8kf6J2B-e9bf1zMX7-f_-pcjECIe_lZCOtXijcZljC11BHx_PrZQ9OzPAoZDg&__tn__=%2CO%2CP-R
Facebook,davaocitydisasterradio,2025-08-07 00:00:00,live madayaw davao august 7 2025 9 20am michelle villadolid mav events event organizer martin maningo assistant coach davao eagles team topic kadayawan all stars basketball game vs lokal legends part of the proceeds will be donated to balay pasilungan anchored by james galay live madayaw davao august 7 2025 9 20am michelle villadolid mav events event organizer martin maningo assistant coach davao eagles team topic kadayawan all stars basketball game vs lokal legends part of the proceeds will be donated to balay pasilungan anchored by james galay,https://www.facebook.com/davaocitydisasterradio/posts/pfbid06STn5h1Ua2P1X9JwLMs3ECveDios7bs3jFZjoMBBbyeJVqQgQa4eVZiXpeh6Afchl?__cft__[0]=AZXbsW4kwv7Z6FUHDOQ-WkRc_VFkh02nnc_Crg_RnRPi40L94bFmcgqYdrSaaA9xXV1zbmgN1pxE64yfZAzSsdVvbZC8qfCpo_KeCoX8gX_Qua_wLqdolmeURjYTtW6pSwWm2c7kGOLLTZnSl0zptSAemI8X1IIu0uCyNblhLr-abrfID5wV2tvDA2IhxnX4IGE&__tn__=%2CO%2CP-R
Facebook,NDRRMC,,gumamit na ng helicopter ang mga awtoridad para makatulong sa pag apula ng malaking sunog na naganap sa aroma compound sa tondo maynila via manny vargas dzbb gma integrated news gumamit na ng helicopter ang mga awtoridad para makatulong sa pag apula ng malaking sunog na naganap sa aroma compound sa tondo maynila via manny vargas dzbb gma integrated news,https://www.facebook.com/NDRRMC/posts/pfbid02BS5yowfdAuFhtUJLX8apbEDJt9uZ3doByUjaKenPQjWn6G66CzbAEwde7F7xkE4Zl?__cft__[0]=AZXnWMxsaDXFVR6PyBNgTHPczmjrseh-Dc7Xqm9qF37PKxDNpybwXGQKOixtyVSN8ZgdBNSPqKLGWdHWG6fV5NUk2u8AN0XnTMwky3gYsoCC1_MD7EVxIvbS0CnoDsTmLU-XfvUUXi5m67vP1o_bsC0LDhVmz6-PnocCDikFZ8W-Vl0aWh8GDR0D8v3iM08etimQ7ZF7HErei_MG2_5zyXZOzLkBKKl_7WI_Umjs7XFpwg&__tn__=%2CO%2CP-R
Facebook,#firealert,2022-01-15 00:00:00,watch updated the bureau of fire protection bfp reported around p200 000 worth of damages due to the fire incident near bolton bridge along quimpo boulevard in davao city on saturday morning january 15 2022 read more rj panares watch updated the bureau of fire protection bfp reported around p200 000 worth of damages due to the fire incident near bolton bridge along quimpo boulevard in davao city on saturday morning january 15 2022 read more rj panares,https://www.facebook.com/hashtag/FireAlert
Facebook,#fireandrescueph,2025-08-06 00:00:00,fire alarm aug 06 2025 location scout rallos extension barangay sacred heart quezon city fire alarm aug 06 2025 location scout rallos extension barangay sacred heart quezon city,https://www.facebook.com/hashtag/FireandRescuePH
Facebook,#tsunamialert,2025-07-30 00:00:00,breaking footage russia just got hit hard on july 30 2025 a massive tsunami slammed into the russian coast following a powerful undersea quake the water came fast furiousand without mercy entire villages were swallowed sirens blared people ran for their lives this is not just another disaster this is a wake up call tsunamis dont wait nature doesnt negotiate if you live near a coastknow your evacuation routes now share this save a life tag someone who needs to be prepared do not ignore evacuation alerts ever breaking footage russia just got hit hard on july 30 2025 a massive tsunami slammed into the russian coast following a powerful undersea quake the water came fast furiousand without mercy entire villages were swallowed sirens blared people ran for their lives this is not just another disaster this is a wake up call tsunamis dont wait nature doesnt negotiate if you live near a coastknow your evacuation routes now share this save a life tag someone who needs to be prepared do not ignore evacuation alerts ever,https://www.facebook.com/hashtag/tsunamialert
Facebook,PAGASA,,hoping none of these lpa will not turn to a typhoon and praying it will disappear on mid air through the divine intervention of god almighty in jesus name i pray amen,https://www.facebook.com/PAGASA.DOST.GOV.PH/posts/pfbid02zhhRAxAxoX7vcqdfEVd7c6SKZCCMREzxifKWzdH5RCCvfKAeH9os5CBN4zm9y3V6l?comment_id=2886754518199576&__cft__[0]=AZW79-q98YQuuGatm_sWV2YwalKcr-FKOEmMqVKVowuMSVNXpNa0R7mE4gGiuZnav3tQpnbiFRYU0NvvkiFQdYXl7ySxkTMX2bLCr4JFBZiy5nR6i9-6CJf7q-TyGEmWOZcV0nP4Vp04S4OlBWq53Vhesdas2_T1BQjhxYDpYsffjLDXl2qmSg7YWGQBDhOyNa4&__tn__=R-R
Facebook,PHIVOLCS,2025-08-07 00:00:00,earthquake information no 1 date and time 07 august 2025 08 37 am magnitude 1 6 depth 022 km location 07 97n 126 37e 009 km s 31 w of lingig surigao del sur earthquake information no 1 date and time 07 august 2025 08 37 am magnitude 1 6 depth 022 km location 07 97n 126 37e 009 km s 31 w of lingig surigao del sur,https://www.facebook.com/PHIVOLCS/posts/pfbid07F6UYEHEysszApQVkhmigyeECYmjrko2e64KfLPnnQBKJN7c99obr5kxRFPijdeNl?__cft__[0]=AZWynCAq2DBVLFl4iM5B1GGM3O1uxgI_q2eUtZj6zcxVWGCNi9kIYOmejQ6Aq-NWhTVnoNqZGHsyqz1Na6hIQKLYmXLrB4V1PcJSC9mJU33c_UDmPkoe0zJJPkOr_U13wn6ifNTgfsEb85XqNV8dUfGqlgbg5wbkCGeYtPh2IL2McqUo7D3PL6foe4hjevr0_wk&__tn__=%2CO%2CP-R
Facebook,ditosaph,,tama hindi lang gobyerno ang may responsibilidadlahat tayo dapat makialam sa paglilinis ng paligid tama hindi lang gobyerno ang may responsibilidadlahat tayo dapat makialam sa paglilinis ng paligid if our waterways are clogged where does the water go clogged waterways are one of the main reasons why flooding in metro manila is getting worse these crucial flood control infrastructure are essential to maintaining the proper direction of water during times of heavy rain metro manila s floods are caused by trash neglect and corruption it is paramount that we keep clean our esteros canals and drainage systems in order to mitigate the longstanding flood problem we have in our country we must always remember to dispose of our waste responsibly change starts with you manila public information office manila drrm office if our waterways are clogged where does the water go clogged waterways are one of the main reasons why flooding in metro manila is getting worse these crucial flood control infrastructure are essential to maintaining the proper direction of water during times of heavy rain metro manila s floods are caused by trash neglect and corruption it is paramount that we keep clean our esteros canals and drainage systems in order to mitigate the longstanding flood problem we have in our country we must always remember to dispose of our waste responsibly change starts with you manila public information office manila drrm office if our waterways are clogged where does the water go clogged waterways are one of the main reasons why flooding in metro manila is getting worse these crucial flood control infrastructure are essential to maintaining the proper direction of water during times of heavy rain metro manila s floods are caused by trash neglect and corruption it is paramount that we keep clean our esteros canals and drainage systems in order to mitigate the longstanding flood problem we have in our country we must always remember to dispose of our waste responsibly change starts with you manila public information office manila drrm office,https://www.facebook.com/DitoSaPH/posts/pfbid02hz8VCRziu2aaKfY6vm2RW5ehQhFz7QZmY69q1AYCnpkoz1Ch9XEbL6xiWpKcttKml?__cft__[0]=AZVRFYUDIAUBRa09Ru3MuQTPEtWp6PcdO0-Con57jE0TT7lNphyGG_qnPfl73EYHJsoYUk0IZ3ZNaLwZWEOB931N6WIPKeAbN-riqWY2I7a4DDgtaIvpiPQQ4gOCwu2zncX53UP1o_xPwfANwRa7TI1IZ_JC3V3rnmM9_4_YKuYtouB9sWHZg3X2CFMWrZIZz2rjYst7nCdUlWNi2YK0h0l2pnRmZKvwBIH3VFicasvjfA&__tn__=%2CO%2CP-y-R
Facebook,#firealert,2025-08-06 00:00:00,breaking malawakang sunog sa aroma tondo manila fire alert fire hits a residential area at vicinity of aroma road 10 brgy 105 tondo manila city metro manila this wednesday morning august 6 2025 firefighters are now on scene to extinguish the fire status updates raised to 1st alarm 9 47 am raised to 2nd alarm 9 48 am raised to 3rd alarm 9 55 am raised to 4th alarm 10 10 am raised to 5th alarm 10 10 am raised to task force alpha 10 17 am i manila drrm office breaking malawakang sunog sa aroma tondo manila fire alert fire hits a residential area at vicinity of aroma road 10 brgy 105 tondo manila city metro manila this wednesday morning august 6 2025 firefighters are now on scene to extinguish the fire status updates raised to 1st alarm 9 47 am raised to 2nd alarm 9 48 am raised to 3rd alarm 9 55 am raised to 4th alarm 10 10 am raised to 5th alarm 10 10 am raised to task force alpha 10 17 am i manila drrm office,https://www.facebook.com/hashtag/FireAlert
Facebook,#landslidealert,2025-08-05 00:00:00,ang lapit kasi ng mga bahay sa ilog daanan ng tubig nagmula sa bundok 5 death 50 missing in india ang lapit kasi ng mga bahay sa ilog daanan ng tubig nagmula sa bundok 5 death 50 missing in india,https://www.facebook.com/hashtag/LandslideAlert
Facebook,ABS-CBN,,ang kaibahan naman ng motion na pinasa natin in archive na siya na sinunod ang supreme court decision pinatay na siya so kung ma reconsider ng supreme court puwede mong buhayin ayon kay sen alan peter cayetano tingnan ang comments section para sa link ng buong detalye ang kaibahan naman ng motion na pinasa natin in archive na siya na sinunod ang supreme court decision pinatay na siya so kung ma reconsider ng supreme court puwede mong buhayin ayon kay sen alan peter cayetano tingnan ang comments section para sa link ng buong detalye,https://www.facebook.com/abscbnNEWS/posts/pfbid0uKuMJKfTu3fqDWJ72FCLGmapthj3uLa2q5LBnXJJU3k8Lj6sBfF2PCvkkft5UM3dl?__cft__[0]=AZXt0hR-cHdcLhg_aNiZKyfmozTCWz7kjGRowkN7SCrRB71bvd1YyQyz1QYmo3w05EGG_Ru33fZ3-nUDP4QMYD9fJaXUipBK5148dfeTnF2kQCBZRXzPDx-mDx7I4WojOCyni831X8ZDThnIrF-cLhY3zM7ceXKIG52_EBYoIwN-YNVorTnfdVUTehKgBees10M&__tn__=%2CO%2CP-R
Facebook,NDRRMC,2025-08-07 00:00:00,as of 8 00 am today 07 august 2025 the low pressure area lpa 08a being monitored inside the philippine area of responsibility par has a medium chance of developing into a tropical depression within the next 24 hours meanwhile the low pressure area lpa 08b being monitored outside the philippine area of responsibility par has now a high chance of developing into a tropical depression within the next 24 hours as of 8 00 am today 07 august 2025 the low pressure area lpa 08a being monitored inside the philippine area of responsibility par has a medium chance of developing into a tropical depression within the next 24 hours meanwhile the low pressure area lpa 08b being monitored outside the philippine area of responsibility par has now a high chance of developing into a tropical depression within the next 24 hours malusaw na kayong mga lpa kayo,https://www.facebook.com/NDRRMC/posts/pfbid0HSFT6WJQ648PgWiGrUbnmvC88UnYsTrKdvg6C6H8VSu7okG5gpy4kLMZiu9QTFgxl?__cft__[0]=AZUInkAsGtePG2kO6vWtASSNMtwLC71R8TVUJtH9gC1uyhYtB4Nc9vrwYPuD-xqZOODGEHmqYyGNs041jNYptLQUEI-m2qIj7GoyiEFhKTloNkLUlCYgbdZw-33FdYom5NRFIIbOLyot-9IFC5w5Jt-C57fIIyknN3Xty33-Qr-r88f5OYoCmtxQI8TYM2-uXsY&__tn__=%2CO%2CP-R
Facebook,stormchasersph,,bagyo alert lumakas at isa nang ganap na bagyo o tropical depression ang binabantayang lpa sa labas ng par na nasa silangan ng ayon sa weather models mataas ang tsansang pumasok ito ng par sa lunes at tatawaging babantayan ang magiging kilos nito sa mga susunod na araw dahil hindi inaalis ang posibilidad na maapektuhan nito ang next week manatiling mag monitor ng mga susunod pang update hinggil sa nasabing bagyo pws psu bagyo alert lumakas at isa nang ganap na bagyo o tropical depression ang binabantayang lpa sa labas ng par na nasa silangan ng ayon sa weather models mataas ang tsansang pumasok ito ng par sa lunes at tatawaging babantayan ang magiging kilos nito sa mga susunod na araw dahil hindi inaalis ang posibilidad na maapektuhan nito ang next week manatiling mag monitor ng mga susunod pang update hinggil sa nasabing bagyo pws psu stay safe po tayo,https://www.facebook.com/stormchasersPH/posts/pfbid02Ayf8c8fGM9Fszv3n9nPXwjsyF4iJqTHDzwWfqPvcH2QMgXRPh5uCzxXH9pjNtzbGl?__cft__[0]=AZUMMfkcAKKmg91Vo6GTNMjVs3Tet4pRkg9I_R88lDW8j6k-70WzE0bzlVouhbIt_iBXaamqwGa5dZgu5dBFtnOEAUZ7GFdxs6K9EEcVuho2VRzBNZ4qE8ibKQjZFKa_RxwhwIcabcxyVpuKP-PmOpIc5z9UC8GujcDsk5hUOZYcQ3EOqfl-nnGQNA5dxHA2Xp4&__tn__=%2CO%2CP-R
Facebook,untvnewsrescue,,ikinababahala ng ilang kongresista ang desisyon ng senado sa impeachment case laban kay vice president sara duterte dagdag pa ng mga ito hindi dapat tinitingnan ang isyu ng impeachment bilang politically motivated ikinababahala ng ilang kongresista ang desisyon ng senado sa impeachment case laban kay vice president sara duterte dagdag pa ng mga ito hindi dapat tinitingnan ang isyu ng impeachment bilang politically motivated hahaha takot sila kc mabawasan pagnanakaw nila,https://www.facebook.com/UNTVNewsRescue/posts/pfbid02L6EYWaJFyXotexr25qVRP1fabsUA2LBq73rfRGfF2iP3hjQ8QYRBUka4iB2f2KdWl?__cft__[0]=AZVDn3xYLYsjqVHt9DlM1sYnB9fVjV7ytL2F3cAyiIpZASsajtGfTwnJMr2A-sxQn96zhYGHfVzz0UI4hdQRjHXerPHD_wx4-dpfX8-Ahf-Fv059FF3nBQ0OnM-ZWCw0iFNNSZOBADi6YdR5CTRTvwdooiBDzE9JQiJtwbzTJp-ZXY2lEr8rz22kWZ9xbnIGjGU&__tn__=%2CO%2CP-R
Facebook,ABS-CBN,,ayaw ng bagong upong chairman ng energy regulatory commission na si atty francis juan mangakong maibababa ang singil sa kuryente sa loob ng apat na taong paninilbihan bilang pinuno ng erc via alvin elchico abs cbn news ayaw ng bagong upong chairman ng energy regulatory commission na si atty francis juan mangakong maibababa ang singil sa kuryente sa loob ng apat na taong paninilbihan bilang pinuno ng erc via alvin elchico abs cbn news bahala na jan si sen marcoleta,https://www.facebook.com/abscbnNEWS/
Facebook,PHIVOLCS,2023-03-07 00:00:00,earthquake information no 1 date and time 07 march 2023 02 02 pm magnitude 6 2 depth 034 km location 07 43n 126 09e 013 km n 16 w of maragusan davao de oro reported intensities intensity v nabunturan davao de oro intensity iv city of tagum davao del norte instrumental intensities intensity v nabunturan davao de oro intensity iii davao city davao del sur malungon sarangani tupi south cotabato intensity ii cabadbaran city agusan del norte talakag malaybalay bukidnon magpet kidapawan city carmen banisilan cotabato abuyog leyte alabel sarangani koronadal city south cotabato bislig city surigao del sur intensity i kadingilan bukidnon don marcelino davao occidental kapatagan lanao del norte baybay and dulag leyte cagayan de oro city misamis oriental kiamba sarangani norala suralla tantangan banga and general santos city south cotabato esperanza columbio isulan and president quirino sultan kudarat surigao city surigao del norte tandag surigao del sur earthquake information no 1 date and time 07 march 2023 02 02 pm magnitude 6 2 depth 034 km location 07 43n 126 09e 013 km n 16 w of maragusan davao de oro reported intensities intensity v nabunturan davao de oro intensity iv city of tagum davao del norte instrumental intensities intensity v nabunturan davao de oro intensity iii davao city davao del sur malungon sarangani tupi south cotabato intensity ii cabadbaran city agusan del norte talakag malaybalay bukidnon magpet kidapawan city carmen banisilan cotabato abuyog leyte alabel sarangani koronadal city south cotabato bislig city surigao del sur intensity i kadingilan bukidnon don marcelino davao occidental kapatagan lanao del norte baybay and dulag leyte cagayan de oro city misamis oriental kiamba sarangani norala suralla tantangan banga and general santos city south cotabato esperanza columbio isulan and president quirino sultan kudarat surigao city surigao del norte tandag surigao del sur,https://www.facebook.com/PHIVOLCS/posts/pfbid04KP9fHRUJ4QQWeQiJmrxD5DqXzbDSwZT6xxVhTHZijGTXbW6UomuTGAt1eXYn2chl?__cft__[0]=AZWpEMM1CP1uzgTB1LkTsHAzNTTQsF8MGyfDUChKXjda-9eWHAPWPtFZYWF1fDvknjvHtkoTm6Ntfj_tIgYB0NJAYhteEB_nEkY18ZThzDHjzUxsTilo7smyf43k1YnPmrIvEB3hyuOlv5cZGxH4mZVWdBcOKabo6jVbZHPeguFGI6O_rlltBm-9tXYj0HqPPVY&__tn__=%2CO%2CP-R
Facebook,davaocitydisasterradio,2025-08-07 00:00:00,live kwentura kasaysayan ug buhat sa dakbayan august 07 2025 1 10 pm anchored by mariel escabarte live kwentura kasaysayan ug buhat sa dakbayan august 07 2025 1 10 pm anchored by mariel escabarte aduna ba kamo y gusto ipaabot nga pangutana o concern pinaagi sa atong mga programa text o tawag sa see more d101 nga durian ang pina ka lami man yes gabahan kaayo man labi na ug d101 ayung hapon dcdr ayung hapon mam mariel escabarte gd pm ma am mariel og dcdr gdpm sa tanan godbliss po,https://www.facebook.com/davaocitydisasterradio/
Facebook,NDRRMC,2025-08-05 00:00:00,disaster response update the office of civil defense cordillera administrative region ocd car provided non food items shelter repair kits to the province of benguet on 05 august 2025 to support the municipalities in the province that have declared state of calamity soc due to the combined effects of southwest monsoon habagat and tropical cyclones tcs and this is part of the resource augmentation relative to the disaster management operations in areas affected by the recent weather systems in the cordillera administrative region car source civil defense cordillera disaster response update the office of civil defense cordillera administrative region ocd car provided non food items shelter repair kits to the province of benguet on 05 august 2025 to support the municipalities in the province that have declared state of calamity soc due to the combined effects of southwest monsoon habagat and tropical cyclones tcs and this is part of the resource augmentation relative to the disaster management operations in areas affected by the recent weather systems in the cordillera administrative region car source civil defense cordillera,https://www.facebook.com/NDRRMC/posts/pfbid0h5pVjp1wUo7tkgeKQbRFAuwwvqNhTt3o927LnubtUcxw1GdpvYKZKzXZyn31a8vdl?__cft__[0]=AZVmXPe3ADhGVT2U3WBdtPD86yXxiFKnmOjRXxMZR1tAzz4gApyemjfiw4GjJHsRhhnOmCpn5j_mpEhO7C3qnbYXMqrxz_WrHUKKmSFq1IbcuUE-bZsns4ps-BcxtWJ6Xiup3wl_CxBV4mTFiWFaX_hTlz4Wt6xWuctchrglXsEaBvcHoePtwMA_2zRlgRiNgLM&__tn__=%2CO%2CP-R
Facebook,PHIVOLCS,2025-08-07 00:00:00,earthquake information no 1 date and time 07 august 2025 01 53 pm magnitude 2 5 depth 034 km location 17 40n 122 88e 061 km n 53 e of palanan isabela earthquake information no 1 date and time 07 august 2025 01 53 pm magnitude 2 5 depth 034 km location 17 40n 122 88e 061 km n 53 e of palanan isabela totoo ba to,https://www.facebook.com/PHIVOLCS/posts/pfbid0iEKzS11b259KUqZhz81b8aPNzTLsvpCLt8avmJxSCCtWLiutyDWLtNYRqDUuNrGxl?__cft__[0]=AZVUYtw5u5xe4PXjzofb7L9m879UZ3WRMQDkAXaNPfqXKQcVFKkjmOYt_VqxZk1nk-TNNYIeqiHip4XBJwSCawFRq7TfHSCqoXRjxH2Wp-Jfi1PsOPIq58qdGzckpY__Fvss6X9WGAs0CsQi46qJEvqEzeCELvSNG9fAaEiPQj5hK2BHjIxOtIv7N2BXHzIxgdU&__tn__=%2CO%2CP-R
Facebook,SunStar Philippines,2025-08-05 00:00:00,a 38 year old fisherman from barangay punta engano lapu lapu city died while at sea on august 5 2025 possibly after being struck by lightning initial findings showed facial trauma and a burn on his abdomen but police await autopsy results to confirm if lightning caused his death or if foul play was involved a 38 year old fisherman from barangay punta engano lapu lapu city died while at sea on august 5 2025 possibly after being struck by lightning initial findings showed facial trauma and a burn on his abdomen but police await autopsy results to confirm if lightning caused his death or if foul play was involved,https://www.facebook.com/SunStarPhilippines/posts/pfbid04XqFJPTn8TvaCwVq9EVU5fx33YGhNCXZ1M2DH4XndYNdpNDSmam9HLn7gf2o7MLfl?__cft__[0]=AZWWQv4EyDvHpuUP1BTW-75V32EGuvrMFPXW6OUdxwZRPutDp6rakzko0n2rA-_PiAYR94W5NIRJKTsedj1sOyIpJgfMJEiYFcVn2cmPRGxdeLkkjewSC0_FTkk6miT0Hzcz7otd6hxmxmrL8WJxwtnlPLgNRqnAL05x7Sdjbc5_u3ZObP2OxCIW8K7W2ejVcLA&__tn__=%2CO%2CP-R
Facebook,SunStar Davao,2023-11-17 00:00:00,a strong earthquake rocked davao city on friday afternoon november 17 2023 more details to follow keep safe everyone a strong earthquake rocked davao city on friday afternoon november 17 2023 more details to follow keep safe everyone,https://www.facebook.com/sunstardavaonews/posts/pfbid02wERVECZDyZt33gtkVugth4dgn7YftqYE9QCK7Pmut5c19eZo45uP6y5Wnwz8e9dZl?__cft__[0]=AZXqCOQIAOIaulLxjnFYQ5IdNakFnOwvyorU-0kU3rzW_4FSkNuVJvPgenXogV64whz-JTsJL_N2DuvKTEO5dMpD7KTrxfpxNDOdAGl6Hp4DXDFmLexLTVZMO8fVaGDoYEEJ3k-J0ty5jTh6exU_vRU9kyKOnRi0oQqEKZBKppEOgKssUf_pSCQHUGUAeLlqzbw&__tn__=%2CO%2CP-R
Facebook,#firealert,,ubos ang wire ng tondo nasunugan na nga nagnakawan pa ng kable na kuryenti ubos ang wire ng tondo nasunugan na nga nagnakawan pa ng kable na kuryenti,https://www.facebook.com/hashtag/FireAlert
Facebook,rosalie.caguil,,in jesus name panay na tau ngayon ng sunog ung maunawaan natin ng yari sating mundo inpadama saatin yan kung tau pa mag pakumbaba sa saating pangenoon hinde tau puro hanap buhay nga wala na taung time sa pangenoon bigyan po natin mahalaga ang pagsakop sa pangenoon o pag sunod sa kanyang kalooban kailangan natin gawin natin upang malayo tau sa kapahamakan kung ano paman ung mga gumagawa mga kasal anan isuko natin ang ating sarili hinde pa huli lahat pag pakumbaba na tau sa pangenoon huminge ng kapatawaran sa ating pangenoon kung tau maka sal anan amen po ba in jesus name panay na tau ngayon ng sunog ung maunawaan natin ng yari sating mundo inpadama saatin yan kung tau pa mag pakumbaba sa saating pangenoon hinde tau puro hanap buhay nga wala na taung time sa pangenoon bigyan po natin mahalaga ang pagsakop sa pangenoon o pag sunod sa kanyang kalooban kailangan natin gawin natin upang malayo tau sa kapahamakan kung ano paman ung mga gumagawa mga kasal anan isuko natin ang ating sarili hinde pa huli lahat pag pakumbaba na tau sa pangenoon huminge ng kapatawaran sa ating pangenoon kung tau maka sal anan amen po ba,https://www.facebook.com/rosalie.caguil/posts/pfbid0iWpTEbyZCdC9bgUfvqKFmh76xXoUjXzbezM56HVsVoNf9WAE53ob4kxvHFZmVX7kl?__cft__[0]=AZVPQxOe1Fp9dsZclAkAc1_7p1x1g_NFW7TQl8ZqbmDo9naIq2sL23PjDRYrLLjwEboDee6Qh7wPT9UHVAIFyzgEaYhJOjGPzPdkPmdgw9LoFxwcDh6jS3B71xGnR4Q874ZK3qItgQfebMO5KHPQn1q3bH5-6ljVAMHehNj0kz-o95tI7YTokJJrpV2hjYXG11Er5JxeYhhGzo7tL80u-mu4bmy0XA2l5HhlUsM5sL5gYw&__tn__=%2CO%2CP-R
Facebook,civildefensedavao,2025-08-07 00:00:00,alert mgb list of barangays susceptible to rain induced landslides and flooding in caraga region region xiii davao region region xi and northern mindanao region x based on dost pagasa rainfall data gsm 100mm and wrf 150mm 72 hour forecast as of 8 00 am august 7 2025 please note the validity of the earlier lists provided 72 hour forecast additionally areas not included in the list but located in close proximity to or downstream of the listed areas may also be affected source mines and geosciences bureau civil defense caraga civil defense davao region civil defense northern mindanao region 10 alert mgb list of barangays susceptible to rain induced landslides and flooding in caraga region region xiii davao region region xi and northern mindanao region x based on dost pagasa rainfall data gsm 100mm and wrf 150mm 72 hour forecast as of 8 00 am august 7 2025 please note the validity of the earlier lists provided 72 hour forecast additionally areas not included in the list but located in close proximity to or downstream of the listed areas may also be affected source mines and geosciences bureau civil defense caraga civil defense davao region civil defense northern mindanao region 10 alert mgb list of barangays susceptible to rain induced landslides and flooding in caraga region region xiii davao region region xi and northern mindanao see more alert mgb list of barangays susceptible to rain induced landslides and flooding in caraga region region xiii davao region region xi and northern mindanao see more alert mgb list of barangays susceptible to rain induced landslides and flooding in caraga region region xiii davao region region xi and northern mindanao see more,https://www.facebook.com/civildefensedavao/posts/pfbid02NCfDWEdpMcpu3c2nD3hWo6eyzvohTSiGsx2htQqd7de78zkBJWWd8KXgWMXK8ztXl?__cft__[0]=AZXFyvSuVIC0wsFC_VaKcF4wpkqv4W9Maze1w8OpDhavOyNvlKLsUPjWiGvN0MeVRzCePH35gUDsInKrICv6E8UnCpTZ_SWjofVgmrXNzQG3BGJRMtNTAhdxIDVrYCHJoRt3ETa8XkKUzlxNnnXQFW9RDYa6fGmI9zPQKUAUTGhGsJMsDpMbpCTqixqDLT19StzbWul9A566HPqj4tPa45ro53mLD-mK2snsG3MSKkNUew&__tn__=%2CO%2CP-R
Facebook,Inquirer.net,,masungit sila bantay watch ibinahagi ng isang mamimili mula sa pilar bataan ang kaniyang video kung saan makikita ang mistulang masusungit na mga tindera sa kaniyang pinagbibilihang sari sari store ayon sa kwento ni aira kate briones sa inquirer nasa labas ng tindahan ang may ari nang bumili siya samantalang ang mga alaga nitong mga aso ang nakabantay sa loob ng tindahan dagdag pa ni briones naaliw siya kasungitan ng mga fur baby dahil mas dumoble pa raw ang pagtatahol ng mga ito noong bumalik na ang may ari sa loob ng tindahan good vibes naman ang hatid ng video sa mga netizen at nag iwan pa sila ng mga nakatutuwang komento sa post bibili ka ba video video ka pa riyan pabirong sabi ng isang netizen alis na mag aalaga pa ko ng anak ko dagdag pa ng isang netizen tiktok via lance bautista inquirer net trainee got any interesting stories photos or videos send us your experience here masungit sila bantay watch ibinahagi ng isang mamimili mula sa pilar bataan ang kaniyang video kung saan makikita ang mistulang masusungit na mga tindera sa kaniyang pinagbibilihang sari sari store ayon sa kwento ni aira kate briones sa inquirer nasa labas ng tindahan ang may ari nang bumili siya samantalang ang mga alaga nitong mga aso ang nakabantay sa loob ng tindahan dagdag pa ni briones naaliw siya kasungitan ng mga fur baby dahil mas dumoble pa raw ang pagtatahol ng mga ito noong bumalik na ang may ari sa loob ng tindahan good vibes naman ang hatid ng video sa mga netizen at nag iwan pa sila ng mga nakatutuwang komento sa post bibili ka ba video video ka pa riyan pabirong sabi ng isang netizen alis na mag aalaga pa ko ng anak ko dagdag pa ng isang netizen tiktok via lance bautista inquirer net trainee got any interesting stories photos or videos send us your experience here,https://www.facebook.com/inquirerdotnet/
Facebook,PHIVOLCS,2025-08-07 00:00:00,the luzon leg of handa pilipinas sa bagong pilipinas innovations in climate and disaster resilience nationwide exposition 2025 officially kicks off today hosted by the department of science and technology cordillera administrative region dost car with the theme bida and handa sti for a smart and resilient luzon back to back with the regional science and technology week rstw in car at the newtown plaza hotel baguio city on august 7 9 2025 the ceremonial memorandum of agreement moa signing of the georiskph adoption by the cordillera regional land use committee rluc happened during the opening ceremony signed by dost phivolcs director dr teresito c bacolcol rluc chairperson dir apollo edwin s pagano and dost car regional director dr nancy a bantog witnessed by dost secretary dr renato u solidum dost undersecretary for regional operations engr sancho a mabborang and dhsud car regional director marvin m feraren also the seismic hazard atlas under seismic hazard assessment for the design earthquake of the philippines shade project was presented and turned over by dost officials cordillera regional disaster risk reduction and management rdrrmc officials and car local government unit lgu officials tags georisk philippines dost car dost philippines the luzon leg of handa pilipinas sa bagong pilipinas innovations in climate and disaster resilience nationwide exposition 2025 officially kicks off today hosted by the department of science and technology cordillera administrative region dost car with the theme bida and handa sti for a smart and resilient luzon back to back with the regional science and technology week rstw in car at the newtown plaza hotel baguio city on august 7 9 2025 the ceremonial memorandum of agreement moa signing of the georiskph adoption by the cordillera regional land use committee rluc happened during the opening ceremony signed by dost phivolcs director dr teresito c bacolcol rluc chairperson dir apollo edwin s pagano and dost car regional director dr nancy a bantog witnessed by dost secretary dr renato u solidum dost undersecretary for regional operations engr sancho a mabborang and dhsud car regional director marvin m feraren also the seismic hazard atlas under seismic hazard assessment for the design earthquake of the philippines shade project was presented and turned over by dost officials cordillera regional disaster risk reduction and management rdrrmc officials and car local government unit lgu officials tags georisk philippines dost car dost philippines,https://www.facebook.com/PHIVOLCS/posts/pfbid02v26J8v9Twwc6e7xBz42GAkJ7NyKcRVkk95LPkMPNBwAhCU7Fe3vYcGu1wGWFa1P5l?__cft__[0]=AZUTKBraNtw8qk5p1p9v0LEIQQtDjXjpE8gzESNmiBzo6LQX6mfy3emZTUvZ14BSmd0ttxvGLWuKKtB_B-8vUtkxpadMdafQbypKDSf8RnWKtle6XWHgLLLV2WU-b9XJEz_yYl3s5IyxwcR-CB_SfiPuBdCNcHKtjcQmAwl2f16-HafFxE6JrAQq1h_ocXDqczc&__tn__=%2CO%2CP-R
Facebook,PHIVOLCS,2025-08-07 00:00:00,earthquake information no 1 date and time 07 august 2025 04 56 pm magnitude 2 5 depth 023 km location 06 09n 124 94e 019 km s 42 e of t boli south cotabato reported intensities instrumental intensity intensity ii t boli south cotabato earthquake information no 1 date and time 07 august 2025 04 56 pm magnitude 2 5 depth 023 km location 06 09n 124 94e 019 km s 42 e of t boli south cotabato reported intensities instrumental intensity intensity ii t boli south cotabato,https://www.facebook.com/PHIVOLCS/posts/pfbid0fWxRoxSMEiUkWzvefe6CvwXBUtUNcX8Wj6tDfHDVLSDuxncGgnggWnW4W26ZA46Jl?__cft__[0]=AZW5840KkBgoB1wbgEe6KKUSwvaoweu001t9vnlA9UTgP7MBNlTTV7_5hEjUEw8GjB02N_zyx48YgWmBqQVsmS8rQql2uPRwZzkXAkIKETEXZIWBBY6PUVmRL4mzUj6h7qL-1c-PfUJkI-WSAmmXFnFV1vShqY7EhMl-64XwJ1IvtwP68aykuHmyM3FzFNt6lDc&__tn__=%2CO%2CP-R
Facebook,1kgmorlifebarleygrass,,critical level and experiencing massive floodings most areas are now submerged in water some people are not yet rescued or reached we do not have enough resources water is still rising we need media coverage and assistance so more people would know and help a lot of people are dying because they drowned waiting for rescuers they don t have electricity nothing families are sleeping on the top of their roofs critical level and experiencing massive floodings most areas are now submerged in water some people are not yet rescued or reached we do not have enough resources water is still rising we need media coverage and assistance so more people would know and help a lot of people are dying because they drowned waiting for rescuers they don t have electricity nothing families are sleeping on the top of their roofs,https://www.facebook.com/1KGMorlifeBarleyGrass/posts/pfbid02tamK4HHRbnaKBRUatbugzMoNYmUv2SdC3F5zpKKjDCVcbn8Fkd9cgQmZ17tnP5jSl?__cft__[0]=AZW1GASiX5ZEmN2UMcWjAkN8OvS63hwaJv5PNQux0A1EyO1wEE2GTjpIt7otKovBVrnrXLt0bI0VYjS3zeGA3C_9NF-JhYaS9rZJXK03BMD_n3qJ2T9gkKxDA3rLocggnlF8MreDwv_LuGbpTBnFuLAWTe0xX6j3MH_4coechtcyvctzengxyxr55vybIvdagqc&__tn__=%2CO%2CP-R
X,phivolcs_dost,2025-08-07 11:27:00,earthquake information no 1 date and time 07 august 2025 11 20 am magnitude 1 7 depth 007 km location 08 30n 125 95e 011 km s 33 w of rosario agusan del sur,https://x.com/phivolcs_dost/status/1953296943456870792
X,phivolcs_dost,2025-08-07 08:46:00,earthquake information no 1 date and time 07 august 2025 08 36 am magnitude 2 0 depth 006 km location 09 35n 122 82e 005 km s 48 e of city of bayawan negros oriental,https://x.com/phivolcs_dost/status/1953256364115190177
X,phivolcs_dost,2025-08-07 08:26:00,earthquake information no 1 date and time 07 august 2025 08 15 am magnitude 1 5 depth 102 km location 14 28n 121 36e 004 km n 84 w of santa cruz laguna,https://x.com/phivolcs_dost/status/1953251260037251424
Facebook,Davao City DRRMO,2025-08-07 00:00:00,cdrrmo emergency opcen weather forecast issued at 05 00 pm 07 august 2025 valid until 05 00 pm tomorrow synopsis at 3 00 pm today the low pressure area lpa was estimated based on all available data over the coastal waters of san fernando city la union 16 7n 120 1e southwest monsoon habagat affecting mindanao forecast davao city will have partly cloudy to cloudy skies with isolated rain showers or thunderstorms due to the southwest monsoon light to moderate winds from the west to the southwest with slight to moderate seas source dost pagasa cdrrmo emergency opcen weather forecast issued at 05 00 pm 07 august 2025 valid until 05 00 pm tomorrow synopsis at 3 00 pm today the low pressure area lpa was estimated based on all available data over the coastal waters of san fernando city la union 16 7n 120 1e southwest monsoon habagat affecting mindanao forecast davao city will have partly cloudy to cloudy skies with isolated rain showers or thunderstorms due to the southwest monsoon light to moderate winds from the west to the southwest with slight to moderate seas source dost pagasa,https://www.facebook.com/DavaoDRRMO/posts/pfbid0A4akbd7rkWRKbXYVu1WmJGXqXBGkM2TM5ZBNXzn8GKV9ogWUnDJR2zqtSzU7mL87l?__cft__[0]=AZXuAW1dJX9c08s8jv6ouy5C3nHU92nespxbVMB1yit31rMmmAAqfspC22J-uvFXnWx2zjdNGtIBZBvsJltdEjSuwi2tBRu4z0UNWx4N0O2nCsmuyw3pNFRQBfH4-9pOiML6frfk2HdGOMP_Hr1-UMf6YtsjxdVkKXAZvjt7_c3tvGqPCwfkdyhcuTBg8MX6V68&__tn__=%2CO%2CP-R
Facebook,stormchasersph,,bagyo na tatawaging fabian na nagbabadyang pumasok ng par sa lunes posibleng maging super typhoon habang nasa loob ng par ayon sa jtwc ng amerika malusaw na sana bago pa pumasok ng par,https://www.facebook.com/stormchasersPH/posts/pfbid079xmYhoqMAQUB4B4Z15MFA5foTF8jp72Xx7rPmzBJMaTzQt4iALBpPPw8JVmCGAdl?__cft__[0]=AZUKW9ogBccr4y5n7OsmWxDJSIV0PUptsfVUVHk3rjnO4_caRcK8tMixLX5vujLDgEtic1qzY2hquM8VZJ0SVxryKret25zEW3prZuKTUKcTeJge5D9CAG84cyEL9eLbT5o5at9dsiY7loRbQuvP4Ks4-UYJmC_7whVCQGEVSBYCSFrItm5zBsyG1STKysR6Hb8&__tn__=%2CO%2CP-R
Facebook,#bahaph,2025-08-08 00:00:00,august 8 2025 friday suspended ang klase nagdeklara ang ilang lgu ng class suspension all levels dahil sa paparating na bagyong asahan ang ulan baha at landslide sa ilang lugar updated list of areas na walang pasok source stay alert stay safe august 8 2025 friday suspended ang klase nagdeklara ang ilang lgu ng class suspension all levels dahil sa paparating na bagyong asahan ang ulan baha at landslide sa ilang lugar updated list of areas na walang pasok source stay alert stay safe,https://www.facebook.com/hashtag/BahaPH
Facebook,PHIVOLCS,2025-08-07 00:00:00,earthquake information no 1 date and time 07 august 2025 06 32 pm magnitude 2 3 depth 030 km location 13 10n 123 96e 010 km s 74 e of manito albay earthquake information no 1 date and time 07 august 2025 06 32 pm magnitude 2 3 depth 030 km location 13 10n 123 96e 010 km s 74 e of manito albay,https://www.facebook.com/PHIVOLCS/posts/pfbid0LbHXEwbaCCsatbjZNefi8xiqnRJuFM7ngDbUPw6RxV974RFFC23t4n243M238G9ol?__cft__[0]=AZU-_ByxkDpodomuPlr_tuR1xSdmaMFC_9QGQWj6aUX6g6kL7EXHxN3kwAGTQLR8q1zavZKEChO24wbYs36a0BETYfKkroVmu05MkGAQ1uY70nUVoMXj9pr31611vkwhRgB4yEP6igFbX--q4jtTSHiJPRyJ0Yv5lzrtcp2yEVbayviPUNf9Kx_wmbLzVMuHE-c&__tn__=%2CO%2CP-R
Facebook,davaodevupdates,2025-08-07 00:00:00,sunog sa marilog look pipila ka mga panimalay ang naugdaw sa sunog sa brgy salaysay marilog district davao city pasado alas 4 karong hapon agosto 7 2025 sunog sa marilog look pipila ka mga panimalay ang naugdaw sa sunog sa brgy salaysay marilog district davao city pasado alas 4 karong hapon agosto 7 2025,https://www.facebook.com/DavaoDevUpdates/posts/pfbid09zDPHWvscgJma5geQ2ecPGSkWRwziKHEfwkYttpVFLWnTDURyeXNnErCCjhUfySfl?__cft__[0]=AZURR6wLCYbGV_cXSJcfRVQhMWaZkxwMW8RqLfe3p93YtlRCjppgeqnJ9hoUYDO-7VrvRs4374xtAVclsX53-yZon1qa_0I2xUOlLcOc7GI0e7Nsnv0dQp1mXZUI4xpY774GEnp6fMhQ0YCYovNtZN4TUCXKwv42oy0xRkZKuR3K6lU3GmZjXvm-cPyWPOu9WY8&__tn__=%2CO%2CP-R
Facebook,#fireandrescueph,2025-08-06 00:00:00,nasunog ang isang bodega ng appliances sa brgy bagong buhay gumaca quezon nitong agosto 6 ng madaling araw ayon sa bfp gumaca mabilis kumalat ang apoy dahil sa mga nasusunog na materyales sa loob ng lgbc appliance store walang nasaktan ngunit tinatayang milyon ang halaga ng pinsala agad rumesponde ang mga bumbero upang maiwasang madamay ang mga kalapit na gusali umabot sa second alarm ang sunog bago ito tuluyang naapula patuloy ang imbestigasyon sa sanhi ng insidente nasunog ang isang bodega ng appliances sa brgy bagong buhay gumaca quezon nitong agosto 6 ng madaling araw ayon sa bfp gumaca mabilis kumalat ang apoy dahil sa mga nasusunog na materyales sa loob ng lgbc appliance store walang nasaktan ngunit tinatayang milyon ang halaga ng pinsala agad rumesponde ang mga bumbero upang maiwasang madamay ang mga kalapit na gusali umabot sa second alarm ang sunog bago ito tuluyang naapula patuloy ang imbestigasyon sa sanhi ng insidente,https://www.facebook.com/hashtag/FireandRescuePH
Facebook,lasacinc,,just in naitala ang pagguho ng lupa sa bahagi ng national highway sa barangay laurel sa bayan ng taysan batanga dahil sa patuloy na pagbuhos ng ulan may ilang debris na kumalat sa kalsada na tinugunan naman ng mga otoridad batay naman sa koordinasyon passable pa rin ang lugar na patungo sa bayan ng lobo pinag iingat ang mga dadaang motorista kaugnay sa mga posible pang katulad na insidente sa lugar shared by marivic soriano just in naitala ang pagguho ng lupa sa bahagi ng national highway sa barangay laurel sa bayan ng taysan batanga dahil sa patuloy na pagbuhos ng ulan may ilang debris na kumalat sa kalsada na tinugunan naman ng mga otoridad batay naman sa koordinasyon passable pa rin ang lugar na patungo sa bayan ng lobo pinag iingat ang mga dadaang motorista kaugnay sa mga posible pang katulad na insidente sa lugar shared by marivic soriano,https://www.facebook.com/LASACInc/posts/pfbid02rjQnKpjsB1f8kR4TVGJ8Wv88JJUvdjHuQ9v8FZa97xgVtASSseVPdjwtRi3jx5T2l?__cft__[0]=AZWz7xdnlbwBOc2L0GzntgiX-qAlopdbgzwZnCDTD7AuyqK6_kTw73ijfgXWFR3OZHrrU8HdId4NdSwHLVTQ27LoSX_Vez-8axAVS_qg6AhTvd6w4pY3lEg4XE_HoWInXt319fy4DLeRWLSXOY3Y8AArpwVBPCxDJ0CsiE9HRZ_btNRkIiwiRGT9p9msGg8YC1o&__tn__=%2CO%2CP-R
Facebook,kowalerts,,look the heroic and bravery act of jericho rosales from ondoy 2009 to ulysses 2020 salute and respect to you mr echo ctto look the heroic and bravery act of jericho rosales from ondoy 2009 to ulysses 2020 salute and respect to you mr echo ctto,https://www.facebook.com/kowalerts/posts/pfbid0KvQYxnuoh9Mei5mMVxFWNU44fcakZ3KiNB3eeGxFiGm1fCpMF7RPhLB5mQYrL4xTl?__cft__[0]=AZXwbFHMDSqxJ4CoeiAPTJt-9-e1ln2_vtv4nI7r5ocpRTStGie1tKacpelenWu60RLHr9w2dDzKRF1fxfcc--iL2VlLTJSFlZKxJUAwsuu_f4E8-1--1SCHULyeYluQ1nqfx3SUnaa5y_FipcgPPcDkcXBNw09dLlYaJDFiW-aiBZFHRjk4FvgsIq31c2Dq8VRW_h9WM05Guzivw2yIVux9&__tn__=%2CO%2CP-R
Facebook,#streetfloodalert,,ingat sa baha huwag pabaya sa mga bata isang nakakabahalang eksena ang kuha sa video kung saan isang bata ang tumatakbo sa baha at hindi namalayan ng magulang na muntik na itong malaglag sa imbornal marami sa atin ang natutuwa sa ulan lalo na ang mga bata pero hindi natin alam kung anong panganib ang nasa ilalim ng tubig maaaring bukas ang takip ng imbornal may malalim na hukay o mabilis ang agos paalala sa mga magulang bantayan ang mga bata lalo na sa ganitong panahon ng tag ulan hindi natin hawak ang biglaang sakuna isang saglit ng kasiyahan ay pwedeng humantong sa trahedya kung tayoy magiging kampante ingat sa baha huwag pabaya sa mga bata isang nakakabahalang eksena ang kuha sa video kung saan isang bata ang tumatakbo sa baha at hindi namalayan ng magulang na muntik na itong malaglag sa imbornal marami sa atin ang natutuwa sa ulan lalo na ang mga bata pero hindi natin alam kung anong panganib ang nasa ilalim ng tubig maaaring bukas ang takip ng imbornal may malalim na hukay o mabilis ang agos paalala sa mga magulang bantayan ang mga bata lalo na sa ganitong panahon ng tag ulan hindi natin hawak ang biglaang sakuna isang saglit ng kasiyahan ay pwedeng humantong sa trahedya kung tayoy magiging kampante,https://www.facebook.com/hashtag/StreetFloodAlert
