/Library/Developer/CommandLineTools/usr/bin/python3: can't open file './socmed_disaster_scraper.py': [Errno 1] Operation not permitted
/Library/Developer/CommandLineTools/usr/bin/python3: can't open file './socmed_disaster_scraper.py': [Errno 1] Operation not permitted
Traceback (most recent call last):
  File "/Users/prettyfaith/Documents/Github/thesis-disaster-chatbot/./socmed_disaster_scraper.py", line 6, in <module>
    from selenium import webdriver
ModuleNotFoundError: No module named 'selenium'
Traceback (most recent call last):
  File "/Users/prettyfaith/Documents/Github/thesis-disaster-chatbot/./socmed_disaster_scraper.py", line 6, in <module>
    from selenium import webdriver
ModuleNotFoundError: No module named 'selenium'
Traceback (most recent call last):
  File "/Users/prettyfaith/Documents/Github/thesis-disaster-chatbot/./socmed_disaster_scraper.py", line 6, in <module>
    from selenium import webdriver
ModuleNotFoundError: No module named 'selenium'
Traceback (most recent call last):
  File "/Users/prettyfaith/Documents/Github/thesis-disaster-chatbot/./socmed_disaster_scraper.py", line 6, in <module>
    from selenium import webdriver
ModuleNotFoundError: No module named 'selenium'
2025-07-23 01:00:06,040 [INFO] *** Scraping PAGE feed: https://www.facebook.com/abscbnNEWS/posts
Traceback (most recent call last):
  File "/Users/prettyfaith/Documents/Github/thesis-disaster-chatbot/socmed_disaster_scraper.py", line 194, in <module>
    scroll_page()
    ~~~~~~~~~~~^^
  File "/Users/prettyfaith/Documents/Github/thesis-disaster-chatbot/socmed_disaster_scraper.py", line 85, in scroll_page
    last = driver.execute_script("return document.body.scrollHeight")
  File "/Library/Frameworks/Python.framework/Versions/3.13/lib/python3.13/site-packages/selenium/webdriver/remote/webdriver.py", line 528, in execute_script
    return self.execute(command, {"script": script, "args": converted_args})["value"]
           ~~~~~~~~~~~~^^^^^^^^^^^^^^^^^^^^^^^^^^^^^^^^^^^^^^^^^^^^^^^^^^^^^
  File "/Library/Frameworks/Python.framework/Versions/3.13/lib/python3.13/site-packages/selenium/webdriver/remote/webdriver.py", line 429, in execute
    self.error_handler.check_response(response)
    ~~~~~~~~~~~~~~~~~~~~~~~~~~~~~~~~~^^^^^^^^^^
  File "/Library/Frameworks/Python.framework/Versions/3.13/lib/python3.13/site-packages/selenium/webdriver/remote/errorhandler.py", line 232, in check_response
    raise exception_class(message, screen, stacktrace)
selenium.common.exceptions.InvalidSessionIdException: Message: invalid session id: session deleted as the browser has closed the connection
from disconnected: not connected to DevTools
  (Session info: chrome=138.0.7204.158)
Stacktrace:
0   chromedriver                        0x00000001010d355c cxxbridge1$str$ptr + 2731064
1   chromedriver                        0x00000001010cb454 cxxbridge1$str$ptr + 2698032
2   chromedriver                        0x0000000100c1a3f8 cxxbridge1$string$len + 90664
3   chromedriver                        0x0000000100c03dc8 chromedriver + 196040
4   chromedriver                        0x0000000100c26f14 cxxbridge1$string$len + 142660
5   chromedriver                        0x0000000100c899bc cxxbridge1$string$len + 546796
6   chromedriver                        0x0000000100ca2638 cxxbridge1$string$len + 648296
7   chromedriver                        0x0000000100c55a0c cxxbridge1$string$len + 333884
8   chromedriver                        0x00000001010965e0 cxxbridge1$str$ptr + 2481340
9   chromedriver                        0x0000000101099848 cxxbridge1$str$ptr + 2494244
10  chromedriver                        0x0000000101077234 cxxbridge1$str$ptr + 2353424
11  chromedriver                        0x000000010109a104 cxxbridge1$str$ptr + 2496480
12  chromedriver                        0x00000001010682e4 cxxbridge1$str$ptr + 2292160
13  chromedriver                        0x00000001010b9ff8 cxxbridge1$str$ptr + 2627284
14  chromedriver                        0x00000001010ba184 cxxbridge1$str$ptr + 2627680
15  chromedriver                        0x00000001010cb090 cxxbridge1$str$ptr + 2697068
16  libsystem_pthread.dylib             0x000000019ae32c0c _pthread_start + 136
17  libsystem_pthread.dylib             0x000000019ae2db80 thread_start + 8

2025-07-23 06:15:03,544 [INFO] *** Scraping PAGE feed: https://www.facebook.com/abscbnNEWS/posts
2025-07-23 06:15:13,662 [INFO] [Page] abscbnNEWS: found 7 articles
2025-07-23 06:15:14,086 [INFO] [Page] abscbnNEWS: appended 1 posts
2025-07-23 06:15:14,087 [INFO] *** Scraping PAGE feed: https://www.facebook.com/rapplerdotcom/posts
2025-07-23 06:15:23,824 [INFO] [Page] rapplerdotcom: found 4 articles
2025-07-23 06:15:24,029 [INFO] [Page] rapplerdotcom: appended 1 posts
2025-07-23 06:15:24,029 [INFO] *** Scraping PAGE feed: https://www.facebook.com/gmanews/posts
2025-07-23 06:15:33,269 [INFO] [Page] gmanews: found 3 articles
2025-07-23 06:15:33,368 [INFO] [Page] gmanews: appended 1 posts
2025-07-23 06:15:33,368 [INFO] *** Scraping PAGE feed: https://www.facebook.com/manilabulletin/posts
2025-07-23 06:15:42,665 [INFO] [Page] manilabulletin: found 4 articles
2025-07-23 06:15:42,825 [INFO] [Page] manilabulletin: appended 0 posts
2025-07-23 06:15:42,825 [INFO] *** Scraping PAGE feed: https://www.facebook.com/sunstarphilippines/posts
2025-07-23 06:15:53,151 [INFO] [Page] sunstarphilippines: found 4 articles
2025-07-23 06:15:53,254 [INFO] [Page] sunstarphilippines: appended 0 posts
2025-07-23 06:15:53,255 [INFO] *** Scraping PAGE feed: https://www.facebook.com/PhilstarNews/posts
2025-07-23 06:16:02,835 [INFO] [Page] PhilstarNews: found 4 articles
2025-07-23 06:16:02,956 [INFO] [Page] PhilstarNews: appended 0 posts
2025-07-23 06:16:02,956 [INFO] *** Scraping PAGE feed: https://www.facebook.com/inquirerdotnet/posts
2025-07-23 06:16:12,514 [INFO] [Page] inquirerdotnet: found 3 articles
2025-07-23 06:16:12,601 [INFO] [Page] inquirerdotnet: appended 1 posts
2025-07-23 06:16:12,601 [INFO] *** Scraping PAGE feed: https://www.facebook.com/pagasa.dost.gov.ph/posts
2025-07-23 06:16:22,199 [INFO] [Page] pagasa.dost.gov.ph: found 3 articles
2025-07-23 06:16:22,279 [INFO] [Page] pagasa.dost.gov.ph: appended 0 posts
2025-07-23 06:16:22,279 [INFO] *** Scraping PAGE feed: https://www.facebook.com/davaocitydrmmc/posts
2025-07-23 06:16:31,383 [INFO] [Page] davaocitydrmmc: found 0 articles
2025-07-23 06:16:31,384 [INFO] [Page] davaocitydrmmc: appended 0 posts
2025-07-23 06:16:31,384 [INFO] *** Scraping PAGE feed: https://www.facebook.com/NDRRMC/posts
2025-07-23 06:16:40,860 [INFO] [Page] NDRRMC: found 4 articles
2025-07-23 06:16:42,248 [INFO] [Page] NDRRMC: appended 1 posts
2025-07-23 06:16:42,248 [INFO] *** Scraping PAGE feed: https://www.facebook.com/UNTVNewsRescue/posts
2025-07-23 06:16:51,814 [INFO] [Page] UNTVNewsRescue: found 3 articles
2025-07-23 06:16:51,881 [INFO] [Page] UNTVNewsRescue: appended 0 posts
2025-07-23 06:16:51,882 [INFO] *** Scraping PAGE feed: https://www.facebook.com/PIAgovernment/posts
2025-07-23 06:17:00,666 [INFO] [Page] PIAgovernment: found 0 articles
2025-07-23 06:17:00,666 [INFO] [Page] PIAgovernment: appended 0 posts
2025-07-23 06:17:00,666 [INFO] *** Scraping PAGE feed: https://www.facebook.com/DavaoDRRMO/posts
2025-07-23 06:17:10,107 [INFO] [Page] DavaoDRRMO: found 3 articles
2025-07-23 06:17:11,879 [INFO] [Page] DavaoDRRMO: appended 0 posts
2025-07-23 06:17:11,879 [INFO] *** Scraping PAGE feed: https://www.facebook.com/sunstardavaonews/posts
2025-07-23 06:17:21,486 [INFO] [Page] sunstardavaonews: found 4 articles
2025-07-23 06:17:22,972 [INFO] [Page] sunstardavaonews: appended 0 posts
2025-07-23 06:17:22,972 [INFO] *** Scraping PAGE feed: https://www.facebook.com/profile.php?id=61568208630146/posts
2025-07-23 06:17:32,704 [INFO] [Page] profile.php?id=61568208630146: found 0 articles
2025-07-23 06:17:32,704 [INFO] [Page] profile.php?id=61568208630146: appended 0 posts
2025-07-23 06:17:32,704 [INFO] *** Scraping PAGE feed: https://www.facebook.com/PHIVOLCS/posts
2025-07-23 06:17:42,157 [INFO] [Page] PHIVOLCS: found 3 articles
2025-07-23 06:17:44,143 [INFO] [Page] PHIVOLCS: appended 1 posts
2025-07-23 06:17:44,143 [INFO]  - Searching hashtag: #FloodAlert
2025-07-23 06:17:54,810 [INFO] [Hashtag] #FloodAlert: found 3 articles
2025-07-23 06:17:55,132 [INFO] [Hashtag] #FloodAlert: appended 0 posts
2025-07-23 06:17:55,132 [INFO]  - Searching hashtag: #BahaPH
2025-07-23 06:18:05,614 [INFO] [Hashtag] #BahaPH: found 3 articles
2025-07-23 06:18:07,115 [INFO] [Hashtag] #BahaPH: appended 0 posts
2025-07-23 06:18:07,115 [INFO]  - Searching hashtag: #StreetFloodAlert
2025-07-23 06:18:17,657 [INFO] [Hashtag] #StreetFloodAlert: found 3 articles
2025-07-23 06:18:19,305 [INFO] [Hashtag] #StreetFloodAlert: appended 0 posts
2025-07-23 06:18:19,305 [INFO]  - Searching hashtag: #LandslideAlert
2025-07-23 06:18:29,924 [INFO] [Hashtag] #LandslideAlert: found 3 articles
2025-07-23 06:18:30,245 [INFO] [Hashtag] #LandslideAlert: appended 0 posts
2025-07-23 06:18:30,245 [INFO]  - Searching hashtag: #LandslidePH
2025-07-23 06:18:40,733 [INFO] [Hashtag] #LandslidePH: found 3 articles
2025-07-23 06:18:42,385 [INFO] [Hashtag] #LandslidePH: appended 0 posts
2025-07-23 06:18:42,386 [INFO]  - Searching hashtag: #FireAlert
2025-07-23 06:18:52,752 [INFO] [Hashtag] #FireAlert: found 3 articles
2025-07-23 06:18:54,440 [INFO] [Hashtag] #FireAlert: appended 0 posts
2025-07-23 06:18:54,440 [INFO]  - Searching hashtag: #EarthquakeAlert
2025-07-23 06:19:04,676 [INFO] [Hashtag] #EarthquakeAlert: found 3 articles
2025-07-23 06:19:04,850 [INFO] [Hashtag] #EarthquakeAlert: appended 0 posts
2025-07-23 06:19:04,850 [INFO]  - Searching hashtag: #EarthquakePH
2025-07-23 06:19:15,121 [INFO] [Hashtag] #EarthquakePH: found 3 articles
2025-07-23 06:19:16,643 [INFO] [Hashtag] #EarthquakePH: appended 0 posts
2025-07-23 06:19:17,092 [INFO] ✅ Done! rows saved: 81
2025-07-23 06:30:03,465 [INFO] *** Scraping PAGE feed: https://www.facebook.com/abscbnNEWS/posts
2025-07-23 06:30:13,685 [INFO] [Page] abscbnNEWS: found 4 articles
2025-07-23 06:30:13,819 [INFO] [Page] abscbnNEWS: appended 0 posts
2025-07-23 06:30:13,820 [INFO] *** Scraping PAGE feed: https://www.facebook.com/rapplerdotcom/posts
2025-07-23 06:30:23,183 [INFO] [Page] rapplerdotcom: found 4 articles
2025-07-23 06:30:23,380 [INFO] [Page] rapplerdotcom: appended 1 posts
2025-07-23 06:30:23,380 [INFO] *** Scraping PAGE feed: https://www.facebook.com/gmanews/posts
2025-07-23 06:30:33,266 [INFO] [Page] gmanews: found 4 articles
2025-07-23 06:30:33,388 [INFO] [Page] gmanews: appended 0 posts
2025-07-23 06:30:33,388 [INFO] *** Scraping PAGE feed: https://www.facebook.com/manilabulletin/posts
2025-07-23 06:30:43,040 [INFO] [Page] manilabulletin: found 4 articles
2025-07-23 06:30:43,189 [INFO] [Page] manilabulletin: appended 0 posts
2025-07-23 06:30:43,189 [INFO] *** Scraping PAGE feed: https://www.facebook.com/sunstarphilippines/posts
2025-07-23 06:30:53,732 [INFO] [Page] sunstarphilippines: found 4 articles
2025-07-23 06:30:53,833 [INFO] [Page] sunstarphilippines: appended 0 posts
2025-07-23 06:30:53,833 [INFO] *** Scraping PAGE feed: https://www.facebook.com/PhilstarNews/posts
2025-07-23 06:31:03,486 [INFO] [Page] PhilstarNews: found 3 articles
2025-07-23 06:31:03,554 [INFO] [Page] PhilstarNews: appended 0 posts
2025-07-23 06:31:03,554 [INFO] *** Scraping PAGE feed: https://www.facebook.com/inquirerdotnet/posts
2025-07-23 06:31:14,396 [INFO] [Page] inquirerdotnet: found 3 articles
2025-07-23 06:31:14,504 [INFO] [Page] inquirerdotnet: appended 0 posts
2025-07-23 06:31:14,504 [INFO] *** Scraping PAGE feed: https://www.facebook.com/pagasa.dost.gov.ph/posts
2025-07-23 06:31:24,261 [INFO] [Page] pagasa.dost.gov.ph: found 4 articles
2025-07-23 06:31:24,377 [INFO] [Page] pagasa.dost.gov.ph: appended 0 posts
2025-07-23 06:31:24,378 [INFO] *** Scraping PAGE feed: https://www.facebook.com/davaocitydrmmc/posts
2025-07-23 06:31:33,312 [INFO] [Page] davaocitydrmmc: found 0 articles
2025-07-23 06:31:33,313 [INFO] [Page] davaocitydrmmc: appended 0 posts
2025-07-23 06:31:33,313 [INFO] *** Scraping PAGE feed: https://www.facebook.com/NDRRMC/posts
2025-07-23 06:31:43,014 [INFO] [Page] NDRRMC: found 4 articles
2025-07-23 06:31:44,305 [INFO] [Page] NDRRMC: appended 1 posts
2025-07-23 06:31:44,305 [INFO] *** Scraping PAGE feed: https://www.facebook.com/UNTVNewsRescue/posts
2025-07-23 06:31:53,533 [INFO] [Page] UNTVNewsRescue: found 4 articles
2025-07-23 06:31:53,674 [INFO] [Page] UNTVNewsRescue: appended 1 posts
2025-07-23 06:31:53,674 [INFO] *** Scraping PAGE feed: https://www.facebook.com/PIAgovernment/posts
2025-07-23 06:32:02,233 [INFO] [Page] PIAgovernment: found 0 articles
2025-07-23 06:32:02,233 [INFO] [Page] PIAgovernment: appended 0 posts
2025-07-23 06:32:02,234 [INFO] *** Scraping PAGE feed: https://www.facebook.com/DavaoDRRMO/posts
2025-07-23 06:32:12,410 [INFO] [Page] DavaoDRRMO: found 3 articles
2025-07-23 06:32:14,029 [INFO] [Page] DavaoDRRMO: appended 0 posts
2025-07-23 06:32:14,029 [INFO] *** Scraping PAGE feed: https://www.facebook.com/sunstardavaonews/posts
2025-07-23 06:32:23,656 [INFO] [Page] sunstardavaonews: found 4 articles
2025-07-23 06:32:25,028 [INFO] [Page] sunstardavaonews: appended 0 posts
2025-07-23 06:32:25,028 [INFO] *** Scraping PAGE feed: https://www.facebook.com/profile.php?id=61568208630146/posts
2025-07-23 06:32:34,571 [INFO] [Page] profile.php?id=61568208630146: found 0 articles
2025-07-23 06:32:34,572 [INFO] [Page] profile.php?id=61568208630146: appended 0 posts
2025-07-23 06:32:34,572 [INFO] *** Scraping PAGE feed: https://www.facebook.com/PHIVOLCS/posts
2025-07-23 06:32:44,403 [INFO] [Page] PHIVOLCS: found 3 articles
2025-07-23 06:32:46,286 [INFO] [Page] PHIVOLCS: appended 1 posts
2025-07-23 06:32:46,286 [INFO]  - Searching hashtag: #FloodAlert
2025-07-23 06:32:57,235 [INFO] [Hashtag] #FloodAlert: found 3 articles
2025-07-23 06:32:57,430 [INFO] [Hashtag] #FloodAlert: appended 0 posts
2025-07-23 06:32:57,431 [INFO]  - Searching hashtag: #BahaPH
2025-07-23 06:33:07,527 [INFO] [Hashtag] #BahaPH: found 3 articles
2025-07-23 06:33:09,046 [INFO] [Hashtag] #BahaPH: appended 0 posts
2025-07-23 06:33:09,047 [INFO]  - Searching hashtag: #StreetFloodAlert
2025-07-23 06:33:19,102 [INFO] [Hashtag] #StreetFloodAlert: found 3 articles
2025-07-23 06:33:20,793 [INFO] [Hashtag] #StreetFloodAlert: appended 0 posts
2025-07-23 06:33:20,794 [INFO]  - Searching hashtag: #LandslideAlert
2025-07-23 06:33:30,654 [INFO] [Hashtag] #LandslideAlert: found 3 articles
2025-07-23 06:33:30,911 [INFO] [Hashtag] #LandslideAlert: appended 0 posts
2025-07-23 06:33:30,911 [INFO]  - Searching hashtag: #LandslidePH
2025-07-23 06:33:41,097 [INFO] [Hashtag] #LandslidePH: found 3 articles
2025-07-23 06:33:42,538 [INFO] [Hashtag] #LandslidePH: appended 0 posts
2025-07-23 06:33:42,538 [INFO]  - Searching hashtag: #FireAlert
2025-07-23 06:33:55,911 [INFO] [Hashtag] #FireAlert: found 3 articles
2025-07-23 06:33:57,559 [INFO] [Hashtag] #FireAlert: appended 0 posts
2025-07-23 06:33:57,559 [INFO]  - Searching hashtag: #EarthquakeAlert
2025-07-23 06:34:08,136 [INFO] [Hashtag] #EarthquakeAlert: found 3 articles
2025-07-23 06:34:08,286 [INFO] [Hashtag] #EarthquakeAlert: appended 0 posts
2025-07-23 06:34:08,286 [INFO]  - Searching hashtag: #EarthquakePH
2025-07-23 06:34:17,495 [INFO] [Hashtag] #EarthquakePH: found 3 articles
2025-07-23 06:34:18,867 [INFO] [Hashtag] #EarthquakePH: appended 0 posts
2025-07-23 06:34:19,242 [INFO] ✅ Done! rows saved: 82
2025-07-23 06:45:02,796 [INFO] *** Scraping PAGE feed: https://www.facebook.com/abscbnNEWS/posts
2025-07-23 06:45:12,634 [INFO] [Page] abscbnNEWS: found 4 articles
2025-07-23 06:45:12,758 [INFO] [Page] abscbnNEWS: appended 0 posts
2025-07-23 06:45:12,758 [INFO] *** Scraping PAGE feed: https://www.facebook.com/rapplerdotcom/posts
2025-07-23 06:45:22,540 [INFO] [Page] rapplerdotcom: found 4 articles
2025-07-23 06:45:22,644 [INFO] [Page] rapplerdotcom: appended 0 posts
2025-07-23 06:45:22,644 [INFO] *** Scraping PAGE feed: https://www.facebook.com/gmanews/posts
2025-07-23 06:45:31,832 [INFO] [Page] gmanews: found 3 articles
2025-07-23 06:45:31,910 [INFO] [Page] gmanews: appended 0 posts
2025-07-23 06:45:31,910 [INFO] *** Scraping PAGE feed: https://www.facebook.com/manilabulletin/posts
2025-07-23 06:45:41,238 [INFO] [Page] manilabulletin: found 4 articles
2025-07-23 06:45:41,393 [INFO] [Page] manilabulletin: appended 0 posts
2025-07-23 06:45:41,393 [INFO] *** Scraping PAGE feed: https://www.facebook.com/sunstarphilippines/posts
2025-07-23 06:45:50,836 [INFO] [Page] sunstarphilippines: found 4 articles
2025-07-23 06:45:50,933 [INFO] [Page] sunstarphilippines: appended 0 posts
2025-07-23 06:45:50,933 [INFO] *** Scraping PAGE feed: https://www.facebook.com/PhilstarNews/posts
2025-07-23 06:46:00,129 [INFO] [Page] PhilstarNews: found 3 articles
2025-07-23 06:46:01,375 [INFO] [Page] PhilstarNews: appended 0 posts
2025-07-23 06:46:01,375 [INFO] *** Scraping PAGE feed: https://www.facebook.com/inquirerdotnet/posts
2025-07-23 06:46:11,504 [INFO] [Page] inquirerdotnet: found 3 articles
2025-07-23 06:46:11,610 [INFO] [Page] inquirerdotnet: appended 0 posts
2025-07-23 06:46:11,610 [INFO] *** Scraping PAGE feed: https://www.facebook.com/pagasa.dost.gov.ph/posts
2025-07-23 06:46:21,022 [INFO] [Page] pagasa.dost.gov.ph: found 4 articles
2025-07-23 06:46:21,132 [INFO] [Page] pagasa.dost.gov.ph: appended 0 posts
2025-07-23 06:46:21,133 [INFO] *** Scraping PAGE feed: https://www.facebook.com/davaocitydrmmc/posts
2025-07-23 06:46:29,836 [INFO] [Page] davaocitydrmmc: found 0 articles
2025-07-23 06:46:29,837 [INFO] [Page] davaocitydrmmc: appended 0 posts
2025-07-23 06:46:29,837 [INFO] *** Scraping PAGE feed: https://www.facebook.com/NDRRMC/posts
2025-07-23 06:46:39,026 [INFO] [Page] NDRRMC: found 3 articles
2025-07-23 06:46:39,207 [INFO] [Page] NDRRMC: appended 1 posts
2025-07-23 06:46:39,207 [INFO] *** Scraping PAGE feed: https://www.facebook.com/UNTVNewsRescue/posts
2025-07-23 06:46:48,422 [INFO] [Page] UNTVNewsRescue: found 3 articles
2025-07-23 06:46:49,630 [INFO] [Page] UNTVNewsRescue: appended 1 posts
2025-07-23 06:46:49,630 [INFO] *** Scraping PAGE feed: https://www.facebook.com/PIAgovernment/posts
2025-07-23 06:46:58,177 [INFO] [Page] PIAgovernment: found 0 articles
2025-07-23 06:46:58,177 [INFO] [Page] PIAgovernment: appended 0 posts
2025-07-23 06:46:58,177 [INFO] *** Scraping PAGE feed: https://www.facebook.com/DavaoDRRMO/posts
2025-07-23 06:47:07,229 [INFO] [Page] DavaoDRRMO: found 3 articles
2025-07-23 06:47:08,650 [INFO] [Page] DavaoDRRMO: appended 0 posts
2025-07-23 06:47:08,651 [INFO] *** Scraping PAGE feed: https://www.facebook.com/sunstardavaonews/posts
2025-07-23 06:47:17,929 [INFO] [Page] sunstardavaonews: found 4 articles
2025-07-23 06:47:19,173 [INFO] [Page] sunstardavaonews: appended 0 posts
2025-07-23 06:47:19,174 [INFO] *** Scraping PAGE feed: https://www.facebook.com/profile.php?id=61568208630146/posts
2025-07-23 06:47:28,128 [INFO] [Page] profile.php?id=61568208630146: found 0 articles
2025-07-23 06:47:28,128 [INFO] [Page] profile.php?id=61568208630146: appended 0 posts
2025-07-23 06:47:28,128 [INFO] *** Scraping PAGE feed: https://www.facebook.com/PHIVOLCS/posts
2025-07-23 06:47:37,515 [INFO] [Page] PHIVOLCS: found 3 articles
2025-07-23 06:47:39,313 [INFO] [Page] PHIVOLCS: appended 1 posts
2025-07-23 06:47:39,313 [INFO]  - Searching hashtag: #FloodAlert
2025-07-23 06:47:50,191 [INFO] [Hashtag] #FloodAlert: found 3 articles
2025-07-23 06:47:50,418 [INFO] [Hashtag] #FloodAlert: appended 0 posts
2025-07-23 06:47:50,419 [INFO]  - Searching hashtag: #BahaPH
2025-07-23 06:48:01,958 [INFO] [Hashtag] #BahaPH: found 3 articles
2025-07-23 06:48:03,500 [INFO] [Hashtag] #BahaPH: appended 0 posts
2025-07-23 06:48:03,500 [INFO]  - Searching hashtag: #StreetFloodAlert
2025-07-23 06:48:14,978 [INFO] [Hashtag] #StreetFloodAlert: found 3 articles
2025-07-23 06:48:16,568 [INFO] [Hashtag] #StreetFloodAlert: appended 0 posts
2025-07-23 06:48:16,568 [INFO]  - Searching hashtag: #LandslideAlert
2025-07-23 06:48:27,589 [INFO] [Hashtag] #LandslideAlert: found 3 articles
2025-07-23 06:48:27,837 [INFO] [Hashtag] #LandslideAlert: appended 0 posts
2025-07-23 06:48:27,837 [INFO]  - Searching hashtag: #LandslidePH
2025-07-23 06:48:38,228 [INFO] [Hashtag] #LandslidePH: found 3 articles
2025-07-23 06:48:39,733 [INFO] [Hashtag] #LandslidePH: appended 0 posts
2025-07-23 06:48:39,734 [INFO]  - Searching hashtag: #FireAlert
2025-07-23 06:48:49,961 [INFO] [Hashtag] #FireAlert: found 3 articles
2025-07-23 06:48:51,585 [INFO] [Hashtag] #FireAlert: appended 0 posts
2025-07-23 06:48:51,585 [INFO]  - Searching hashtag: #EarthquakeAlert
2025-07-23 06:49:01,834 [INFO] [Hashtag] #EarthquakeAlert: found 3 articles
2025-07-23 06:49:01,997 [INFO] [Hashtag] #EarthquakeAlert: appended 0 posts
2025-07-23 06:49:01,997 [INFO]  - Searching hashtag: #EarthquakePH
2025-07-23 06:49:12,942 [INFO] [Hashtag] #EarthquakePH: found 3 articles
2025-07-23 06:49:14,625 [INFO] [Hashtag] #EarthquakePH: appended 0 posts
2025-07-23 06:49:14,936 [INFO] ✅ Done! rows saved: 87
2025-07-23 07:00:03,203 [INFO] *** Scraping PAGE feed: https://www.facebook.com/abscbnNEWS/posts
2025-07-23 07:00:13,065 [INFO] [Page] abscbnNEWS: found 4 articles
2025-07-23 07:00:13,202 [INFO] [Page] abscbnNEWS: appended 0 posts
2025-07-23 07:00:13,203 [INFO] *** Scraping PAGE feed: https://www.facebook.com/rapplerdotcom/posts
2025-07-23 07:00:23,001 [INFO] [Page] rapplerdotcom: found 4 articles
2025-07-23 07:00:23,165 [INFO] [Page] rapplerdotcom: appended 0 posts
2025-07-23 07:00:23,166 [INFO] *** Scraping PAGE feed: https://www.facebook.com/gmanews/posts
2025-07-23 07:00:32,624 [INFO] [Page] gmanews: found 4 articles
2025-07-23 07:00:32,773 [INFO] [Page] gmanews: appended 1 posts
2025-07-23 07:00:32,773 [INFO] *** Scraping PAGE feed: https://www.facebook.com/manilabulletin/posts
2025-07-23 07:00:43,788 [INFO] [Page] manilabulletin: found 4 articles
2025-07-23 07:00:43,930 [INFO] [Page] manilabulletin: appended 0 posts
2025-07-23 07:00:43,931 [INFO] *** Scraping PAGE feed: https://www.facebook.com/sunstarphilippines/posts
2025-07-23 07:00:54,161 [INFO] [Page] sunstarphilippines: found 4 articles
2025-07-23 07:00:54,261 [INFO] [Page] sunstarphilippines: appended 0 posts
2025-07-23 07:00:54,261 [INFO] *** Scraping PAGE feed: https://www.facebook.com/PhilstarNews/posts
2025-07-23 07:01:03,647 [INFO] [Page] PhilstarNews: found 3 articles
2025-07-23 07:01:03,714 [INFO] [Page] PhilstarNews: appended 0 posts
2025-07-23 07:01:03,714 [INFO] *** Scraping PAGE feed: https://www.facebook.com/inquirerdotnet/posts
2025-07-23 07:01:13,495 [INFO] [Page] inquirerdotnet: found 3 articles
2025-07-23 07:01:13,581 [INFO] [Page] inquirerdotnet: appended 0 posts
2025-07-23 07:01:13,582 [INFO] *** Scraping PAGE feed: https://www.facebook.com/pagasa.dost.gov.ph/posts
2025-07-23 07:01:23,242 [INFO] [Page] pagasa.dost.gov.ph: found 3 articles
2025-07-23 07:01:23,339 [INFO] [Page] pagasa.dost.gov.ph: appended 1 posts
2025-07-23 07:01:23,340 [INFO] *** Scraping PAGE feed: https://www.facebook.com/davaocitydrmmc/posts
2025-07-23 07:01:32,123 [INFO] [Page] davaocitydrmmc: found 0 articles
2025-07-23 07:01:32,123 [INFO] [Page] davaocitydrmmc: appended 0 posts
2025-07-23 07:01:32,123 [INFO] *** Scraping PAGE feed: https://www.facebook.com/NDRRMC/posts
2025-07-23 07:01:41,775 [INFO] [Page] NDRRMC: found 4 articles
2025-07-23 07:01:41,948 [INFO] [Page] NDRRMC: appended 1 posts
2025-07-23 07:01:41,948 [INFO] *** Scraping PAGE feed: https://www.facebook.com/UNTVNewsRescue/posts
2025-07-23 07:01:51,482 [INFO] [Page] UNTVNewsRescue: found 4 articles
2025-07-23 07:01:51,601 [INFO] [Page] UNTVNewsRescue: appended 1 posts
2025-07-23 07:01:51,602 [INFO] *** Scraping PAGE feed: https://www.facebook.com/PIAgovernment/posts
2025-07-23 07:02:00,374 [INFO] [Page] PIAgovernment: found 0 articles
2025-07-23 07:02:00,375 [INFO] [Page] PIAgovernment: appended 0 posts
2025-07-23 07:02:00,375 [INFO] *** Scraping PAGE feed: https://www.facebook.com/DavaoDRRMO/posts
2025-07-23 07:02:09,595 [INFO] [Page] DavaoDRRMO: found 3 articles
2025-07-23 07:02:11,071 [INFO] [Page] DavaoDRRMO: appended 0 posts
2025-07-23 07:02:11,071 [INFO] *** Scraping PAGE feed: https://www.facebook.com/sunstardavaonews/posts
2025-07-23 07:02:20,293 [INFO] [Page] sunstardavaonews: found 3 articles
2025-07-23 07:02:20,377 [INFO] [Page] sunstardavaonews: appended 0 posts
2025-07-23 07:02:20,378 [INFO] *** Scraping PAGE feed: https://www.facebook.com/profile.php?id=61568208630146/posts
2025-07-23 07:02:29,623 [INFO] [Page] profile.php?id=61568208630146: found 0 articles
2025-07-23 07:02:29,623 [INFO] [Page] profile.php?id=61568208630146: appended 0 posts
2025-07-23 07:02:29,623 [INFO] *** Scraping PAGE feed: https://www.facebook.com/PHIVOLCS/posts
2025-07-23 07:02:38,871 [INFO] [Page] PHIVOLCS: found 3 articles
2025-07-23 07:02:40,145 [INFO] [Page] PHIVOLCS: appended 1 posts
2025-07-23 07:02:40,145 [INFO]  - Searching hashtag: #FloodAlert
2025-07-23 07:02:50,868 [INFO] [Hashtag] #FloodAlert: found 3 articles
2025-07-23 07:02:52,205 [INFO] [Hashtag] #FloodAlert: appended 0 posts
2025-07-23 07:02:52,205 [INFO]  - Searching hashtag: #BahaPH
2025-07-23 07:03:06,337 [INFO] [Hashtag] #BahaPH: found 3 articles
2025-07-23 07:03:07,822 [INFO] [Hashtag] #BahaPH: appended 0 posts
2025-07-23 07:03:07,823 [INFO]  - Searching hashtag: #StreetFloodAlert
2025-07-23 07:03:18,439 [INFO] [Hashtag] #StreetFloodAlert: found 3 articles
2025-07-23 07:03:20,215 [INFO] [Hashtag] #StreetFloodAlert: appended 0 posts
2025-07-23 07:03:20,215 [INFO]  - Searching hashtag: #LandslideAlert
2025-07-23 07:03:30,809 [INFO] [Hashtag] #LandslideAlert: found 3 articles
2025-07-23 07:03:31,132 [INFO] [Hashtag] #LandslideAlert: appended 0 posts
2025-07-23 07:03:31,133 [INFO]  - Searching hashtag: #LandslidePH
2025-07-23 07:03:41,694 [INFO] [Hashtag] #LandslidePH: found 3 articles
2025-07-23 07:03:43,245 [INFO] [Hashtag] #LandslidePH: appended 0 posts
2025-07-23 07:03:43,245 [INFO]  - Searching hashtag: #FireAlert
2025-07-23 07:03:53,462 [INFO] [Hashtag] #FireAlert: found 3 articles
2025-07-23 07:03:55,080 [INFO] [Hashtag] #FireAlert: appended 0 posts
2025-07-23 07:03:55,080 [INFO]  - Searching hashtag: #EarthquakeAlert
2025-07-23 07:04:06,256 [INFO] [Hashtag] #EarthquakeAlert: found 3 articles
2025-07-23 07:04:07,657 [INFO] [Hashtag] #EarthquakeAlert: appended 1 posts
2025-07-23 07:04:07,657 [INFO]  - Searching hashtag: #EarthquakePH
2025-07-23 07:04:17,913 [INFO] [Hashtag] #EarthquakePH: found 3 articles
2025-07-23 07:04:19,634 [INFO] [Hashtag] #EarthquakePH: appended 0 posts
2025-07-23 07:04:20,001 [INFO] ✅ Done! rows saved: 92
2025-07-23 09:30:02,518 [WARNING] There was an error managing chromedriver (error sending request for url (https://googlechromelabs.github.io/chrome-for-testing/known-good-versions-with-downloads.json)); using driver found in the cache
2025-07-23 09:30:02,519 [WARNING] Error sending stats to Plausible: error sending request for url (https://plausible.io/api/event)
2025-07-23 09:30:04,422 [INFO] *** Scraping PAGE feed: https://www.facebook.com/abscbnNEWS/posts
Traceback (most recent call last):
  File "/Users/prettyfaith/Documents/Github/thesis-disaster-chatbot/socmed_disaster_scraper.py", line 192, in <module>
    driver.get(feed_url)
    ~~~~~~~~~~^^^^^^^^^^
  File "/Library/Frameworks/Python.framework/Versions/3.13/lib/python3.13/site-packages/selenium/webdriver/remote/webdriver.py", line 454, in get
    self.execute(Command.GET, {"url": url})
    ~~~~~~~~~~~~^^^^^^^^^^^^^^^^^^^^^^^^^^^
  File "/Library/Frameworks/Python.framework/Versions/3.13/lib/python3.13/site-packages/selenium/webdriver/remote/webdriver.py", line 429, in execute
    self.error_handler.check_response(response)
    ~~~~~~~~~~~~~~~~~~~~~~~~~~~~~~~~~^^^^^^^^^^
  File "/Library/Frameworks/Python.framework/Versions/3.13/lib/python3.13/site-packages/selenium/webdriver/remote/errorhandler.py", line 232, in check_response
    raise exception_class(message, screen, stacktrace)
selenium.common.exceptions.WebDriverException: Message: unknown error: net::ERR_INTERNET_DISCONNECTED
  (Session info: chrome=138.0.7204.168)
Stacktrace:
0   chromedriver                        0x0000000104ac7570 cxxbridge1$str$ptr + 2731064
1   chromedriver                        0x0000000104abf468 cxxbridge1$str$ptr + 2698032
2   chromedriver                        0x000000010460e3f8 cxxbridge1$string$len + 90664
3   chromedriver                        0x0000000104606828 cxxbridge1$string$len + 58968
4   chromedriver                        0x00000001045f9480 cxxbridge1$string$len + 4784
5   chromedriver                        0x00000001045fae84 cxxbridge1$string$len + 11444
6   chromedriver                        0x00000001045f98d4 cxxbridge1$string$len + 5892
7   chromedriver                        0x00000001045f9228 cxxbridge1$string$len + 4184
8   chromedriver                        0x00000001045f8f74 cxxbridge1$string$len + 3492
9   chromedriver                        0x00000001045f6d2c chromedriver + 191788
10  chromedriver                        0x00000001045f7788 chromedriver + 194440
11  chromedriver                        0x000000010461145c cxxbridge1$string$len + 103052
12  chromedriver                        0x0000000104697590 cxxbridge1$string$len + 652224
13  chromedriver                        0x0000000104696b1c cxxbridge1$string$len + 649548
14  chromedriver                        0x0000000104649a0c cxxbridge1$string$len + 333884
15  chromedriver                        0x0000000104a8a5f4 cxxbridge1$str$ptr + 2481340
16  chromedriver                        0x0000000104a8d85c cxxbridge1$str$ptr + 2494244
17  chromedriver                        0x0000000104a6b248 cxxbridge1$str$ptr + 2353424
18  chromedriver                        0x0000000104a8e118 cxxbridge1$str$ptr + 2496480
19  chromedriver                        0x0000000104a5c2f8 cxxbridge1$str$ptr + 2292160
20  chromedriver                        0x0000000104aae00c cxxbridge1$str$ptr + 2627284
21  chromedriver                        0x0000000104aae198 cxxbridge1$str$ptr + 2627680
22  chromedriver                        0x0000000104abf0a4 cxxbridge1$str$ptr + 2697068
23  libsystem_pthread.dylib             0x000000018706ec0c _pthread_start + 136
24  libsystem_pthread.dylib             0x0000000187069b80 thread_start + 8

2025-07-23 09:45:04,661 [INFO] *** Scraping PAGE feed: https://www.facebook.com/abscbnNEWS/posts
2025-07-23 09:45:23,101 [INFO] [Page] abscbnNEWS: found 4 articles
2025-07-23 09:45:23,251 [INFO] [Page] abscbnNEWS: appended 0 posts
2025-07-23 09:45:23,251 [INFO] *** Scraping PAGE feed: https://www.facebook.com/rapplerdotcom/posts
Traceback (most recent call last):
  File "/Users/prettyfaith/Documents/Github/thesis-disaster-chatbot/socmed_disaster_scraper.py", line 192, in <module>
    driver.get(feed_url)
    ~~~~~~~~~~^^^^^^^^^^
  File "/Library/Frameworks/Python.framework/Versions/3.13/lib/python3.13/site-packages/selenium/webdriver/remote/webdriver.py", line 454, in get
    self.execute(Command.GET, {"url": url})
    ~~~~~~~~~~~~^^^^^^^^^^^^^^^^^^^^^^^^^^^
  File "/Library/Frameworks/Python.framework/Versions/3.13/lib/python3.13/site-packages/selenium/webdriver/remote/webdriver.py", line 429, in execute
    self.error_handler.check_response(response)
    ~~~~~~~~~~~~~~~~~~~~~~~~~~~~~~~~~^^^^^^^^^^
  File "/Library/Frameworks/Python.framework/Versions/3.13/lib/python3.13/site-packages/selenium/webdriver/remote/errorhandler.py", line 232, in check_response
    raise exception_class(message, screen, stacktrace)
selenium.common.exceptions.InvalidSessionIdException: Message: invalid session id: session deleted as the browser has closed the connection
from disconnected: Unable to receive message from renderer
  (Session info: chrome=138.0.7204.168)
Stacktrace:
0   chromedriver                        0x0000000102d3b570 cxxbridge1$str$ptr + 2731064
1   chromedriver                        0x0000000102d33468 cxxbridge1$str$ptr + 2698032
2   chromedriver                        0x00000001028823f8 cxxbridge1$string$len + 90664
3   chromedriver                        0x000000010286d1fc cxxbridge1$string$len + 4140
4   chromedriver                        0x000000010286cf74 cxxbridge1$string$len + 3492
5   chromedriver                        0x000000010286bf90 chromedriver + 196496
6   chromedriver                        0x000000010288e3b8 cxxbridge1$string$len + 139752
7   chromedriver                        0x000000010290adbc cxxbridge1$string$len + 650220
8   chromedriver                        0x00000001028bda0c cxxbridge1$string$len + 333884
9   chromedriver                        0x0000000102cfe5f4 cxxbridge1$str$ptr + 2481340
10  chromedriver                        0x0000000102d0185c cxxbridge1$str$ptr + 2494244
11  chromedriver                        0x0000000102cdf248 cxxbridge1$str$ptr + 2353424
12  chromedriver                        0x0000000102d02118 cxxbridge1$str$ptr + 2496480
13  chromedriver                        0x0000000102cd02f8 cxxbridge1$str$ptr + 2292160
14  chromedriver                        0x0000000102d2200c cxxbridge1$str$ptr + 2627284
15  chromedriver                        0x0000000102d22198 cxxbridge1$str$ptr + 2627680
16  chromedriver                        0x0000000102d330a4 cxxbridge1$str$ptr + 2697068
17  libsystem_pthread.dylib             0x000000018706ec0c _pthread_start + 136
18  libsystem_pthread.dylib             0x0000000187069b80 thread_start + 8

2025-07-23 10:00:04,166 [INFO] *** Scraping PAGE feed: https://www.facebook.com/abscbnNEWS/posts
2025-07-23 10:00:24,925 [INFO] [Page] abscbnNEWS: found 5 articles
2025-07-23 10:00:25,289 [INFO] [Page] abscbnNEWS: appended 0 posts
2025-07-23 10:00:25,290 [INFO] *** Scraping PAGE feed: https://www.facebook.com/rapplerdotcom/posts
2025-07-23 10:00:54,975 [INFO] [Page] rapplerdotcom: found 3 articles
2025-07-23 10:00:55,144 [INFO] [Page] rapplerdotcom: appended 0 posts
2025-07-23 10:00:55,144 [INFO] *** Scraping PAGE feed: https://www.facebook.com/gmanews/posts
2025-07-23 10:01:10,048 [INFO] [Page] gmanews: found 3 articles
2025-07-23 10:01:10,268 [INFO] [Page] gmanews: appended 0 posts
2025-07-23 10:01:10,269 [INFO] *** Scraping PAGE feed: https://www.facebook.com/manilabulletin/posts
2025-07-23 10:01:25,199 [INFO] [Page] manilabulletin: found 4 articles
2025-07-23 10:01:26,923 [INFO] [Page] manilabulletin: appended 0 posts
2025-07-23 10:01:26,924 [INFO] *** Scraping PAGE feed: https://www.facebook.com/sunstarphilippines/posts
Traceback (most recent call last):
  File "/Users/prettyfaith/Documents/Github/thesis-disaster-chatbot/socmed_disaster_scraper.py", line 192, in <module>
    driver.get(feed_url)
    ~~~~~~~~~~^^^^^^^^^^
  File "/Library/Frameworks/Python.framework/Versions/3.13/lib/python3.13/site-packages/selenium/webdriver/remote/webdriver.py", line 454, in get
    self.execute(Command.GET, {"url": url})
    ~~~~~~~~~~~~^^^^^^^^^^^^^^^^^^^^^^^^^^^
  File "/Library/Frameworks/Python.framework/Versions/3.13/lib/python3.13/site-packages/selenium/webdriver/remote/webdriver.py", line 429, in execute
    self.error_handler.check_response(response)
    ~~~~~~~~~~~~~~~~~~~~~~~~~~~~~~~~~^^^^^^^^^^
  File "/Library/Frameworks/Python.framework/Versions/3.13/lib/python3.13/site-packages/selenium/webdriver/remote/errorhandler.py", line 232, in check_response
    raise exception_class(message, screen, stacktrace)
selenium.common.exceptions.InvalidSessionIdException: Message: invalid session id: session deleted as the browser has closed the connection
from disconnected: Unable to receive message from renderer
  (Session info: chrome=138.0.7204.168)
Stacktrace:
0   chromedriver                        0x00000001047af570 cxxbridge1$str$ptr + 2731064
1   chromedriver                        0x00000001047a7468 cxxbridge1$str$ptr + 2698032
2   chromedriver                        0x00000001042f63f8 cxxbridge1$string$len + 90664
3   chromedriver                        0x00000001042e11fc cxxbridge1$string$len + 4140
4   chromedriver                        0x00000001042e0f74 cxxbridge1$string$len + 3492
5   chromedriver                        0x00000001042ded2c chromedriver + 191788
6   chromedriver                        0x00000001042df788 chromedriver + 194440
7   chromedriver                        0x00000001042f945c cxxbridge1$string$len + 103052
8   chromedriver                        0x000000010437f590 cxxbridge1$string$len + 652224
9   chromedriver                        0x000000010437eb1c cxxbridge1$string$len + 649548
10  chromedriver                        0x0000000104331a0c cxxbridge1$string$len + 333884
11  chromedriver                        0x00000001047725f4 cxxbridge1$str$ptr + 2481340
12  chromedriver                        0x000000010477585c cxxbridge1$str$ptr + 2494244
13  chromedriver                        0x0000000104753248 cxxbridge1$str$ptr + 2353424
14  chromedriver                        0x0000000104776118 cxxbridge1$str$ptr + 2496480
15  chromedriver                        0x00000001047442f8 cxxbridge1$str$ptr + 2292160
16  chromedriver                        0x000000010479600c cxxbridge1$str$ptr + 2627284
17  chromedriver                        0x0000000104796198 cxxbridge1$str$ptr + 2627680
18  chromedriver                        0x00000001047a70a4 cxxbridge1$str$ptr + 2697068
19  libsystem_pthread.dylib             0x000000018706ec0c _pthread_start + 136
20  libsystem_pthread.dylib             0x0000000187069b80 thread_start + 8

2025-07-23 12:45:04,534 [INFO] *** Scraping PAGE feed: https://www.facebook.com/abscbnNEWS/posts
2025-07-23 12:45:16,162 [INFO] [Page] abscbnNEWS: found 4 articles
2025-07-23 12:45:16,487 [INFO] [Page] abscbnNEWS: appended 2 posts
2025-07-23 12:45:16,488 [INFO] *** Scraping PAGE feed: https://www.facebook.com/rapplerdotcom/posts
2025-07-23 12:45:26,844 [INFO] [Page] rapplerdotcom: found 3 articles
2025-07-23 12:45:26,936 [INFO] [Page] rapplerdotcom: appended 0 posts
2025-07-23 12:45:26,936 [INFO] *** Scraping PAGE feed: https://www.facebook.com/gmanews/posts
2025-07-23 12:45:36,559 [INFO] [Page] gmanews: found 4 articles
2025-07-23 12:45:36,685 [INFO] [Page] gmanews: appended 0 posts
2025-07-23 12:45:36,685 [INFO] *** Scraping PAGE feed: https://www.facebook.com/manilabulletin/posts
Traceback (most recent call last):
  File "/Users/prettyfaith/Documents/Github/thesis-disaster-chatbot/socmed_disaster_scraper.py", line 194, in <module>
    scroll_page()
    ~~~~~~~~~~~^^
  File "/Users/prettyfaith/Documents/Github/thesis-disaster-chatbot/socmed_disaster_scraper.py", line 85, in scroll_page
    last = driver.execute_script("return document.body.scrollHeight")
  File "/Library/Frameworks/Python.framework/Versions/3.13/lib/python3.13/site-packages/selenium/webdriver/remote/webdriver.py", line 528, in execute_script
    return self.execute(command, {"script": script, "args": converted_args})["value"]
           ~~~~~~~~~~~~^^^^^^^^^^^^^^^^^^^^^^^^^^^^^^^^^^^^^^^^^^^^^^^^^^^^^
  File "/Library/Frameworks/Python.framework/Versions/3.13/lib/python3.13/site-packages/selenium/webdriver/remote/webdriver.py", line 429, in execute
    self.error_handler.check_response(response)
    ~~~~~~~~~~~~~~~~~~~~~~~~~~~~~~~~~^^^^^^^^^^
  File "/Library/Frameworks/Python.framework/Versions/3.13/lib/python3.13/site-packages/selenium/webdriver/remote/errorhandler.py", line 232, in check_response
    raise exception_class(message, screen, stacktrace)
selenium.common.exceptions.InvalidSessionIdException: Message: invalid session id: session deleted as the browser has closed the connection
from disconnected: not connected to DevTools
  (Session info: chrome=138.0.7204.168)
Stacktrace:
0   chromedriver                        0x0000000100eab570 cxxbridge1$str$ptr + 2731064
1   chromedriver                        0x0000000100ea3468 cxxbridge1$str$ptr + 2698032
2   chromedriver                        0x00000001009f23f8 cxxbridge1$string$len + 90664
3   chromedriver                        0x00000001009dbdc8 chromedriver + 196040
4   chromedriver                        0x00000001009fef14 cxxbridge1$string$len + 142660
5   chromedriver                        0x0000000100a619bc cxxbridge1$string$len + 546796
6   chromedriver                        0x0000000100a7a638 cxxbridge1$string$len + 648296
7   chromedriver                        0x0000000100a2da0c cxxbridge1$string$len + 333884
8   chromedriver                        0x0000000100e6e5f4 cxxbridge1$str$ptr + 2481340
9   chromedriver                        0x0000000100e7185c cxxbridge1$str$ptr + 2494244
10  chromedriver                        0x0000000100e4f248 cxxbridge1$str$ptr + 2353424
11  chromedriver                        0x0000000100e72118 cxxbridge1$str$ptr + 2496480
12  chromedriver                        0x0000000100e402f8 cxxbridge1$str$ptr + 2292160
13  chromedriver                        0x0000000100e9200c cxxbridge1$str$ptr + 2627284
14  chromedriver                        0x0000000100e92198 cxxbridge1$str$ptr + 2627680
15  chromedriver                        0x0000000100ea30a4 cxxbridge1$str$ptr + 2697068
16  libsystem_pthread.dylib             0x000000018706ec0c _pthread_start + 136
17  libsystem_pthread.dylib             0x0000000187069b80 thread_start + 8

2025-07-23 13:46:24,177 [INFO] *** Scraping PAGE feed: https://www.facebook.com/abscbnNEWS/posts
2025-07-23 13:46:38,101 [INFO] [Page] abscbnNEWS: found 3 articles
2025-07-23 13:46:38,179 [INFO] [Page] abscbnNEWS: appended 0 posts
2025-07-23 13:46:38,179 [INFO] *** Scraping PAGE feed: https://www.facebook.com/rapplerdotcom/posts
2025-07-23 13:46:48,789 [INFO] [Page] rapplerdotcom: found 3 articles
2025-07-23 13:46:48,886 [INFO] [Page] rapplerdotcom: appended 0 posts
2025-07-23 13:46:48,886 [INFO] *** Scraping PAGE feed: https://www.facebook.com/gmanews/posts
2025-07-23 13:46:58,741 [INFO] [Page] gmanews: found 4 articles
2025-07-23 13:46:58,856 [INFO] [Page] gmanews: appended 0 posts
2025-07-23 13:46:58,857 [INFO] *** Scraping PAGE feed: https://www.facebook.com/manilabulletin/posts
2025-07-23 13:47:09,262 [INFO] [Page] manilabulletin: found 3 articles
2025-07-23 13:47:09,397 [INFO] [Page] manilabulletin: appended 1 posts
2025-07-23 13:47:09,397 [INFO] *** Scraping PAGE feed: https://www.facebook.com/sunstarphilippines/posts
2025-07-23 13:47:19,942 [INFO] [Page] sunstarphilippines: found 3 articles
2025-07-23 13:47:20,043 [INFO] [Page] sunstarphilippines: appended 0 posts
2025-07-23 13:47:20,047 [INFO] *** Scraping PAGE feed: https://www.facebook.com/PhilstarNews/posts
2025-07-23 13:47:30,478 [INFO] [Page] PhilstarNews: found 3 articles
2025-07-23 13:47:31,651 [INFO] [Page] PhilstarNews: appended 0 posts
2025-07-23 13:47:31,651 [INFO] *** Scraping PAGE feed: https://www.facebook.com/inquirerdotnet/posts
2025-07-23 13:47:42,295 [INFO] [Page] inquirerdotnet: found 4 articles
2025-07-23 13:47:42,428 [INFO] [Page] inquirerdotnet: appended 0 posts
2025-07-23 13:47:42,429 [INFO] *** Scraping PAGE feed: https://www.facebook.com/pagasa.dost.gov.ph/posts
2025-07-23 13:47:55,059 [INFO] [Page] pagasa.dost.gov.ph: found 5 articles
2025-07-23 13:47:56,744 [INFO] [Page] pagasa.dost.gov.ph: appended 1 posts
2025-07-23 13:47:56,744 [INFO] *** Scraping PAGE feed: https://www.facebook.com/davaocitydrmmc/posts
2025-07-23 13:48:06,307 [INFO] [Page] davaocitydrmmc: found 0 articles
2025-07-23 13:48:06,308 [INFO] [Page] davaocitydrmmc: appended 0 posts
2025-07-23 13:48:06,308 [INFO] *** Scraping PAGE feed: https://www.facebook.com/NDRRMC/posts
2025-07-23 13:48:17,244 [INFO] [Page] NDRRMC: found 4 articles
2025-07-23 13:48:19,939 [INFO] [Page] NDRRMC: appended 2 posts
2025-07-23 13:48:19,939 [INFO] *** Scraping PAGE feed: https://www.facebook.com/UNTVNewsRescue/posts
2025-07-23 13:48:30,995 [INFO] [Page] UNTVNewsRescue: found 3 articles
2025-07-23 13:48:32,217 [INFO] [Page] UNTVNewsRescue: appended 1 posts
2025-07-23 13:48:32,217 [INFO] *** Scraping PAGE feed: https://www.facebook.com/PIAgovernment/posts
2025-07-23 13:48:41,170 [INFO] [Page] PIAgovernment: found 0 articles
2025-07-23 13:48:41,170 [INFO] [Page] PIAgovernment: appended 0 posts
2025-07-23 13:48:41,170 [INFO] *** Scraping PAGE feed: https://www.facebook.com/DavaoDRRMO/posts
2025-07-23 13:48:51,238 [INFO] [Page] DavaoDRRMO: found 3 articles
2025-07-23 13:48:52,600 [INFO] [Page] DavaoDRRMO: appended 1 posts
2025-07-23 13:48:52,600 [INFO] *** Scraping PAGE feed: https://www.facebook.com/sunstardavaonews/posts
2025-07-23 13:49:02,867 [INFO] [Page] sunstardavaonews: found 3 articles
2025-07-23 13:49:03,004 [INFO] [Page] sunstardavaonews: appended 0 posts
2025-07-23 13:49:03,004 [INFO] *** Scraping PAGE feed: https://www.facebook.com/profile.php?id=61568208630146/posts
Traceback (most recent call last):
  File "/Users/prettyfaith/Documents/Github/thesis-disaster-chatbot/socmed_disaster_scraper.py", line 192, in <module>
    driver.get(feed_url)
    ~~~~~~~~~~^^^^^^^^^^
  File "/Library/Frameworks/Python.framework/Versions/3.13/lib/python3.13/site-packages/selenium/webdriver/remote/webdriver.py", line 454, in get
    self.execute(Command.GET, {"url": url})
    ~~~~~~~~~~~~^^^^^^^^^^^^^^^^^^^^^^^^^^^
  File "/Library/Frameworks/Python.framework/Versions/3.13/lib/python3.13/site-packages/selenium/webdriver/remote/webdriver.py", line 429, in execute
    self.error_handler.check_response(response)
    ~~~~~~~~~~~~~~~~~~~~~~~~~~~~~~~~~^^^^^^^^^^
  File "/Library/Frameworks/Python.framework/Versions/3.13/lib/python3.13/site-packages/selenium/webdriver/remote/errorhandler.py", line 232, in check_response
    raise exception_class(message, screen, stacktrace)
selenium.common.exceptions.InvalidSessionIdException: Message: invalid session id: session deleted as the browser has closed the connection
from disconnected: Unable to receive message from renderer
  (Session info: chrome=138.0.7204.168)
Stacktrace:
0   chromedriver                        0x0000000102a2f570 cxxbridge1$str$ptr + 2731064
1   chromedriver                        0x0000000102a27468 cxxbridge1$str$ptr + 2698032
2   chromedriver                        0x00000001025763f8 cxxbridge1$string$len + 90664
3   chromedriver                        0x00000001025611fc cxxbridge1$string$len + 4140
4   chromedriver                        0x0000000102560f74 cxxbridge1$string$len + 3492
5   chromedriver                        0x000000010255ff90 chromedriver + 196496
6   chromedriver                        0x00000001025823b8 cxxbridge1$string$len + 139752
7   chromedriver                        0x00000001025fedbc cxxbridge1$string$len + 650220
8   chromedriver                        0x00000001025b1a0c cxxbridge1$string$len + 333884
9   chromedriver                        0x00000001029f25f4 cxxbridge1$str$ptr + 2481340
10  chromedriver                        0x00000001029f585c cxxbridge1$str$ptr + 2494244
11  chromedriver                        0x00000001029d3248 cxxbridge1$str$ptr + 2353424
12  chromedriver                        0x00000001029f6118 cxxbridge1$str$ptr + 2496480
13  chromedriver                        0x00000001029c42f8 cxxbridge1$str$ptr + 2292160
14  chromedriver                        0x0000000102a1600c cxxbridge1$str$ptr + 2627284
15  chromedriver                        0x0000000102a16198 cxxbridge1$str$ptr + 2627680
16  chromedriver                        0x0000000102a270a4 cxxbridge1$str$ptr + 2697068
17  libsystem_pthread.dylib             0x000000018706ec0c _pthread_start + 136
18  libsystem_pthread.dylib             0x0000000187069b80 thread_start + 8

2025-07-23 16:00:04,455 [INFO] *** Scraping PAGE feed: https://www.facebook.com/abscbnNEWS/posts
2025-07-23 16:00:13,849 [INFO] [Page] abscbnNEWS: found 3 articles
2025-07-23 16:00:13,934 [INFO] [Page] abscbnNEWS: appended 0 posts
2025-07-23 16:00:13,935 [INFO] *** Scraping PAGE feed: https://www.facebook.com/rapplerdotcom/posts
2025-07-23 16:00:23,151 [INFO] [Page] rapplerdotcom: found 3 articles
2025-07-23 16:00:23,236 [INFO] [Page] rapplerdotcom: appended 0 posts
2025-07-23 16:00:23,236 [INFO] *** Scraping PAGE feed: https://www.facebook.com/gmanews/posts
2025-07-23 16:00:32,351 [INFO] [Page] gmanews: found 3 articles
2025-07-23 16:00:32,487 [INFO] [Page] gmanews: appended 1 posts
2025-07-23 16:00:32,487 [INFO] *** Scraping PAGE feed: https://www.facebook.com/manilabulletin/posts
2025-07-23 16:00:41,771 [INFO] [Page] manilabulletin: found 3 articles
2025-07-23 16:00:43,009 [INFO] [Page] manilabulletin: appended 1 posts
2025-07-23 16:00:43,009 [INFO] *** Scraping PAGE feed: https://www.facebook.com/sunstarphilippines/posts
2025-07-23 16:00:52,622 [INFO] [Page] sunstarphilippines: found 3 articles
2025-07-23 16:00:52,718 [INFO] [Page] sunstarphilippines: appended 1 posts
2025-07-23 16:00:52,719 [INFO] *** Scraping PAGE feed: https://www.facebook.com/PhilstarNews/posts
2025-07-23 16:01:02,167 [INFO] [Page] PhilstarNews: found 4 articles
2025-07-23 16:01:02,394 [INFO] [Page] PhilstarNews: appended 0 posts
2025-07-23 16:01:02,394 [INFO] *** Scraping PAGE feed: https://www.facebook.com/inquirerdotnet/posts
2025-07-23 16:01:11,831 [INFO] [Page] inquirerdotnet: found 3 articles
2025-07-23 16:01:11,947 [INFO] [Page] inquirerdotnet: appended 0 posts
2025-07-23 16:01:11,947 [INFO] *** Scraping PAGE feed: https://www.facebook.com/pagasa.dost.gov.ph/posts
2025-07-23 16:01:21,439 [INFO] [Page] pagasa.dost.gov.ph: found 4 articles
2025-07-23 16:01:23,282 [INFO] [Page] pagasa.dost.gov.ph: appended 2 posts
2025-07-23 16:01:23,283 [INFO] *** Scraping PAGE feed: https://www.facebook.com/davaocitydrmmc/posts
2025-07-23 16:01:31,867 [INFO] [Page] davaocitydrmmc: found 0 articles
2025-07-23 16:01:31,868 [INFO] [Page] davaocitydrmmc: appended 0 posts
2025-07-23 16:01:31,868 [INFO] *** Scraping PAGE feed: https://www.facebook.com/NDRRMC/posts
2025-07-23 16:01:41,111 [INFO] [Page] NDRRMC: found 4 articles
2025-07-23 16:01:43,206 [INFO] [Page] NDRRMC: appended 0 posts
2025-07-23 16:01:43,206 [INFO] *** Scraping PAGE feed: https://www.facebook.com/UNTVNewsRescue/posts
2025-07-23 16:01:52,434 [INFO] [Page] UNTVNewsRescue: found 6 articles
2025-07-23 16:01:54,253 [INFO] [Page] UNTVNewsRescue: appended 1 posts
2025-07-23 16:01:54,253 [INFO] *** Scraping PAGE feed: https://www.facebook.com/PIAgovernment/posts
2025-07-23 16:02:03,084 [INFO] [Page] PIAgovernment: found 0 articles
2025-07-23 16:02:03,084 [INFO] [Page] PIAgovernment: appended 0 posts
2025-07-23 16:02:03,085 [INFO] *** Scraping PAGE feed: https://www.facebook.com/DavaoDRRMO/posts
2025-07-23 16:02:12,623 [INFO] [Page] DavaoDRRMO: found 3 articles
2025-07-23 16:02:14,063 [INFO] [Page] DavaoDRRMO: appended 0 posts
2025-07-23 16:02:14,063 [INFO] *** Scraping PAGE feed: https://www.facebook.com/sunstardavaonews/posts
2025-07-23 16:02:23,327 [INFO] [Page] sunstardavaonews: found 5 articles
2025-07-23 16:02:23,555 [INFO] [Page] sunstardavaonews: appended 1 posts
2025-07-23 16:02:23,555 [INFO] *** Scraping PAGE feed: https://www.facebook.com/profile.php?id=61568208630146/posts
2025-07-23 16:02:32,488 [INFO] [Page] profile.php?id=61568208630146: found 0 articles
2025-07-23 16:02:32,489 [INFO] [Page] profile.php?id=61568208630146: appended 0 posts
2025-07-23 16:02:32,489 [INFO] *** Scraping PAGE feed: https://www.facebook.com/PHIVOLCS/posts
2025-07-23 16:02:41,560 [INFO] [Page] PHIVOLCS: found 3 articles
2025-07-23 16:02:42,900 [INFO] [Page] PHIVOLCS: appended 1 posts
2025-07-23 16:02:42,900 [INFO]  - Searching hashtag: #FloodAlert
2025-07-23 16:02:53,369 [INFO] [Hashtag] #FloodAlert: found 3 articles
2025-07-23 16:02:54,609 [INFO] [Hashtag] #FloodAlert: appended 0 posts
2025-07-23 16:02:54,609 [INFO]  - Searching hashtag: #BahaPH
2025-07-23 16:03:05,220 [INFO] [Hashtag] #BahaPH: found 3 articles
2025-07-23 16:03:06,578 [INFO] [Hashtag] #BahaPH: appended 0 posts
2025-07-23 16:03:06,578 [INFO]  - Searching hashtag: #StreetFloodAlert
2025-07-23 16:03:17,164 [INFO] [Hashtag] #StreetFloodAlert: found 3 articles
2025-07-23 16:03:18,535 [INFO] [Hashtag] #StreetFloodAlert: appended 0 posts
2025-07-23 16:03:18,535 [INFO]  - Searching hashtag: #LandslideAlert
2025-07-23 16:03:29,203 [INFO] [Hashtag] #LandslideAlert: found 3 articles
2025-07-23 16:03:30,607 [INFO] [Hashtag] #LandslideAlert: appended 0 posts
2025-07-23 16:03:30,608 [INFO]  - Searching hashtag: #LandslidePH
2025-07-23 16:03:41,618 [INFO] [Hashtag] #LandslidePH: found 3 articles
2025-07-23 16:03:43,188 [INFO] [Hashtag] #LandslidePH: appended 0 posts
2025-07-23 16:03:43,188 [INFO]  - Searching hashtag: #FireAlert
2025-07-23 16:03:53,744 [INFO] [Hashtag] #FireAlert: found 3 articles
2025-07-23 16:03:55,315 [INFO] [Hashtag] #FireAlert: appended 0 posts
2025-07-23 16:03:55,315 [INFO]  - Searching hashtag: #EarthquakeAlert
2025-07-23 16:04:05,505 [INFO] [Hashtag] #EarthquakeAlert: found 3 articles
2025-07-23 16:04:06,928 [INFO] [Hashtag] #EarthquakeAlert: appended 1 posts
2025-07-23 16:04:06,929 [INFO]  - Searching hashtag: #EarthquakePH
2025-07-23 16:04:17,237 [INFO] [Hashtag] #EarthquakePH: found 3 articles
2025-07-23 16:04:18,763 [INFO] [Hashtag] #EarthquakePH: appended 0 posts
2025-07-23 16:04:19,268 [INFO] ✅ Done! rows saved: 124
2025-07-23 16:21:05,797 [INFO] *** Scraping PAGE feed: https://www.facebook.com/abscbnNEWS/posts
2025-07-23 16:27:10,700 [INFO] [Page] abscbnNEWS: found 4 articles
2025-07-23 16:27:10,916 [INFO] [Page] abscbnNEWS: appended 1 posts
2025-07-23 16:27:10,916 [INFO] *** Scraping PAGE feed: https://www.facebook.com/rapplerdotcom/posts
2025-07-23 16:42:57,123 [INFO] [Page] rapplerdotcom: found 3 articles
2025-07-23 16:42:57,215 [INFO] [Page] rapplerdotcom: appended 1 posts
2025-07-23 16:42:57,215 [INFO] *** Scraping PAGE feed: https://www.facebook.com/gmanews/posts
2025-07-23 16:43:06,524 [INFO] [Page] gmanews: found 3 articles
2025-07-23 16:43:07,820 [INFO] [Page] gmanews: appended 1 posts
2025-07-23 16:43:07,821 [INFO] *** Scraping PAGE feed: https://www.facebook.com/manilabulletin/posts
2025-07-23 16:43:17,537 [INFO] [Page] manilabulletin: found 3 articles
2025-07-23 16:43:17,628 [INFO] [Page] manilabulletin: appended 1 posts
2025-07-23 16:43:17,628 [INFO] *** Scraping PAGE feed: https://www.facebook.com/sunstarphilippines/posts
2025-07-23 16:58:29,028 [INFO] [Page] sunstarphilippines: found 3 articles
2025-07-23 16:58:29,128 [INFO] [Page] sunstarphilippines: appended 0 posts
2025-07-23 16:58:29,128 [INFO] *** Scraping PAGE feed: https://www.facebook.com/PhilstarNews/posts
2025-07-23 16:58:49,820 [INFO] [Page] PhilstarNews: found 3 articles
2025-07-23 16:58:51,066 [INFO] [Page] PhilstarNews: appended 0 posts
2025-07-23 16:58:51,066 [INFO] *** Scraping PAGE feed: https://www.facebook.com/inquirerdotnet/posts
2025-07-23 17:14:26,341 [INFO] [Page] inquirerdotnet: found 3 articles
2025-07-23 17:14:27,641 [INFO] [Page] inquirerdotnet: appended 0 posts
2025-07-23 17:14:27,641 [INFO] *** Scraping PAGE feed: https://www.facebook.com/pagasa.dost.gov.ph/posts
2025-07-23 17:14:47,155 [INFO] [Page] pagasa.dost.gov.ph: found 3 articles
2025-07-23 17:14:47,251 [INFO] [Page] pagasa.dost.gov.ph: appended 1 posts
2025-07-23 17:14:47,251 [INFO] *** Scraping PAGE feed: https://www.facebook.com/davaocitydrmmc/posts
2025-07-23 17:14:56,186 [INFO] [Page] davaocitydrmmc: found 0 articles
2025-07-23 17:14:56,186 [INFO] [Page] davaocitydrmmc: appended 0 posts
2025-07-23 17:14:56,186 [INFO] *** Scraping PAGE feed: https://www.facebook.com/NDRRMC/posts
2025-07-23 17:30:30,240 [INFO] *** Scraping PAGE feed: https://www.facebook.com/abscbnNEWS/posts
2025-07-23 17:30:31,908 [INFO] [Page] NDRRMC: found 4 articles
2025-07-23 17:30:33,381 [INFO] [Page] NDRRMC: appended 1 posts
2025-07-23 17:30:33,381 [INFO] *** Scraping PAGE feed: https://www.facebook.com/UNTVNewsRescue/posts
2025-07-23 17:30:41,153 [INFO] [Page] abscbnNEWS: found 4 articles
2025-07-23 17:30:41,390 [INFO] [Page] abscbnNEWS: appended 1 posts
2025-07-23 17:30:41,390 [INFO] *** Scraping PAGE feed: https://www.facebook.com/rapplerdotcom/posts
2025-07-23 17:30:51,476 [INFO] [Page] rapplerdotcom: found 3 articles
2025-07-23 17:30:51,570 [INFO] [Page] rapplerdotcom: appended 0 posts
2025-07-23 17:30:51,570 [INFO] *** Scraping PAGE feed: https://www.facebook.com/gmanews/posts
2025-07-23 17:30:58,158 [INFO] [Page] UNTVNewsRescue: found 0 articles
2025-07-23 17:30:58,159 [INFO] [Page] UNTVNewsRescue: appended 0 posts
2025-07-23 17:30:58,159 [INFO] *** Scraping PAGE feed: https://www.facebook.com/PIAgovernment/posts
2025-07-23 17:31:01,688 [INFO] [Page] gmanews: found 4 articles
2025-07-23 17:31:01,825 [INFO] [Page] gmanews: appended 1 posts
2025-07-23 17:31:01,825 [INFO] *** Scraping PAGE feed: https://www.facebook.com/manilabulletin/posts
2025-07-23 17:31:07,008 [INFO] [Page] PIAgovernment: found 0 articles
2025-07-23 17:31:07,008 [INFO] [Page] PIAgovernment: appended 0 posts
2025-07-23 17:31:07,008 [INFO] *** Scraping PAGE feed: https://www.facebook.com/DavaoDRRMO/posts
2025-07-23 17:31:11,295 [INFO] [Page] manilabulletin: found 3 articles
2025-07-23 17:31:11,426 [INFO] [Page] manilabulletin: appended 1 posts
2025-07-23 17:31:11,426 [INFO] *** Scraping PAGE feed: https://www.facebook.com/sunstarphilippines/posts
2025-07-23 17:33:46,761 [INFO] [Page] sunstarphilippines: found 3 articles
2025-07-23 17:33:46,825 [INFO] [Page] sunstarphilippines: appended 0 posts
2025-07-23 17:33:46,825 [INFO] *** Scraping PAGE feed: https://www.facebook.com/PhilstarNews/posts
2025-07-23 17:33:51,634 [INFO] [Page] DavaoDRRMO: found 3 articles
2025-07-23 17:49:18,861 [INFO] [Page] DavaoDRRMO: appended 0 posts
2025-07-23 17:49:18,862 [INFO] *** Scraping PAGE feed: https://www.facebook.com/sunstardavaonews/posts
2025-07-23 17:49:22,210 [INFO] [Page] PhilstarNews: found 3 articles
2025-07-23 17:49:22,327 [INFO] [Page] PhilstarNews: appended 1 posts
2025-07-23 17:49:22,327 [INFO] *** Scraping PAGE feed: https://www.facebook.com/inquirerdotnet/posts
2025-07-23 17:49:49,091 [INFO] [Page] inquirerdotnet: found 0 articles
2025-07-23 17:49:49,093 [INFO] [Page] inquirerdotnet: appended 0 posts
2025-07-23 17:49:49,093 [INFO] *** Scraping PAGE feed: https://www.facebook.com/pagasa.dost.gov.ph/posts
2025-07-23 17:49:59,617 [INFO] [Page] pagasa.dost.gov.ph: found 4 articles
2025-07-23 17:50:01,666 [INFO] [Page] pagasa.dost.gov.ph: appended 1 posts
2025-07-23 17:50:01,666 [INFO] *** Scraping PAGE feed: https://www.facebook.com/davaocitydrmmc/posts
2025-07-23 17:50:30,636 [INFO] [Page] davaocitydrmmc: found 0 articles
2025-07-23 17:50:30,636 [INFO] [Page] davaocitydrmmc: appended 0 posts
2025-07-23 17:50:30,636 [INFO] *** Scraping PAGE feed: https://www.facebook.com/NDRRMC/posts
2025-07-23 18:06:05,989 [INFO] [Page] NDRRMC: found 4 articles
2025-07-23 18:06:07,410 [INFO] [Page] NDRRMC: appended 1 posts
2025-07-23 18:06:07,410 [INFO] *** Scraping PAGE feed: https://www.facebook.com/UNTVNewsRescue/posts
2025-07-23 18:06:25,253 [INFO] [Page] sunstardavaonews: found 4 articles
2025-07-23 18:06:25,398 [INFO] [Page] sunstardavaonews: appended 0 posts
2025-07-23 18:06:25,398 [INFO] *** Scraping PAGE feed: https://www.facebook.com/profile.php?id=61568208630146/posts
2025-07-23 18:06:35,931 [INFO] [Page] profile.php?id=61568208630146: found 0 articles
2025-07-23 18:06:35,932 [INFO] [Page] profile.php?id=61568208630146: appended 0 posts
2025-07-23 18:06:35,932 [INFO] *** Scraping PAGE feed: https://www.facebook.com/PHIVOLCS/posts
2025-07-23 18:06:37,869 [INFO] [Page] UNTVNewsRescue: found 4 articles
2025-07-23 18:06:38,013 [INFO] [Page] UNTVNewsRescue: appended 1 posts
2025-07-23 18:06:38,013 [INFO] *** Scraping PAGE feed: https://www.facebook.com/PIAgovernment/posts
2025-07-23 18:09:15,480 [INFO] [Page] PHIVOLCS: found 3 articles
2025-07-23 18:09:16,908 [INFO] [Page] PIAgovernment: found 0 articles
2025-07-23 18:09:16,908 [INFO] [Page] PIAgovernment: appended 0 posts
2025-07-23 18:09:16,908 [INFO] *** Scraping PAGE feed: https://www.facebook.com/DavaoDRRMO/posts
2025-07-23 18:09:16,949 [INFO] [Page] PHIVOLCS: appended 1 posts
2025-07-23 18:09:16,950 [INFO]  - Searching hashtag: #FloodAlert
2025-07-23 18:12:19,682 [INFO] [Page] DavaoDRRMO: found 3 articles
2025-07-23 18:12:21,169 [INFO] [Page] DavaoDRRMO: appended 1 posts
2025-07-23 18:12:21,169 [INFO] *** Scraping PAGE feed: https://www.facebook.com/sunstardavaonews/posts
2025-07-23 18:12:22,342 [INFO] [Hashtag] #FloodAlert: found 3 articles
2025-07-23 18:12:22,544 [INFO] [Hashtag] #FloodAlert: appended 0 posts
2025-07-23 18:12:22,544 [INFO]  - Searching hashtag: #BahaPH
2025-07-23 18:27:56,897 [INFO] [Page] sunstardavaonews: found 3 articles
2025-07-23 18:27:57,065 [INFO] [Page] sunstardavaonews: appended 1 posts
2025-07-23 18:27:57,065 [INFO] *** Scraping PAGE feed: https://www.facebook.com/profile.php?id=61568208630146/posts
2025-07-23 18:28:28,873 [INFO] [Hashtag] #BahaPH: found 2 articles
2025-07-23 18:28:28,896 [INFO] [Hashtag] #BahaPH: appended 0 posts
2025-07-23 18:28:28,896 [INFO]  - Searching hashtag: #StreetFloodAlert
2025-07-23 18:44:05,372 [INFO] [Page] profile.php?id=61568208630146: found 0 articles
2025-07-23 18:44:05,373 [INFO] [Page] profile.php?id=61568208630146: appended 0 posts
2025-07-23 18:44:05,373 [INFO] *** Scraping PAGE feed: https://www.facebook.com/PHIVOLCS/posts
2025-07-23 18:44:14,148 [INFO] [Hashtag] #StreetFloodAlert: found 3 articles
2025-07-23 18:44:15,382 [INFO] [Page] PHIVOLCS: found 3 articles
2025-07-23 18:44:15,556 [INFO] [Hashtag] #StreetFloodAlert: appended 0 posts
2025-07-23 18:44:15,557 [INFO]  - Searching hashtag: #LandslideAlert
2025-07-23 18:44:17,009 [INFO] [Page] PHIVOLCS: appended 1 posts
2025-07-23 18:44:17,009 [INFO]  - Searching hashtag: #FloodAlert
2025-07-23 18:44:26,714 [INFO] [Hashtag] #LandslideAlert: found 3 articles
2025-07-23 18:44:26,832 [INFO] [Hashtag] #LandslideAlert: appended 0 posts
2025-07-23 18:44:26,833 [INFO]  - Searching hashtag: #LandslidePH
2025-07-23 18:44:28,557 [INFO] [Hashtag] #FloodAlert: found 3 articles
2025-07-23 18:44:28,777 [INFO] [Hashtag] #FloodAlert: appended 0 posts
2025-07-23 18:44:28,777 [INFO]  - Searching hashtag: #BahaPH
2025-07-23 18:44:38,764 [INFO] [Hashtag] #LandslidePH: found 3 articles
2025-07-23 18:44:39,710 [INFO] [Hashtag] #BahaPH: found 3 articles
2025-07-23 18:59:55,407 [INFO] [Hashtag] #LandslidePH: appended 0 posts
2025-07-23 18:59:55,407 [INFO]  - Searching hashtag: #FireAlert
2025-07-23 18:59:56,520 [INFO] [Hashtag] #BahaPH: appended 0 posts
2025-07-23 18:59:56,520 [INFO]  - Searching hashtag: #StreetFloodAlert
2025-07-23 19:00:06,842 [INFO] [Hashtag] #FireAlert: found 3 articles
2025-07-23 19:00:08,663 [INFO] [Hashtag] #FireAlert: appended 1 posts
2025-07-23 19:00:08,663 [INFO]  - Searching hashtag: #EarthquakeAlert
2025-07-23 19:00:18,828 [INFO] [Hashtag] #StreetFloodAlert: found 3 articles
2025-07-23 19:00:19,465 [INFO] [Hashtag] #EarthquakeAlert: found 3 articles
2025-07-23 19:00:20,601 [INFO] [Hashtag] #StreetFloodAlert: appended 0 posts
2025-07-23 19:00:20,602 [INFO]  - Searching hashtag: #LandslideAlert
2025-07-23 19:00:20,941 [INFO] [Hashtag] #EarthquakeAlert: appended 1 posts
2025-07-23 19:00:20,941 [INFO]  - Searching hashtag: #EarthquakePH
2025-07-23 19:00:31,548 [INFO] [Hashtag] #LandslideAlert: found 3 articles
2025-07-23 19:00:32,637 [INFO] [Hashtag] #EarthquakePH: found 3 articles
2025-07-23 19:00:33,023 [INFO] [Hashtag] #LandslideAlert: appended 0 posts
2025-07-23 19:00:33,023 [INFO]  - Searching hashtag: #LandslidePH
2025-07-23 19:00:34,201 [INFO] [Hashtag] #EarthquakePH: appended 1 posts
2025-07-23 19:00:34,591 [INFO] ✅ Done! rows saved: 134
2025-07-23 19:13:21,256 [INFO] [Hashtag] #LandslidePH: found 3 articles
2025-07-23 19:13:22,794 [INFO] [Hashtag] #LandslidePH: appended 0 posts
2025-07-23 19:13:22,794 [INFO]  - Searching hashtag: #FireAlert
2025-07-23 19:13:48,055 [INFO] [Hashtag] #FireAlert: found 0 articles
2025-07-23 19:13:48,057 [INFO] [Hashtag] #FireAlert: appended 0 posts
2025-07-23 19:13:48,057 [INFO]  - Searching hashtag: #EarthquakeAlert
2025-07-23 19:13:59,295 [INFO] [Hashtag] #EarthquakeAlert: found 3 articles
2025-07-23 19:16:17,281 [INFO] [Hashtag] #EarthquakeAlert: appended 1 posts
2025-07-23 19:16:17,281 [INFO]  - Searching hashtag: #EarthquakePH
2025-07-23 19:31:54,015 [INFO] [Hashtag] #EarthquakePH: found 3 articles
2025-07-23 19:31:55,470 [INFO] [Hashtag] #EarthquakePH: appended 1 posts
2025-07-23 19:31:55,880 [INFO] ✅ Done! rows saved: 144
2025-07-23 19:32:02,927 [INFO] *** Scraping PAGE feed: https://www.facebook.com/abscbnNEWS/posts
2025-07-23 19:32:12,862 [INFO] [Page] abscbnNEWS: found 3 articles
2025-07-23 19:32:12,954 [INFO] [Page] abscbnNEWS: appended 0 posts
2025-07-23 19:32:12,954 [INFO] *** Scraping PAGE feed: https://www.facebook.com/rapplerdotcom/posts
2025-07-23 19:32:24,107 [INFO] [Page] rapplerdotcom: found 3 articles
2025-07-23 19:32:24,219 [INFO] [Page] rapplerdotcom: appended 1 posts
2025-07-23 19:32:24,220 [INFO] *** Scraping PAGE feed: https://www.facebook.com/gmanews/posts
2025-07-23 19:47:35,618 [INFO] [Page] gmanews: found 4 articles
2025-07-23 19:47:35,769 [INFO] [Page] gmanews: appended 0 posts
2025-07-23 19:47:35,769 [INFO] *** Scraping PAGE feed: https://www.facebook.com/manilabulletin/posts
2025-07-23 19:47:46,797 [INFO] [Page] manilabulletin: found 4 articles
2025-07-23 19:47:46,914 [INFO] [Page] manilabulletin: appended 1 posts
2025-07-23 19:47:46,914 [INFO] *** Scraping PAGE feed: https://www.facebook.com/sunstarphilippines/posts
2025-07-23 19:47:56,539 [INFO] [Page] sunstarphilippines: found 3 articles
2025-07-23 19:47:56,626 [INFO] [Page] sunstarphilippines: appended 1 posts
2025-07-23 19:47:56,627 [INFO] *** Scraping PAGE feed: https://www.facebook.com/PhilstarNews/posts
2025-07-23 19:48:07,013 [INFO] [Page] PhilstarNews: found 4 articles
2025-07-23 19:48:08,427 [INFO] [Page] PhilstarNews: appended 2 posts
2025-07-23 19:48:08,428 [INFO] *** Scraping PAGE feed: https://www.facebook.com/inquirerdotnet/posts
2025-07-23 19:48:17,969 [INFO] [Page] inquirerdotnet: found 3 articles
2025-07-23 19:48:18,030 [INFO] [Page] inquirerdotnet: appended 0 posts
2025-07-23 19:48:18,030 [INFO] *** Scraping PAGE feed: https://www.facebook.com/pagasa.dost.gov.ph/posts
2025-07-23 20:03:54,259 [INFO] [Page] pagasa.dost.gov.ph: found 3 articles
2025-07-23 20:03:54,359 [INFO] [Page] pagasa.dost.gov.ph: appended 1 posts
2025-07-23 20:03:54,359 [INFO] *** Scraping PAGE feed: https://www.facebook.com/davaocitydrmmc/posts
2025-07-23 20:04:03,427 [INFO] [Page] davaocitydrmmc: found 0 articles
2025-07-23 20:04:03,428 [INFO] [Page] davaocitydrmmc: appended 0 posts
2025-07-23 20:04:03,428 [INFO] *** Scraping PAGE feed: https://www.facebook.com/NDRRMC/posts
2025-07-23 20:04:13,086 [INFO] [Page] NDRRMC: found 4 articles
2025-07-23 20:04:14,494 [INFO] [Page] NDRRMC: appended 1 posts
2025-07-23 20:04:14,494 [INFO] *** Scraping PAGE feed: https://www.facebook.com/UNTVNewsRescue/posts
2025-07-23 20:04:23,799 [INFO] [Page] UNTVNewsRescue: found 4 articles
2025-07-23 20:04:23,914 [INFO] [Page] UNTVNewsRescue: appended 0 posts
2025-07-23 20:04:23,915 [INFO] *** Scraping PAGE feed: https://www.facebook.com/PIAgovernment/posts
2025-07-23 20:04:32,581 [INFO] [Page] PIAgovernment: found 0 articles
2025-07-23 20:04:32,582 [INFO] [Page] PIAgovernment: appended 0 posts
2025-07-23 20:04:32,582 [INFO] *** Scraping PAGE feed: https://www.facebook.com/DavaoDRRMO/posts
2025-07-23 20:14:20,919 [INFO] [Page] DavaoDRRMO: found 4 articles
2025-07-23 20:14:22,466 [INFO] [Page] DavaoDRRMO: appended 0 posts
2025-07-23 20:14:22,466 [INFO] *** Scraping PAGE feed: https://www.facebook.com/sunstardavaonews/posts
2025-07-23 20:14:32,117 [INFO] [Page] sunstardavaonews: found 4 articles
2025-07-23 20:14:33,498 [INFO] [Page] sunstardavaonews: appended 1 posts
2025-07-23 20:14:33,499 [INFO] *** Scraping PAGE feed: https://www.facebook.com/profile.php?id=61568208630146/posts
2025-07-23 20:14:42,742 [INFO] [Page] profile.php?id=61568208630146: found 0 articles
2025-07-23 20:14:42,743 [INFO] [Page] profile.php?id=61568208630146: appended 0 posts
2025-07-23 20:14:42,743 [INFO] *** Scraping PAGE feed: https://www.facebook.com/PHIVOLCS/posts
2025-07-23 20:14:52,429 [INFO] [Page] PHIVOLCS: found 4 articles
2025-07-23 20:14:53,856 [INFO] [Page] PHIVOLCS: appended 1 posts
2025-07-23 20:14:53,856 [INFO]  - Searching hashtag: #FloodAlert
2025-07-23 20:30:16,535 [INFO] [Hashtag] #FloodAlert: found 3 articles
2025-07-23 20:30:16,648 [INFO] [Hashtag] #FloodAlert: appended 0 posts
2025-07-23 20:30:16,648 [INFO]  - Searching hashtag: #BahaPH
2025-07-23 20:30:27,781 [INFO] [Hashtag] #BahaPH: found 3 articles
2025-07-23 20:30:29,120 [INFO] [Hashtag] #BahaPH: appended 0 posts
2025-07-23 20:30:29,120 [INFO]  - Searching hashtag: #StreetFloodAlert
2025-07-23 20:30:41,542 [INFO] [Hashtag] #StreetFloodAlert: found 3 articles
2025-07-23 20:30:43,183 [INFO] [Hashtag] #StreetFloodAlert: appended 0 posts
2025-07-23 20:30:43,183 [INFO]  - Searching hashtag: #LandslideAlert
2025-07-23 20:30:54,365 [INFO] [Hashtag] #LandslideAlert: found 3 articles
2025-07-23 20:30:54,597 [INFO] [Hashtag] #LandslideAlert: appended 0 posts
2025-07-23 20:30:54,597 [INFO]  - Searching hashtag: #LandslidePH
2025-07-23 20:46:31,539 [INFO] [Hashtag] #LandslidePH: found 3 articles
2025-07-23 20:46:33,127 [INFO] [Hashtag] #LandslidePH: appended 0 posts
2025-07-23 20:46:33,127 [INFO]  - Searching hashtag: #FireAlert
2025-07-23 20:46:44,055 [INFO] [Hashtag] #FireAlert: found 3 articles
2025-07-23 20:46:45,843 [INFO] [Hashtag] #FireAlert: appended 1 posts
2025-07-23 20:46:45,843 [INFO]  - Searching hashtag: #EarthquakeAlert
2025-07-23 20:46:57,260 [INFO] [Hashtag] #EarthquakeAlert: found 3 articles
2025-07-23 20:46:58,691 [INFO] [Hashtag] #EarthquakeAlert: appended 1 posts
2025-07-23 20:46:58,691 [INFO]  - Searching hashtag: #EarthquakePH
2025-07-23 20:47:09,647 [INFO] [Hashtag] #EarthquakePH: found 3 articles
2025-07-23 20:51:27,740 [INFO] [Hashtag] #EarthquakePH: appended 0 posts
2025-07-23 20:51:28,557 [INFO] ✅ Done! rows saved: 153
2025-07-23 21:00:04,025 [INFO] *** Scraping PAGE feed: https://www.facebook.com/abscbnNEWS/posts
2025-07-23 21:00:13,642 [INFO] [Page] abscbnNEWS: found 3 articles
2025-07-23 21:00:13,767 [INFO] [Page] abscbnNEWS: appended 1 posts
2025-07-23 21:00:13,767 [INFO] *** Scraping PAGE feed: https://www.facebook.com/rapplerdotcom/posts
2025-07-23 21:00:25,163 [INFO] [Page] rapplerdotcom: found 3 articles
2025-07-23 21:00:25,278 [INFO] [Page] rapplerdotcom: appended 1 posts
2025-07-23 21:00:25,278 [INFO] *** Scraping PAGE feed: https://www.facebook.com/gmanews/posts
2025-07-23 21:00:34,400 [INFO] [Page] gmanews: found 3 articles
2025-07-23 21:00:35,607 [INFO] [Page] gmanews: appended 1 posts
2025-07-23 21:00:35,607 [INFO] *** Scraping PAGE feed: https://www.facebook.com/manilabulletin/posts
2025-07-23 21:00:45,258 [INFO] [Page] manilabulletin: found 3 articles
2025-07-23 21:00:45,378 [INFO] [Page] manilabulletin: appended 0 posts
2025-07-23 21:00:45,378 [INFO] *** Scraping PAGE feed: https://www.facebook.com/sunstarphilippines/posts
2025-07-23 21:00:54,830 [INFO] [Page] sunstarphilippines: found 3 articles
2025-07-23 21:00:54,903 [INFO] [Page] sunstarphilippines: appended 0 posts
2025-07-23 21:00:54,904 [INFO] *** Scraping PAGE feed: https://www.facebook.com/PhilstarNews/posts
2025-07-23 21:01:04,475 [INFO] [Page] PhilstarNews: found 4 articles
2025-07-23 21:01:05,770 [INFO] [Page] PhilstarNews: appended 0 posts
2025-07-23 21:01:05,770 [INFO] *** Scraping PAGE feed: https://www.facebook.com/inquirerdotnet/posts
2025-07-23 21:01:15,723 [INFO] [Page] inquirerdotnet: found 3 articles
2025-07-23 21:01:17,074 [INFO] [Page] inquirerdotnet: appended 0 posts
2025-07-23 21:01:17,074 [INFO] *** Scraping PAGE feed: https://www.facebook.com/pagasa.dost.gov.ph/posts
2025-07-23 21:01:27,346 [INFO] [Page] pagasa.dost.gov.ph: found 4 articles
2025-07-23 21:01:28,823 [INFO] [Page] pagasa.dost.gov.ph: appended 1 posts
2025-07-23 21:01:28,823 [INFO] *** Scraping PAGE feed: https://www.facebook.com/davaocitydrmmc/posts
2025-07-23 21:01:37,623 [INFO] [Page] davaocitydrmmc: found 0 articles
2025-07-23 21:01:37,624 [INFO] [Page] davaocitydrmmc: appended 0 posts
2025-07-23 21:01:37,624 [INFO] *** Scraping PAGE feed: https://www.facebook.com/NDRRMC/posts
2025-07-23 21:01:47,205 [INFO] [Page] NDRRMC: found 3 articles
2025-07-23 21:01:48,503 [INFO] [Page] NDRRMC: appended 1 posts
2025-07-23 21:01:48,503 [INFO] *** Scraping PAGE feed: https://www.facebook.com/UNTVNewsRescue/posts
2025-07-23 21:01:57,922 [INFO] [Page] UNTVNewsRescue: found 3 articles
2025-07-23 21:01:58,097 [INFO] [Page] UNTVNewsRescue: appended 0 posts
2025-07-23 21:01:58,097 [INFO] *** Scraping PAGE feed: https://www.facebook.com/PIAgovernment/posts
2025-07-23 21:02:06,706 [INFO] [Page] PIAgovernment: found 0 articles
2025-07-23 21:02:06,706 [INFO] [Page] PIAgovernment: appended 0 posts
2025-07-23 21:02:06,706 [INFO] *** Scraping PAGE feed: https://www.facebook.com/DavaoDRRMO/posts
2025-07-23 21:02:16,602 [INFO] [Page] DavaoDRRMO: found 4 articles
2025-07-23 21:02:18,120 [INFO] [Page] DavaoDRRMO: appended 0 posts
2025-07-23 21:02:18,120 [INFO] *** Scraping PAGE feed: https://www.facebook.com/sunstardavaonews/posts
Traceback (most recent call last):
  File "/Users/prettyfaith/Documents/Github/thesis-disaster-chatbot/socmed_disaster_scraper.py", line 194, in <module>
    scroll_page()
    ~~~~~~~~~~~^^
  File "/Users/prettyfaith/Documents/Github/thesis-disaster-chatbot/socmed_disaster_scraper.py", line 85, in scroll_page
    last = driver.execute_script("return document.body.scrollHeight")
  File "/Library/Frameworks/Python.framework/Versions/3.13/lib/python3.13/site-packages/selenium/webdriver/remote/webdriver.py", line 528, in execute_script
    return self.execute(command, {"script": script, "args": converted_args})["value"]
           ~~~~~~~~~~~~^^^^^^^^^^^^^^^^^^^^^^^^^^^^^^^^^^^^^^^^^^^^^^^^^^^^^
  File "/Library/Frameworks/Python.framework/Versions/3.13/lib/python3.13/site-packages/selenium/webdriver/remote/webdriver.py", line 429, in execute
    self.error_handler.check_response(response)
    ~~~~~~~~~~~~~~~~~~~~~~~~~~~~~~~~~^^^^^^^^^^
  File "/Library/Frameworks/Python.framework/Versions/3.13/lib/python3.13/site-packages/selenium/webdriver/remote/errorhandler.py", line 232, in check_response
    raise exception_class(message, screen, stacktrace)
selenium.common.exceptions.InvalidSessionIdException: Message: invalid session id: session deleted as the browser has closed the connection
from disconnected: not connected to DevTools
  (Session info: chrome=138.0.7204.168)
Stacktrace:
0   chromedriver                        0x00000001050b3570 cxxbridge1$str$ptr + 2731064
1   chromedriver                        0x00000001050ab468 cxxbridge1$str$ptr + 2698032
2   chromedriver                        0x0000000104bfa3f8 cxxbridge1$string$len + 90664
3   chromedriver                        0x0000000104be3dc8 chromedriver + 196040
4   chromedriver                        0x0000000104c06f14 cxxbridge1$string$len + 142660
5   chromedriver                        0x0000000104c699bc cxxbridge1$string$len + 546796
6   chromedriver                        0x0000000104c82638 cxxbridge1$string$len + 648296
7   chromedriver                        0x0000000104c35a0c cxxbridge1$string$len + 333884
8   chromedriver                        0x00000001050765f4 cxxbridge1$str$ptr + 2481340
9   chromedriver                        0x000000010507985c cxxbridge1$str$ptr + 2494244
10  chromedriver                        0x0000000105057248 cxxbridge1$str$ptr + 2353424
11  chromedriver                        0x000000010507a118 cxxbridge1$str$ptr + 2496480
12  chromedriver                        0x00000001050482f8 cxxbridge1$str$ptr + 2292160
13  chromedriver                        0x000000010509a00c cxxbridge1$str$ptr + 2627284
14  chromedriver                        0x000000010509a198 cxxbridge1$str$ptr + 2627680
15  chromedriver                        0x00000001050ab0a4 cxxbridge1$str$ptr + 2697068
16  libsystem_pthread.dylib             0x000000018706ec0c _pthread_start + 136
17  libsystem_pthread.dylib             0x0000000187069b80 thread_start + 8

2025-07-23 21:32:41,369 [INFO] *** Scraping PAGE feed: https://www.facebook.com/abscbnNEWS/posts
2025-07-23 21:32:51,230 [INFO] [Page] abscbnNEWS: found 3 articles
2025-07-23 21:32:51,327 [INFO] [Page] abscbnNEWS: appended 0 posts
2025-07-23 21:32:51,328 [INFO] *** Scraping PAGE feed: https://www.facebook.com/rapplerdotcom/posts
Traceback (most recent call last):
  File "/Users/prettyfaith/Documents/Github/thesis-disaster-chatbot/socmed_disaster_scraper.py", line 194, in <module>
    scroll_page()
    ~~~~~~~~~~~^^
  File "/Users/prettyfaith/Documents/Github/thesis-disaster-chatbot/socmed_disaster_scraper.py", line 85, in scroll_page
    last = driver.execute_script("return document.body.scrollHeight")
  File "/Library/Frameworks/Python.framework/Versions/3.13/lib/python3.13/site-packages/selenium/webdriver/remote/webdriver.py", line 528, in execute_script
    return self.execute(command, {"script": script, "args": converted_args})["value"]
           ~~~~~~~~~~~~^^^^^^^^^^^^^^^^^^^^^^^^^^^^^^^^^^^^^^^^^^^^^^^^^^^^^
  File "/Library/Frameworks/Python.framework/Versions/3.13/lib/python3.13/site-packages/selenium/webdriver/remote/webdriver.py", line 429, in execute
    self.error_handler.check_response(response)
    ~~~~~~~~~~~~~~~~~~~~~~~~~~~~~~~~~^^^^^^^^^^
  File "/Library/Frameworks/Python.framework/Versions/3.13/lib/python3.13/site-packages/selenium/webdriver/remote/errorhandler.py", line 232, in check_response
    raise exception_class(message, screen, stacktrace)
selenium.common.exceptions.InvalidSessionIdException: Message: invalid session id: session deleted as the browser has closed the connection
from disconnected: not connected to DevTools
  (Session info: chrome=138.0.7204.168)
Stacktrace:
0   chromedriver                        0x000000010291f570 cxxbridge1$str$ptr + 2731064
1   chromedriver                        0x0000000102917468 cxxbridge1$str$ptr + 2698032
2   chromedriver                        0x00000001024663f8 cxxbridge1$string$len + 90664
3   chromedriver                        0x000000010244fdc8 chromedriver + 196040
4   chromedriver                        0x0000000102472f14 cxxbridge1$string$len + 142660
5   chromedriver                        0x00000001024d59bc cxxbridge1$string$len + 546796
6   chromedriver                        0x00000001024ee638 cxxbridge1$string$len + 648296
7   chromedriver                        0x00000001024a1a0c cxxbridge1$string$len + 333884
8   chromedriver                        0x00000001028e25f4 cxxbridge1$str$ptr + 2481340
9   chromedriver                        0x00000001028e585c cxxbridge1$str$ptr + 2494244
10  chromedriver                        0x00000001028c3248 cxxbridge1$str$ptr + 2353424
11  chromedriver                        0x00000001028e6118 cxxbridge1$str$ptr + 2496480
12  chromedriver                        0x00000001028b42f8 cxxbridge1$str$ptr + 2292160
13  chromedriver                        0x000000010290600c cxxbridge1$str$ptr + 2627284
14  chromedriver                        0x0000000102906198 cxxbridge1$str$ptr + 2627680
15  chromedriver                        0x00000001029170a4 cxxbridge1$str$ptr + 2697068
16  libsystem_pthread.dylib             0x000000018706ec0c _pthread_start + 136
17  libsystem_pthread.dylib             0x0000000187069b80 thread_start + 8

2025-07-23 21:45:03,905 [INFO] *** Scraping PAGE feed: https://www.facebook.com/abscbnNEWS/posts
2025-07-23 21:45:13,994 [INFO] [Page] abscbnNEWS: found 3 articles
2025-07-23 21:45:14,122 [INFO] [Page] abscbnNEWS: appended 1 posts
2025-07-23 21:45:14,122 [INFO] *** Scraping PAGE feed: https://www.facebook.com/rapplerdotcom/posts
2025-07-23 21:45:25,873 [INFO] [Page] rapplerdotcom: found 4 articles
2025-07-23 21:45:27,082 [INFO] [Page] rapplerdotcom: appended 2 posts
2025-07-23 21:45:27,082 [INFO] *** Scraping PAGE feed: https://www.facebook.com/gmanews/posts
2025-07-23 21:45:37,377 [INFO] [Page] gmanews: found 4 articles
2025-07-23 21:45:38,707 [INFO] [Page] gmanews: appended 1 posts
2025-07-23 21:45:38,707 [INFO] *** Scraping PAGE feed: https://www.facebook.com/manilabulletin/posts
2025-07-23 21:45:48,244 [INFO] [Page] manilabulletin: found 3 articles
2025-07-23 21:45:49,436 [INFO] [Page] manilabulletin: appended 0 posts
2025-07-23 21:45:49,436 [INFO] *** Scraping PAGE feed: https://www.facebook.com/sunstarphilippines/posts
2025-07-23 21:45:59,759 [INFO] [Page] sunstarphilippines: found 3 articles
2025-07-23 21:45:59,855 [INFO] [Page] sunstarphilippines: appended 0 posts
2025-07-23 21:45:59,856 [INFO] *** Scraping PAGE feed: https://www.facebook.com/PhilstarNews/posts
2025-07-23 21:46:09,462 [INFO] [Page] PhilstarNews: found 4 articles
2025-07-23 21:46:09,568 [INFO] [Page] PhilstarNews: appended 0 posts
2025-07-23 21:46:09,568 [INFO] *** Scraping PAGE feed: https://www.facebook.com/inquirerdotnet/posts
2025-07-23 21:46:19,210 [INFO] [Page] inquirerdotnet: found 3 articles
2025-07-23 21:46:19,328 [INFO] [Page] inquirerdotnet: appended 1 posts
2025-07-23 21:46:19,328 [INFO] *** Scraping PAGE feed: https://www.facebook.com/pagasa.dost.gov.ph/posts
2025-07-23 21:46:28,888 [INFO] [Page] pagasa.dost.gov.ph: found 4 articles
2025-07-23 21:46:30,246 [INFO] [Page] pagasa.dost.gov.ph: appended 1 posts
2025-07-23 21:46:30,246 [INFO] *** Scraping PAGE feed: https://www.facebook.com/davaocitydrmmc/posts
2025-07-23 21:46:39,513 [INFO] [Page] davaocitydrmmc: found 0 articles
2025-07-23 21:46:39,515 [INFO] [Page] davaocitydrmmc: appended 0 posts
2025-07-23 21:46:39,515 [INFO] *** Scraping PAGE feed: https://www.facebook.com/NDRRMC/posts
2025-07-23 21:46:48,855 [INFO] [Page] NDRRMC: found 4 articles
2025-07-23 21:46:50,198 [INFO] [Page] NDRRMC: appended 2 posts
2025-07-23 21:46:50,199 [INFO] *** Scraping PAGE feed: https://www.facebook.com/UNTVNewsRescue/posts
2025-07-23 21:46:59,333 [INFO] [Page] UNTVNewsRescue: found 3 articles
2025-07-23 21:46:59,398 [INFO] [Page] UNTVNewsRescue: appended 0 posts
2025-07-23 21:46:59,398 [INFO] *** Scraping PAGE feed: https://www.facebook.com/PIAgovernment/posts
2025-07-23 21:47:07,998 [INFO] [Page] PIAgovernment: found 0 articles
2025-07-23 21:47:07,999 [INFO] [Page] PIAgovernment: appended 0 posts
2025-07-23 21:47:07,999 [INFO] *** Scraping PAGE feed: https://www.facebook.com/DavaoDRRMO/posts
2025-07-23 21:47:17,807 [INFO] [Page] DavaoDRRMO: found 3 articles
2025-07-23 21:47:19,201 [INFO] [Page] DavaoDRRMO: appended 1 posts
2025-07-23 21:47:19,201 [INFO] *** Scraping PAGE feed: https://www.facebook.com/sunstardavaonews/posts
2025-07-23 21:47:28,912 [INFO] [Page] sunstardavaonews: found 4 articles
2025-07-23 21:47:29,038 [INFO] [Page] sunstardavaonews: appended 0 posts
2025-07-23 21:47:29,038 [INFO] *** Scraping PAGE feed: https://www.facebook.com/profile.php?id=61568208630146/posts
2025-07-23 21:47:38,287 [INFO] [Page] profile.php?id=61568208630146: found 0 articles
2025-07-23 21:47:38,287 [INFO] [Page] profile.php?id=61568208630146: appended 0 posts
2025-07-23 21:47:38,287 [INFO] *** Scraping PAGE feed: https://www.facebook.com/PHIVOLCS/posts
2025-07-23 21:47:47,555 [INFO] [Page] PHIVOLCS: found 3 articles
2025-07-23 21:47:48,815 [INFO] [Page] PHIVOLCS: appended 1 posts
2025-07-23 21:47:48,816 [INFO]  - Searching hashtag: #FloodAlert
2025-07-23 21:47:59,115 [INFO] [Hashtag] #FloodAlert: found 3 articles
2025-07-23 21:47:59,458 [INFO] [Hashtag] #FloodAlert: appended 0 posts
2025-07-23 21:47:59,458 [INFO]  - Searching hashtag: #BahaPH
2025-07-23 21:48:09,923 [INFO] [Hashtag] #BahaPH: found 3 articles
2025-07-23 21:48:11,306 [INFO] [Hashtag] #BahaPH: appended 0 posts
2025-07-23 21:48:11,306 [INFO]  - Searching hashtag: #StreetFloodAlert
2025-07-23 21:48:22,109 [INFO] [Hashtag] #StreetFloodAlert: found 3 articles
2025-07-23 21:48:23,634 [INFO] [Hashtag] #StreetFloodAlert: appended 0 posts
2025-07-23 21:48:23,634 [INFO]  - Searching hashtag: #LandslideAlert
2025-07-23 21:48:34,051 [INFO] [Hashtag] #LandslideAlert: found 3 articles
2025-07-23 21:48:35,532 [INFO] [Hashtag] #LandslideAlert: appended 0 posts
2025-07-23 21:48:35,533 [INFO]  - Searching hashtag: #LandslidePH
2025-07-23 21:48:46,087 [INFO] [Hashtag] #LandslidePH: found 3 articles
2025-07-23 21:48:47,604 [INFO] [Hashtag] #LandslidePH: appended 0 posts
2025-07-23 21:48:47,604 [INFO]  - Searching hashtag: #FireAlert
2025-07-23 21:48:58,173 [INFO] [Hashtag] #FireAlert: found 4 articles
2025-07-23 21:49:01,218 [INFO] [Hashtag] #FireAlert: appended 2 posts
2025-07-23 21:49:01,218 [INFO]  - Searching hashtag: #EarthquakeAlert
2025-07-23 21:49:12,095 [INFO] [Hashtag] #EarthquakeAlert: found 3 articles
2025-07-23 21:49:13,480 [INFO] [Hashtag] #EarthquakeAlert: appended 1 posts
2025-07-23 21:49:13,481 [INFO]  - Searching hashtag: #EarthquakePH
2025-07-23 21:49:22,971 [INFO] [Hashtag] #EarthquakePH: found 3 articles
2025-07-23 21:49:24,413 [INFO] [Hashtag] #EarthquakePH: appended 0 posts
2025-07-23 21:49:24,876 [INFO] ✅ Done! rows saved: 171
2025-07-23 22:16:25,165 [INFO] *** Scraping PAGE feed: https://www.facebook.com/abscbnNEWS/posts
2025-07-23 22:16:42,174 [INFO] [Page] abscbnNEWS: found 3 articles
2025-07-23 22:16:42,279 [INFO] [Page] abscbnNEWS: appended 0 posts
2025-07-23 22:16:42,279 [INFO] *** Scraping PAGE feed: https://www.facebook.com/rapplerdotcom/posts
2025-07-23 22:27:54,164 [INFO] [Page] rapplerdotcom: found 3 articles
2025-07-23 22:27:54,321 [INFO] [Page] rapplerdotcom: appended 0 posts
2025-07-23 22:27:54,322 [INFO] *** Scraping PAGE feed: https://www.facebook.com/gmanews/posts
Traceback (most recent call last):
  File "/Users/prettyfaith/Documents/Github/thesis-disaster-chatbot/socmed_disaster_scraper.py", line 192, in <module>
    driver.get(feed_url)
    ~~~~~~~~~~^^^^^^^^^^
  File "/Library/Frameworks/Python.framework/Versions/3.13/lib/python3.13/site-packages/selenium/webdriver/remote/webdriver.py", line 454, in get
    self.execute(Command.GET, {"url": url})
    ~~~~~~~~~~~~^^^^^^^^^^^^^^^^^^^^^^^^^^^
  File "/Library/Frameworks/Python.framework/Versions/3.13/lib/python3.13/site-packages/selenium/webdriver/remote/webdriver.py", line 429, in execute
    self.error_handler.check_response(response)
    ~~~~~~~~~~~~~~~~~~~~~~~~~~~~~~~~~^^^^^^^^^^
  File "/Library/Frameworks/Python.framework/Versions/3.13/lib/python3.13/site-packages/selenium/webdriver/remote/errorhandler.py", line 232, in check_response
    raise exception_class(message, screen, stacktrace)
selenium.common.exceptions.InvalidSessionIdException: Message: invalid session id: session deleted as the browser has closed the connection
from disconnected: Unable to receive message from renderer
  (Session info: chrome=138.0.7204.168)
Stacktrace:
0   chromedriver                        0x0000000103337570 cxxbridge1$str$ptr + 2731064
1   chromedriver                        0x000000010332f468 cxxbridge1$str$ptr + 2698032
2   chromedriver                        0x0000000102e7e3f8 cxxbridge1$string$len + 90664
3   chromedriver                        0x0000000102e691fc cxxbridge1$string$len + 4140
4   chromedriver                        0x0000000102e68f74 cxxbridge1$string$len + 3492
5   chromedriver                        0x0000000102e67f90 chromedriver + 196496
6   chromedriver                        0x0000000102e8a3b8 cxxbridge1$string$len + 139752
7   chromedriver                        0x0000000102f06dbc cxxbridge1$string$len + 650220
8   chromedriver                        0x0000000102eb9a0c cxxbridge1$string$len + 333884
9   chromedriver                        0x00000001032fa5f4 cxxbridge1$str$ptr + 2481340
10  chromedriver                        0x00000001032fd85c cxxbridge1$str$ptr + 2494244
11  chromedriver                        0x00000001032db248 cxxbridge1$str$ptr + 2353424
12  chromedriver                        0x00000001032fe118 cxxbridge1$str$ptr + 2496480
13  chromedriver                        0x00000001032cc2f8 cxxbridge1$str$ptr + 2292160
14  chromedriver                        0x000000010331e00c cxxbridge1$str$ptr + 2627284
15  chromedriver                        0x000000010331e198 cxxbridge1$str$ptr + 2627680
16  chromedriver                        0x000000010332f0a4 cxxbridge1$str$ptr + 2697068
17  libsystem_pthread.dylib             0x000000018706ec0c _pthread_start + 136
18  libsystem_pthread.dylib             0x0000000187069b80 thread_start + 8

2025-07-23 22:31:57,651 [INFO] *** Scraping PAGE feed: https://www.facebook.com/abscbnNEWS/posts
2025-07-23 22:32:08,808 [INFO] [Page] abscbnNEWS: found 3 articles
2025-07-23 22:32:08,928 [INFO] [Page] abscbnNEWS: appended 0 posts
2025-07-23 22:32:08,928 [INFO] *** Scraping PAGE feed: https://www.facebook.com/rapplerdotcom/posts
2025-07-23 22:37:42,964 [INFO] [Page] rapplerdotcom: found 3 articles
2025-07-23 22:37:43,071 [INFO] [Page] rapplerdotcom: appended 0 posts
2025-07-23 22:37:43,071 [INFO] *** Scraping PAGE feed: https://www.facebook.com/gmanews/posts
2025-07-23 22:37:52,483 [INFO] [Page] gmanews: found 3 articles
2025-07-23 22:37:53,819 [INFO] [Page] gmanews: appended 1 posts
2025-07-23 22:37:53,819 [INFO] *** Scraping PAGE feed: https://www.facebook.com/manilabulletin/posts
2025-07-23 22:38:03,840 [INFO] [Page] manilabulletin: found 3 articles
2025-07-23 22:38:03,964 [INFO] [Page] manilabulletin: appended 1 posts
2025-07-23 22:38:03,964 [INFO] *** Scraping PAGE feed: https://www.facebook.com/sunstarphilippines/posts
2025-07-23 22:38:13,897 [INFO] [Page] sunstarphilippines: found 4 articles
2025-07-23 22:38:14,005 [INFO] [Page] sunstarphilippines: appended 0 posts
2025-07-23 22:38:14,005 [INFO] *** Scraping PAGE feed: https://www.facebook.com/PhilstarNews/posts
2025-07-23 22:39:53,509 [INFO] [Page] PhilstarNews: found 4 articles
2025-07-23 22:39:53,630 [INFO] [Page] PhilstarNews: appended 0 posts
2025-07-23 22:39:53,630 [INFO] *** Scraping PAGE feed: https://www.facebook.com/inquirerdotnet/posts
2025-07-23 22:40:03,053 [INFO] [Page] inquirerdotnet: found 3 articles
2025-07-23 22:40:03,119 [INFO] [Page] inquirerdotnet: appended 0 posts
2025-07-23 22:40:03,119 [INFO] *** Scraping PAGE feed: https://www.facebook.com/pagasa.dost.gov.ph/posts
2025-07-23 22:40:13,011 [INFO] [Page] pagasa.dost.gov.ph: found 4 articles
2025-07-23 22:40:14,428 [INFO] [Page] pagasa.dost.gov.ph: appended 2 posts
2025-07-23 22:40:14,428 [INFO] *** Scraping PAGE feed: https://www.facebook.com/davaocitydrmmc/posts
2025-07-23 22:40:23,865 [INFO] [Page] davaocitydrmmc: found 0 articles
2025-07-23 22:40:23,866 [INFO] [Page] davaocitydrmmc: appended 0 posts
2025-07-23 22:40:23,866 [INFO] *** Scraping PAGE feed: https://www.facebook.com/NDRRMC/posts
2025-07-23 22:40:33,122 [INFO] [Page] NDRRMC: found 4 articles
2025-07-23 22:40:34,522 [INFO] [Page] NDRRMC: appended 2 posts
2025-07-23 22:40:34,523 [INFO] *** Scraping PAGE feed: https://www.facebook.com/UNTVNewsRescue/posts
2025-07-23 22:40:56,383 [INFO] [Page] UNTVNewsRescue: found 3 articles
2025-07-23 22:40:56,448 [INFO] [Page] UNTVNewsRescue: appended 0 posts
2025-07-23 22:40:56,448 [INFO] *** Scraping PAGE feed: https://www.facebook.com/PIAgovernment/posts
2025-07-23 22:41:05,273 [INFO] [Page] PIAgovernment: found 0 articles
2025-07-23 22:41:05,274 [INFO] [Page] PIAgovernment: appended 0 posts
2025-07-23 22:41:05,274 [INFO] *** Scraping PAGE feed: https://www.facebook.com/DavaoDRRMO/posts
2025-07-23 22:41:15,048 [INFO] [Page] DavaoDRRMO: found 3 articles
2025-07-23 22:41:16,795 [INFO] [Page] DavaoDRRMO: appended 1 posts
2025-07-23 22:41:16,796 [INFO] *** Scraping PAGE feed: https://www.facebook.com/sunstardavaonews/posts
2025-07-23 22:41:26,901 [INFO] [Page] sunstardavaonews: found 3 articles
2025-07-23 22:41:27,018 [INFO] [Page] sunstardavaonews: appended 0 posts
2025-07-23 22:41:27,018 [INFO] *** Scraping PAGE feed: https://www.facebook.com/profile.php?id=61568208630146/posts
2025-07-23 22:41:36,472 [INFO] [Page] profile.php?id=61568208630146: found 0 articles
2025-07-23 22:41:36,473 [INFO] [Page] profile.php?id=61568208630146: appended 0 posts
2025-07-23 22:41:36,473 [INFO] *** Scraping PAGE feed: https://www.facebook.com/PHIVOLCS/posts
2025-07-23 22:42:54,246 [INFO] [Page] PHIVOLCS: found 3 articles
2025-07-23 22:42:55,857 [INFO] [Page] PHIVOLCS: appended 1 posts
2025-07-23 22:42:55,859 [INFO]  - Searching hashtag: #FloodAlert
2025-07-23 22:43:07,633 [INFO] [Hashtag] #FloodAlert: found 3 articles
2025-07-23 22:43:08,033 [INFO] [Hashtag] #FloodAlert: appended 0 posts
2025-07-23 22:43:08,034 [INFO]  - Searching hashtag: #BahaPH
2025-07-23 22:43:19,126 [INFO] [Hashtag] #BahaPH: found 3 articles
2025-07-23 22:43:20,591 [INFO] [Hashtag] #BahaPH: appended 0 posts
2025-07-23 22:43:20,591 [INFO]  - Searching hashtag: #StreetFloodAlert
2025-07-23 22:58:29,276 [INFO] [Hashtag] #StreetFloodAlert: found 3 articles
2025-07-23 22:58:31,119 [INFO] [Hashtag] #StreetFloodAlert: appended 0 posts
2025-07-23 22:58:31,119 [INFO]  - Searching hashtag: #LandslideAlert
2025-07-23 22:58:42,115 [INFO] [Hashtag] #LandslideAlert: found 3 articles
2025-07-23 22:58:43,753 [INFO] [Hashtag] #LandslideAlert: appended 0 posts
2025-07-23 22:58:43,753 [INFO]  - Searching hashtag: #LandslidePH
2025-07-23 22:58:53,536 [INFO] [Hashtag] #LandslidePH: found 3 articles
2025-07-23 22:58:55,209 [INFO] [Hashtag] #LandslidePH: appended 0 posts
2025-07-23 22:58:55,209 [INFO]  - Searching hashtag: #FireAlert
2025-07-23 22:59:06,154 [INFO] [Hashtag] #FireAlert: found 4 articles
2025-07-23 22:59:09,284 [INFO] [Hashtag] #FireAlert: appended 2 posts
2025-07-23 22:59:09,284 [INFO]  - Searching hashtag: #EarthquakeAlert
2025-07-23 23:14:16,922 [INFO] [Hashtag] #EarthquakeAlert: found 3 articles
2025-07-23 23:14:18,794 [INFO] [Hashtag] #EarthquakeAlert: appended 1 posts
2025-07-23 23:14:18,795 [INFO]  - Searching hashtag: #EarthquakePH
2025-07-23 23:14:29,607 [INFO] [Hashtag] #EarthquakePH: found 3 articles
2025-07-23 23:14:31,114 [INFO] [Hashtag] #EarthquakePH: appended 0 posts
2025-07-23 23:14:31,612 [INFO] ✅ Done! rows saved: 177
2025-07-23 23:30:03,539 [INFO] *** Scraping PAGE feed: https://www.facebook.com/abscbnNEWS/posts
2025-07-23 23:30:13,977 [INFO] [Page] abscbnNEWS: found 3 articles
2025-07-23 23:30:14,112 [INFO] [Page] abscbnNEWS: appended 1 posts
2025-07-23 23:30:14,112 [INFO] *** Scraping PAGE feed: https://www.facebook.com/rapplerdotcom/posts
2025-07-23 23:30:24,031 [INFO] [Page] rapplerdotcom: found 3 articles
2025-07-23 23:30:24,099 [INFO] [Page] rapplerdotcom: appended 0 posts
2025-07-23 23:30:24,099 [INFO] *** Scraping PAGE feed: https://www.facebook.com/gmanews/posts
2025-07-23 23:30:33,641 [INFO] [Page] gmanews: found 4 articles
2025-07-23 23:30:33,749 [INFO] [Page] gmanews: appended 0 posts
2025-07-23 23:30:33,750 [INFO] *** Scraping PAGE feed: https://www.facebook.com/manilabulletin/posts
2025-07-23 23:30:43,633 [INFO] [Page] manilabulletin: found 4 articles
2025-07-23 23:30:43,731 [INFO] [Page] manilabulletin: appended 0 posts
2025-07-23 23:30:43,731 [INFO] *** Scraping PAGE feed: https://www.facebook.com/sunstarphilippines/posts
2025-07-23 23:35:30,812 [INFO] [Page] sunstarphilippines: found 4 articles
2025-07-23 23:35:30,911 [INFO] [Page] sunstarphilippines: appended 0 posts
2025-07-23 23:35:30,912 [INFO] *** Scraping PAGE feed: https://www.facebook.com/PhilstarNews/posts
2025-07-23 23:35:40,323 [INFO] [Page] PhilstarNews: found 3 articles
2025-07-23 23:35:40,408 [INFO] [Page] PhilstarNews: appended 1 posts
2025-07-23 23:35:40,408 [INFO] *** Scraping PAGE feed: https://www.facebook.com/inquirerdotnet/posts
2025-07-23 23:35:49,716 [INFO] [Page] inquirerdotnet: found 3 articles
2025-07-23 23:35:49,780 [INFO] [Page] inquirerdotnet: appended 0 posts
2025-07-23 23:35:49,780 [INFO] *** Scraping PAGE feed: https://www.facebook.com/pagasa.dost.gov.ph/posts
2025-07-23 23:35:59,448 [INFO] [Page] pagasa.dost.gov.ph: found 3 articles
2025-07-23 23:36:01,465 [INFO] [Page] pagasa.dost.gov.ph: appended 1 posts
2025-07-23 23:36:01,465 [INFO] *** Scraping PAGE feed: https://www.facebook.com/davaocitydrmmc/posts
2025-07-23 23:36:10,224 [INFO] [Page] davaocitydrmmc: found 0 articles
2025-07-23 23:36:10,224 [INFO] [Page] davaocitydrmmc: appended 0 posts
2025-07-23 23:36:10,224 [INFO] *** Scraping PAGE feed: https://www.facebook.com/NDRRMC/posts
Traceback (most recent call last):
  File "/Users/prettyfaith/Documents/Github/thesis-disaster-chatbot/socmed_disaster_scraper.py", line 192, in <module>
    driver.get(feed_url)
    ~~~~~~~~~~^^^^^^^^^^
  File "/Library/Frameworks/Python.framework/Versions/3.13/lib/python3.13/site-packages/selenium/webdriver/remote/webdriver.py", line 454, in get
    self.execute(Command.GET, {"url": url})
    ~~~~~~~~~~~~^^^^^^^^^^^^^^^^^^^^^^^^^^^
  File "/Library/Frameworks/Python.framework/Versions/3.13/lib/python3.13/site-packages/selenium/webdriver/remote/webdriver.py", line 429, in execute
    self.error_handler.check_response(response)
    ~~~~~~~~~~~~~~~~~~~~~~~~~~~~~~~~~^^^^^^^^^^
  File "/Library/Frameworks/Python.framework/Versions/3.13/lib/python3.13/site-packages/selenium/webdriver/remote/errorhandler.py", line 232, in check_response
    raise exception_class(message, screen, stacktrace)
selenium.common.exceptions.InvalidSessionIdException: Message: invalid session id: session deleted as the browser has closed the connection
from disconnected: Unable to receive message from renderer
  (Session info: chrome=138.0.7204.168)
Stacktrace:
0   chromedriver                        0x0000000102b3b570 cxxbridge1$str$ptr + 2731064
1   chromedriver                        0x0000000102b33468 cxxbridge1$str$ptr + 2698032
2   chromedriver                        0x00000001026823f8 cxxbridge1$string$len + 90664
3   chromedriver                        0x000000010266d1fc cxxbridge1$string$len + 4140
4   chromedriver                        0x000000010266cf74 cxxbridge1$string$len + 3492
5   chromedriver                        0x000000010266ad2c chromedriver + 191788
6   chromedriver                        0x000000010266b788 chromedriver + 194440
7   chromedriver                        0x000000010268545c cxxbridge1$string$len + 103052
8   chromedriver                        0x000000010270b590 cxxbridge1$string$len + 652224
9   chromedriver                        0x000000010270ab1c cxxbridge1$string$len + 649548
10  chromedriver                        0x00000001026bda0c cxxbridge1$string$len + 333884
11  chromedriver                        0x0000000102afe5f4 cxxbridge1$str$ptr + 2481340
12  chromedriver                        0x0000000102b0185c cxxbridge1$str$ptr + 2494244
13  chromedriver                        0x0000000102adf248 cxxbridge1$str$ptr + 2353424
14  chromedriver                        0x0000000102b02118 cxxbridge1$str$ptr + 2496480
15  chromedriver                        0x0000000102ad02f8 cxxbridge1$str$ptr + 2292160
16  chromedriver                        0x0000000102b2200c cxxbridge1$str$ptr + 2627284
17  chromedriver                        0x0000000102b22198 cxxbridge1$str$ptr + 2627680
18  chromedriver                        0x0000000102b330a4 cxxbridge1$str$ptr + 2697068
19  libsystem_pthread.dylib             0x000000018706ec0c _pthread_start + 136
20  libsystem_pthread.dylib             0x0000000187069b80 thread_start + 8

2025-07-23 23:45:08,436 [INFO] *** Scraping PAGE feed: https://www.facebook.com/abscbnNEWS/posts
2025-07-23 23:45:24,680 [INFO] [Page] abscbnNEWS: found 3 articles
2025-07-23 23:45:24,788 [INFO] [Page] abscbnNEWS: appended 0 posts
2025-07-23 23:45:24,789 [INFO] *** Scraping PAGE feed: https://www.facebook.com/rapplerdotcom/posts
2025-07-23 23:45:34,068 [INFO] [Page] rapplerdotcom: found 3 articles
2025-07-23 23:45:34,151 [INFO] [Page] rapplerdotcom: appended 0 posts
2025-07-23 23:45:34,152 [INFO] *** Scraping PAGE feed: https://www.facebook.com/gmanews/posts
2025-07-23 23:45:43,701 [INFO] [Page] gmanews: found 4 articles
2025-07-23 23:45:43,842 [INFO] [Page] gmanews: appended 0 posts
2025-07-23 23:45:43,842 [INFO] *** Scraping PAGE feed: https://www.facebook.com/manilabulletin/posts
2025-07-23 23:45:53,706 [INFO] [Page] manilabulletin: found 4 articles
2025-07-23 23:45:53,824 [INFO] [Page] manilabulletin: appended 0 posts
2025-07-23 23:45:53,824 [INFO] *** Scraping PAGE feed: https://www.facebook.com/sunstarphilippines/posts
2025-07-23 23:46:03,525 [INFO] [Page] sunstarphilippines: found 4 articles
2025-07-23 23:46:03,712 [INFO] [Page] sunstarphilippines: appended 0 posts
2025-07-23 23:46:03,712 [INFO] *** Scraping PAGE feed: https://www.facebook.com/PhilstarNews/posts
2025-07-24 00:01:10,830 [INFO] [Page] PhilstarNews: found 3 articles
2025-07-24 00:01:10,978 [INFO] [Page] PhilstarNews: appended 1 posts
2025-07-24 00:01:10,978 [INFO] *** Scraping PAGE feed: https://www.facebook.com/inquirerdotnet/posts
2025-07-24 00:01:20,379 [INFO] [Page] inquirerdotnet: found 4 articles
2025-07-24 00:01:20,536 [INFO] [Page] inquirerdotnet: appended 0 posts
2025-07-24 00:01:20,537 [INFO] *** Scraping PAGE feed: https://www.facebook.com/pagasa.dost.gov.ph/posts
2025-07-24 00:01:29,938 [INFO] [Page] pagasa.dost.gov.ph: found 4 articles
2025-07-24 00:01:32,238 [INFO] [Page] pagasa.dost.gov.ph: appended 1 posts
2025-07-24 00:01:32,239 [INFO] *** Scraping PAGE feed: https://www.facebook.com/davaocitydrmmc/posts
2025-07-24 00:01:42,152 [INFO] [Page] davaocitydrmmc: found 0 articles
2025-07-24 00:01:42,153 [INFO] [Page] davaocitydrmmc: appended 0 posts
2025-07-24 00:01:42,153 [INFO] *** Scraping PAGE feed: https://www.facebook.com/NDRRMC/posts
2025-07-24 00:01:51,471 [INFO] [Page] NDRRMC: found 4 articles
2025-07-24 00:01:52,918 [INFO] [Page] NDRRMC: appended 1 posts
2025-07-24 00:01:52,918 [INFO] *** Scraping PAGE feed: https://www.facebook.com/UNTVNewsRescue/posts
2025-07-24 00:02:02,796 [INFO] [Page] UNTVNewsRescue: found 4 articles
2025-07-24 00:02:02,952 [INFO] [Page] UNTVNewsRescue: appended 0 posts
2025-07-24 00:02:02,953 [INFO] *** Scraping PAGE feed: https://www.facebook.com/PIAgovernment/posts
2025-07-24 00:02:11,814 [INFO] [Page] PIAgovernment: found 0 articles
2025-07-24 00:02:11,814 [INFO] [Page] PIAgovernment: appended 0 posts
2025-07-24 00:02:11,814 [INFO] *** Scraping PAGE feed: https://www.facebook.com/DavaoDRRMO/posts
2025-07-24 00:02:21,493 [INFO] [Page] DavaoDRRMO: found 3 articles
2025-07-24 00:02:23,514 [INFO] [Page] DavaoDRRMO: appended 1 posts
2025-07-24 00:02:23,514 [INFO] *** Scraping PAGE feed: https://www.facebook.com/sunstardavaonews/posts
2025-07-24 00:02:33,478 [INFO] [Page] sunstardavaonews: found 4 articles
2025-07-24 00:02:33,833 [INFO] [Page] sunstardavaonews: appended 0 posts
2025-07-24 00:02:33,833 [INFO] *** Scraping PAGE feed: https://www.facebook.com/profile.php?id=61568208630146/posts
2025-07-24 00:02:43,154 [INFO] [Page] profile.php?id=61568208630146: found 0 articles
2025-07-24 00:02:43,155 [INFO] [Page] profile.php?id=61568208630146: appended 0 posts
2025-07-24 00:02:43,155 [INFO] *** Scraping PAGE feed: https://www.facebook.com/PHIVOLCS/posts
2025-07-24 00:02:53,998 [INFO] [Page] PHIVOLCS: found 3 articles
2025-07-24 00:02:55,469 [INFO] [Page] PHIVOLCS: appended 1 posts
2025-07-24 00:02:55,469 [INFO]  - Searching hashtag: #FloodAlert
2025-07-24 00:03:05,874 [INFO] [Hashtag] #FloodAlert: found 3 articles
2025-07-24 00:03:06,229 [INFO] [Hashtag] #FloodAlert: appended 0 posts
2025-07-24 00:03:06,229 [INFO]  - Searching hashtag: #BahaPH
2025-07-24 00:03:17,086 [INFO] [Hashtag] #BahaPH: found 3 articles
2025-07-24 00:03:18,734 [INFO] [Hashtag] #BahaPH: appended 0 posts
2025-07-24 00:03:18,735 [INFO]  - Searching hashtag: #StreetFloodAlert
2025-07-24 00:03:29,900 [INFO] [Hashtag] #StreetFloodAlert: found 3 articles
2025-07-24 00:03:31,711 [INFO] [Hashtag] #StreetFloodAlert: appended 0 posts
2025-07-24 00:03:31,711 [INFO]  - Searching hashtag: #LandslideAlert
2025-07-24 00:03:42,418 [INFO] [Hashtag] #LandslideAlert: found 3 articles
2025-07-24 00:03:44,071 [INFO] [Hashtag] #LandslideAlert: appended 0 posts
2025-07-24 00:03:44,071 [INFO]  - Searching hashtag: #LandslidePH
2025-07-24 00:03:55,252 [INFO] [Hashtag] #LandslidePH: found 3 articles
2025-07-24 00:03:56,841 [INFO] [Hashtag] #LandslidePH: appended 0 posts
2025-07-24 00:03:56,842 [INFO]  - Searching hashtag: #FireAlert
2025-07-24 00:04:08,212 [INFO] [Hashtag] #FireAlert: found 4 articles
2025-07-24 00:04:11,600 [INFO] [Hashtag] #FireAlert: appended 1 posts
2025-07-24 00:04:11,608 [INFO]  - Searching hashtag: #EarthquakeAlert
2025-07-24 00:04:22,220 [INFO] [Hashtag] #EarthquakeAlert: found 3 articles
2025-07-24 00:04:23,873 [INFO] [Hashtag] #EarthquakeAlert: appended 1 posts
2025-07-24 00:04:23,873 [INFO]  - Searching hashtag: #EarthquakePH
2025-07-24 00:04:33,837 [INFO] [Hashtag] #EarthquakePH: found 3 articles
2025-07-24 00:04:35,566 [INFO] [Hashtag] #EarthquakePH: appended 0 posts
2025-07-24 00:04:36,123 [INFO] ✅ Done! rows saved: 182
2025-07-24 01:03:55,887 [INFO] *** Scraping PAGE feed: https://www.facebook.com/abscbnNEWS/posts
2025-07-24 01:04:05,999 [INFO] [Page] abscbnNEWS: found 4 articles
2025-07-24 01:04:06,210 [INFO] [Page] abscbnNEWS: appended 1 posts
2025-07-24 01:04:06,210 [INFO] *** Scraping PAGE feed: https://www.facebook.com/rapplerdotcom/posts
2025-07-24 01:04:16,546 [INFO] [Page] rapplerdotcom: found 4 articles
2025-07-24 01:04:16,678 [INFO] [Page] rapplerdotcom: appended 0 posts
2025-07-24 01:04:16,678 [INFO] *** Scraping PAGE feed: https://www.facebook.com/gmanews/posts
2025-07-24 01:04:26,749 [INFO] [Page] gmanews: found 4 articles
2025-07-24 01:04:29,371 [INFO] [Page] gmanews: appended 1 posts
2025-07-24 01:04:29,372 [INFO] *** Scraping PAGE feed: https://www.facebook.com/manilabulletin/posts
2025-07-24 01:20:04,104 [INFO] [Page] manilabulletin: found 3 articles
2025-07-24 01:20:04,246 [INFO] [Page] manilabulletin: appended 1 posts
2025-07-24 01:20:04,246 [INFO] *** Scraping PAGE feed: https://www.facebook.com/sunstarphilippines/posts
2025-07-24 01:20:14,474 [INFO] [Page] sunstarphilippines: found 4 articles
2025-07-24 01:20:14,593 [INFO] [Page] sunstarphilippines: appended 0 posts
2025-07-24 01:20:14,593 [INFO] *** Scraping PAGE feed: https://www.facebook.com/PhilstarNews/posts
2025-07-24 01:20:24,236 [INFO] [Page] PhilstarNews: found 3 articles
2025-07-24 01:20:24,339 [INFO] [Page] PhilstarNews: appended 1 posts
2025-07-24 01:20:24,340 [INFO] *** Scraping PAGE feed: https://www.facebook.com/inquirerdotnet/posts
2025-07-24 01:20:34,508 [INFO] [Page] inquirerdotnet: found 3 articles
2025-07-24 01:20:34,595 [INFO] [Page] inquirerdotnet: appended 0 posts
2025-07-24 01:20:34,596 [INFO] *** Scraping PAGE feed: https://www.facebook.com/pagasa.dost.gov.ph/posts
2025-07-24 01:36:10,431 [INFO] [Page] pagasa.dost.gov.ph: found 4 articles
2025-07-24 01:36:12,084 [INFO] [Page] pagasa.dost.gov.ph: appended 1 posts
2025-07-24 01:36:12,085 [INFO] *** Scraping PAGE feed: https://www.facebook.com/davaocitydrmmc/posts
2025-07-24 01:36:20,828 [INFO] [Page] davaocitydrmmc: found 0 articles
2025-07-24 01:36:20,829 [INFO] [Page] davaocitydrmmc: appended 0 posts
2025-07-24 01:36:20,829 [INFO] *** Scraping PAGE feed: https://www.facebook.com/NDRRMC/posts
2025-07-24 01:36:40,346 [INFO] [Page] NDRRMC: found 3 articles
2025-07-24 01:36:41,938 [INFO] [Page] NDRRMC: appended 1 posts
2025-07-24 01:36:41,938 [INFO] *** Scraping PAGE feed: https://www.facebook.com/UNTVNewsRescue/posts
2025-07-24 01:36:51,503 [INFO] [Page] UNTVNewsRescue: found 4 articles
2025-07-24 01:36:51,727 [INFO] [Page] UNTVNewsRescue: appended 0 posts
2025-07-24 01:36:51,727 [INFO] *** Scraping PAGE feed: https://www.facebook.com/PIAgovernment/posts
2025-07-24 01:45:35,690 [INFO] [Page] PIAgovernment: found 0 articles
2025-07-24 01:45:35,692 [INFO] [Page] PIAgovernment: appended 0 posts
2025-07-24 01:45:35,692 [INFO] *** Scraping PAGE feed: https://www.facebook.com/DavaoDRRMO/posts
2025-07-24 01:45:38,825 [INFO] *** Scraping PAGE feed: https://www.facebook.com/abscbnNEWS/posts
2025-07-24 01:45:45,749 [INFO] [Page] DavaoDRRMO: found 3 articles
2025-07-24 01:45:47,610 [INFO] [Page] DavaoDRRMO: appended 1 posts
2025-07-24 01:45:47,610 [INFO] *** Scraping PAGE feed: https://www.facebook.com/sunstardavaonews/posts
2025-07-24 01:45:48,940 [INFO] [Page] abscbnNEWS: found 4 articles
2025-07-24 01:45:49,133 [INFO] [Page] abscbnNEWS: appended 0 posts
2025-07-24 01:45:49,134 [INFO] *** Scraping PAGE feed: https://www.facebook.com/rapplerdotcom/posts
2025-07-24 01:45:57,640 [INFO] [Page] sunstardavaonews: found 4 articles
2025-07-24 01:45:58,034 [INFO] [Page] sunstardavaonews: appended 0 posts
2025-07-24 01:45:58,034 [INFO] *** Scraping PAGE feed: https://www.facebook.com/profile.php?id=61568208630146/posts
2025-07-24 01:46:00,803 [INFO] [Page] rapplerdotcom: found 4 articles
2025-07-24 01:46:01,044 [INFO] [Page] rapplerdotcom: appended 1 posts
2025-07-24 01:46:01,044 [INFO] *** Scraping PAGE feed: https://www.facebook.com/gmanews/posts
2025-07-24 01:46:08,837 [INFO] [Page] profile.php?id=61568208630146: found 0 articles
2025-07-24 01:46:08,837 [INFO] [Page] profile.php?id=61568208630146: appended 0 posts
2025-07-24 01:46:08,838 [INFO] *** Scraping PAGE feed: https://www.facebook.com/PHIVOLCS/posts
2025-07-24 01:46:10,543 [INFO] [Page] gmanews: found 4 articles
2025-07-24 01:46:10,728 [INFO] [Page] gmanews: appended 2 posts
2025-07-24 01:46:10,728 [INFO] *** Scraping PAGE feed: https://www.facebook.com/manilabulletin/posts
Traceback (most recent call last):
  File "/Users/prettyfaith/Documents/Github/thesis-disaster-chatbot/socmed_disaster_scraper.py", line 194, in <module>
    scroll_page()
    ~~~~~~~~~~~^^
  File "/Users/prettyfaith/Documents/Github/thesis-disaster-chatbot/socmed_disaster_scraper.py", line 85, in scroll_page
    last = driver.execute_script("return document.body.scrollHeight")
  File "/Library/Frameworks/Python.framework/Versions/3.13/lib/python3.13/site-packages/selenium/webdriver/remote/webdriver.py", line 528, in execute_script
    return self.execute(command, {"script": script, "args": converted_args})["value"]
           ~~~~~~~~~~~~^^^^^^^^^^^^^^^^^^^^^^^^^^^^^^^^^^^^^^^^^^^^^^^^^^^^^
  File "/Library/Frameworks/Python.framework/Versions/3.13/lib/python3.13/site-packages/selenium/webdriver/remote/webdriver.py", line 429, in execute
    self.error_handler.check_response(response)
    ~~~~~~~~~~~~~~~~~~~~~~~~~~~~~~~~~^^^^^^^^^^
  File "/Library/Frameworks/Python.framework/Versions/3.13/lib/python3.13/site-packages/selenium/webdriver/remote/errorhandler.py", line 232, in check_response
    raise exception_class(message, screen, stacktrace)
selenium.common.exceptions.JavascriptException: Message: javascript error: Cannot read properties of null (reading 'scrollHeight')
  (Session info: chrome=138.0.7204.168)
Stacktrace:
0   chromedriver                        0x0000000104f13570 cxxbridge1$str$ptr + 2731064
1   chromedriver                        0x0000000104f0b468 cxxbridge1$str$ptr + 2698032
2   chromedriver                        0x0000000104a5a3f8 cxxbridge1$string$len + 90664
3   chromedriver                        0x0000000104a600b0 cxxbridge1$string$len + 114400
4   chromedriver                        0x0000000104a6267c cxxbridge1$string$len + 124076
5   chromedriver                        0x0000000104ae381c cxxbridge1$string$len + 652876
6   chromedriver                        0x0000000104ae2b1c cxxbridge1$string$len + 649548
7   chromedriver                        0x0000000104a95a0c cxxbridge1$string$len + 333884
8   chromedriver                        0x0000000104ed65f4 cxxbridge1$str$ptr + 2481340
9   chromedriver                        0x0000000104ed985c cxxbridge1$str$ptr + 2494244
10  chromedriver                        0x0000000104eb7248 cxxbridge1$str$ptr + 2353424
11  chromedriver                        0x0000000104eda118 cxxbridge1$str$ptr + 2496480
12  chromedriver                        0x0000000104ea82f8 cxxbridge1$str$ptr + 2292160
13  chromedriver                        0x0000000104efa00c cxxbridge1$str$ptr + 2627284
14  chromedriver                        0x0000000104efa198 cxxbridge1$str$ptr + 2627680
15  chromedriver                        0x0000000104f0b0a4 cxxbridge1$str$ptr + 2697068
16  libsystem_pthread.dylib             0x000000018706ec0c _pthread_start + 136
17  libsystem_pthread.dylib             0x0000000187069b80 thread_start + 8

2025-07-24 01:59:07,851 [INFO] [Page] PHIVOLCS: found 3 articles
2025-07-24 01:59:09,524 [INFO] [Page] PHIVOLCS: appended 1 posts
2025-07-24 01:59:09,524 [INFO]  - Searching hashtag: #FloodAlert
2025-07-24 01:59:20,904 [INFO] [Hashtag] #FloodAlert: found 3 articles
2025-07-24 01:59:21,130 [INFO] [Hashtag] #FloodAlert: appended 0 posts
2025-07-24 01:59:21,130 [INFO]  - Searching hashtag: #BahaPH
2025-07-24 01:59:31,361 [INFO] [Hashtag] #BahaPH: found 3 articles
2025-07-24 01:59:32,970 [INFO] [Hashtag] #BahaPH: appended 0 posts
2025-07-24 01:59:32,970 [INFO]  - Searching hashtag: #StreetFloodAlert
2025-07-24 01:59:45,726 [INFO] [Hashtag] #StreetFloodAlert: found 3 articles
2025-07-24 01:59:47,601 [INFO] [Hashtag] #StreetFloodAlert: appended 0 posts
2025-07-24 01:59:47,601 [INFO]  - Searching hashtag: #LandslideAlert
2025-07-24 02:15:55,921 [INFO] [Hashtag] #LandslideAlert: found 2 articles
2025-07-24 02:15:55,955 [INFO] [Hashtag] #LandslideAlert: appended 0 posts
2025-07-24 02:15:55,956 [INFO]  - Searching hashtag: #LandslidePH
2025-07-24 02:31:32,415 [INFO] [Hashtag] #LandslidePH: found 3 articles
2025-07-24 02:31:34,144 [INFO] [Hashtag] #LandslidePH: appended 0 posts
2025-07-24 02:31:34,144 [INFO]  - Searching hashtag: #FireAlert
2025-07-24 02:32:08,328 [INFO] [Hashtag] #FireAlert: found 4 articles
2025-07-24 02:32:11,700 [INFO] [Hashtag] #FireAlert: appended 1 posts
2025-07-24 02:32:11,700 [INFO]  - Searching hashtag: #EarthquakeAlert
2025-07-24 02:47:49,006 [INFO] [Hashtag] #EarthquakeAlert: found 3 articles
2025-07-24 02:47:50,613 [INFO] [Hashtag] #EarthquakeAlert: appended 1 posts
2025-07-24 02:47:50,613 [INFO]  - Searching hashtag: #EarthquakePH
2025-07-24 02:48:15,636 [INFO] [Hashtag] #EarthquakePH: found 0 articles
2025-07-24 02:48:15,638 [INFO] [Hashtag] #EarthquakePH: appended 0 posts
2025-07-24 02:48:16,123 [INFO] ✅ Done! rows saved: 188
2025-07-24 05:30:04,699 [INFO] *** Scraping PAGE feed: https://www.facebook.com/abscbnNEWS/posts
2025-07-24 05:36:29,511 [INFO] [Page] abscbnNEWS: found 3 articles
2025-07-24 05:36:31,748 [INFO] [Page] abscbnNEWS: appended 1 posts
2025-07-24 05:36:31,749 [INFO] *** Scraping PAGE feed: https://www.facebook.com/rapplerdotcom/posts
2025-07-24 05:36:41,896 [INFO] [Page] rapplerdotcom: found 4 articles
2025-07-24 05:36:42,060 [INFO] [Page] rapplerdotcom: appended 1 posts
2025-07-24 05:36:42,060 [INFO] *** Scraping PAGE feed: https://www.facebook.com/gmanews/posts
2025-07-24 05:36:51,797 [INFO] [Page] gmanews: found 3 articles
2025-07-24 05:36:51,874 [INFO] [Page] gmanews: appended 0 posts
2025-07-24 05:36:51,874 [INFO] *** Scraping PAGE feed: https://www.facebook.com/manilabulletin/posts
2025-07-24 05:37:01,780 [INFO] [Page] manilabulletin: found 3 articles
2025-07-24 05:37:01,901 [INFO] [Page] manilabulletin: appended 1 posts
2025-07-24 05:37:01,902 [INFO] *** Scraping PAGE feed: https://www.facebook.com/sunstarphilippines/posts
2025-07-24 05:52:34,627 [INFO] [Page] sunstarphilippines: found 4 articles
2025-07-24 05:52:34,769 [INFO] [Page] sunstarphilippines: appended 0 posts
2025-07-24 05:52:34,769 [INFO] *** Scraping PAGE feed: https://www.facebook.com/PhilstarNews/posts
2025-07-24 05:52:44,430 [INFO] [Page] PhilstarNews: found 4 articles
2025-07-24 05:52:44,555 [INFO] [Page] PhilstarNews: appended 0 posts
2025-07-24 05:52:44,555 [INFO] *** Scraping PAGE feed: https://www.facebook.com/inquirerdotnet/posts
2025-07-24 05:52:53,737 [INFO] [Page] inquirerdotnet: found 3 articles
2025-07-24 05:52:53,820 [INFO] [Page] inquirerdotnet: appended 0 posts
2025-07-24 05:52:53,820 [INFO] *** Scraping PAGE feed: https://www.facebook.com/pagasa.dost.gov.ph/posts
2025-07-24 05:53:03,646 [INFO] [Page] pagasa.dost.gov.ph: found 3 articles
2025-07-24 05:53:03,743 [INFO] [Page] pagasa.dost.gov.ph: appended 0 posts
2025-07-24 05:53:03,743 [INFO] *** Scraping PAGE feed: https://www.facebook.com/davaocitydrmmc/posts
2025-07-24 05:53:13,737 [INFO] [Page] davaocitydrmmc: found 0 articles
2025-07-24 05:53:13,738 [INFO] [Page] davaocitydrmmc: appended 0 posts
2025-07-24 05:53:13,738 [INFO] *** Scraping PAGE feed: https://www.facebook.com/NDRRMC/posts
2025-07-24 06:08:41,455 [INFO] [Page] NDRRMC: found 2 articles
2025-07-24 06:08:41,486 [INFO] [Page] NDRRMC: appended 0 posts
2025-07-24 06:08:41,487 [INFO] *** Scraping PAGE feed: https://www.facebook.com/UNTVNewsRescue/posts
2025-07-24 06:08:51,665 [INFO] [Page] UNTVNewsRescue: found 4 articles
2025-07-24 06:08:51,920 [INFO] [Page] UNTVNewsRescue: appended 0 posts
2025-07-24 06:08:51,920 [INFO] *** Scraping PAGE feed: https://www.facebook.com/PIAgovernment/posts
2025-07-24 06:09:00,874 [INFO] [Page] PIAgovernment: found 0 articles
2025-07-24 06:09:00,875 [INFO] [Page] PIAgovernment: appended 0 posts
2025-07-24 06:09:00,875 [INFO] *** Scraping PAGE feed: https://www.facebook.com/DavaoDRRMO/posts
2025-07-24 06:09:10,403 [INFO] [Page] DavaoDRRMO: found 3 articles
2025-07-24 06:09:11,868 [INFO] [Page] DavaoDRRMO: appended 0 posts
2025-07-24 06:09:11,868 [INFO] *** Scraping PAGE feed: https://www.facebook.com/sunstardavaonews/posts
2025-07-24 06:24:40,011 [INFO] [Page] sunstardavaonews: found 3 articles
2025-07-24 06:24:41,405 [INFO] [Page] sunstardavaonews: appended 0 posts
2025-07-24 06:24:41,406 [INFO] *** Scraping PAGE feed: https://www.facebook.com/profile.php?id=61568208630146/posts
2025-07-24 06:25:06,660 [INFO] [Page] profile.php?id=61568208630146: found 0 articles
2025-07-24 06:25:06,660 [INFO] [Page] profile.php?id=61568208630146: appended 0 posts
2025-07-24 06:25:06,661 [INFO] *** Scraping PAGE feed: https://www.facebook.com/PHIVOLCS/posts
2025-07-24 06:25:26,144 [INFO] [Page] PHIVOLCS: found 3 articles
2025-07-24 06:25:27,857 [INFO] [Page] PHIVOLCS: appended 1 posts
2025-07-24 06:25:27,858 [INFO]  - Searching hashtag: #FloodAlert
2025-07-24 06:25:38,717 [INFO] [Hashtag] #FloodAlert: found 3 articles
2025-07-24 06:25:38,944 [INFO] [Hashtag] #FloodAlert: appended 0 posts
2025-07-24 06:25:38,944 [INFO]  - Searching hashtag: #BahaPH
2025-07-24 06:25:49,884 [INFO] [Hashtag] #BahaPH: found 3 articles
2025-07-24 06:25:51,405 [INFO] [Hashtag] #BahaPH: appended 0 posts
2025-07-24 06:25:51,405 [INFO]  - Searching hashtag: #StreetFloodAlert
2025-07-24 06:26:02,702 [INFO] [Hashtag] #StreetFloodAlert: found 3 articles
2025-07-24 06:26:04,372 [INFO] [Hashtag] #StreetFloodAlert: appended 0 posts
2025-07-24 06:26:04,372 [INFO]  - Searching hashtag: #LandslideAlert
2025-07-24 06:26:14,522 [INFO] [Hashtag] #LandslideAlert: found 3 articles
2025-07-24 06:26:16,476 [INFO] [Hashtag] #LandslideAlert: appended 0 posts
2025-07-24 06:26:16,476 [INFO]  - Searching hashtag: #LandslidePH
Traceback (most recent call last):
  File "/Users/prettyfaith/Documents/Github/thesis-disaster-chatbot/socmed_disaster_scraper.py", line 201, in <module>
    driver.get(tag_url)
    ~~~~~~~~~~^^^^^^^^^
  File "/Library/Frameworks/Python.framework/Versions/3.13/lib/python3.13/site-packages/selenium/webdriver/remote/webdriver.py", line 454, in get
    self.execute(Command.GET, {"url": url})
    ~~~~~~~~~~~~^^^^^^^^^^^^^^^^^^^^^^^^^^^
  File "/Library/Frameworks/Python.framework/Versions/3.13/lib/python3.13/site-packages/selenium/webdriver/remote/webdriver.py", line 429, in execute
    self.error_handler.check_response(response)
    ~~~~~~~~~~~~~~~~~~~~~~~~~~~~~~~~~^^^^^^^^^^
  File "/Library/Frameworks/Python.framework/Versions/3.13/lib/python3.13/site-packages/selenium/webdriver/remote/errorhandler.py", line 232, in check_response
    raise exception_class(message, screen, stacktrace)
selenium.common.exceptions.InvalidSessionIdException: Message: invalid session id
Stacktrace:
0   chromedriver                        0x0000000100e57570 cxxbridge1$str$ptr + 2731064
1   chromedriver                        0x0000000100e4f468 cxxbridge1$str$ptr + 2698032
2   chromedriver                        0x000000010099e26c cxxbridge1$string$len + 90268
3   chromedriver                        0x00000001009d8ed0 cxxbridge1$string$len + 331008
4   chromedriver                        0x0000000100a014c8 cxxbridge1$string$len + 496376
5   chromedriver                        0x0000000100a007d0 cxxbridge1$string$len + 493056
6   chromedriver                        0x000000010096d3d4 chromedriver + 86996
7   chromedriver                        0x0000000100e1a5f4 cxxbridge1$str$ptr + 2481340
8   chromedriver                        0x0000000100e1d85c cxxbridge1$str$ptr + 2494244
9   chromedriver                        0x0000000100dfb248 cxxbridge1$str$ptr + 2353424
10  chromedriver                        0x0000000100e1e118 cxxbridge1$str$ptr + 2496480
11  chromedriver                        0x0000000100dec2f8 cxxbridge1$str$ptr + 2292160
12  chromedriver                        0x000000010096b664 chromedriver + 79460
13  dyld                                0x0000000186cceb98 start + 6076

2025-07-24 07:05:17,985 [INFO] *** Scraping PAGE feed: https://www.facebook.com/abscbnNEWS/posts
2025-07-24 07:05:31,205 [INFO] [Page] abscbnNEWS: found 3 articles
2025-07-24 07:05:31,345 [INFO] [Page] abscbnNEWS: appended 0 posts
2025-07-24 07:05:31,345 [INFO] *** Scraping PAGE feed: https://www.facebook.com/rapplerdotcom/posts
2025-07-24 07:06:46,283 [INFO] [Page] rapplerdotcom: found 4 articles
2025-07-24 07:06:46,504 [INFO] [Page] rapplerdotcom: appended 1 posts
2025-07-24 07:06:46,504 [INFO] *** Scraping PAGE feed: https://www.facebook.com/gmanews/posts
2025-07-24 07:07:49,481 [INFO] [Page] gmanews: found 4 articles
2025-07-24 07:07:49,713 [INFO] [Page] gmanews: appended 0 posts
2025-07-24 07:07:49,713 [INFO] *** Scraping PAGE feed: https://www.facebook.com/manilabulletin/posts
2025-07-24 07:08:02,989 [INFO] [Page] manilabulletin: found 3 articles
2025-07-24 07:08:03,103 [INFO] [Page] manilabulletin: appended 1 posts
2025-07-24 07:08:03,103 [INFO] *** Scraping PAGE feed: https://www.facebook.com/sunstarphilippines/posts
2025-07-24 07:10:20,630 [INFO] [Page] sunstarphilippines: found 4 articles
2025-07-24 07:10:20,767 [INFO] [Page] sunstarphilippines: appended 0 posts
2025-07-24 07:10:20,767 [INFO] *** Scraping PAGE feed: https://www.facebook.com/PhilstarNews/posts
2025-07-24 07:12:33,406 [INFO] [Page] PhilstarNews: found 4 articles
2025-07-24 07:12:34,796 [INFO] [Page] PhilstarNews: appended 2 posts
2025-07-24 07:12:34,796 [INFO] *** Scraping PAGE feed: https://www.facebook.com/inquirerdotnet/posts
Traceback (most recent call last):
  File "/Users/prettyfaith/Documents/Github/thesis-disaster-chatbot/socmed_disaster_scraper.py", line 194, in <module>
    scroll_page()
    ~~~~~~~~~~~^^
  File "/Users/prettyfaith/Documents/Github/thesis-disaster-chatbot/socmed_disaster_scraper.py", line 89, in scroll_page
    nxt = driver.execute_script("return document.body.scrollHeight")
  File "/Library/Frameworks/Python.framework/Versions/3.13/lib/python3.13/site-packages/selenium/webdriver/remote/webdriver.py", line 528, in execute_script
    return self.execute(command, {"script": script, "args": converted_args})["value"]
           ~~~~~~~~~~~~^^^^^^^^^^^^^^^^^^^^^^^^^^^^^^^^^^^^^^^^^^^^^^^^^^^^^
  File "/Library/Frameworks/Python.framework/Versions/3.13/lib/python3.13/site-packages/selenium/webdriver/remote/webdriver.py", line 429, in execute
    self.error_handler.check_response(response)
    ~~~~~~~~~~~~~~~~~~~~~~~~~~~~~~~~~^^^^^^^^^^
  File "/Library/Frameworks/Python.framework/Versions/3.13/lib/python3.13/site-packages/selenium/webdriver/remote/errorhandler.py", line 232, in check_response
    raise exception_class(message, screen, stacktrace)
selenium.common.exceptions.InvalidSessionIdException: Message: invalid session id: session deleted as the browser has closed the connection
from disconnected: not connected to DevTools
  (Session info: chrome=138.0.7204.168)
Stacktrace:
0   chromedriver                        0x0000000101133570 cxxbridge1$str$ptr + 2731064
1   chromedriver                        0x000000010112b468 cxxbridge1$str$ptr + 2698032
2   chromedriver                        0x0000000100c7a3f8 cxxbridge1$string$len + 90664
3   chromedriver                        0x0000000100c63dc8 chromedriver + 196040
4   chromedriver                        0x0000000100c86f14 cxxbridge1$string$len + 142660
5   chromedriver                        0x0000000100ce99bc cxxbridge1$string$len + 546796
6   chromedriver                        0x0000000100d02638 cxxbridge1$string$len + 648296
7   chromedriver                        0x0000000100cb5a0c cxxbridge1$string$len + 333884
8   chromedriver                        0x00000001010f65f4 cxxbridge1$str$ptr + 2481340
9   chromedriver                        0x00000001010f985c cxxbridge1$str$ptr + 2494244
10  chromedriver                        0x00000001010d7248 cxxbridge1$str$ptr + 2353424
11  chromedriver                        0x00000001010fa118 cxxbridge1$str$ptr + 2496480
12  chromedriver                        0x00000001010c82f8 cxxbridge1$str$ptr + 2292160
13  chromedriver                        0x000000010111a00c cxxbridge1$str$ptr + 2627284
14  chromedriver                        0x000000010111a198 cxxbridge1$str$ptr + 2627680
15  chromedriver                        0x000000010112b0a4 cxxbridge1$str$ptr + 2697068
16  libsystem_pthread.dylib             0x000000018706ec0c _pthread_start + 136
17  libsystem_pthread.dylib             0x0000000187069b80 thread_start + 8

2025-07-24 07:28:24,529 [INFO] *** Scraping PAGE feed: https://www.facebook.com/abscbnNEWS/posts
Traceback (most recent call last):
  File "/Users/prettyfaith/Documents/Github/thesis-disaster-chatbot/socmed_disaster_scraper.py", line 192, in <module>
    driver.get(feed_url)
    ~~~~~~~~~~^^^^^^^^^^
  File "/Library/Frameworks/Python.framework/Versions/3.13/lib/python3.13/site-packages/selenium/webdriver/remote/webdriver.py", line 454, in get
    self.execute(Command.GET, {"url": url})
    ~~~~~~~~~~~~^^^^^^^^^^^^^^^^^^^^^^^^^^^
  File "/Library/Frameworks/Python.framework/Versions/3.13/lib/python3.13/site-packages/selenium/webdriver/remote/webdriver.py", line 429, in execute
    self.error_handler.check_response(response)
    ~~~~~~~~~~~~~~~~~~~~~~~~~~~~~~~~~^^^^^^^^^^
  File "/Library/Frameworks/Python.framework/Versions/3.13/lib/python3.13/site-packages/selenium/webdriver/remote/errorhandler.py", line 232, in check_response
    raise exception_class(message, screen, stacktrace)
selenium.common.exceptions.WebDriverException: Message: unknown error: net::ERR_INTERNET_DISCONNECTED
  (Session info: chrome=138.0.7204.168)
Stacktrace:
0   chromedriver                        0x0000000104503570 cxxbridge1$str$ptr + 2731064
1   chromedriver                        0x00000001044fb468 cxxbridge1$str$ptr + 2698032
2   chromedriver                        0x000000010404a3f8 cxxbridge1$string$len + 90664
3   chromedriver                        0x0000000104042828 cxxbridge1$string$len + 58968
4   chromedriver                        0x0000000104035480 cxxbridge1$string$len + 4784
5   chromedriver                        0x0000000104036e84 cxxbridge1$string$len + 11444
6   chromedriver                        0x00000001040358d4 cxxbridge1$string$len + 5892
7   chromedriver                        0x0000000104035228 cxxbridge1$string$len + 4184
8   chromedriver                        0x0000000104034f74 cxxbridge1$string$len + 3492
9   chromedriver                        0x0000000104032d2c chromedriver + 191788
10  chromedriver                        0x0000000104033788 chromedriver + 194440
11  chromedriver                        0x000000010404d45c cxxbridge1$string$len + 103052
12  chromedriver                        0x00000001040d3590 cxxbridge1$string$len + 652224
13  chromedriver                        0x00000001040d2b1c cxxbridge1$string$len + 649548
14  chromedriver                        0x0000000104085a0c cxxbridge1$string$len + 333884
15  chromedriver                        0x00000001044c65f4 cxxbridge1$str$ptr + 2481340
16  chromedriver                        0x00000001044c985c cxxbridge1$str$ptr + 2494244
17  chromedriver                        0x00000001044a7248 cxxbridge1$str$ptr + 2353424
18  chromedriver                        0x00000001044ca118 cxxbridge1$str$ptr + 2496480
19  chromedriver                        0x00000001044982f8 cxxbridge1$str$ptr + 2292160
20  chromedriver                        0x00000001044ea00c cxxbridge1$str$ptr + 2627284
21  chromedriver                        0x00000001044ea198 cxxbridge1$str$ptr + 2627680
22  chromedriver                        0x00000001044fb0a4 cxxbridge1$str$ptr + 2697068
23  libsystem_pthread.dylib             0x000000018706ec0c _pthread_start + 136
24  libsystem_pthread.dylib             0x0000000187069b80 thread_start + 8

2025-07-24 07:48:29,895 [INFO] *** Scraping PAGE feed: https://www.facebook.com/abscbnNEWS/posts
Traceback (most recent call last):
  File "/Library/Frameworks/Python.framework/Versions/3.13/lib/python3.13/site-packages/urllib3/connectionpool.py", line 534, in _make_request
    response = conn.getresponse()
  File "/Library/Frameworks/Python.framework/Versions/3.13/lib/python3.13/site-packages/urllib3/connection.py", line 516, in getresponse
    httplib_response = super().getresponse()
  File "/Library/Frameworks/Python.framework/Versions/3.13/lib/python3.13/http/client.py", line 1428, in getresponse
    response.begin()
    ~~~~~~~~~~~~~~^^
  File "/Library/Frameworks/Python.framework/Versions/3.13/lib/python3.13/http/client.py", line 331, in begin
    version, status, reason = self._read_status()
                              ~~~~~~~~~~~~~~~~~^^
  File "/Library/Frameworks/Python.framework/Versions/3.13/lib/python3.13/http/client.py", line 292, in _read_status
    line = str(self.fp.readline(_MAXLINE + 1), "iso-8859-1")
               ~~~~~~~~~~~~~~~~^^^^^^^^^^^^^^
  File "/Library/Frameworks/Python.framework/Versions/3.13/lib/python3.13/socket.py", line 719, in readinto
    return self._sock.recv_into(b)
           ~~~~~~~~~~~~~~~~~~~~^^^
TimeoutError: timed out

The above exception was the direct cause of the following exception:

Traceback (most recent call last):
  File "/Users/prettyfaith/Documents/Github/thesis-disaster-chatbot/socmed_disaster_scraper.py", line 192, in <module>
    driver.get(feed_url)
    ~~~~~~~~~~^^^^^^^^^^
  File "/Library/Frameworks/Python.framework/Versions/3.13/lib/python3.13/site-packages/selenium/webdriver/remote/webdriver.py", line 454, in get
    self.execute(Command.GET, {"url": url})
    ~~~~~~~~~~~~^^^^^^^^^^^^^^^^^^^^^^^^^^^
  File "/Library/Frameworks/Python.framework/Versions/3.13/lib/python3.13/site-packages/selenium/webdriver/remote/webdriver.py", line 427, in execute
    response = self.command_executor.execute(driver_command, params)
  File "/Library/Frameworks/Python.framework/Versions/3.13/lib/python3.13/site-packages/selenium/webdriver/remote/remote_connection.py", line 404, in execute
    return self._request(command_info[0], url, body=data)
           ~~~~~~~~~~~~~^^^^^^^^^^^^^^^^^^^^^^^^^^^^^^^^^
  File "/Library/Frameworks/Python.framework/Versions/3.13/lib/python3.13/site-packages/selenium/webdriver/remote/remote_connection.py", line 428, in _request
    response = self._conn.request(method, url, body=body, headers=headers, timeout=self._client_config.timeout)
  File "/Library/Frameworks/Python.framework/Versions/3.13/lib/python3.13/site-packages/urllib3/_request_methods.py", line 143, in request
    return self.request_encode_body(
           ~~~~~~~~~~~~~~~~~~~~~~~~^
        method, url, fields=fields, headers=headers, **urlopen_kw
        ^^^^^^^^^^^^^^^^^^^^^^^^^^^^^^^^^^^^^^^^^^^^^^^^^^^^^^^^^
    )
    ^
  File "/Library/Frameworks/Python.framework/Versions/3.13/lib/python3.13/site-packages/urllib3/_request_methods.py", line 278, in request_encode_body
    return self.urlopen(method, url, **extra_kw)
           ~~~~~~~~~~~~^^^^^^^^^^^^^^^^^^^^^^^^^
  File "/Library/Frameworks/Python.framework/Versions/3.13/lib/python3.13/site-packages/urllib3/poolmanager.py", line 443, in urlopen
    response = conn.urlopen(method, u.request_uri, **kw)
  File "/Library/Frameworks/Python.framework/Versions/3.13/lib/python3.13/site-packages/urllib3/connectionpool.py", line 841, in urlopen
    retries = retries.increment(
        method, url, error=new_e, _pool=self, _stacktrace=sys.exc_info()[2]
    )
  File "/Library/Frameworks/Python.framework/Versions/3.13/lib/python3.13/site-packages/urllib3/util/retry.py", line 474, in increment
    raise reraise(type(error), error, _stacktrace)
          ~~~~~~~^^^^^^^^^^^^^^^^^^^^^^^^^^^^^^^^^
  File "/Library/Frameworks/Python.framework/Versions/3.13/lib/python3.13/site-packages/urllib3/util/util.py", line 39, in reraise
    raise value
  File "/Library/Frameworks/Python.framework/Versions/3.13/lib/python3.13/site-packages/urllib3/connectionpool.py", line 787, in urlopen
    response = self._make_request(
        conn,
    ...<10 lines>...
        **response_kw,
    )
  File "/Library/Frameworks/Python.framework/Versions/3.13/lib/python3.13/site-packages/urllib3/connectionpool.py", line 536, in _make_request
    self._raise_timeout(err=e, url=url, timeout_value=read_timeout)
    ~~~~~~~~~~~~~~~~~~~^^^^^^^^^^^^^^^^^^^^^^^^^^^^^^^^^^^^^^^^^^^^
  File "/Library/Frameworks/Python.framework/Versions/3.13/lib/python3.13/site-packages/urllib3/connectionpool.py", line 367, in _raise_timeout
    raise ReadTimeoutError(
        self, url, f"Read timed out. (read timeout={timeout_value})"
    ) from err
urllib3.exceptions.ReadTimeoutError: HTTPConnectionPool(host='localhost', port=57261): Read timed out. (read timeout=120)
2025-07-24 08:52:17,640 [INFO] *** Scraping PAGE feed: https://www.facebook.com/abscbnNEWS/posts
2025-07-24 08:56:00,410 [INFO] [Page] abscbnNEWS: found 3 articles
2025-07-24 08:56:00,548 [INFO] [Page] abscbnNEWS: appended 1 posts
2025-07-24 08:56:00,549 [INFO] *** Scraping PAGE feed: https://www.facebook.com/rapplerdotcom/posts
Traceback (most recent call last):
  File "/Users/prettyfaith/Documents/Github/thesis-disaster-chatbot/socmed_disaster_scraper.py", line 192, in <module>
    driver.get(feed_url)
    ~~~~~~~~~~^^^^^^^^^^
  File "/Library/Frameworks/Python.framework/Versions/3.13/lib/python3.13/site-packages/selenium/webdriver/remote/webdriver.py", line 454, in get
    self.execute(Command.GET, {"url": url})
    ~~~~~~~~~~~~^^^^^^^^^^^^^^^^^^^^^^^^^^^
  File "/Library/Frameworks/Python.framework/Versions/3.13/lib/python3.13/site-packages/selenium/webdriver/remote/webdriver.py", line 429, in execute
    self.error_handler.check_response(response)
    ~~~~~~~~~~~~~~~~~~~~~~~~~~~~~~~~~^^^^^^^^^^
  File "/Library/Frameworks/Python.framework/Versions/3.13/lib/python3.13/site-packages/selenium/webdriver/remote/errorhandler.py", line 232, in check_response
    raise exception_class(message, screen, stacktrace)
selenium.common.exceptions.WebDriverException: Message: unknown error: net::ERR_INTERNET_DISCONNECTED
  (Session info: chrome=138.0.7204.168)
Stacktrace:
0   chromedriver                        0x00000001027eb570 cxxbridge1$str$ptr + 2731064
1   chromedriver                        0x00000001027e3468 cxxbridge1$str$ptr + 2698032
2   chromedriver                        0x00000001023323f8 cxxbridge1$string$len + 90664
3   chromedriver                        0x000000010232a828 cxxbridge1$string$len + 58968
4   chromedriver                        0x000000010231d480 cxxbridge1$string$len + 4784
5   chromedriver                        0x000000010231ee84 cxxbridge1$string$len + 11444
6   chromedriver                        0x000000010231d8d4 cxxbridge1$string$len + 5892
7   chromedriver                        0x000000010231d228 cxxbridge1$string$len + 4184
8   chromedriver                        0x000000010231cf74 cxxbridge1$string$len + 3492
9   chromedriver                        0x000000010231ad2c chromedriver + 191788
10  chromedriver                        0x000000010231b788 chromedriver + 194440
11  chromedriver                        0x000000010233545c cxxbridge1$string$len + 103052
12  chromedriver                        0x00000001023bb590 cxxbridge1$string$len + 652224
13  chromedriver                        0x00000001023bab1c cxxbridge1$string$len + 649548
14  chromedriver                        0x000000010236da0c cxxbridge1$string$len + 333884
15  chromedriver                        0x00000001027ae5f4 cxxbridge1$str$ptr + 2481340
16  chromedriver                        0x00000001027b185c cxxbridge1$str$ptr + 2494244
17  chromedriver                        0x000000010278f248 cxxbridge1$str$ptr + 2353424
18  chromedriver                        0x00000001027b2118 cxxbridge1$str$ptr + 2496480
19  chromedriver                        0x00000001027802f8 cxxbridge1$str$ptr + 2292160
20  chromedriver                        0x00000001027d200c cxxbridge1$str$ptr + 2627284
21  chromedriver                        0x00000001027d2198 cxxbridge1$str$ptr + 2627680
22  chromedriver                        0x00000001027e30a4 cxxbridge1$str$ptr + 2697068
23  libsystem_pthread.dylib             0x000000018706ec0c _pthread_start + 136
24  libsystem_pthread.dylib             0x0000000187069b80 thread_start + 8

2025-07-24 09:23:41,413 [WARNING] There was an error managing chromedriver (error decoding response body); using driver found in the cache
2025-07-24 09:23:42,599 [INFO] *** Scraping PAGE feed: https://www.facebook.com/abscbnNEWS/posts
2025-07-24 09:23:52,801 [INFO] [Page] abscbnNEWS: found 3 articles
2025-07-24 09:23:52,938 [INFO] [Page] abscbnNEWS: appended 1 posts
2025-07-24 09:23:52,939 [INFO] *** Scraping PAGE feed: https://www.facebook.com/rapplerdotcom/posts
2025-07-24 09:24:02,487 [INFO] [Page] rapplerdotcom: found 3 articles
2025-07-24 09:24:02,550 [INFO] [Page] rapplerdotcom: appended 0 posts
2025-07-24 09:24:02,550 [INFO] *** Scraping PAGE feed: https://www.facebook.com/gmanews/posts
2025-07-24 09:24:12,141 [INFO] [Page] gmanews: found 3 articles
2025-07-24 09:24:12,228 [INFO] [Page] gmanews: appended 1 posts
2025-07-24 09:24:12,228 [INFO] *** Scraping PAGE feed: https://www.facebook.com/manilabulletin/posts
2025-07-24 09:24:22,360 [INFO] [Page] manilabulletin: found 3 articles
2025-07-24 09:24:22,448 [INFO] [Page] manilabulletin: appended 1 posts
2025-07-24 09:24:22,448 [INFO] *** Scraping PAGE feed: https://www.facebook.com/sunstarphilippines/posts
2025-07-24 09:24:32,715 [INFO] [Page] sunstarphilippines: found 4 articles
2025-07-24 09:24:32,885 [INFO] [Page] sunstarphilippines: appended 0 posts
2025-07-24 09:24:32,886 [INFO] *** Scraping PAGE feed: https://www.facebook.com/PhilstarNews/posts
2025-07-24 09:24:42,755 [INFO] [Page] PhilstarNews: found 3 articles
2025-07-24 09:24:42,824 [INFO] [Page] PhilstarNews: appended 0 posts
2025-07-24 09:24:42,825 [INFO] *** Scraping PAGE feed: https://www.facebook.com/inquirerdotnet/posts
2025-07-24 09:24:52,666 [INFO] [Page] inquirerdotnet: found 3 articles
2025-07-24 09:24:52,731 [INFO] [Page] inquirerdotnet: appended 0 posts
2025-07-24 09:24:52,732 [INFO] *** Scraping PAGE feed: https://www.facebook.com/pagasa.dost.gov.ph/posts
2025-07-24 09:25:02,520 [INFO] [Page] pagasa.dost.gov.ph: found 3 articles
2025-07-24 09:25:02,599 [INFO] [Page] pagasa.dost.gov.ph: appended 0 posts
2025-07-24 09:25:02,599 [INFO] *** Scraping PAGE feed: https://www.facebook.com/davaocitydrmmc/posts
2025-07-24 09:25:11,940 [INFO] [Page] davaocitydrmmc: found 0 articles
2025-07-24 09:25:11,940 [INFO] [Page] davaocitydrmmc: appended 0 posts
2025-07-24 09:25:11,940 [INFO] *** Scraping PAGE feed: https://www.facebook.com/NDRRMC/posts
2025-07-24 09:25:21,860 [INFO] [Page] NDRRMC: found 3 articles
2025-07-24 09:25:23,223 [INFO] [Page] NDRRMC: appended 1 posts
2025-07-24 09:25:23,223 [INFO] *** Scraping PAGE feed: https://www.facebook.com/UNTVNewsRescue/posts
2025-07-24 09:25:33,485 [INFO] [Page] UNTVNewsRescue: found 3 articles
2025-07-24 09:25:33,602 [INFO] [Page] UNTVNewsRescue: appended 0 posts
2025-07-24 09:25:33,602 [INFO] *** Scraping PAGE feed: https://www.facebook.com/PIAgovernment/posts
2025-07-24 09:25:42,458 [INFO] [Page] PIAgovernment: found 0 articles
2025-07-24 09:25:42,458 [INFO] [Page] PIAgovernment: appended 0 posts
2025-07-24 09:25:42,458 [INFO] *** Scraping PAGE feed: https://www.facebook.com/DavaoDRRMO/posts
2025-07-24 09:25:53,279 [INFO] [Page] DavaoDRRMO: found 4 articles
2025-07-24 09:25:54,778 [INFO] [Page] DavaoDRRMO: appended 0 posts
2025-07-24 09:25:54,778 [INFO] *** Scraping PAGE feed: https://www.facebook.com/sunstardavaonews/posts
2025-07-24 09:26:04,615 [INFO] [Page] sunstardavaonews: found 3 articles
2025-07-24 09:26:04,734 [INFO] [Page] sunstardavaonews: appended 0 posts
2025-07-24 09:26:04,734 [INFO] *** Scraping PAGE feed: https://www.facebook.com/profile.php?id=61568208630146/posts
2025-07-24 09:26:14,886 [INFO] [Page] profile.php?id=61568208630146: found 0 articles
2025-07-24 09:26:14,887 [INFO] [Page] profile.php?id=61568208630146: appended 0 posts
2025-07-24 09:26:14,887 [INFO] *** Scraping PAGE feed: https://www.facebook.com/PHIVOLCS/posts
2025-07-24 09:26:24,899 [INFO] [Page] PHIVOLCS: found 3 articles
2025-07-24 09:26:26,569 [INFO] [Page] PHIVOLCS: appended 1 posts
2025-07-24 09:26:26,569 [INFO]  - Searching hashtag: #FloodAlert
2025-07-24 09:26:37,171 [INFO] [Hashtag] #FloodAlert: found 3 articles
2025-07-24 09:26:37,354 [INFO] [Hashtag] #FloodAlert: appended 0 posts
2025-07-24 09:26:37,355 [INFO]  - Searching hashtag: #BahaPH
2025-07-24 09:26:48,255 [INFO] [Hashtag] #BahaPH: found 3 articles
2025-07-24 09:26:48,534 [INFO] [Hashtag] #BahaPH: appended 0 posts
2025-07-24 09:26:48,535 [INFO]  - Searching hashtag: #StreetFloodAlert
2025-07-24 09:26:59,161 [INFO] [Hashtag] #StreetFloodAlert: found 3 articles
2025-07-24 09:27:00,925 [INFO] [Hashtag] #StreetFloodAlert: appended 0 posts
2025-07-24 09:27:00,925 [INFO]  - Searching hashtag: #LandslideAlert
2025-07-24 09:27:12,368 [INFO] [Hashtag] #LandslideAlert: found 3 articles
2025-07-24 09:27:13,823 [INFO] [Hashtag] #LandslideAlert: appended 0 posts
2025-07-24 09:27:13,824 [INFO]  - Searching hashtag: #LandslidePH
2025-07-24 09:27:24,815 [INFO] [Hashtag] #LandslidePH: found 3 articles
2025-07-24 09:27:26,270 [INFO] [Hashtag] #LandslidePH: appended 0 posts
2025-07-24 09:27:26,271 [INFO]  - Searching hashtag: #FireAlert
2025-07-24 09:27:39,297 [INFO] [Hashtag] #FireAlert: found 3 articles
2025-07-24 09:27:40,865 [INFO] [Hashtag] #FireAlert: appended 1 posts
2025-07-24 09:27:40,865 [INFO]  - Searching hashtag: #EarthquakeAlert
2025-07-24 09:27:52,061 [INFO] [Hashtag] #EarthquakeAlert: found 3 articles
2025-07-24 09:27:53,468 [INFO] [Hashtag] #EarthquakeAlert: appended 1 posts
2025-07-24 09:27:53,469 [INFO]  - Searching hashtag: #EarthquakePH
2025-07-24 09:28:04,270 [INFO] [Hashtag] #EarthquakePH: found 3 articles
2025-07-24 09:28:05,649 [INFO] [Hashtag] #EarthquakePH: appended 0 posts
2025-07-24 09:28:06,143 [INFO] ✅ Done! rows saved: 194
2025-07-24 09:30:03,475 [INFO] *** Scraping PAGE feed: https://www.facebook.com/abscbnNEWS/posts
2025-07-24 09:30:13,718 [INFO] [Page] abscbnNEWS: found 3 articles
2025-07-24 09:30:13,816 [INFO] [Page] abscbnNEWS: appended 0 posts
2025-07-24 09:30:13,816 [INFO] *** Scraping PAGE feed: https://www.facebook.com/rapplerdotcom/posts
2025-07-24 09:30:23,714 [INFO] [Page] rapplerdotcom: found 4 articles
2025-07-24 09:30:23,826 [INFO] [Page] rapplerdotcom: appended 0 posts
2025-07-24 09:30:23,826 [INFO] *** Scraping PAGE feed: https://www.facebook.com/gmanews/posts
2025-07-24 09:30:33,398 [INFO] [Page] gmanews: found 3 articles
2025-07-24 09:30:33,516 [INFO] [Page] gmanews: appended 0 posts
2025-07-24 09:30:33,517 [INFO] *** Scraping PAGE feed: https://www.facebook.com/manilabulletin/posts
2025-07-24 09:30:43,259 [INFO] [Page] manilabulletin: found 3 articles
2025-07-24 09:30:43,399 [INFO] [Page] manilabulletin: appended 1 posts
2025-07-24 09:30:43,407 [INFO] *** Scraping PAGE feed: https://www.facebook.com/sunstarphilippines/posts
2025-07-24 09:30:53,055 [INFO] [Page] sunstarphilippines: found 4 articles
2025-07-24 09:30:53,154 [INFO] [Page] sunstarphilippines: appended 0 posts
2025-07-24 09:30:53,154 [INFO] *** Scraping PAGE feed: https://www.facebook.com/PhilstarNews/posts
2025-07-24 09:31:02,913 [INFO] [Page] PhilstarNews: found 4 articles
2025-07-24 09:31:03,049 [INFO] [Page] PhilstarNews: appended 0 posts
2025-07-24 09:31:03,049 [INFO] *** Scraping PAGE feed: https://www.facebook.com/inquirerdotnet/posts
2025-07-24 09:31:12,694 [INFO] [Page] inquirerdotnet: found 3 articles
2025-07-24 09:31:12,817 [INFO] [Page] inquirerdotnet: appended 0 posts
2025-07-24 09:31:12,817 [INFO] *** Scraping PAGE feed: https://www.facebook.com/pagasa.dost.gov.ph/posts
2025-07-24 09:31:22,517 [INFO] [Page] pagasa.dost.gov.ph: found 3 articles
2025-07-24 09:31:22,622 [INFO] [Page] pagasa.dost.gov.ph: appended 0 posts
2025-07-24 09:31:22,622 [INFO] *** Scraping PAGE feed: https://www.facebook.com/davaocitydrmmc/posts
2025-07-24 09:31:31,648 [INFO] [Page] davaocitydrmmc: found 0 articles
2025-07-24 09:31:31,649 [INFO] [Page] davaocitydrmmc: appended 0 posts
2025-07-24 09:31:31,649 [INFO] *** Scraping PAGE feed: https://www.facebook.com/NDRRMC/posts
2025-07-24 09:31:40,959 [INFO] [Page] NDRRMC: found 3 articles
2025-07-24 09:31:41,137 [INFO] [Page] NDRRMC: appended 1 posts
2025-07-24 09:31:41,137 [INFO] *** Scraping PAGE feed: https://www.facebook.com/UNTVNewsRescue/posts
2025-07-24 09:31:50,868 [INFO] [Page] UNTVNewsRescue: found 6 articles
2025-07-24 09:31:52,455 [INFO] [Page] UNTVNewsRescue: appended 1 posts
2025-07-24 09:31:52,455 [INFO] *** Scraping PAGE feed: https://www.facebook.com/PIAgovernment/posts
2025-07-24 09:32:01,337 [INFO] [Page] PIAgovernment: found 0 articles
2025-07-24 09:32:01,338 [INFO] [Page] PIAgovernment: appended 0 posts
2025-07-24 09:32:01,338 [INFO] *** Scraping PAGE feed: https://www.facebook.com/DavaoDRRMO/posts
2025-07-24 09:32:11,360 [INFO] [Page] DavaoDRRMO: found 4 articles
2025-07-24 09:32:12,734 [INFO] [Page] DavaoDRRMO: appended 0 posts
2025-07-24 09:32:12,734 [INFO] *** Scraping PAGE feed: https://www.facebook.com/sunstardavaonews/posts
2025-07-24 09:32:22,025 [INFO] [Page] sunstardavaonews: found 3 articles
2025-07-24 09:32:22,112 [INFO] [Page] sunstardavaonews: appended 0 posts
2025-07-24 09:32:22,112 [INFO] *** Scraping PAGE feed: https://www.facebook.com/profile.php?id=61568208630146/posts
2025-07-24 09:32:32,269 [INFO] [Page] profile.php?id=61568208630146: found 0 articles
2025-07-24 09:32:32,271 [INFO] [Page] profile.php?id=61568208630146: appended 0 posts
2025-07-24 09:32:32,271 [INFO] *** Scraping PAGE feed: https://www.facebook.com/PHIVOLCS/posts
2025-07-24 09:32:41,669 [INFO] [Page] PHIVOLCS: found 3 articles
2025-07-24 09:32:42,956 [INFO] [Page] PHIVOLCS: appended 1 posts
2025-07-24 09:32:42,957 [INFO]  - Searching hashtag: #FloodAlert
2025-07-24 09:32:54,442 [INFO] [Hashtag] #FloodAlert: found 3 articles
2025-07-24 09:32:54,550 [INFO] [Hashtag] #FloodAlert: appended 0 posts
2025-07-24 09:32:54,550 [INFO]  - Searching hashtag: #BahaPH
2025-07-24 09:33:04,898 [INFO] [Hashtag] #BahaPH: found 3 articles
2025-07-24 09:33:06,166 [INFO] [Hashtag] #BahaPH: appended 0 posts
2025-07-24 09:33:06,166 [INFO]  - Searching hashtag: #StreetFloodAlert
2025-07-24 09:33:17,601 [INFO] [Hashtag] #StreetFloodAlert: found 3 articles
2025-07-24 09:33:18,932 [INFO] [Hashtag] #StreetFloodAlert: appended 0 posts
2025-07-24 09:33:18,933 [INFO]  - Searching hashtag: #LandslideAlert
2025-07-24 09:33:29,094 [INFO] [Hashtag] #LandslideAlert: found 3 articles
2025-07-24 09:33:30,400 [INFO] [Hashtag] #LandslideAlert: appended 0 posts
2025-07-24 09:33:30,400 [INFO]  - Searching hashtag: #LandslidePH
2025-07-24 09:33:40,690 [INFO] [Hashtag] #LandslidePH: found 3 articles
2025-07-24 09:33:41,939 [INFO] [Hashtag] #LandslidePH: appended 0 posts
2025-07-24 09:33:41,939 [INFO]  - Searching hashtag: #FireAlert
2025-07-24 09:33:52,580 [INFO] [Hashtag] #FireAlert: found 4 articles
2025-07-24 09:33:55,105 [INFO] [Hashtag] #FireAlert: appended 1 posts
2025-07-24 09:33:55,105 [INFO]  - Searching hashtag: #EarthquakeAlert
2025-07-24 09:34:05,392 [INFO] [Hashtag] #EarthquakeAlert: found 3 articles
2025-07-24 09:34:06,647 [INFO] [Hashtag] #EarthquakeAlert: appended 1 posts
2025-07-24 09:34:06,647 [INFO]  - Searching hashtag: #EarthquakePH
2025-07-24 09:34:16,512 [INFO] [Hashtag] #EarthquakePH: found 3 articles
2025-07-24 09:34:17,753 [INFO] [Hashtag] #EarthquakePH: appended 0 posts
2025-07-24 09:34:18,163 [INFO] ✅ Done! rows saved: 196
2025-07-24 09:45:04,652 [INFO] *** Scraping PAGE feed: https://www.facebook.com/abscbnNEWS/posts
2025-07-24 09:45:15,112 [INFO] [Page] abscbnNEWS: found 3 articles
2025-07-24 09:45:15,229 [INFO] [Page] abscbnNEWS: appended 0 posts
2025-07-24 09:45:15,229 [INFO] *** Scraping PAGE feed: https://www.facebook.com/rapplerdotcom/posts
2025-07-24 09:45:24,673 [INFO] [Page] rapplerdotcom: found 3 articles
2025-07-24 09:45:24,737 [INFO] [Page] rapplerdotcom: appended 0 posts
2025-07-24 09:45:24,737 [INFO] *** Scraping PAGE feed: https://www.facebook.com/gmanews/posts
2025-07-24 09:45:34,286 [INFO] [Page] gmanews: found 3 articles
2025-07-24 09:45:34,398 [INFO] [Page] gmanews: appended 1 posts
2025-07-24 09:45:34,398 [INFO] *** Scraping PAGE feed: https://www.facebook.com/manilabulletin/posts
2025-07-24 09:45:43,837 [INFO] [Page] manilabulletin: found 3 articles
2025-07-24 09:45:43,921 [INFO] [Page] manilabulletin: appended 0 posts
2025-07-24 09:45:43,921 [INFO] *** Scraping PAGE feed: https://www.facebook.com/sunstarphilippines/posts
2025-07-24 09:45:53,424 [INFO] [Page] sunstarphilippines: found 4 articles
2025-07-24 09:45:53,593 [INFO] [Page] sunstarphilippines: appended 0 posts
2025-07-24 09:45:53,593 [INFO] *** Scraping PAGE feed: https://www.facebook.com/PhilstarNews/posts
2025-07-24 09:46:03,173 [INFO] [Page] PhilstarNews: found 4 articles
2025-07-24 09:46:03,273 [INFO] [Page] PhilstarNews: appended 0 posts
2025-07-24 09:46:03,274 [INFO] *** Scraping PAGE feed: https://www.facebook.com/inquirerdotnet/posts
2025-07-24 09:46:12,805 [INFO] [Page] inquirerdotnet: found 3 articles
2025-07-24 09:46:13,120 [INFO] [Page] inquirerdotnet: appended 1 posts
2025-07-24 09:46:13,120 [INFO] *** Scraping PAGE feed: https://www.facebook.com/pagasa.dost.gov.ph/posts
2025-07-24 09:46:23,327 [INFO] [Page] pagasa.dost.gov.ph: found 4 articles
2025-07-24 09:46:24,196 [INFO] [Page] pagasa.dost.gov.ph: appended 0 posts
2025-07-24 09:46:24,196 [INFO] *** Scraping PAGE feed: https://www.facebook.com/davaocitydrmmc/posts
2025-07-24 09:46:33,107 [INFO] [Page] davaocitydrmmc: found 0 articles
2025-07-24 09:46:33,108 [INFO] [Page] davaocitydrmmc: appended 0 posts
2025-07-24 09:46:33,108 [INFO] *** Scraping PAGE feed: https://www.facebook.com/NDRRMC/posts
2025-07-24 09:46:42,564 [INFO] [Page] NDRRMC: found 3 articles
2025-07-24 09:46:42,777 [INFO] [Page] NDRRMC: appended 1 posts
2025-07-24 09:46:42,777 [INFO] *** Scraping PAGE feed: https://www.facebook.com/UNTVNewsRescue/posts
Traceback (most recent call last):
  File "/Users/prettyfaith/Documents/Github/thesis-disaster-chatbot/socmed_disaster_scraper.py", line 192, in <module>
    driver.get(feed_url)
    ~~~~~~~~~~^^^^^^^^^^
  File "/Library/Frameworks/Python.framework/Versions/3.13/lib/python3.13/site-packages/selenium/webdriver/remote/webdriver.py", line 454, in get
    self.execute(Command.GET, {"url": url})
    ~~~~~~~~~~~~^^^^^^^^^^^^^^^^^^^^^^^^^^^
  File "/Library/Frameworks/Python.framework/Versions/3.13/lib/python3.13/site-packages/selenium/webdriver/remote/webdriver.py", line 429, in execute
    self.error_handler.check_response(response)
    ~~~~~~~~~~~~~~~~~~~~~~~~~~~~~~~~~^^^^^^^^^^
  File "/Library/Frameworks/Python.framework/Versions/3.13/lib/python3.13/site-packages/selenium/webdriver/remote/errorhandler.py", line 232, in check_response
    raise exception_class(message, screen, stacktrace)
selenium.common.exceptions.WebDriverException: Message: unknown error: net::ERR_INTERNET_DISCONNECTED
  (Session info: chrome=138.0.7204.168)
Stacktrace:
0   chromedriver                        0x0000000100da3570 cxxbridge1$str$ptr + 2731064
1   chromedriver                        0x0000000100d9b468 cxxbridge1$str$ptr + 2698032
2   chromedriver                        0x00000001008ea3f8 cxxbridge1$string$len + 90664
3   chromedriver                        0x00000001008e2828 cxxbridge1$string$len + 58968
4   chromedriver                        0x00000001008d5480 cxxbridge1$string$len + 4784
5   chromedriver                        0x00000001008d6e84 cxxbridge1$string$len + 11444
6   chromedriver                        0x00000001008d58d4 cxxbridge1$string$len + 5892
7   chromedriver                        0x00000001008d5228 cxxbridge1$string$len + 4184
8   chromedriver                        0x00000001008d4f74 cxxbridge1$string$len + 3492
9   chromedriver                        0x00000001008d2d2c chromedriver + 191788
10  chromedriver                        0x00000001008d3788 chromedriver + 194440
11  chromedriver                        0x00000001008ed45c cxxbridge1$string$len + 103052
12  chromedriver                        0x0000000100973590 cxxbridge1$string$len + 652224
13  chromedriver                        0x0000000100972b1c cxxbridge1$string$len + 649548
14  chromedriver                        0x0000000100925a0c cxxbridge1$string$len + 333884
15  chromedriver                        0x0000000100d665f4 cxxbridge1$str$ptr + 2481340
16  chromedriver                        0x0000000100d6985c cxxbridge1$str$ptr + 2494244
17  chromedriver                        0x0000000100d47248 cxxbridge1$str$ptr + 2353424
18  chromedriver                        0x0000000100d6a118 cxxbridge1$str$ptr + 2496480
19  chromedriver                        0x0000000100d382f8 cxxbridge1$str$ptr + 2292160
20  chromedriver                        0x0000000100d8a00c cxxbridge1$str$ptr + 2627284
21  chromedriver                        0x0000000100d8a198 cxxbridge1$str$ptr + 2627680
22  chromedriver                        0x0000000100d9b0a4 cxxbridge1$str$ptr + 2697068
23  libsystem_pthread.dylib             0x000000018706ec0c _pthread_start + 136
24  libsystem_pthread.dylib             0x0000000187069b80 thread_start + 8

2025-07-24 10:00:04,017 [INFO] *** Scraping PAGE feed: https://www.facebook.com/abscbnNEWS/posts
2025-07-24 10:00:14,059 [INFO] [Page] abscbnNEWS: found 4 articles
2025-07-24 10:00:14,208 [INFO] [Page] abscbnNEWS: appended 0 posts
2025-07-24 10:00:14,208 [INFO] *** Scraping PAGE feed: https://www.facebook.com/rapplerdotcom/posts
2025-07-24 10:00:23,339 [INFO] [Page] rapplerdotcom: found 3 articles
2025-07-24 10:00:23,402 [INFO] [Page] rapplerdotcom: appended 0 posts
2025-07-24 10:00:23,402 [INFO] *** Scraping PAGE feed: https://www.facebook.com/gmanews/posts
2025-07-24 10:00:32,774 [INFO] [Page] gmanews: found 3 articles
2025-07-24 10:00:32,865 [INFO] [Page] gmanews: appended 0 posts
2025-07-24 10:00:32,866 [INFO] *** Scraping PAGE feed: https://www.facebook.com/manilabulletin/posts
2025-07-24 10:00:42,129 [INFO] [Page] manilabulletin: found 3 articles
2025-07-24 10:00:42,215 [INFO] [Page] manilabulletin: appended 0 posts
2025-07-24 10:00:42,215 [INFO] *** Scraping PAGE feed: https://www.facebook.com/sunstarphilippines/posts
2025-07-24 10:00:51,583 [INFO] [Page] sunstarphilippines: found 4 articles
2025-07-24 10:00:51,703 [INFO] [Page] sunstarphilippines: appended 0 posts
2025-07-24 10:00:51,703 [INFO] *** Scraping PAGE feed: https://www.facebook.com/PhilstarNews/posts
2025-07-24 10:01:00,899 [INFO] [Page] PhilstarNews: found 3 articles
2025-07-24 10:01:00,992 [INFO] [Page] PhilstarNews: appended 0 posts
2025-07-24 10:01:00,993 [INFO] *** Scraping PAGE feed: https://www.facebook.com/inquirerdotnet/posts
2025-07-24 10:01:10,251 [INFO] [Page] inquirerdotnet: found 3 articles
2025-07-24 10:01:10,485 [INFO] [Page] inquirerdotnet: appended 1 posts
2025-07-24 10:01:10,485 [INFO] *** Scraping PAGE feed: https://www.facebook.com/pagasa.dost.gov.ph/posts
2025-07-24 10:01:19,813 [INFO] [Page] pagasa.dost.gov.ph: found 4 articles
2025-07-24 10:01:21,165 [INFO] [Page] pagasa.dost.gov.ph: appended 1 posts
2025-07-24 10:01:21,165 [INFO] *** Scraping PAGE feed: https://www.facebook.com/davaocitydrmmc/posts
2025-07-24 10:01:29,750 [INFO] [Page] davaocitydrmmc: found 0 articles
2025-07-24 10:01:29,751 [INFO] [Page] davaocitydrmmc: appended 0 posts
2025-07-24 10:01:29,751 [INFO] *** Scraping PAGE feed: https://www.facebook.com/NDRRMC/posts
2025-07-24 10:01:39,291 [INFO] [Page] NDRRMC: found 3 articles
2025-07-24 10:01:39,463 [INFO] [Page] NDRRMC: appended 1 posts
2025-07-24 10:01:39,463 [INFO] *** Scraping PAGE feed: https://www.facebook.com/UNTVNewsRescue/posts
2025-07-24 10:01:48,695 [INFO] [Page] UNTVNewsRescue: found 4 articles
2025-07-24 10:01:50,073 [INFO] [Page] UNTVNewsRescue: appended 1 posts
2025-07-24 10:01:50,074 [INFO] *** Scraping PAGE feed: https://www.facebook.com/PIAgovernment/posts
2025-07-24 10:01:58,644 [INFO] [Page] PIAgovernment: found 0 articles
2025-07-24 10:01:58,645 [INFO] [Page] PIAgovernment: appended 0 posts
2025-07-24 10:01:58,645 [INFO] *** Scraping PAGE feed: https://www.facebook.com/DavaoDRRMO/posts
2025-07-24 10:02:07,815 [INFO] [Page] DavaoDRRMO: found 3 articles
2025-07-24 10:02:09,095 [INFO] [Page] DavaoDRRMO: appended 1 posts
2025-07-24 10:02:09,095 [INFO] *** Scraping PAGE feed: https://www.facebook.com/sunstardavaonews/posts
2025-07-24 10:02:18,212 [INFO] [Page] sunstardavaonews: found 3 articles
2025-07-24 10:02:18,361 [INFO] [Page] sunstardavaonews: appended 0 posts
2025-07-24 10:02:18,361 [INFO] *** Scraping PAGE feed: https://www.facebook.com/profile.php?id=61568208630146/posts
2025-07-24 10:02:27,388 [INFO] [Page] profile.php?id=61568208630146: found 0 articles
2025-07-24 10:02:27,389 [INFO] [Page] profile.php?id=61568208630146: appended 0 posts
2025-07-24 10:02:27,389 [INFO] *** Scraping PAGE feed: https://www.facebook.com/PHIVOLCS/posts
2025-07-24 10:02:36,676 [INFO] [Page] PHIVOLCS: found 3 articles
2025-07-24 10:02:37,966 [INFO] [Page] PHIVOLCS: appended 1 posts
2025-07-24 10:02:37,967 [INFO]  - Searching hashtag: #FloodAlert
2025-07-24 10:02:48,658 [INFO] [Hashtag] #FloodAlert: found 3 articles
2025-07-24 10:02:48,767 [INFO] [Hashtag] #FloodAlert: appended 0 posts
2025-07-24 10:02:48,767 [INFO]  - Searching hashtag: #BahaPH
2025-07-24 10:03:00,707 [INFO] [Hashtag] #BahaPH: found 3 articles
2025-07-24 10:03:01,998 [INFO] [Hashtag] #BahaPH: appended 0 posts
2025-07-24 10:03:01,998 [INFO]  - Searching hashtag: #StreetFloodAlert
2025-07-24 10:03:12,593 [INFO] [Hashtag] #StreetFloodAlert: found 3 articles
2025-07-24 10:03:13,969 [INFO] [Hashtag] #StreetFloodAlert: appended 0 posts
2025-07-24 10:03:13,969 [INFO]  - Searching hashtag: #LandslideAlert
2025-07-24 10:03:24,315 [INFO] [Hashtag] #LandslideAlert: found 3 articles
2025-07-24 10:03:25,967 [INFO] [Hashtag] #LandslideAlert: appended 0 posts
2025-07-24 10:03:25,968 [INFO]  - Searching hashtag: #LandslidePH
2025-07-24 10:03:36,120 [INFO] [Hashtag] #LandslidePH: found 3 articles
2025-07-24 10:03:37,615 [INFO] [Hashtag] #LandslidePH: appended 0 posts
2025-07-24 10:03:37,615 [INFO]  - Searching hashtag: #FireAlert
2025-07-24 10:03:47,603 [INFO] [Hashtag] #FireAlert: found 3 articles
2025-07-24 10:03:49,193 [INFO] [Hashtag] #FireAlert: appended 1 posts
2025-07-24 10:03:49,193 [INFO]  - Searching hashtag: #EarthquakeAlert
2025-07-24 10:03:59,760 [INFO] [Hashtag] #EarthquakeAlert: found 3 articles
2025-07-24 10:04:01,185 [INFO] [Hashtag] #EarthquakeAlert: appended 1 posts
2025-07-24 10:04:01,186 [INFO]  - Searching hashtag: #EarthquakePH
2025-07-24 10:04:11,350 [INFO] [Hashtag] #EarthquakePH: found 3 articles
2025-07-24 10:04:12,759 [INFO] [Hashtag] #EarthquakePH: appended 0 posts
2025-07-24 10:04:13,159 [INFO] ✅ Done! rows saved: 203
2025-07-24 10:15:03,355 [INFO] *** Scraping PAGE feed: https://www.facebook.com/abscbnNEWS/posts
2025-07-24 10:15:12,805 [INFO] [Page] abscbnNEWS: found 3 articles
2025-07-24 10:15:12,953 [INFO] [Page] abscbnNEWS: appended 1 posts
2025-07-24 10:15:12,953 [INFO] *** Scraping PAGE feed: https://www.facebook.com/rapplerdotcom/posts
2025-07-24 10:15:22,254 [INFO] [Page] rapplerdotcom: found 4 articles
2025-07-24 10:15:22,345 [INFO] [Page] rapplerdotcom: appended 0 posts
2025-07-24 10:15:22,345 [INFO] *** Scraping PAGE feed: https://www.facebook.com/gmanews/posts
2025-07-24 10:15:31,388 [INFO] [Page] gmanews: found 4 articles
2025-07-24 10:15:32,575 [INFO] [Page] gmanews: appended 1 posts
2025-07-24 10:15:32,576 [INFO] *** Scraping PAGE feed: https://www.facebook.com/manilabulletin/posts
2025-07-24 10:15:41,683 [INFO] [Page] manilabulletin: found 3 articles
2025-07-24 10:15:41,759 [INFO] [Page] manilabulletin: appended 0 posts
2025-07-24 10:15:41,759 [INFO] *** Scraping PAGE feed: https://www.facebook.com/sunstarphilippines/posts
2025-07-24 10:15:51,200 [INFO] [Page] sunstarphilippines: found 4 articles
2025-07-24 10:15:51,345 [INFO] [Page] sunstarphilippines: appended 0 posts
2025-07-24 10:15:51,345 [INFO] *** Scraping PAGE feed: https://www.facebook.com/PhilstarNews/posts
2025-07-24 10:16:00,579 [INFO] [Page] PhilstarNews: found 3 articles
2025-07-24 10:16:00,636 [INFO] [Page] PhilstarNews: appended 0 posts
2025-07-24 10:16:00,636 [INFO] *** Scraping PAGE feed: https://www.facebook.com/inquirerdotnet/posts
2025-07-24 10:16:09,547 [INFO] [Page] inquirerdotnet: found 4 articles
2025-07-24 10:16:09,637 [INFO] [Page] inquirerdotnet: appended 0 posts
2025-07-24 10:16:09,637 [INFO] *** Scraping PAGE feed: https://www.facebook.com/pagasa.dost.gov.ph/posts
2025-07-24 10:16:18,785 [INFO] [Page] pagasa.dost.gov.ph: found 4 articles
2025-07-24 10:16:20,105 [INFO] [Page] pagasa.dost.gov.ph: appended 2 posts
2025-07-24 10:16:20,105 [INFO] *** Scraping PAGE feed: https://www.facebook.com/davaocitydrmmc/posts
2025-07-24 10:16:28,682 [INFO] [Page] davaocitydrmmc: found 0 articles
2025-07-24 10:16:28,683 [INFO] [Page] davaocitydrmmc: appended 0 posts
2025-07-24 10:16:28,683 [INFO] *** Scraping PAGE feed: https://www.facebook.com/NDRRMC/posts
2025-07-24 10:16:37,676 [INFO] [Page] NDRRMC: found 5 articles
2025-07-24 10:16:38,997 [INFO] [Page] NDRRMC: appended 0 posts
2025-07-24 10:16:38,997 [INFO] *** Scraping PAGE feed: https://www.facebook.com/UNTVNewsRescue/posts
2025-07-24 10:16:48,584 [INFO] [Page] UNTVNewsRescue: found 4 articles
2025-07-24 10:16:49,876 [INFO] [Page] UNTVNewsRescue: appended 1 posts
2025-07-24 10:16:49,876 [INFO] *** Scraping PAGE feed: https://www.facebook.com/PIAgovernment/posts
2025-07-24 10:16:58,342 [INFO] [Page] PIAgovernment: found 0 articles
2025-07-24 10:16:58,343 [INFO] [Page] PIAgovernment: appended 0 posts
2025-07-24 10:16:58,343 [INFO] *** Scraping PAGE feed: https://www.facebook.com/DavaoDRRMO/posts
2025-07-24 10:17:07,374 [INFO] [Page] DavaoDRRMO: found 3 articles
2025-07-24 10:17:08,594 [INFO] [Page] DavaoDRRMO: appended 1 posts
2025-07-24 10:17:08,594 [INFO] *** Scraping PAGE feed: https://www.facebook.com/sunstardavaonews/posts
2025-07-24 10:17:17,548 [INFO] [Page] sunstardavaonews: found 3 articles
2025-07-24 10:17:17,606 [INFO] [Page] sunstardavaonews: appended 0 posts
2025-07-24 10:17:17,606 [INFO] *** Scraping PAGE feed: https://www.facebook.com/profile.php?id=61568208630146/posts
2025-07-24 10:17:26,445 [INFO] [Page] profile.php?id=61568208630146: found 0 articles
2025-07-24 10:17:26,445 [INFO] [Page] profile.php?id=61568208630146: appended 0 posts
2025-07-24 10:17:26,445 [INFO] *** Scraping PAGE feed: https://www.facebook.com/PHIVOLCS/posts
2025-07-24 10:17:35,379 [INFO] [Page] PHIVOLCS: found 3 articles
2025-07-24 10:17:36,602 [INFO] [Page] PHIVOLCS: appended 1 posts
2025-07-24 10:17:36,602 [INFO]  - Searching hashtag: #FloodAlert
2025-07-24 10:17:45,901 [INFO] [Hashtag] #FloodAlert: found 3 articles
2025-07-24 10:17:45,994 [INFO] [Hashtag] #FloodAlert: appended 0 posts
2025-07-24 10:17:45,995 [INFO]  - Searching hashtag: #BahaPH
2025-07-24 10:17:55,670 [INFO] [Hashtag] #BahaPH: found 3 articles
2025-07-24 10:17:56,871 [INFO] [Hashtag] #BahaPH: appended 0 posts
2025-07-24 10:17:56,871 [INFO]  - Searching hashtag: #StreetFloodAlert
2025-07-24 10:18:06,258 [INFO] [Hashtag] #StreetFloodAlert: found 3 articles
2025-07-24 10:18:07,522 [INFO] [Hashtag] #StreetFloodAlert: appended 0 posts
2025-07-24 10:18:07,522 [INFO]  - Searching hashtag: #LandslideAlert
2025-07-24 10:18:17,191 [INFO] [Hashtag] #LandslideAlert: found 3 articles
2025-07-24 10:18:18,430 [INFO] [Hashtag] #LandslideAlert: appended 0 posts
2025-07-24 10:18:18,431 [INFO]  - Searching hashtag: #LandslidePH
2025-07-24 10:18:27,984 [INFO] [Hashtag] #LandslidePH: found 3 articles
2025-07-24 10:18:29,237 [INFO] [Hashtag] #LandslidePH: appended 0 posts
2025-07-24 10:18:29,237 [INFO]  - Searching hashtag: #FireAlert
2025-07-24 10:18:38,790 [INFO] [Hashtag] #FireAlert: found 3 articles
2025-07-24 10:18:40,271 [INFO] [Hashtag] #FireAlert: appended 0 posts
2025-07-24 10:18:40,271 [INFO]  - Searching hashtag: #EarthquakeAlert
2025-07-24 10:18:49,804 [INFO] [Hashtag] #EarthquakeAlert: found 3 articles
2025-07-24 10:18:51,557 [INFO] [Hashtag] #EarthquakeAlert: appended 0 posts
2025-07-24 10:18:51,557 [INFO]  - Searching hashtag: #EarthquakePH
2025-07-24 10:19:01,142 [INFO] [Hashtag] #EarthquakePH: found 3 articles
2025-07-24 10:19:02,669 [INFO] [Hashtag] #EarthquakePH: appended 0 posts
2025-07-24 10:19:03,005 [INFO] ✅ Done! rows saved: 209
2025-07-24 10:30:04,182 [INFO] *** Scraping PAGE feed: https://www.facebook.com/abscbnNEWS/posts
2025-07-24 10:30:14,414 [INFO] [Page] abscbnNEWS: found 3 articles
2025-07-24 10:30:14,586 [INFO] [Page] abscbnNEWS: appended 1 posts
2025-07-24 10:30:14,586 [INFO] *** Scraping PAGE feed: https://www.facebook.com/rapplerdotcom/posts
2025-07-24 10:30:24,487 [INFO] [Page] rapplerdotcom: found 3 articles
2025-07-24 10:30:24,584 [INFO] [Page] rapplerdotcom: appended 1 posts
2025-07-24 10:30:24,584 [INFO] *** Scraping PAGE feed: https://www.facebook.com/gmanews/posts
2025-07-24 10:30:33,687 [INFO] [Page] gmanews: found 4 articles
2025-07-24 10:30:34,978 [INFO] [Page] gmanews: appended 1 posts
2025-07-24 10:30:34,979 [INFO] *** Scraping PAGE feed: https://www.facebook.com/manilabulletin/posts
2025-07-24 10:30:44,843 [INFO] [Page] manilabulletin: found 4 articles
2025-07-24 10:30:44,956 [INFO] [Page] manilabulletin: appended 0 posts
2025-07-24 10:30:44,956 [INFO] *** Scraping PAGE feed: https://www.facebook.com/sunstarphilippines/posts
2025-07-24 10:30:54,296 [INFO] [Page] sunstarphilippines: found 4 articles
2025-07-24 10:30:54,403 [INFO] [Page] sunstarphilippines: appended 0 posts
2025-07-24 10:30:54,403 [INFO] *** Scraping PAGE feed: https://www.facebook.com/PhilstarNews/posts
2025-07-24 10:31:03,836 [INFO] [Page] PhilstarNews: found 3 articles
2025-07-24 10:31:03,904 [INFO] [Page] PhilstarNews: appended 0 posts
2025-07-24 10:31:03,904 [INFO] *** Scraping PAGE feed: https://www.facebook.com/inquirerdotnet/posts
2025-07-24 10:31:12,987 [INFO] [Page] inquirerdotnet: found 3 articles
2025-07-24 10:31:13,055 [INFO] [Page] inquirerdotnet: appended 0 posts
2025-07-24 10:31:13,056 [INFO] *** Scraping PAGE feed: https://www.facebook.com/pagasa.dost.gov.ph/posts
2025-07-24 10:31:22,541 [INFO] [Page] pagasa.dost.gov.ph: found 4 articles
2025-07-24 10:31:23,846 [INFO] [Page] pagasa.dost.gov.ph: appended 2 posts
2025-07-24 10:31:23,846 [INFO] *** Scraping PAGE feed: https://www.facebook.com/davaocitydrmmc/posts
2025-07-24 10:31:32,694 [INFO] [Page] davaocitydrmmc: found 0 articles
2025-07-24 10:31:32,695 [INFO] [Page] davaocitydrmmc: appended 0 posts
2025-07-24 10:31:32,695 [INFO] *** Scraping PAGE feed: https://www.facebook.com/NDRRMC/posts
2025-07-24 10:31:41,983 [INFO] [Page] NDRRMC: found 5 articles
2025-07-24 10:31:43,340 [INFO] [Page] NDRRMC: appended 0 posts
2025-07-24 10:31:43,340 [INFO] *** Scraping PAGE feed: https://www.facebook.com/UNTVNewsRescue/posts
2025-07-24 10:31:53,114 [INFO] [Page] UNTVNewsRescue: found 3 articles
2025-07-24 10:31:54,554 [INFO] [Page] UNTVNewsRescue: appended 1 posts
2025-07-24 10:31:54,558 [INFO] *** Scraping PAGE feed: https://www.facebook.com/PIAgovernment/posts
2025-07-24 10:32:03,169 [INFO] [Page] PIAgovernment: found 0 articles
2025-07-24 10:32:03,170 [INFO] [Page] PIAgovernment: appended 0 posts
2025-07-24 10:32:03,170 [INFO] *** Scraping PAGE feed: https://www.facebook.com/DavaoDRRMO/posts
2025-07-24 10:32:12,422 [INFO] [Page] DavaoDRRMO: found 3 articles
2025-07-24 10:32:13,692 [INFO] [Page] DavaoDRRMO: appended 1 posts
2025-07-24 10:32:13,693 [INFO] *** Scraping PAGE feed: https://www.facebook.com/sunstardavaonews/posts
2025-07-24 10:32:22,914 [INFO] [Page] sunstardavaonews: found 3 articles
2025-07-24 10:32:22,983 [INFO] [Page] sunstardavaonews: appended 0 posts
2025-07-24 10:32:22,983 [INFO] *** Scraping PAGE feed: https://www.facebook.com/profile.php?id=61568208630146/posts
2025-07-24 10:32:32,184 [INFO] [Page] profile.php?id=61568208630146: found 0 articles
2025-07-24 10:32:32,184 [INFO] [Page] profile.php?id=61568208630146: appended 0 posts
2025-07-24 10:32:32,184 [INFO] *** Scraping PAGE feed: https://www.facebook.com/PHIVOLCS/posts
2025-07-24 10:32:41,357 [INFO] [Page] PHIVOLCS: found 3 articles
2025-07-24 10:32:42,638 [INFO] [Page] PHIVOLCS: appended 1 posts
2025-07-24 10:32:42,638 [INFO]  - Searching hashtag: #FloodAlert
2025-07-24 10:32:53,921 [INFO] [Hashtag] #FloodAlert: found 3 articles
2025-07-24 10:32:55,180 [INFO] [Hashtag] #FloodAlert: appended 0 posts
2025-07-24 10:32:55,180 [INFO]  - Searching hashtag: #BahaPH
2025-07-24 10:33:05,586 [INFO] [Hashtag] #BahaPH: found 3 articles
2025-07-24 10:33:06,873 [INFO] [Hashtag] #BahaPH: appended 0 posts
2025-07-24 10:33:06,874 [INFO]  - Searching hashtag: #StreetFloodAlert
2025-07-24 10:33:17,146 [INFO] [Hashtag] #StreetFloodAlert: found 3 articles
2025-07-24 10:33:18,417 [INFO] [Hashtag] #StreetFloodAlert: appended 0 posts
2025-07-24 10:33:18,417 [INFO]  - Searching hashtag: #LandslideAlert
2025-07-24 10:33:28,525 [INFO] [Hashtag] #LandslideAlert: found 3 articles
2025-07-24 10:33:30,018 [INFO] [Hashtag] #LandslideAlert: appended 0 posts
2025-07-24 10:33:30,018 [INFO]  - Searching hashtag: #LandslidePH
2025-07-24 10:33:39,635 [INFO] [Hashtag] #LandslidePH: found 3 articles
2025-07-24 10:33:41,136 [INFO] [Hashtag] #LandslidePH: appended 0 posts
2025-07-24 10:33:41,137 [INFO]  - Searching hashtag: #FireAlert
2025-07-24 10:33:51,808 [INFO] [Hashtag] #FireAlert: found 4 articles
2025-07-24 10:33:54,845 [INFO] [Hashtag] #FireAlert: appended 1 posts
2025-07-24 10:33:54,845 [INFO]  - Searching hashtag: #EarthquakeAlert
2025-07-24 10:34:05,792 [INFO] [Hashtag] #EarthquakeAlert: found 3 articles
2025-07-24 10:34:07,248 [INFO] [Hashtag] #EarthquakeAlert: appended 1 posts
2025-07-24 10:34:07,248 [INFO]  - Searching hashtag: #EarthquakePH
2025-07-24 10:34:17,058 [INFO] [Hashtag] #EarthquakePH: found 3 articles
2025-07-24 10:34:18,567 [INFO] [Hashtag] #EarthquakePH: appended 0 posts
2025-07-24 10:34:19,022 [INFO] ✅ Done! rows saved: 215
2025-07-24 10:45:04,755 [INFO] *** Scraping PAGE feed: https://www.facebook.com/abscbnNEWS/posts
2025-07-24 10:45:14,896 [INFO] [Page] abscbnNEWS: found 4 articles
2025-07-24 10:45:15,080 [INFO] [Page] abscbnNEWS: appended 2 posts
2025-07-24 10:45:15,080 [INFO] *** Scraping PAGE feed: https://www.facebook.com/rapplerdotcom/posts
2025-07-24 10:45:24,881 [INFO] [Page] rapplerdotcom: found 3 articles
2025-07-24 10:45:24,970 [INFO] [Page] rapplerdotcom: appended 0 posts
2025-07-24 10:45:24,971 [INFO] *** Scraping PAGE feed: https://www.facebook.com/gmanews/posts
2025-07-24 10:45:34,571 [INFO] [Page] gmanews: found 3 articles
2025-07-24 10:45:34,808 [INFO] [Page] gmanews: appended 1 posts
2025-07-24 10:45:34,808 [INFO] *** Scraping PAGE feed: https://www.facebook.com/manilabulletin/posts
2025-07-24 10:45:44,462 [INFO] [Page] manilabulletin: found 3 articles
2025-07-24 10:45:44,567 [INFO] [Page] manilabulletin: appended 1 posts
2025-07-24 10:45:44,568 [INFO] *** Scraping PAGE feed: https://www.facebook.com/sunstarphilippines/posts
2025-07-24 10:45:54,279 [INFO] [Page] sunstarphilippines: found 4 articles
2025-07-24 10:45:54,374 [INFO] [Page] sunstarphilippines: appended 0 posts
2025-07-24 10:45:54,374 [INFO] *** Scraping PAGE feed: https://www.facebook.com/PhilstarNews/posts
2025-07-24 10:46:03,756 [INFO] [Page] PhilstarNews: found 3 articles
2025-07-24 10:46:03,823 [INFO] [Page] PhilstarNews: appended 0 posts
2025-07-24 10:46:03,823 [INFO] *** Scraping PAGE feed: https://www.facebook.com/inquirerdotnet/posts
2025-07-24 10:46:13,453 [INFO] [Page] inquirerdotnet: found 3 articles
2025-07-24 10:46:13,604 [INFO] [Page] inquirerdotnet: appended 0 posts
2025-07-24 10:46:13,605 [INFO] *** Scraping PAGE feed: https://www.facebook.com/pagasa.dost.gov.ph/posts
2025-07-24 10:46:23,243 [INFO] [Page] pagasa.dost.gov.ph: found 4 articles
2025-07-24 10:46:24,529 [INFO] [Page] pagasa.dost.gov.ph: appended 2 posts
2025-07-24 10:46:24,529 [INFO] *** Scraping PAGE feed: https://www.facebook.com/davaocitydrmmc/posts
2025-07-24 10:46:33,145 [INFO] [Page] davaocitydrmmc: found 0 articles
2025-07-24 10:46:33,145 [INFO] [Page] davaocitydrmmc: appended 0 posts
2025-07-24 10:46:33,145 [INFO] *** Scraping PAGE feed: https://www.facebook.com/NDRRMC/posts
2025-07-24 10:46:42,347 [INFO] [Page] NDRRMC: found 5 articles
2025-07-24 10:46:43,596 [INFO] [Page] NDRRMC: appended 0 posts
2025-07-24 10:46:43,596 [INFO] *** Scraping PAGE feed: https://www.facebook.com/UNTVNewsRescue/posts
2025-07-24 10:46:52,790 [INFO] [Page] UNTVNewsRescue: found 4 articles
2025-07-24 10:46:52,930 [INFO] [Page] UNTVNewsRescue: appended 1 posts
2025-07-24 10:46:52,930 [INFO] *** Scraping PAGE feed: https://www.facebook.com/PIAgovernment/posts
2025-07-24 10:47:01,639 [INFO] [Page] PIAgovernment: found 0 articles
2025-07-24 10:47:01,641 [INFO] [Page] PIAgovernment: appended 0 posts
2025-07-24 10:47:01,641 [INFO] *** Scraping PAGE feed: https://www.facebook.com/DavaoDRRMO/posts
2025-07-24 10:47:11,982 [INFO] [Page] DavaoDRRMO: found 3 articles
2025-07-24 10:47:13,271 [INFO] [Page] DavaoDRRMO: appended 1 posts
2025-07-24 10:47:13,271 [INFO] *** Scraping PAGE feed: https://www.facebook.com/sunstardavaonews/posts
2025-07-24 10:47:22,496 [INFO] [Page] sunstardavaonews: found 4 articles
2025-07-24 10:47:22,606 [INFO] [Page] sunstardavaonews: appended 0 posts
2025-07-24 10:47:22,606 [INFO] *** Scraping PAGE feed: https://www.facebook.com/profile.php?id=61568208630146/posts
2025-07-24 10:47:31,741 [INFO] [Page] profile.php?id=61568208630146: found 0 articles
2025-07-24 10:47:31,742 [INFO] [Page] profile.php?id=61568208630146: appended 0 posts
2025-07-24 10:47:31,742 [INFO] *** Scraping PAGE feed: https://www.facebook.com/PHIVOLCS/posts
2025-07-24 10:47:40,964 [INFO] [Page] PHIVOLCS: found 3 articles
2025-07-24 10:47:42,181 [INFO] [Page] PHIVOLCS: appended 1 posts
2025-07-24 10:47:42,182 [INFO]  - Searching hashtag: #FloodAlert
2025-07-24 10:47:52,514 [INFO] [Hashtag] #FloodAlert: found 3 articles
2025-07-24 10:47:53,953 [INFO] [Hashtag] #FloodAlert: appended 1 posts
2025-07-24 10:47:53,954 [INFO]  - Searching hashtag: #BahaPH
2025-07-24 10:48:04,315 [INFO] [Hashtag] #BahaPH: found 3 articles
2025-07-24 10:48:05,678 [INFO] [Hashtag] #BahaPH: appended 0 posts
2025-07-24 10:48:05,678 [INFO]  - Searching hashtag: #StreetFloodAlert
2025-07-24 10:48:16,965 [INFO] [Hashtag] #StreetFloodAlert: found 3 articles
2025-07-24 10:48:18,341 [INFO] [Hashtag] #StreetFloodAlert: appended 0 posts
2025-07-24 10:48:18,342 [INFO]  - Searching hashtag: #LandslideAlert
2025-07-24 10:48:29,132 [INFO] [Hashtag] #LandslideAlert: found 3 articles
2025-07-24 10:48:30,428 [INFO] [Hashtag] #LandslideAlert: appended 0 posts
2025-07-24 10:48:30,429 [INFO]  - Searching hashtag: #LandslidePH
2025-07-24 10:48:41,686 [INFO] [Hashtag] #LandslidePH: found 3 articles
2025-07-24 10:48:42,959 [INFO] [Hashtag] #LandslidePH: appended 0 posts
2025-07-24 10:48:42,959 [INFO]  - Searching hashtag: #FireAlert
2025-07-24 10:48:53,913 [INFO] [Hashtag] #FireAlert: found 3 articles
2025-07-24 10:48:55,337 [INFO] [Hashtag] #FireAlert: appended 1 posts
2025-07-24 10:48:55,337 [INFO]  - Searching hashtag: #EarthquakeAlert
2025-07-24 10:49:05,751 [INFO] [Hashtag] #EarthquakeAlert: found 3 articles
2025-07-24 10:49:07,186 [INFO] [Hashtag] #EarthquakeAlert: appended 1 posts
2025-07-24 10:49:07,187 [INFO]  - Searching hashtag: #EarthquakePH
2025-07-24 10:49:18,363 [INFO] [Hashtag] #EarthquakePH: found 3 articles
2025-07-24 10:49:19,743 [INFO] [Hashtag] #EarthquakePH: appended 0 posts
2025-07-24 10:49:20,194 [INFO] ✅ Done! rows saved: 221
2025-07-24 11:00:03,985 [INFO] *** Scraping PAGE feed: https://www.facebook.com/abscbnNEWS/posts
2025-07-24 11:00:13,865 [INFO] [Page] abscbnNEWS: found 4 articles
2025-07-24 11:00:14,062 [INFO] [Page] abscbnNEWS: appended 1 posts
2025-07-24 11:00:14,062 [INFO] *** Scraping PAGE feed: https://www.facebook.com/rapplerdotcom/posts
2025-07-24 11:00:23,819 [INFO] [Page] rapplerdotcom: found 4 articles
2025-07-24 11:00:23,921 [INFO] [Page] rapplerdotcom: appended 0 posts
2025-07-24 11:00:23,921 [INFO] *** Scraping PAGE feed: https://www.facebook.com/gmanews/posts
2025-07-24 11:00:33,168 [INFO] [Page] gmanews: found 3 articles
2025-07-24 11:00:33,286 [INFO] [Page] gmanews: appended 1 posts
2025-07-24 11:00:33,286 [INFO] *** Scraping PAGE feed: https://www.facebook.com/manilabulletin/posts
2025-07-24 11:00:42,816 [INFO] [Page] manilabulletin: found 3 articles
2025-07-24 11:00:42,910 [INFO] [Page] manilabulletin: appended 1 posts
2025-07-24 11:00:42,910 [INFO] *** Scraping PAGE feed: https://www.facebook.com/sunstarphilippines/posts
2025-07-24 11:00:52,404 [INFO] [Page] sunstarphilippines: found 3 articles
2025-07-24 11:00:53,842 [INFO] [Page] sunstarphilippines: appended 1 posts
2025-07-24 11:00:53,842 [INFO] *** Scraping PAGE feed: https://www.facebook.com/PhilstarNews/posts
2025-07-24 11:01:03,512 [INFO] [Page] PhilstarNews: found 3 articles
2025-07-24 11:01:03,610 [INFO] [Page] PhilstarNews: appended 0 posts
2025-07-24 11:01:03,611 [INFO] *** Scraping PAGE feed: https://www.facebook.com/inquirerdotnet/posts
2025-07-24 11:01:13,515 [INFO] [Page] inquirerdotnet: found 3 articles
2025-07-24 11:01:13,637 [INFO] [Page] inquirerdotnet: appended 0 posts
2025-07-24 11:01:13,637 [INFO] *** Scraping PAGE feed: https://www.facebook.com/pagasa.dost.gov.ph/posts
2025-07-24 11:01:23,781 [INFO] [Page] pagasa.dost.gov.ph: found 4 articles
2025-07-24 11:01:25,533 [INFO] [Page] pagasa.dost.gov.ph: appended 1 posts
2025-07-24 11:01:25,533 [INFO] *** Scraping PAGE feed: https://www.facebook.com/davaocitydrmmc/posts
2025-07-24 11:01:34,202 [INFO] [Page] davaocitydrmmc: found 0 articles
2025-07-24 11:01:34,203 [INFO] [Page] davaocitydrmmc: appended 0 posts
2025-07-24 11:01:34,203 [INFO] *** Scraping PAGE feed: https://www.facebook.com/NDRRMC/posts
2025-07-24 11:01:43,531 [INFO] [Page] NDRRMC: found 3 articles
2025-07-24 11:01:45,161 [INFO] [Page] NDRRMC: appended 1 posts
2025-07-24 11:01:45,162 [INFO] *** Scraping PAGE feed: https://www.facebook.com/UNTVNewsRescue/posts
2025-07-24 11:01:54,437 [INFO] [Page] UNTVNewsRescue: found 4 articles
2025-07-24 11:01:54,597 [INFO] [Page] UNTVNewsRescue: appended 1 posts
2025-07-24 11:01:54,597 [INFO] *** Scraping PAGE feed: https://www.facebook.com/PIAgovernment/posts
2025-07-24 11:02:03,420 [INFO] [Page] PIAgovernment: found 0 articles
2025-07-24 11:02:03,420 [INFO] [Page] PIAgovernment: appended 0 posts
2025-07-24 11:02:03,420 [INFO] *** Scraping PAGE feed: https://www.facebook.com/DavaoDRRMO/posts
2025-07-24 11:02:12,914 [INFO] [Page] DavaoDRRMO: found 3 articles
2025-07-24 11:02:14,165 [INFO] [Page] DavaoDRRMO: appended 1 posts
2025-07-24 11:02:14,166 [INFO] *** Scraping PAGE feed: https://www.facebook.com/sunstardavaonews/posts
2025-07-24 11:02:23,722 [INFO] [Page] sunstardavaonews: found 4 articles
2025-07-24 11:02:23,824 [INFO] [Page] sunstardavaonews: appended 0 posts
2025-07-24 11:02:23,824 [INFO] *** Scraping PAGE feed: https://www.facebook.com/profile.php?id=61568208630146/posts
2025-07-24 11:02:33,081 [INFO] [Page] profile.php?id=61568208630146: found 0 articles
2025-07-24 11:02:33,082 [INFO] [Page] profile.php?id=61568208630146: appended 0 posts
2025-07-24 11:02:33,082 [INFO] *** Scraping PAGE feed: https://www.facebook.com/PHIVOLCS/posts
2025-07-24 11:02:42,461 [INFO] [Page] PHIVOLCS: found 3 articles
2025-07-24 11:02:43,725 [INFO] [Page] PHIVOLCS: appended 1 posts
2025-07-24 11:02:43,726 [INFO]  - Searching hashtag: #FloodAlert
2025-07-24 11:02:54,670 [INFO] [Hashtag] #FloodAlert: found 3 articles
2025-07-24 11:02:55,961 [INFO] [Hashtag] #FloodAlert: appended 1 posts
2025-07-24 11:02:55,962 [INFO]  - Searching hashtag: #BahaPH
2025-07-24 11:03:07,467 [INFO] [Hashtag] #BahaPH: found 3 articles
2025-07-24 11:03:08,770 [INFO] [Hashtag] #BahaPH: appended 0 posts
2025-07-24 11:03:08,770 [INFO]  - Searching hashtag: #StreetFloodAlert
2025-07-24 11:03:19,487 [INFO] [Hashtag] #StreetFloodAlert: found 3 articles
2025-07-24 11:03:20,795 [INFO] [Hashtag] #StreetFloodAlert: appended 0 posts
2025-07-24 11:03:20,795 [INFO]  - Searching hashtag: #LandslideAlert
2025-07-24 11:03:31,836 [INFO] [Hashtag] #LandslideAlert: found 3 articles
2025-07-24 11:03:33,377 [INFO] [Hashtag] #LandslideAlert: appended 0 posts
2025-07-24 11:03:33,378 [INFO]  - Searching hashtag: #LandslidePH
2025-07-24 11:03:43,391 [INFO] [Hashtag] #LandslidePH: found 3 articles
2025-07-24 11:03:44,980 [INFO] [Hashtag] #LandslidePH: appended 0 posts
2025-07-24 11:03:44,981 [INFO]  - Searching hashtag: #FireAlert
2025-07-24 11:03:55,342 [INFO] [Hashtag] #FireAlert: found 4 articles
2025-07-24 11:03:58,342 [INFO] [Hashtag] #FireAlert: appended 1 posts
2025-07-24 11:03:58,343 [INFO]  - Searching hashtag: #EarthquakeAlert
2025-07-24 11:04:08,872 [INFO] [Hashtag] #EarthquakeAlert: found 3 articles
2025-07-24 11:04:10,378 [INFO] [Hashtag] #EarthquakeAlert: appended 1 posts
2025-07-24 11:04:10,378 [INFO]  - Searching hashtag: #EarthquakePH
2025-07-24 11:04:22,072 [INFO] [Hashtag] #EarthquakePH: found 3 articles
2025-07-24 11:04:23,900 [INFO] [Hashtag] #EarthquakePH: appended 0 posts
2025-07-24 11:04:24,378 [INFO] ✅ Done! rows saved: 227
2025-07-24 11:15:03,122 [INFO] *** Scraping PAGE feed: https://www.facebook.com/abscbnNEWS/posts
2025-07-24 11:15:13,041 [INFO] [Page] abscbnNEWS: found 4 articles
2025-07-24 11:15:13,251 [INFO] [Page] abscbnNEWS: appended 1 posts
2025-07-24 11:15:13,251 [INFO] *** Scraping PAGE feed: https://www.facebook.com/rapplerdotcom/posts
2025-07-24 11:15:22,876 [INFO] [Page] rapplerdotcom: found 3 articles
2025-07-24 11:15:22,999 [INFO] [Page] rapplerdotcom: appended 1 posts
2025-07-24 11:15:22,999 [INFO] *** Scraping PAGE feed: https://www.facebook.com/gmanews/posts
2025-07-24 11:15:32,109 [INFO] [Page] gmanews: found 4 articles
2025-07-24 11:15:32,227 [INFO] [Page] gmanews: appended 0 posts
2025-07-24 11:15:32,228 [INFO] *** Scraping PAGE feed: https://www.facebook.com/manilabulletin/posts
2025-07-24 11:15:42,181 [INFO] [Page] manilabulletin: found 4 articles
2025-07-24 11:15:42,303 [INFO] [Page] manilabulletin: appended 0 posts
2025-07-24 11:15:42,303 [INFO] *** Scraping PAGE feed: https://www.facebook.com/sunstarphilippines/posts
2025-07-24 11:15:51,759 [INFO] [Page] sunstarphilippines: found 3 articles
2025-07-24 11:15:51,840 [INFO] [Page] sunstarphilippines: appended 1 posts
2025-07-24 11:15:51,840 [INFO] *** Scraping PAGE feed: https://www.facebook.com/PhilstarNews/posts
2025-07-24 11:16:01,763 [INFO] [Page] PhilstarNews: found 3 articles
2025-07-24 11:16:01,854 [INFO] [Page] PhilstarNews: appended 1 posts
2025-07-24 11:16:01,854 [INFO] *** Scraping PAGE feed: https://www.facebook.com/inquirerdotnet/posts
2025-07-24 11:16:11,021 [INFO] [Page] inquirerdotnet: found 3 articles
2025-07-24 11:16:11,100 [INFO] [Page] inquirerdotnet: appended 0 posts
2025-07-24 11:16:11,100 [INFO] *** Scraping PAGE feed: https://www.facebook.com/pagasa.dost.gov.ph/posts
2025-07-24 11:16:20,812 [INFO] [Page] pagasa.dost.gov.ph: found 4 articles
2025-07-24 11:16:22,819 [INFO] [Page] pagasa.dost.gov.ph: appended 1 posts
2025-07-24 11:16:22,820 [INFO] *** Scraping PAGE feed: https://www.facebook.com/davaocitydrmmc/posts
2025-07-24 11:16:31,618 [INFO] [Page] davaocitydrmmc: found 0 articles
2025-07-24 11:16:31,619 [INFO] [Page] davaocitydrmmc: appended 0 posts
2025-07-24 11:16:31,619 [INFO] *** Scraping PAGE feed: https://www.facebook.com/NDRRMC/posts
2025-07-24 11:16:40,945 [INFO] [Page] NDRRMC: found 3 articles
2025-07-24 11:16:42,243 [INFO] [Page] NDRRMC: appended 1 posts
2025-07-24 11:16:42,243 [INFO] *** Scraping PAGE feed: https://www.facebook.com/UNTVNewsRescue/posts
2025-07-24 11:16:51,493 [INFO] [Page] UNTVNewsRescue: found 4 articles
2025-07-24 11:16:51,632 [INFO] [Page] UNTVNewsRescue: appended 1 posts
2025-07-24 11:16:51,632 [INFO] *** Scraping PAGE feed: https://www.facebook.com/PIAgovernment/posts
2025-07-24 11:17:00,186 [INFO] [Page] PIAgovernment: found 0 articles
2025-07-24 11:17:00,187 [INFO] [Page] PIAgovernment: appended 0 posts
2025-07-24 11:17:00,187 [INFO] *** Scraping PAGE feed: https://www.facebook.com/DavaoDRRMO/posts
2025-07-24 11:17:09,743 [INFO] [Page] DavaoDRRMO: found 3 articles
2025-07-24 11:17:11,112 [INFO] [Page] DavaoDRRMO: appended 1 posts
2025-07-24 11:17:11,113 [INFO] *** Scraping PAGE feed: https://www.facebook.com/sunstardavaonews/posts
2025-07-24 11:17:20,690 [INFO] [Page] sunstardavaonews: found 4 articles
2025-07-24 11:17:20,880 [INFO] [Page] sunstardavaonews: appended 0 posts
2025-07-24 11:17:20,881 [INFO] *** Scraping PAGE feed: https://www.facebook.com/profile.php?id=61568208630146/posts
2025-07-24 11:17:30,284 [INFO] [Page] profile.php?id=61568208630146: found 0 articles
2025-07-24 11:17:30,285 [INFO] [Page] profile.php?id=61568208630146: appended 0 posts
2025-07-24 11:17:30,285 [INFO] *** Scraping PAGE feed: https://www.facebook.com/PHIVOLCS/posts
2025-07-24 11:17:39,867 [INFO] [Page] PHIVOLCS: found 3 articles
2025-07-24 11:17:41,374 [INFO] [Page] PHIVOLCS: appended 1 posts
2025-07-24 11:17:41,374 [INFO]  - Searching hashtag: #FloodAlert
2025-07-24 11:17:51,451 [INFO] [Hashtag] #FloodAlert: found 4 articles
2025-07-24 11:17:53,198 [INFO] [Hashtag] #FloodAlert: appended 1 posts
2025-07-24 11:17:53,199 [INFO]  - Searching hashtag: #BahaPH
2025-07-24 11:18:04,272 [INFO] [Hashtag] #BahaPH: found 3 articles
2025-07-24 11:18:04,525 [INFO] [Hashtag] #BahaPH: appended 0 posts
2025-07-24 11:18:04,525 [INFO]  - Searching hashtag: #StreetFloodAlert
2025-07-24 11:18:15,291 [INFO] [Hashtag] #StreetFloodAlert: found 3 articles
2025-07-24 11:18:16,826 [INFO] [Hashtag] #StreetFloodAlert: appended 0 posts
2025-07-24 11:18:16,826 [INFO]  - Searching hashtag: #LandslideAlert
2025-07-24 11:18:26,986 [INFO] [Hashtag] #LandslideAlert: found 3 articles
2025-07-24 11:18:28,403 [INFO] [Hashtag] #LandslideAlert: appended 0 posts
2025-07-24 11:18:28,404 [INFO]  - Searching hashtag: #LandslidePH
2025-07-24 11:18:38,444 [INFO] [Hashtag] #LandslidePH: found 3 articles
2025-07-24 11:18:39,924 [INFO] [Hashtag] #LandslidePH: appended 0 posts
2025-07-24 11:18:39,924 [INFO]  - Searching hashtag: #FireAlert
2025-07-24 11:18:50,359 [INFO] [Hashtag] #FireAlert: found 4 articles
2025-07-24 11:18:53,368 [INFO] [Hashtag] #FireAlert: appended 1 posts
2025-07-24 11:18:53,369 [INFO]  - Searching hashtag: #EarthquakeAlert
2025-07-24 11:19:04,211 [INFO] [Hashtag] #EarthquakeAlert: found 3 articles
2025-07-24 11:19:05,665 [INFO] [Hashtag] #EarthquakeAlert: appended 1 posts
2025-07-24 11:19:05,665 [INFO]  - Searching hashtag: #EarthquakePH
2025-07-24 11:19:16,302 [INFO] [Hashtag] #EarthquakePH: found 3 articles
2025-07-24 11:19:17,758 [INFO] [Hashtag] #EarthquakePH: appended 0 posts
2025-07-24 11:19:18,230 [INFO] ✅ Done! rows saved: 232
2025-07-24 11:30:03,839 [INFO] *** Scraping PAGE feed: https://www.facebook.com/abscbnNEWS/posts
2025-07-24 11:30:15,455 [INFO] [Page] abscbnNEWS: found 3 articles
2025-07-24 11:30:15,553 [INFO] [Page] abscbnNEWS: appended 0 posts
2025-07-24 11:30:15,553 [INFO] *** Scraping PAGE feed: https://www.facebook.com/rapplerdotcom/posts
2025-07-24 11:30:25,752 [INFO] [Page] rapplerdotcom: found 3 articles
2025-07-24 11:30:26,990 [INFO] [Page] rapplerdotcom: appended 1 posts
2025-07-24 11:30:26,991 [INFO] *** Scraping PAGE feed: https://www.facebook.com/gmanews/posts
2025-07-24 11:30:36,392 [INFO] [Page] gmanews: found 3 articles
2025-07-24 11:30:36,459 [INFO] [Page] gmanews: appended 0 posts
2025-07-24 11:30:36,459 [INFO] *** Scraping PAGE feed: https://www.facebook.com/manilabulletin/posts
2025-07-24 11:30:46,084 [INFO] [Page] manilabulletin: found 4 articles
2025-07-24 11:30:46,440 [INFO] [Page] manilabulletin: appended 1 posts
2025-07-24 11:30:46,440 [INFO] *** Scraping PAGE feed: https://www.facebook.com/sunstarphilippines/posts
2025-07-24 11:30:56,597 [INFO] [Page] sunstarphilippines: found 3 articles
2025-07-24 11:30:57,944 [INFO] [Page] sunstarphilippines: appended 1 posts
2025-07-24 11:30:57,945 [INFO] *** Scraping PAGE feed: https://www.facebook.com/PhilstarNews/posts
2025-07-24 11:31:08,471 [INFO] [Page] PhilstarNews: found 4 articles
2025-07-24 11:31:09,868 [INFO] [Page] PhilstarNews: appended 0 posts
2025-07-24 11:31:09,869 [INFO] *** Scraping PAGE feed: https://www.facebook.com/inquirerdotnet/posts
2025-07-24 11:31:19,687 [INFO] [Page] inquirerdotnet: found 3 articles
2025-07-24 11:31:19,809 [INFO] [Page] inquirerdotnet: appended 0 posts
2025-07-24 11:31:19,809 [INFO] *** Scraping PAGE feed: https://www.facebook.com/pagasa.dost.gov.ph/posts
2025-07-24 11:31:29,826 [INFO] [Page] pagasa.dost.gov.ph: found 4 articles
2025-07-24 11:31:32,616 [INFO] [Page] pagasa.dost.gov.ph: appended 1 posts
2025-07-24 11:31:32,616 [INFO] *** Scraping PAGE feed: https://www.facebook.com/davaocitydrmmc/posts
2025-07-24 11:31:41,394 [INFO] [Page] davaocitydrmmc: found 0 articles
2025-07-24 11:31:41,395 [INFO] [Page] davaocitydrmmc: appended 0 posts
2025-07-24 11:31:41,395 [INFO] *** Scraping PAGE feed: https://www.facebook.com/NDRRMC/posts
2025-07-24 11:31:51,180 [INFO] [Page] NDRRMC: found 4 articles
2025-07-24 11:31:52,847 [INFO] [Page] NDRRMC: appended 2 posts
2025-07-24 11:31:52,848 [INFO] *** Scraping PAGE feed: https://www.facebook.com/UNTVNewsRescue/posts
2025-07-24 11:32:02,650 [INFO] [Page] UNTVNewsRescue: found 5 articles
2025-07-24 11:32:04,564 [INFO] [Page] UNTVNewsRescue: appended 1 posts
2025-07-24 11:32:04,565 [INFO] *** Scraping PAGE feed: https://www.facebook.com/PIAgovernment/posts
2025-07-24 11:32:13,379 [INFO] [Page] PIAgovernment: found 0 articles
2025-07-24 11:32:13,380 [INFO] [Page] PIAgovernment: appended 0 posts
2025-07-24 11:32:13,380 [INFO] *** Scraping PAGE feed: https://www.facebook.com/DavaoDRRMO/posts
2025-07-24 11:32:22,970 [INFO] [Page] DavaoDRRMO: found 3 articles
2025-07-24 11:32:24,382 [INFO] [Page] DavaoDRRMO: appended 1 posts
2025-07-24 11:32:24,382 [INFO] *** Scraping PAGE feed: https://www.facebook.com/sunstardavaonews/posts
2025-07-24 11:32:34,203 [INFO] [Page] sunstardavaonews: found 3 articles
2025-07-24 11:32:34,355 [INFO] [Page] sunstardavaonews: appended 1 posts
2025-07-24 11:32:34,355 [INFO] *** Scraping PAGE feed: https://www.facebook.com/profile.php?id=61568208630146/posts
2025-07-24 11:32:43,623 [INFO] [Page] profile.php?id=61568208630146: found 0 articles
2025-07-24 11:32:43,625 [INFO] [Page] profile.php?id=61568208630146: appended 0 posts
2025-07-24 11:32:43,625 [INFO] *** Scraping PAGE feed: https://www.facebook.com/PHIVOLCS/posts
2025-07-24 11:32:53,654 [INFO] [Page] PHIVOLCS: found 3 articles
2025-07-24 11:32:55,078 [INFO] [Page] PHIVOLCS: appended 1 posts
2025-07-24 11:32:55,079 [INFO]  - Searching hashtag: #FloodAlert
2025-07-24 11:33:06,027 [INFO] [Hashtag] #FloodAlert: found 4 articles
2025-07-24 11:33:07,860 [INFO] [Hashtag] #FloodAlert: appended 1 posts
2025-07-24 11:33:07,860 [INFO]  - Searching hashtag: #BahaPH
2025-07-24 11:33:18,916 [INFO] [Hashtag] #BahaPH: found 3 articles
2025-07-24 11:33:20,428 [INFO] [Hashtag] #BahaPH: appended 0 posts
2025-07-24 11:33:20,428 [INFO]  - Searching hashtag: #StreetFloodAlert
2025-07-24 11:33:31,371 [INFO] [Hashtag] #StreetFloodAlert: found 3 articles
2025-07-24 11:33:32,935 [INFO] [Hashtag] #StreetFloodAlert: appended 0 posts
2025-07-24 11:33:32,935 [INFO]  - Searching hashtag: #LandslideAlert
2025-07-24 11:33:43,471 [INFO] [Hashtag] #LandslideAlert: found 3 articles
2025-07-24 11:33:44,903 [INFO] [Hashtag] #LandslideAlert: appended 0 posts
2025-07-24 11:33:44,903 [INFO]  - Searching hashtag: #LandslidePH
2025-07-24 11:33:55,014 [INFO] [Hashtag] #LandslidePH: found 3 articles
2025-07-24 11:33:56,542 [INFO] [Hashtag] #LandslidePH: appended 0 posts
2025-07-24 11:33:56,543 [INFO]  - Searching hashtag: #FireAlert
2025-07-24 11:34:06,963 [INFO] [Hashtag] #FireAlert: found 4 articles
2025-07-24 11:34:09,954 [INFO] [Hashtag] #FireAlert: appended 1 posts
2025-07-24 11:34:09,954 [INFO]  - Searching hashtag: #EarthquakeAlert
2025-07-24 11:34:20,613 [INFO] [Hashtag] #EarthquakeAlert: found 3 articles
2025-07-24 11:34:22,454 [INFO] [Hashtag] #EarthquakeAlert: appended 0 posts
2025-07-24 11:34:22,454 [INFO]  - Searching hashtag: #EarthquakePH
2025-07-24 11:34:33,345 [INFO] [Hashtag] #EarthquakePH: found 3 articles
2025-07-24 11:34:34,839 [INFO] [Hashtag] #EarthquakePH: appended 0 posts
2025-07-24 11:34:35,317 [INFO] ✅ Done! rows saved: 240
2025-07-24 11:45:04,342 [INFO] *** Scraping PAGE feed: https://www.facebook.com/abscbnNEWS/posts
2025-07-24 11:45:14,786 [INFO] [Page] abscbnNEWS: found 3 articles
2025-07-24 11:45:14,919 [INFO] [Page] abscbnNEWS: appended 0 posts
2025-07-24 11:45:14,919 [INFO] *** Scraping PAGE feed: https://www.facebook.com/rapplerdotcom/posts
2025-07-24 11:45:24,680 [INFO] [Page] rapplerdotcom: found 3 articles
2025-07-24 11:45:24,788 [INFO] [Page] rapplerdotcom: appended 1 posts
2025-07-24 11:45:24,788 [INFO] *** Scraping PAGE feed: https://www.facebook.com/gmanews/posts
2025-07-24 11:45:34,008 [INFO] [Page] gmanews: found 4 articles
2025-07-24 11:45:35,313 [INFO] [Page] gmanews: appended 1 posts
2025-07-24 11:45:35,314 [INFO] *** Scraping PAGE feed: https://www.facebook.com/manilabulletin/posts
2025-07-24 11:45:45,126 [INFO] [Page] manilabulletin: found 3 articles
2025-07-24 11:45:46,387 [INFO] [Page] manilabulletin: appended 1 posts
2025-07-24 11:45:46,387 [INFO] *** Scraping PAGE feed: https://www.facebook.com/sunstarphilippines/posts
2025-07-24 11:45:56,094 [INFO] [Page] sunstarphilippines: found 3 articles
2025-07-24 11:45:56,189 [INFO] [Page] sunstarphilippines: appended 1 posts
2025-07-24 11:45:56,190 [INFO] *** Scraping PAGE feed: https://www.facebook.com/PhilstarNews/posts
2025-07-24 11:46:05,718 [INFO] [Page] PhilstarNews: found 3 articles
2025-07-24 11:46:05,909 [INFO] [Page] PhilstarNews: appended 1 posts
2025-07-24 11:46:05,909 [INFO] *** Scraping PAGE feed: https://www.facebook.com/inquirerdotnet/posts
2025-07-24 11:46:15,494 [INFO] [Page] inquirerdotnet: found 3 articles
2025-07-24 11:46:15,656 [INFO] [Page] inquirerdotnet: appended 0 posts
2025-07-24 11:46:15,656 [INFO] *** Scraping PAGE feed: https://www.facebook.com/pagasa.dost.gov.ph/posts
2025-07-24 11:46:25,670 [INFO] [Page] pagasa.dost.gov.ph: found 3 articles
2025-07-24 11:46:25,878 [INFO] [Page] pagasa.dost.gov.ph: appended 1 posts
2025-07-24 11:46:25,878 [INFO] *** Scraping PAGE feed: https://www.facebook.com/davaocitydrmmc/posts
2025-07-24 11:46:34,724 [INFO] [Page] davaocitydrmmc: found 0 articles
2025-07-24 11:46:34,725 [INFO] [Page] davaocitydrmmc: appended 0 posts
2025-07-24 11:46:34,725 [INFO] *** Scraping PAGE feed: https://www.facebook.com/NDRRMC/posts
2025-07-24 11:46:45,235 [INFO] [Page] NDRRMC: found 7 articles
2025-07-24 11:46:47,354 [INFO] [Page] NDRRMC: appended 1 posts
2025-07-24 11:46:47,354 [INFO] *** Scraping PAGE feed: https://www.facebook.com/UNTVNewsRescue/posts
2025-07-24 11:46:56,628 [INFO] [Page] UNTVNewsRescue: found 3 articles
2025-07-24 11:46:56,874 [INFO] [Page] UNTVNewsRescue: appended 0 posts
2025-07-24 11:46:56,874 [INFO] *** Scraping PAGE feed: https://www.facebook.com/PIAgovernment/posts
2025-07-24 11:47:05,685 [INFO] [Page] PIAgovernment: found 0 articles
2025-07-24 11:47:05,686 [INFO] [Page] PIAgovernment: appended 0 posts
2025-07-24 11:47:05,686 [INFO] *** Scraping PAGE feed: https://www.facebook.com/DavaoDRRMO/posts
2025-07-24 11:47:15,400 [INFO] [Page] DavaoDRRMO: found 3 articles
2025-07-24 11:47:16,803 [INFO] [Page] DavaoDRRMO: appended 1 posts
2025-07-24 11:47:16,803 [INFO] *** Scraping PAGE feed: https://www.facebook.com/sunstardavaonews/posts
2025-07-24 11:47:26,610 [INFO] [Page] sunstardavaonews: found 3 articles
2025-07-24 11:47:26,750 [INFO] [Page] sunstardavaonews: appended 0 posts
2025-07-24 11:47:26,750 [INFO] *** Scraping PAGE feed: https://www.facebook.com/profile.php?id=61568208630146/posts
2025-07-24 11:47:36,066 [INFO] [Page] profile.php?id=61568208630146: found 0 articles
2025-07-24 11:47:36,071 [INFO] [Page] profile.php?id=61568208630146: appended 0 posts
2025-07-24 11:47:36,072 [INFO] *** Scraping PAGE feed: https://www.facebook.com/PHIVOLCS/posts
2025-07-24 11:47:46,138 [INFO] [Page] PHIVOLCS: found 3 articles
2025-07-24 11:47:47,791 [INFO] [Page] PHIVOLCS: appended 1 posts
2025-07-24 11:47:47,792 [INFO]  - Searching hashtag: #FloodAlert
2025-07-24 11:47:58,077 [INFO] [Hashtag] #FloodAlert: found 4 articles
2025-07-24 11:47:58,419 [INFO] [Hashtag] #FloodAlert: appended 0 posts
2025-07-24 11:47:58,420 [INFO]  - Searching hashtag: #BahaPH
2025-07-24 11:48:09,089 [INFO] [Hashtag] #BahaPH: found 3 articles
2025-07-24 11:48:09,352 [INFO] [Hashtag] #BahaPH: appended 0 posts
2025-07-24 11:48:09,353 [INFO]  - Searching hashtag: #StreetFloodAlert
2025-07-24 11:48:19,360 [INFO] [Hashtag] #StreetFloodAlert: found 3 articles
2025-07-24 11:48:21,054 [INFO] [Hashtag] #StreetFloodAlert: appended 0 posts
2025-07-24 11:48:21,054 [INFO]  - Searching hashtag: #LandslideAlert
2025-07-24 11:48:31,079 [INFO] [Hashtag] #LandslideAlert: found 3 articles
2025-07-24 11:48:32,585 [INFO] [Hashtag] #LandslideAlert: appended 0 posts
2025-07-24 11:48:32,586 [INFO]  - Searching hashtag: #LandslidePH
2025-07-24 11:48:43,358 [INFO] [Hashtag] #LandslidePH: found 3 articles
2025-07-24 11:48:44,882 [INFO] [Hashtag] #LandslidePH: appended 0 posts
2025-07-24 11:48:44,882 [INFO]  - Searching hashtag: #FireAlert
2025-07-24 11:48:55,528 [INFO] [Hashtag] #FireAlert: found 4 articles
2025-07-24 11:48:58,575 [INFO] [Hashtag] #FireAlert: appended 1 posts
2025-07-24 11:48:58,576 [INFO]  - Searching hashtag: #EarthquakeAlert
2025-07-24 11:49:08,650 [INFO] [Hashtag] #EarthquakeAlert: found 3 articles
2025-07-24 11:49:10,437 [INFO] [Hashtag] #EarthquakeAlert: appended 0 posts
2025-07-24 11:49:10,437 [INFO]  - Searching hashtag: #EarthquakePH
2025-07-24 11:49:20,859 [INFO] [Hashtag] #EarthquakePH: found 3 articles
2025-07-24 11:49:22,388 [INFO] [Hashtag] #EarthquakePH: appended 0 posts
2025-07-24 11:49:22,887 [INFO] ✅ Done! rows saved: 247
2025-07-24 12:02:56,045 [WARNING] There was an error managing chromedriver (error sending request for url (https://googlechromelabs.github.io/chrome-for-testing/known-good-versions-with-downloads.json)); using driver found in the cache
2025-07-24 12:02:58,263 [INFO] *** Scraping PAGE feed: https://www.facebook.com/abscbnNEWS/posts
2025-07-24 12:03:47,079 [INFO] [Page] abscbnNEWS: found 3 articles
2025-07-24 12:03:47,186 [INFO] [Page] abscbnNEWS: appended 0 posts
2025-07-24 12:03:47,186 [INFO] *** Scraping PAGE feed: https://www.facebook.com/rapplerdotcom/posts
2025-07-24 12:04:03,260 [INFO] [Page] rapplerdotcom: found 0 articles
2025-07-24 12:04:03,261 [INFO] [Page] rapplerdotcom: appended 0 posts
2025-07-24 12:04:03,261 [INFO] *** Scraping PAGE feed: https://www.facebook.com/gmanews/posts
Traceback (most recent call last):
  File "/Users/prettyfaith/Documents/Github/thesis-disaster-chatbot/socmed_disaster_scraper.py", line 192, in <module>
    driver.get(feed_url)
    ~~~~~~~~~~^^^^^^^^^^
  File "/Library/Frameworks/Python.framework/Versions/3.13/lib/python3.13/site-packages/selenium/webdriver/remote/webdriver.py", line 454, in get
    self.execute(Command.GET, {"url": url})
    ~~~~~~~~~~~~^^^^^^^^^^^^^^^^^^^^^^^^^^^
  File "/Library/Frameworks/Python.framework/Versions/3.13/lib/python3.13/site-packages/selenium/webdriver/remote/webdriver.py", line 429, in execute
    self.error_handler.check_response(response)
    ~~~~~~~~~~~~~~~~~~~~~~~~~~~~~~~~~^^^^^^^^^^
  File "/Library/Frameworks/Python.framework/Versions/3.13/lib/python3.13/site-packages/selenium/webdriver/remote/errorhandler.py", line 232, in check_response
    raise exception_class(message, screen, stacktrace)
selenium.common.exceptions.WebDriverException: Message: unknown error: net::ERR_INTERNET_DISCONNECTED
  (Session info: chrome=138.0.7204.168)
Stacktrace:
0   chromedriver                        0x0000000100853570 cxxbridge1$str$ptr + 2731064
1   chromedriver                        0x000000010084b468 cxxbridge1$str$ptr + 2698032
2   chromedriver                        0x000000010039a3f8 cxxbridge1$string$len + 90664
3   chromedriver                        0x0000000100392828 cxxbridge1$string$len + 58968
4   chromedriver                        0x0000000100385480 cxxbridge1$string$len + 4784
5   chromedriver                        0x0000000100386e84 cxxbridge1$string$len + 11444
6   chromedriver                        0x00000001003858d4 cxxbridge1$string$len + 5892
7   chromedriver                        0x0000000100385228 cxxbridge1$string$len + 4184
8   chromedriver                        0x0000000100384f74 cxxbridge1$string$len + 3492
9   chromedriver                        0x0000000100382d2c chromedriver + 191788
10  chromedriver                        0x0000000100383788 chromedriver + 194440
11  chromedriver                        0x000000010039d45c cxxbridge1$string$len + 103052
12  chromedriver                        0x0000000100423590 cxxbridge1$string$len + 652224
13  chromedriver                        0x0000000100422b1c cxxbridge1$string$len + 649548
14  chromedriver                        0x00000001003d5a0c cxxbridge1$string$len + 333884
15  chromedriver                        0x00000001008165f4 cxxbridge1$str$ptr + 2481340
16  chromedriver                        0x000000010081985c cxxbridge1$str$ptr + 2494244
17  chromedriver                        0x00000001007f7248 cxxbridge1$str$ptr + 2353424
18  chromedriver                        0x000000010081a118 cxxbridge1$str$ptr + 2496480
19  chromedriver                        0x00000001007e82f8 cxxbridge1$str$ptr + 2292160
20  chromedriver                        0x000000010083a00c cxxbridge1$str$ptr + 2627284
21  chromedriver                        0x000000010083a198 cxxbridge1$str$ptr + 2627680
22  chromedriver                        0x000000010084b0a4 cxxbridge1$str$ptr + 2697068
23  libsystem_pthread.dylib             0x000000018706ec0c _pthread_start + 136
24  libsystem_pthread.dylib             0x0000000187069b80 thread_start + 8

2025-07-24 12:15:04,760 [INFO] *** Scraping PAGE feed: https://www.facebook.com/abscbnNEWS/posts
2025-07-24 12:15:14,758 [INFO] [Page] abscbnNEWS: found 4 articles
2025-07-24 12:15:14,934 [INFO] [Page] abscbnNEWS: appended 1 posts
2025-07-24 12:15:14,934 [INFO] *** Scraping PAGE feed: https://www.facebook.com/rapplerdotcom/posts
2025-07-24 12:15:24,653 [INFO] [Page] rapplerdotcom: found 4 articles
2025-07-24 12:15:24,756 [INFO] [Page] rapplerdotcom: appended 0 posts
2025-07-24 12:15:24,756 [INFO] *** Scraping PAGE feed: https://www.facebook.com/gmanews/posts
2025-07-24 12:15:34,122 [INFO] [Page] gmanews: found 3 articles
2025-07-24 12:15:34,244 [INFO] [Page] gmanews: appended 1 posts
2025-07-24 12:15:34,244 [INFO] *** Scraping PAGE feed: https://www.facebook.com/manilabulletin/posts
2025-07-24 12:15:43,837 [INFO] [Page] manilabulletin: found 3 articles
2025-07-24 12:15:43,933 [INFO] [Page] manilabulletin: appended 0 posts
2025-07-24 12:15:43,933 [INFO] *** Scraping PAGE feed: https://www.facebook.com/sunstarphilippines/posts
2025-07-24 12:15:53,800 [INFO] [Page] sunstarphilippines: found 3 articles
2025-07-24 12:15:53,918 [INFO] [Page] sunstarphilippines: appended 1 posts
2025-07-24 12:15:53,918 [INFO] *** Scraping PAGE feed: https://www.facebook.com/PhilstarNews/posts
2025-07-24 12:16:03,291 [INFO] [Page] PhilstarNews: found 3 articles
2025-07-24 12:16:03,446 [INFO] [Page] PhilstarNews: appended 0 posts
2025-07-24 12:16:03,446 [INFO] *** Scraping PAGE feed: https://www.facebook.com/inquirerdotnet/posts
2025-07-24 12:16:12,660 [INFO] [Page] inquirerdotnet: found 3 articles
2025-07-24 12:16:12,746 [INFO] [Page] inquirerdotnet: appended 0 posts
2025-07-24 12:16:12,746 [INFO] *** Scraping PAGE feed: https://www.facebook.com/pagasa.dost.gov.ph/posts
2025-07-24 12:16:22,216 [INFO] [Page] pagasa.dost.gov.ph: found 3 articles
2025-07-24 12:16:22,392 [INFO] [Page] pagasa.dost.gov.ph: appended 1 posts
2025-07-24 12:16:22,392 [INFO] *** Scraping PAGE feed: https://www.facebook.com/davaocitydrmmc/posts
2025-07-24 12:16:31,188 [INFO] [Page] davaocitydrmmc: found 0 articles
2025-07-24 12:16:31,189 [INFO] [Page] davaocitydrmmc: appended 0 posts
2025-07-24 12:16:31,189 [INFO] *** Scraping PAGE feed: https://www.facebook.com/NDRRMC/posts
2025-07-24 12:16:40,268 [INFO] [Page] NDRRMC: found 4 articles
2025-07-24 12:16:41,618 [INFO] [Page] NDRRMC: appended 2 posts
2025-07-24 12:16:41,618 [INFO] *** Scraping PAGE feed: https://www.facebook.com/UNTVNewsRescue/posts
2025-07-24 12:16:50,777 [INFO] [Page] UNTVNewsRescue: found 4 articles
2025-07-24 12:16:52,176 [INFO] [Page] UNTVNewsRescue: appended 0 posts
2025-07-24 12:16:52,177 [INFO] *** Scraping PAGE feed: https://www.facebook.com/PIAgovernment/posts
2025-07-24 12:17:00,862 [INFO] [Page] PIAgovernment: found 0 articles
2025-07-24 12:17:00,862 [INFO] [Page] PIAgovernment: appended 0 posts
2025-07-24 12:17:00,862 [INFO] *** Scraping PAGE feed: https://www.facebook.com/DavaoDRRMO/posts
2025-07-24 12:17:10,570 [INFO] [Page] DavaoDRRMO: found 3 articles
2025-07-24 12:17:12,105 [INFO] [Page] DavaoDRRMO: appended 1 posts
2025-07-24 12:17:12,105 [INFO] *** Scraping PAGE feed: https://www.facebook.com/sunstardavaonews/posts
2025-07-24 12:17:21,997 [INFO] [Page] sunstardavaonews: found 3 articles
2025-07-24 12:17:22,154 [INFO] [Page] sunstardavaonews: appended 0 posts
2025-07-24 12:17:22,154 [INFO] *** Scraping PAGE feed: https://www.facebook.com/profile.php?id=61568208630146/posts
2025-07-24 12:17:31,757 [INFO] [Page] profile.php?id=61568208630146: found 0 articles
2025-07-24 12:17:31,759 [INFO] [Page] profile.php?id=61568208630146: appended 0 posts
2025-07-24 12:17:31,759 [INFO] *** Scraping PAGE feed: https://www.facebook.com/PHIVOLCS/posts
2025-07-24 12:17:41,996 [INFO] [Page] PHIVOLCS: found 3 articles
2025-07-24 12:17:43,678 [INFO] [Page] PHIVOLCS: appended 1 posts
2025-07-24 12:17:43,678 [INFO]  - Searching hashtag: #FloodAlert
2025-07-24 12:17:54,046 [INFO] [Hashtag] #FloodAlert: found 4 articles
2025-07-24 12:17:54,610 [INFO] [Hashtag] #FloodAlert: appended 0 posts
2025-07-24 12:17:54,611 [INFO]  - Searching hashtag: #BahaPH
2025-07-24 12:18:05,342 [INFO] [Hashtag] #BahaPH: found 3 articles
2025-07-24 12:18:05,697 [INFO] [Hashtag] #BahaPH: appended 0 posts
2025-07-24 12:18:05,697 [INFO]  - Searching hashtag: #StreetFloodAlert
2025-07-24 12:18:16,193 [INFO] [Hashtag] #StreetFloodAlert: found 3 articles
2025-07-24 12:18:17,903 [INFO] [Hashtag] #StreetFloodAlert: appended 0 posts
2025-07-24 12:18:17,904 [INFO]  - Searching hashtag: #LandslideAlert
2025-07-24 12:18:27,875 [INFO] [Hashtag] #LandslideAlert: found 3 articles
2025-07-24 12:18:29,427 [INFO] [Hashtag] #LandslideAlert: appended 0 posts
2025-07-24 12:18:29,427 [INFO]  - Searching hashtag: #LandslidePH
2025-07-24 12:18:40,277 [INFO] [Hashtag] #LandslidePH: found 3 articles
2025-07-24 12:18:41,761 [INFO] [Hashtag] #LandslidePH: appended 0 posts
2025-07-24 12:18:41,762 [INFO]  - Searching hashtag: #FireAlert
2025-07-24 12:18:52,439 [INFO] [Hashtag] #FireAlert: found 4 articles
2025-07-24 12:18:55,491 [INFO] [Hashtag] #FireAlert: appended 1 posts
2025-07-24 12:18:55,491 [INFO]  - Searching hashtag: #EarthquakeAlert
2025-07-24 12:19:06,348 [INFO] [Hashtag] #EarthquakeAlert: found 3 articles
2025-07-24 12:19:08,213 [INFO] [Hashtag] #EarthquakeAlert: appended 0 posts
2025-07-24 12:19:08,213 [INFO]  - Searching hashtag: #EarthquakePH
2025-07-24 12:19:18,544 [INFO] [Hashtag] #EarthquakePH: found 3 articles
2025-07-24 12:19:20,146 [INFO] [Hashtag] #EarthquakePH: appended 0 posts
2025-07-24 12:19:20,607 [INFO] ✅ Done! rows saved: 252
2025-07-24 13:50:02,701 [WARNING] There was an error managing chromedriver (error sending request for url (https://googlechromelabs.github.io/chrome-for-testing/known-good-versions-with-downloads.json)); using driver found in the cache
2025-07-24 13:50:02,703 [WARNING] Error sending stats to Plausible: error sending request for url (https://plausible.io/api/event)
2025-07-24 13:50:04,201 [INFO] *** Scraping PAGE feed: https://www.facebook.com/abscbnNEWS/posts
2025-07-24 13:51:32,689 [INFO] [Page] abscbnNEWS: found 0 articles
2025-07-24 13:51:32,690 [INFO] [Page] abscbnNEWS: appended 0 posts
2025-07-24 13:51:32,690 [INFO] *** Scraping PAGE feed: https://www.facebook.com/rapplerdotcom/posts
Traceback (most recent call last):
  File "/Library/Frameworks/Python.framework/Versions/3.13/lib/python3.13/site-packages/urllib3/connectionpool.py", line 534, in _make_request
    response = conn.getresponse()
  File "/Library/Frameworks/Python.framework/Versions/3.13/lib/python3.13/site-packages/urllib3/connection.py", line 516, in getresponse
    httplib_response = super().getresponse()
  File "/Library/Frameworks/Python.framework/Versions/3.13/lib/python3.13/http/client.py", line 1428, in getresponse
    response.begin()
    ~~~~~~~~~~~~~~^^
  File "/Library/Frameworks/Python.framework/Versions/3.13/lib/python3.13/http/client.py", line 331, in begin
    version, status, reason = self._read_status()
                              ~~~~~~~~~~~~~~~~~^^
  File "/Library/Frameworks/Python.framework/Versions/3.13/lib/python3.13/http/client.py", line 292, in _read_status
    line = str(self.fp.readline(_MAXLINE + 1), "iso-8859-1")
               ~~~~~~~~~~~~~~~~^^^^^^^^^^^^^^
  File "/Library/Frameworks/Python.framework/Versions/3.13/lib/python3.13/socket.py", line 719, in readinto
    return self._sock.recv_into(b)
           ~~~~~~~~~~~~~~~~~~~~^^^
TimeoutError: timed out

The above exception was the direct cause of the following exception:

Traceback (most recent call last):
  File "/Users/prettyfaith/Documents/Github/thesis-disaster-chatbot/socmed_disaster_scraper.py", line 192, in <module>
    driver.get(feed_url)
    ~~~~~~~~~~^^^^^^^^^^
  File "/Library/Frameworks/Python.framework/Versions/3.13/lib/python3.13/site-packages/selenium/webdriver/remote/webdriver.py", line 454, in get
    self.execute(Command.GET, {"url": url})
    ~~~~~~~~~~~~^^^^^^^^^^^^^^^^^^^^^^^^^^^
  File "/Library/Frameworks/Python.framework/Versions/3.13/lib/python3.13/site-packages/selenium/webdriver/remote/webdriver.py", line 427, in execute
    response = self.command_executor.execute(driver_command, params)
  File "/Library/Frameworks/Python.framework/Versions/3.13/lib/python3.13/site-packages/selenium/webdriver/remote/remote_connection.py", line 404, in execute
    return self._request(command_info[0], url, body=data)
           ~~~~~~~~~~~~~^^^^^^^^^^^^^^^^^^^^^^^^^^^^^^^^^
  File "/Library/Frameworks/Python.framework/Versions/3.13/lib/python3.13/site-packages/selenium/webdriver/remote/remote_connection.py", line 428, in _request
    response = self._conn.request(method, url, body=body, headers=headers, timeout=self._client_config.timeout)
  File "/Library/Frameworks/Python.framework/Versions/3.13/lib/python3.13/site-packages/urllib3/_request_methods.py", line 143, in request
    return self.request_encode_body(
           ~~~~~~~~~~~~~~~~~~~~~~~~^
        method, url, fields=fields, headers=headers, **urlopen_kw
        ^^^^^^^^^^^^^^^^^^^^^^^^^^^^^^^^^^^^^^^^^^^^^^^^^^^^^^^^^
    )
    ^
  File "/Library/Frameworks/Python.framework/Versions/3.13/lib/python3.13/site-packages/urllib3/_request_methods.py", line 278, in request_encode_body
    return self.urlopen(method, url, **extra_kw)
           ~~~~~~~~~~~~^^^^^^^^^^^^^^^^^^^^^^^^^
  File "/Library/Frameworks/Python.framework/Versions/3.13/lib/python3.13/site-packages/urllib3/poolmanager.py", line 443, in urlopen
    response = conn.urlopen(method, u.request_uri, **kw)
  File "/Library/Frameworks/Python.framework/Versions/3.13/lib/python3.13/site-packages/urllib3/connectionpool.py", line 841, in urlopen
    retries = retries.increment(
        method, url, error=new_e, _pool=self, _stacktrace=sys.exc_info()[2]
    )
  File "/Library/Frameworks/Python.framework/Versions/3.13/lib/python3.13/site-packages/urllib3/util/retry.py", line 474, in increment
    raise reraise(type(error), error, _stacktrace)
          ~~~~~~~^^^^^^^^^^^^^^^^^^^^^^^^^^^^^^^^^
  File "/Library/Frameworks/Python.framework/Versions/3.13/lib/python3.13/site-packages/urllib3/util/util.py", line 39, in reraise
    raise value
  File "/Library/Frameworks/Python.framework/Versions/3.13/lib/python3.13/site-packages/urllib3/connectionpool.py", line 787, in urlopen
    response = self._make_request(
        conn,
    ...<10 lines>...
        **response_kw,
    )
  File "/Library/Frameworks/Python.framework/Versions/3.13/lib/python3.13/site-packages/urllib3/connectionpool.py", line 536, in _make_request
    self._raise_timeout(err=e, url=url, timeout_value=read_timeout)
    ~~~~~~~~~~~~~~~~~~~^^^^^^^^^^^^^^^^^^^^^^^^^^^^^^^^^^^^^^^^^^^^
  File "/Library/Frameworks/Python.framework/Versions/3.13/lib/python3.13/site-packages/urllib3/connectionpool.py", line 367, in _raise_timeout
    raise ReadTimeoutError(
        self, url, f"Read timed out. (read timeout={timeout_value})"
    ) from err
urllib3.exceptions.ReadTimeoutError: HTTPConnectionPool(host='localhost', port=61641): Read timed out. (read timeout=120)
2025-07-24 14:05:01,610 [WARNING] There was an error managing chromedriver (error sending request for url (https://googlechromelabs.github.io/chrome-for-testing/known-good-versions-with-downloads.json)); using driver found in the cache
2025-07-24 14:05:02,731 [INFO] *** Scraping PAGE feed: https://www.facebook.com/abscbnNEWS/posts
2025-07-24 14:06:30,072 [INFO] [Page] abscbnNEWS: found 0 articles
2025-07-24 14:06:30,073 [INFO] [Page] abscbnNEWS: appended 0 posts
2025-07-24 14:06:30,073 [INFO] *** Scraping PAGE feed: https://www.facebook.com/rapplerdotcom/posts
Traceback (most recent call last):
  File "/Library/Frameworks/Python.framework/Versions/3.13/lib/python3.13/site-packages/urllib3/connectionpool.py", line 534, in _make_request
    response = conn.getresponse()
  File "/Library/Frameworks/Python.framework/Versions/3.13/lib/python3.13/site-packages/urllib3/connection.py", line 516, in getresponse
    httplib_response = super().getresponse()
  File "/Library/Frameworks/Python.framework/Versions/3.13/lib/python3.13/http/client.py", line 1428, in getresponse
    response.begin()
    ~~~~~~~~~~~~~~^^
  File "/Library/Frameworks/Python.framework/Versions/3.13/lib/python3.13/http/client.py", line 331, in begin
    version, status, reason = self._read_status()
                              ~~~~~~~~~~~~~~~~~^^
  File "/Library/Frameworks/Python.framework/Versions/3.13/lib/python3.13/http/client.py", line 292, in _read_status
    line = str(self.fp.readline(_MAXLINE + 1), "iso-8859-1")
               ~~~~~~~~~~~~~~~~^^^^^^^^^^^^^^
  File "/Library/Frameworks/Python.framework/Versions/3.13/lib/python3.13/socket.py", line 719, in readinto
    return self._sock.recv_into(b)
           ~~~~~~~~~~~~~~~~~~~~^^^
TimeoutError: timed out

The above exception was the direct cause of the following exception:

Traceback (most recent call last):
  File "/Users/prettyfaith/Documents/Github/thesis-disaster-chatbot/socmed_disaster_scraper.py", line 192, in <module>
    driver.get(feed_url)
    ~~~~~~~~~~^^^^^^^^^^
  File "/Library/Frameworks/Python.framework/Versions/3.13/lib/python3.13/site-packages/selenium/webdriver/remote/webdriver.py", line 454, in get
    self.execute(Command.GET, {"url": url})
    ~~~~~~~~~~~~^^^^^^^^^^^^^^^^^^^^^^^^^^^
  File "/Library/Frameworks/Python.framework/Versions/3.13/lib/python3.13/site-packages/selenium/webdriver/remote/webdriver.py", line 427, in execute
    response = self.command_executor.execute(driver_command, params)
  File "/Library/Frameworks/Python.framework/Versions/3.13/lib/python3.13/site-packages/selenium/webdriver/remote/remote_connection.py", line 404, in execute
    return self._request(command_info[0], url, body=data)
           ~~~~~~~~~~~~~^^^^^^^^^^^^^^^^^^^^^^^^^^^^^^^^^
  File "/Library/Frameworks/Python.framework/Versions/3.13/lib/python3.13/site-packages/selenium/webdriver/remote/remote_connection.py", line 428, in _request
    response = self._conn.request(method, url, body=body, headers=headers, timeout=self._client_config.timeout)
  File "/Library/Frameworks/Python.framework/Versions/3.13/lib/python3.13/site-packages/urllib3/_request_methods.py", line 143, in request
    return self.request_encode_body(
           ~~~~~~~~~~~~~~~~~~~~~~~~^
        method, url, fields=fields, headers=headers, **urlopen_kw
        ^^^^^^^^^^^^^^^^^^^^^^^^^^^^^^^^^^^^^^^^^^^^^^^^^^^^^^^^^
    )
    ^
  File "/Library/Frameworks/Python.framework/Versions/3.13/lib/python3.13/site-packages/urllib3/_request_methods.py", line 278, in request_encode_body
    return self.urlopen(method, url, **extra_kw)
           ~~~~~~~~~~~~^^^^^^^^^^^^^^^^^^^^^^^^^
  File "/Library/Frameworks/Python.framework/Versions/3.13/lib/python3.13/site-packages/urllib3/poolmanager.py", line 443, in urlopen
    response = conn.urlopen(method, u.request_uri, **kw)
  File "/Library/Frameworks/Python.framework/Versions/3.13/lib/python3.13/site-packages/urllib3/connectionpool.py", line 841, in urlopen
    retries = retries.increment(
        method, url, error=new_e, _pool=self, _stacktrace=sys.exc_info()[2]
    )
  File "/Library/Frameworks/Python.framework/Versions/3.13/lib/python3.13/site-packages/urllib3/util/retry.py", line 474, in increment
    raise reraise(type(error), error, _stacktrace)
          ~~~~~~~^^^^^^^^^^^^^^^^^^^^^^^^^^^^^^^^^
  File "/Library/Frameworks/Python.framework/Versions/3.13/lib/python3.13/site-packages/urllib3/util/util.py", line 39, in reraise
    raise value
  File "/Library/Frameworks/Python.framework/Versions/3.13/lib/python3.13/site-packages/urllib3/connectionpool.py", line 787, in urlopen
    response = self._make_request(
        conn,
    ...<10 lines>...
        **response_kw,
    )
  File "/Library/Frameworks/Python.framework/Versions/3.13/lib/python3.13/site-packages/urllib3/connectionpool.py", line 536, in _make_request
    self._raise_timeout(err=e, url=url, timeout_value=read_timeout)
    ~~~~~~~~~~~~~~~~~~~^^^^^^^^^^^^^^^^^^^^^^^^^^^^^^^^^^^^^^^^^^^^
  File "/Library/Frameworks/Python.framework/Versions/3.13/lib/python3.13/site-packages/urllib3/connectionpool.py", line 367, in _raise_timeout
    raise ReadTimeoutError(
        self, url, f"Read timed out. (read timeout={timeout_value})"
    ) from err
urllib3.exceptions.ReadTimeoutError: HTTPConnectionPool(host='localhost', port=62041): Read timed out. (read timeout=120)
2025-07-24 14:20:01,896 [WARNING] There was an error managing chromedriver (error sending request for url (https://googlechromelabs.github.io/chrome-for-testing/known-good-versions-with-downloads.json)); using driver found in the cache
2025-07-24 14:20:03,031 [INFO] *** Scraping PAGE feed: https://www.facebook.com/abscbnNEWS/posts
2025-07-24 14:21:31,419 [INFO] [Page] abscbnNEWS: found 0 articles
2025-07-24 14:21:31,420 [INFO] [Page] abscbnNEWS: appended 0 posts
2025-07-24 14:21:31,420 [INFO] *** Scraping PAGE feed: https://www.facebook.com/rapplerdotcom/posts
Traceback (most recent call last):
  File "/Users/prettyfaith/Documents/Github/thesis-disaster-chatbot/socmed_disaster_scraper.py", line 192, in <module>
    driver.get(feed_url)
    ~~~~~~~~~~^^^^^^^^^^
  File "/Library/Frameworks/Python.framework/Versions/3.13/lib/python3.13/site-packages/selenium/webdriver/remote/webdriver.py", line 454, in get
    self.execute(Command.GET, {"url": url})
    ~~~~~~~~~~~~^^^^^^^^^^^^^^^^^^^^^^^^^^^
  File "/Library/Frameworks/Python.framework/Versions/3.13/lib/python3.13/site-packages/selenium/webdriver/remote/webdriver.py", line 429, in execute
    self.error_handler.check_response(response)
    ~~~~~~~~~~~~~~~~~~~~~~~~~~~~~~~~~^^^^^^^^^^
  File "/Library/Frameworks/Python.framework/Versions/3.13/lib/python3.13/site-packages/selenium/webdriver/remote/errorhandler.py", line 232, in check_response
    raise exception_class(message, screen, stacktrace)
selenium.common.exceptions.WebDriverException: Message: unknown error: net::ERR_CONNECTION_TIMED_OUT
  (Session info: chrome=138.0.7204.168)
Stacktrace:
0   chromedriver                        0x0000000102a9b570 cxxbridge1$str$ptr + 2731064
1   chromedriver                        0x0000000102a93468 cxxbridge1$str$ptr + 2698032
2   chromedriver                        0x00000001025e23f8 cxxbridge1$string$len + 90664
3   chromedriver                        0x00000001025da828 cxxbridge1$string$len + 58968
4   chromedriver                        0x00000001025cd480 cxxbridge1$string$len + 4784
5   chromedriver                        0x00000001025cee84 cxxbridge1$string$len + 11444
6   chromedriver                        0x00000001025cd8d4 cxxbridge1$string$len + 5892
7   chromedriver                        0x00000001025cd228 cxxbridge1$string$len + 4184
8   chromedriver                        0x00000001025ccf74 cxxbridge1$string$len + 3492
9   chromedriver                        0x00000001025cad2c chromedriver + 191788
10  chromedriver                        0x00000001025cb788 chromedriver + 194440
11  chromedriver                        0x00000001025e545c cxxbridge1$string$len + 103052
12  chromedriver                        0x000000010266b590 cxxbridge1$string$len + 652224
13  chromedriver                        0x000000010266ab1c cxxbridge1$string$len + 649548
14  chromedriver                        0x000000010261da0c cxxbridge1$string$len + 333884
15  chromedriver                        0x0000000102a5e5f4 cxxbridge1$str$ptr + 2481340
16  chromedriver                        0x0000000102a6185c cxxbridge1$str$ptr + 2494244
17  chromedriver                        0x0000000102a3f248 cxxbridge1$str$ptr + 2353424
18  chromedriver                        0x0000000102a62118 cxxbridge1$str$ptr + 2496480
19  chromedriver                        0x0000000102a302f8 cxxbridge1$str$ptr + 2292160
20  chromedriver                        0x0000000102a8200c cxxbridge1$str$ptr + 2627284
21  chromedriver                        0x0000000102a82198 cxxbridge1$str$ptr + 2627680
22  chromedriver                        0x0000000102a930a4 cxxbridge1$str$ptr + 2697068
23  libsystem_pthread.dylib             0x000000018706ec0c _pthread_start + 136
24  libsystem_pthread.dylib             0x0000000187069b80 thread_start + 8

2025-07-24 15:14:17,734 [WARNING] There was an error managing chromedriver (error sending request for url (https://googlechromelabs.github.io/chrome-for-testing/known-good-versions-with-downloads.json)); using driver found in the cache
2025-07-24 15:14:19,102 [INFO] *** Scraping PAGE feed: https://www.facebook.com/abscbnNEWS/posts
Traceback (most recent call last):
  File "/Users/prettyfaith/Documents/Github/thesis-disaster-chatbot/socmed_disaster_scraper.py", line 192, in <module>
    driver.get(feed_url)
    ~~~~~~~~~~^^^^^^^^^^
  File "/Library/Frameworks/Python.framework/Versions/3.13/lib/python3.13/site-packages/selenium/webdriver/remote/webdriver.py", line 454, in get
    self.execute(Command.GET, {"url": url})
    ~~~~~~~~~~~~^^^^^^^^^^^^^^^^^^^^^^^^^^^
  File "/Library/Frameworks/Python.framework/Versions/3.13/lib/python3.13/site-packages/selenium/webdriver/remote/webdriver.py", line 429, in execute
    self.error_handler.check_response(response)
    ~~~~~~~~~~~~~~~~~~~~~~~~~~~~~~~~~^^^^^^^^^^
  File "/Library/Frameworks/Python.framework/Versions/3.13/lib/python3.13/site-packages/selenium/webdriver/remote/errorhandler.py", line 232, in check_response
    raise exception_class(message, screen, stacktrace)
selenium.common.exceptions.WebDriverException: Message: unknown error: net::ERR_INTERNET_DISCONNECTED
  (Session info: chrome=138.0.7204.168)
Stacktrace:
0   chromedriver                        0x0000000105357570 cxxbridge1$str$ptr + 2731064
1   chromedriver                        0x000000010534f468 cxxbridge1$str$ptr + 2698032
2   chromedriver                        0x0000000104e9e3f8 cxxbridge1$string$len + 90664
3   chromedriver                        0x0000000104e96828 cxxbridge1$string$len + 58968
4   chromedriver                        0x0000000104e89480 cxxbridge1$string$len + 4784
5   chromedriver                        0x0000000104e8ae84 cxxbridge1$string$len + 11444
6   chromedriver                        0x0000000104e898d4 cxxbridge1$string$len + 5892
7   chromedriver                        0x0000000104e89228 cxxbridge1$string$len + 4184
8   chromedriver                        0x0000000104e88f74 cxxbridge1$string$len + 3492
9   chromedriver                        0x0000000104e86d2c chromedriver + 191788
10  chromedriver                        0x0000000104e87788 chromedriver + 194440
11  chromedriver                        0x0000000104ea145c cxxbridge1$string$len + 103052
12  chromedriver                        0x0000000104f27590 cxxbridge1$string$len + 652224
13  chromedriver                        0x0000000104f26b1c cxxbridge1$string$len + 649548
14  chromedriver                        0x0000000104ed9a0c cxxbridge1$string$len + 333884
15  chromedriver                        0x000000010531a5f4 cxxbridge1$str$ptr + 2481340
16  chromedriver                        0x000000010531d85c cxxbridge1$str$ptr + 2494244
17  chromedriver                        0x00000001052fb248 cxxbridge1$str$ptr + 2353424
18  chromedriver                        0x000000010531e118 cxxbridge1$str$ptr + 2496480
19  chromedriver                        0x00000001052ec2f8 cxxbridge1$str$ptr + 2292160
20  chromedriver                        0x000000010533e00c cxxbridge1$str$ptr + 2627284
21  chromedriver                        0x000000010533e198 cxxbridge1$str$ptr + 2627680
22  chromedriver                        0x000000010534f0a4 cxxbridge1$str$ptr + 2697068
23  libsystem_pthread.dylib             0x000000018706ec0c _pthread_start + 136
24  libsystem_pthread.dylib             0x0000000187069b80 thread_start + 8

2025-07-24 15:23:11,114 [WARNING] There was an error managing chromedriver (error sending request for url (https://googlechromelabs.github.io/chrome-for-testing/known-good-versions-with-downloads.json)); using driver found in the cache
2025-07-24 15:23:11,115 [WARNING] Error sending stats to Plausible: error sending request for url (https://plausible.io/api/event)
2025-07-24 15:23:12,278 [INFO] *** Scraping PAGE feed: https://www.facebook.com/abscbnNEWS/posts
Traceback (most recent call last):
  File "/Users/prettyfaith/Documents/Github/thesis-disaster-chatbot/socmed_disaster_scraper.py", line 192, in <module>
    driver.get(feed_url)
    ~~~~~~~~~~^^^^^^^^^^
  File "/Library/Frameworks/Python.framework/Versions/3.13/lib/python3.13/site-packages/selenium/webdriver/remote/webdriver.py", line 454, in get
    self.execute(Command.GET, {"url": url})
    ~~~~~~~~~~~~^^^^^^^^^^^^^^^^^^^^^^^^^^^
  File "/Library/Frameworks/Python.framework/Versions/3.13/lib/python3.13/site-packages/selenium/webdriver/remote/webdriver.py", line 429, in execute
    self.error_handler.check_response(response)
    ~~~~~~~~~~~~~~~~~~~~~~~~~~~~~~~~~^^^^^^^^^^
  File "/Library/Frameworks/Python.framework/Versions/3.13/lib/python3.13/site-packages/selenium/webdriver/remote/errorhandler.py", line 232, in check_response
    raise exception_class(message, screen, stacktrace)
selenium.common.exceptions.WebDriverException: Message: unknown error: net::ERR_INTERNET_DISCONNECTED
  (Session info: chrome=138.0.7204.168)
Stacktrace:
0   chromedriver                        0x0000000104c13570 cxxbridge1$str$ptr + 2731064
1   chromedriver                        0x0000000104c0b468 cxxbridge1$str$ptr + 2698032
2   chromedriver                        0x000000010475a3f8 cxxbridge1$string$len + 90664
3   chromedriver                        0x0000000104752828 cxxbridge1$string$len + 58968
4   chromedriver                        0x0000000104745480 cxxbridge1$string$len + 4784
5   chromedriver                        0x0000000104746e84 cxxbridge1$string$len + 11444
6   chromedriver                        0x00000001047458d4 cxxbridge1$string$len + 5892
7   chromedriver                        0x0000000104745228 cxxbridge1$string$len + 4184
8   chromedriver                        0x0000000104744f74 cxxbridge1$string$len + 3492
9   chromedriver                        0x0000000104742d2c chromedriver + 191788
10  chromedriver                        0x0000000104743788 chromedriver + 194440
11  chromedriver                        0x000000010475d45c cxxbridge1$string$len + 103052
12  chromedriver                        0x00000001047e3590 cxxbridge1$string$len + 652224
13  chromedriver                        0x00000001047e2b1c cxxbridge1$string$len + 649548
14  chromedriver                        0x0000000104795a0c cxxbridge1$string$len + 333884
15  chromedriver                        0x0000000104bd65f4 cxxbridge1$str$ptr + 2481340
16  chromedriver                        0x0000000104bd985c cxxbridge1$str$ptr + 2494244
17  chromedriver                        0x0000000104bb7248 cxxbridge1$str$ptr + 2353424
18  chromedriver                        0x0000000104bda118 cxxbridge1$str$ptr + 2496480
19  chromedriver                        0x0000000104ba82f8 cxxbridge1$str$ptr + 2292160
20  chromedriver                        0x0000000104bfa00c cxxbridge1$str$ptr + 2627284
21  chromedriver                        0x0000000104bfa198 cxxbridge1$str$ptr + 2627680
22  chromedriver                        0x0000000104c0b0a4 cxxbridge1$str$ptr + 2697068
23  libsystem_pthread.dylib             0x000000018706ec0c _pthread_start + 136
24  libsystem_pthread.dylib             0x0000000187069b80 thread_start + 8

2025-07-24 15:31:15,383 [INFO] *** Scraping PAGE feed: https://www.facebook.com/abscbnNEWS/posts
2025-07-24 15:31:25,491 [INFO] [Page] abscbnNEWS: found 3 articles
2025-07-24 15:33:43,315 [INFO] [Page] abscbnNEWS: appended 1 posts
2025-07-24 15:33:43,316 [INFO] *** Scraping PAGE feed: https://www.facebook.com/rapplerdotcom/posts
2025-07-24 15:33:54,243 [INFO] [Page] rapplerdotcom: found 4 articles
2025-07-24 15:33:54,367 [INFO] [Page] rapplerdotcom: appended 1 posts
2025-07-24 15:33:54,367 [INFO] *** Scraping PAGE feed: https://www.facebook.com/gmanews/posts
2025-07-24 15:35:53,391 [INFO] [Page] gmanews: found 2 articles
2025-07-24 15:35:53,414 [INFO] [Page] gmanews: appended 0 posts
2025-07-24 15:35:53,414 [INFO] *** Scraping PAGE feed: https://www.facebook.com/manilabulletin/posts
2025-07-24 15:36:03,238 [INFO] [Page] manilabulletin: found 4 articles
2025-07-24 15:36:03,374 [INFO] [Page] manilabulletin: appended 1 posts
2025-07-24 15:36:03,374 [INFO] *** Scraping PAGE feed: https://www.facebook.com/sunstarphilippines/posts
2025-07-24 15:36:13,150 [INFO] [Page] sunstarphilippines: found 3 articles
2025-07-24 15:36:13,213 [INFO] [Page] sunstarphilippines: appended 0 posts
2025-07-24 15:36:13,213 [INFO] *** Scraping PAGE feed: https://www.facebook.com/PhilstarNews/posts
2025-07-24 15:36:22,825 [INFO] [Page] PhilstarNews: found 3 articles
2025-07-24 15:36:22,915 [INFO] [Page] PhilstarNews: appended 1 posts
2025-07-24 15:36:22,915 [INFO] *** Scraping PAGE feed: https://www.facebook.com/inquirerdotnet/posts
2025-07-24 15:36:33,597 [INFO] [Page] inquirerdotnet: found 3 articles
2025-07-24 15:36:33,680 [INFO] [Page] inquirerdotnet: appended 0 posts
2025-07-24 15:36:33,680 [INFO] *** Scraping PAGE feed: https://www.facebook.com/pagasa.dost.gov.ph/posts
2025-07-24 15:36:44,712 [INFO] [Page] pagasa.dost.gov.ph: found 4 articles
2025-07-24 15:36:44,845 [INFO] [Page] pagasa.dost.gov.ph: appended 1 posts
2025-07-24 15:36:44,845 [INFO] *** Scraping PAGE feed: https://www.facebook.com/davaocitydrmmc/posts
2025-07-24 15:37:11,688 [INFO] [Page] davaocitydrmmc: found 0 articles
2025-07-24 15:37:11,688 [INFO] [Page] davaocitydrmmc: appended 0 posts
2025-07-24 15:37:11,688 [INFO] *** Scraping PAGE feed: https://www.facebook.com/NDRRMC/posts
2025-07-24 15:37:21,971 [INFO] [Page] NDRRMC: found 4 articles
2025-07-24 15:37:23,302 [INFO] [Page] NDRRMC: appended 2 posts
2025-07-24 15:37:23,302 [INFO] *** Scraping PAGE feed: https://www.facebook.com/UNTVNewsRescue/posts
2025-07-24 15:37:42,289 [INFO] [Page] UNTVNewsRescue: found 3 articles
2025-07-24 15:37:42,370 [INFO] [Page] UNTVNewsRescue: appended 0 posts
2025-07-24 15:37:42,370 [INFO] *** Scraping PAGE feed: https://www.facebook.com/PIAgovernment/posts
2025-07-24 15:38:17,092 [INFO] [Page] PIAgovernment: found 0 articles
2025-07-24 15:38:17,094 [INFO] [Page] PIAgovernment: appended 0 posts
2025-07-24 15:38:17,094 [INFO] *** Scraping PAGE feed: https://www.facebook.com/DavaoDRRMO/posts
2025-07-24 15:38:31,973 [INFO] [Page] DavaoDRRMO: found 4 articles
2025-07-24 15:38:33,815 [INFO] [Page] DavaoDRRMO: appended 2 posts
2025-07-24 15:38:33,815 [INFO] *** Scraping PAGE feed: https://www.facebook.com/sunstardavaonews/posts
2025-07-24 15:38:55,237 [INFO] [Page] sunstardavaonews: found 3 articles
2025-07-24 15:38:56,725 [INFO] [Page] sunstardavaonews: appended 0 posts
2025-07-24 15:38:56,725 [INFO] *** Scraping PAGE feed: https://www.facebook.com/profile.php?id=61568208630146/posts
2025-07-24 15:39:06,653 [INFO] [Page] profile.php?id=61568208630146: found 0 articles
2025-07-24 15:39:06,654 [INFO] [Page] profile.php?id=61568208630146: appended 0 posts
2025-07-24 15:39:06,654 [INFO] *** Scraping PAGE feed: https://www.facebook.com/PHIVOLCS/posts
2025-07-24 15:39:17,044 [INFO] [Page] PHIVOLCS: found 3 articles
2025-07-24 15:39:18,531 [INFO] [Page] PHIVOLCS: appended 1 posts
2025-07-24 15:39:18,532 [INFO]  - Searching hashtag: #FloodAlert
2025-07-24 15:40:30,164 [INFO] [Hashtag] #FloodAlert: found 3 articles
2025-07-24 15:40:30,453 [INFO] [Hashtag] #FloodAlert: appended 0 posts
2025-07-24 15:40:30,453 [INFO]  - Searching hashtag: #BahaPH
2025-07-24 15:40:41,846 [INFO] [Hashtag] #BahaPH: found 3 articles
2025-07-24 15:40:43,577 [INFO] [Hashtag] #BahaPH: appended 0 posts
2025-07-24 15:40:43,577 [INFO]  - Searching hashtag: #StreetFloodAlert
2025-07-24 15:40:54,731 [INFO] [Hashtag] #StreetFloodAlert: found 3 articles
2025-07-24 15:40:56,334 [INFO] [Hashtag] #StreetFloodAlert: appended 0 posts
2025-07-24 15:40:56,335 [INFO]  - Searching hashtag: #LandslideAlert
2025-07-24 15:42:34,820 [INFO] [Hashtag] #LandslideAlert: found 3 articles
2025-07-24 15:42:36,434 [INFO] [Hashtag] #LandslideAlert: appended 0 posts
2025-07-24 15:42:36,434 [INFO]  - Searching hashtag: #LandslidePH
2025-07-24 15:42:48,966 [INFO] [Hashtag] #LandslidePH: found 3 articles
2025-07-24 15:42:50,941 [INFO] [Hashtag] #LandslidePH: appended 0 posts
2025-07-24 15:42:50,942 [INFO]  - Searching hashtag: #FireAlert
2025-07-24 15:43:41,592 [INFO] [Hashtag] #FireAlert: found 3 articles
2025-07-24 15:43:43,121 [INFO] [Hashtag] #FireAlert: appended 1 posts
2025-07-24 15:43:43,121 [INFO]  - Searching hashtag: #EarthquakeAlert
2025-07-24 15:43:54,056 [INFO] [Hashtag] #EarthquakeAlert: found 3 articles
2025-07-24 15:43:55,827 [INFO] [Hashtag] #EarthquakeAlert: appended 0 posts
2025-07-24 15:43:55,827 [INFO]  - Searching hashtag: #EarthquakePH
2025-07-24 15:44:09,691 [INFO] [Hashtag] #EarthquakePH: found 3 articles
2025-07-24 15:44:11,200 [INFO] [Hashtag] #EarthquakePH: appended 0 posts
2025-07-24 15:44:11,560 [INFO] ✅ Done! rows saved: 261
2025-07-24 15:45:54,042 [INFO] *** Scraping PAGE feed: https://www.facebook.com/abscbnNEWS/posts
2025-07-24 15:47:59,251 [INFO] [Page] abscbnNEWS: found 3 articles
2025-07-24 15:47:59,389 [INFO] [Page] abscbnNEWS: appended 1 posts
2025-07-24 15:47:59,389 [INFO] *** Scraping PAGE feed: https://www.facebook.com/rapplerdotcom/posts
2025-07-24 15:48:09,118 [INFO] [Page] rapplerdotcom: found 3 articles
2025-07-24 15:48:09,201 [INFO] [Page] rapplerdotcom: appended 1 posts
2025-07-24 15:48:09,201 [INFO] *** Scraping PAGE feed: https://www.facebook.com/gmanews/posts
Traceback (most recent call last):
  File "/Users/prettyfaith/Documents/Github/thesis-disaster-chatbot/socmed_disaster_scraper.py", line 194, in <module>
    scroll_page()
    ~~~~~~~~~~~^^
  File "/Users/prettyfaith/Documents/Github/thesis-disaster-chatbot/socmed_disaster_scraper.py", line 89, in scroll_page
    nxt = driver.execute_script("return document.body.scrollHeight")
  File "/Library/Frameworks/Python.framework/Versions/3.13/lib/python3.13/site-packages/selenium/webdriver/remote/webdriver.py", line 528, in execute_script
    return self.execute(command, {"script": script, "args": converted_args})["value"]
           ~~~~~~~~~~~~^^^^^^^^^^^^^^^^^^^^^^^^^^^^^^^^^^^^^^^^^^^^^^^^^^^^^
  File "/Library/Frameworks/Python.framework/Versions/3.13/lib/python3.13/site-packages/selenium/webdriver/remote/webdriver.py", line 429, in execute
    self.error_handler.check_response(response)
    ~~~~~~~~~~~~~~~~~~~~~~~~~~~~~~~~~^^^^^^^^^^
  File "/Library/Frameworks/Python.framework/Versions/3.13/lib/python3.13/site-packages/selenium/webdriver/remote/errorhandler.py", line 232, in check_response
    raise exception_class(message, screen, stacktrace)
selenium.common.exceptions.InvalidSessionIdException: Message: invalid session id: session deleted as the browser has closed the connection
from disconnected: not connected to DevTools
  (Session info: chrome=138.0.7204.168)
Stacktrace:
0   chromedriver                        0x000000010089f570 cxxbridge1$str$ptr + 2731064
1   chromedriver                        0x0000000100897468 cxxbridge1$str$ptr + 2698032
2   chromedriver                        0x00000001003e63f8 cxxbridge1$string$len + 90664
3   chromedriver                        0x00000001003cfdc8 chromedriver + 196040
4   chromedriver                        0x00000001003f2f14 cxxbridge1$string$len + 142660
5   chromedriver                        0x00000001004559bc cxxbridge1$string$len + 546796
6   chromedriver                        0x000000010046e638 cxxbridge1$string$len + 648296
7   chromedriver                        0x0000000100421a0c cxxbridge1$string$len + 333884
8   chromedriver                        0x00000001008625f4 cxxbridge1$str$ptr + 2481340
9   chromedriver                        0x000000010086585c cxxbridge1$str$ptr + 2494244
10  chromedriver                        0x0000000100843248 cxxbridge1$str$ptr + 2353424
11  chromedriver                        0x0000000100866118 cxxbridge1$str$ptr + 2496480
12  chromedriver                        0x00000001008342f8 cxxbridge1$str$ptr + 2292160
13  chromedriver                        0x000000010088600c cxxbridge1$str$ptr + 2627284
14  chromedriver                        0x0000000100886198 cxxbridge1$str$ptr + 2627680
15  chromedriver                        0x00000001008970a4 cxxbridge1$str$ptr + 2697068
16  libsystem_pthread.dylib             0x000000018706ec0c _pthread_start + 136
17  libsystem_pthread.dylib             0x0000000187069b80 thread_start + 8

2025-07-24 16:01:33,504 [INFO] *** Scraping PAGE feed: https://www.facebook.com/abscbnNEWS/posts
2025-07-24 16:02:25,192 [INFO] [Page] abscbnNEWS: found 3 articles
2025-07-24 16:02:25,322 [INFO] [Page] abscbnNEWS: appended 0 posts
2025-07-24 16:02:25,322 [INFO] *** Scraping PAGE feed: https://www.facebook.com/rapplerdotcom/posts
2025-07-24 16:02:35,747 [INFO] [Page] rapplerdotcom: found 3 articles
2025-07-24 16:02:35,950 [INFO] [Page] rapplerdotcom: appended 1 posts
2025-07-24 16:02:35,951 [INFO] *** Scraping PAGE feed: https://www.facebook.com/gmanews/posts
2025-07-24 16:02:45,786 [INFO] [Page] gmanews: found 3 articles
2025-07-24 16:02:45,850 [INFO] [Page] gmanews: appended 0 posts
2025-07-24 16:02:45,850 [INFO] *** Scraping PAGE feed: https://www.facebook.com/manilabulletin/posts
2025-07-24 16:04:15,365 [INFO] [Page] manilabulletin: found 3 articles
2025-07-24 16:04:15,464 [INFO] [Page] manilabulletin: appended 0 posts
2025-07-24 16:04:15,464 [INFO] *** Scraping PAGE feed: https://www.facebook.com/sunstarphilippines/posts
2025-07-24 16:04:24,998 [INFO] [Page] sunstarphilippines: found 3 articles
2025-07-24 16:04:25,063 [INFO] [Page] sunstarphilippines: appended 0 posts
2025-07-24 16:04:25,063 [INFO] *** Scraping PAGE feed: https://www.facebook.com/PhilstarNews/posts
2025-07-24 16:04:35,360 [INFO] [Page] PhilstarNews: found 3 articles
2025-07-24 16:04:35,653 [INFO] [Page] PhilstarNews: appended 1 posts
2025-07-24 16:04:35,654 [INFO] *** Scraping PAGE feed: https://www.facebook.com/inquirerdotnet/posts
2025-07-24 16:04:45,456 [INFO] [Page] inquirerdotnet: found 3 articles
2025-07-24 16:04:45,522 [INFO] [Page] inquirerdotnet: appended 0 posts
2025-07-24 16:04:45,523 [INFO] *** Scraping PAGE feed: https://www.facebook.com/pagasa.dost.gov.ph/posts
2025-07-24 16:04:55,326 [INFO] [Page] pagasa.dost.gov.ph: found 4 articles
2025-07-24 16:04:55,444 [INFO] [Page] pagasa.dost.gov.ph: appended 1 posts
2025-07-24 16:04:55,445 [INFO] *** Scraping PAGE feed: https://www.facebook.com/davaocitydrmmc/posts
2025-07-24 16:05:04,783 [INFO] [Page] davaocitydrmmc: found 0 articles
2025-07-24 16:05:04,783 [INFO] [Page] davaocitydrmmc: appended 0 posts
2025-07-24 16:05:04,783 [INFO] *** Scraping PAGE feed: https://www.facebook.com/NDRRMC/posts
2025-07-24 16:05:14,574 [INFO] [Page] NDRRMC: found 4 articles
2025-07-24 16:05:16,385 [INFO] [Page] NDRRMC: appended 1 posts
2025-07-24 16:05:16,385 [INFO] *** Scraping PAGE feed: https://www.facebook.com/UNTVNewsRescue/posts
2025-07-24 16:05:27,484 [INFO] [Page] UNTVNewsRescue: found 3 articles
2025-07-24 16:05:29,011 [INFO] [Page] UNTVNewsRescue: appended 1 posts
2025-07-24 16:05:29,011 [INFO] *** Scraping PAGE feed: https://www.facebook.com/PIAgovernment/posts
2025-07-24 16:05:38,486 [INFO] [Page] PIAgovernment: found 0 articles
2025-07-24 16:05:38,486 [INFO] [Page] PIAgovernment: appended 0 posts
2025-07-24 16:05:38,486 [INFO] *** Scraping PAGE feed: https://www.facebook.com/DavaoDRRMO/posts
2025-07-24 16:06:54,362 [INFO] [Page] DavaoDRRMO: found 3 articles
2025-07-24 16:06:55,743 [INFO] [Page] DavaoDRRMO: appended 1 posts
2025-07-24 16:06:55,743 [INFO] *** Scraping PAGE feed: https://www.facebook.com/sunstardavaonews/posts
2025-07-24 16:07:21,996 [INFO] [Page] sunstardavaonews: found 3 articles
2025-07-24 16:07:22,152 [INFO] [Page] sunstardavaonews: appended 1 posts
2025-07-24 16:07:22,152 [INFO] *** Scraping PAGE feed: https://www.facebook.com/profile.php?id=61568208630146/posts
2025-07-24 16:07:31,383 [INFO] [Page] profile.php?id=61568208630146: found 0 articles
2025-07-24 16:07:31,383 [INFO] [Page] profile.php?id=61568208630146: appended 0 posts
2025-07-24 16:07:31,383 [INFO] *** Scraping PAGE feed: https://www.facebook.com/PHIVOLCS/posts
2025-07-24 16:07:47,664 [INFO] [Page] PHIVOLCS: found 3 articles
2025-07-24 16:07:49,177 [INFO] [Page] PHIVOLCS: appended 1 posts
2025-07-24 16:07:49,177 [INFO]  - Searching hashtag: #FloodAlert
2025-07-24 16:08:00,716 [INFO] [Hashtag] #FloodAlert: found 3 articles
2025-07-24 16:08:00,871 [INFO] [Hashtag] #FloodAlert: appended 0 posts
2025-07-24 16:08:00,871 [INFO]  - Searching hashtag: #BahaPH
2025-07-24 16:08:12,009 [INFO] [Hashtag] #BahaPH: found 3 articles
2025-07-24 16:08:13,375 [INFO] [Hashtag] #BahaPH: appended 0 posts
2025-07-24 16:08:13,376 [INFO]  - Searching hashtag: #StreetFloodAlert
2025-07-24 16:08:30,621 [INFO] [Hashtag] #StreetFloodAlert: found 3 articles
2025-07-24 16:08:32,074 [INFO] [Hashtag] #StreetFloodAlert: appended 0 posts
2025-07-24 16:08:32,075 [INFO]  - Searching hashtag: #LandslideAlert
2025-07-24 16:08:45,192 [INFO] [Hashtag] #LandslideAlert: found 3 articles
2025-07-24 16:08:46,826 [INFO] [Hashtag] #LandslideAlert: appended 0 posts
2025-07-24 16:08:46,826 [INFO]  - Searching hashtag: #LandslidePH
2025-07-24 16:11:49,224 [INFO] [Hashtag] #LandslidePH: found 3 articles
2025-07-24 16:11:51,375 [INFO] [Hashtag] #LandslidePH: appended 0 posts
2025-07-24 16:11:51,375 [INFO]  - Searching hashtag: #FireAlert
2025-07-24 16:12:03,491 [INFO] [Hashtag] #FireAlert: found 3 articles
2025-07-24 16:12:05,031 [INFO] [Hashtag] #FireAlert: appended 1 posts
2025-07-24 16:12:05,031 [INFO]  - Searching hashtag: #EarthquakeAlert
2025-07-24 16:12:58,255 [INFO] [Hashtag] #EarthquakeAlert: found 2 articles
2025-07-24 16:12:58,298 [INFO] [Hashtag] #EarthquakeAlert: appended 0 posts
2025-07-24 16:12:58,298 [INFO]  - Searching hashtag: #EarthquakePH
2025-07-24 16:13:09,308 [INFO] [Hashtag] #EarthquakePH: found 3 articles
2025-07-24 16:13:10,946 [INFO] [Hashtag] #EarthquakePH: appended 0 posts
2025-07-24 16:13:11,359 [INFO] ✅ Done! rows saved: 269
2025-07-24 16:17:16,954 [INFO] *** Scraping PAGE feed: https://www.facebook.com/abscbnNEWS/posts
2025-07-24 16:17:27,393 [INFO] [Page] abscbnNEWS: found 4 articles
2025-07-24 16:17:27,593 [INFO] [Page] abscbnNEWS: appended 1 posts
2025-07-24 16:17:27,594 [INFO] *** Scraping PAGE feed: https://www.facebook.com/rapplerdotcom/posts
2025-07-24 16:18:47,574 [INFO] [Page] rapplerdotcom: found 2 articles
2025-07-24 16:18:47,597 [INFO] [Page] rapplerdotcom: appended 0 posts
2025-07-24 16:18:47,597 [INFO] *** Scraping PAGE feed: https://www.facebook.com/gmanews/posts
2025-07-24 16:18:57,612 [INFO] [Page] gmanews: found 4 articles
2025-07-24 16:18:57,717 [INFO] [Page] gmanews: appended 0 posts
2025-07-24 16:18:57,717 [INFO] *** Scraping PAGE feed: https://www.facebook.com/manilabulletin/posts
2025-07-24 16:19:07,602 [INFO] [Page] manilabulletin: found 4 articles
2025-07-24 16:19:07,740 [INFO] [Page] manilabulletin: appended 1 posts
2025-07-24 16:19:07,741 [INFO] *** Scraping PAGE feed: https://www.facebook.com/sunstarphilippines/posts
2025-07-24 16:19:34,205 [INFO] [Page] sunstarphilippines: found 3 articles
2025-07-24 16:19:34,289 [INFO] [Page] sunstarphilippines: appended 1 posts
2025-07-24 16:19:34,289 [INFO] *** Scraping PAGE feed: https://www.facebook.com/PhilstarNews/posts
2025-07-24 16:19:45,527 [INFO] [Page] PhilstarNews: found 3 articles
2025-07-24 16:19:45,613 [INFO] [Page] PhilstarNews: appended 0 posts
2025-07-24 16:19:45,613 [INFO] *** Scraping PAGE feed: https://www.facebook.com/inquirerdotnet/posts
2025-07-24 16:20:28,612 [INFO] [Page] inquirerdotnet: found 3 articles
2025-07-24 16:20:28,678 [INFO] [Page] inquirerdotnet: appended 0 posts
2025-07-24 16:20:28,678 [INFO] *** Scraping PAGE feed: https://www.facebook.com/pagasa.dost.gov.ph/posts
2025-07-24 16:20:38,594 [INFO] [Page] pagasa.dost.gov.ph: found 4 articles
2025-07-24 16:20:39,974 [INFO] [Page] pagasa.dost.gov.ph: appended 1 posts
2025-07-24 16:20:39,974 [INFO] *** Scraping PAGE feed: https://www.facebook.com/davaocitydrmmc/posts
2025-07-24 16:20:48,909 [INFO] [Page] davaocitydrmmc: found 0 articles
2025-07-24 16:20:48,909 [INFO] [Page] davaocitydrmmc: appended 0 posts
2025-07-24 16:20:48,910 [INFO] *** Scraping PAGE feed: https://www.facebook.com/NDRRMC/posts
2025-07-24 16:20:58,383 [INFO] [Page] NDRRMC: found 4 articles
2025-07-24 16:20:59,720 [INFO] [Page] NDRRMC: appended 1 posts
2025-07-24 16:20:59,720 [INFO] *** Scraping PAGE feed: https://www.facebook.com/UNTVNewsRescue/posts
2025-07-24 16:21:09,256 [INFO] [Page] UNTVNewsRescue: found 3 articles
2025-07-24 16:21:09,359 [INFO] [Page] UNTVNewsRescue: appended 1 posts
2025-07-24 16:21:09,359 [INFO] *** Scraping PAGE feed: https://www.facebook.com/PIAgovernment/posts
2025-07-24 16:21:18,284 [INFO] [Page] PIAgovernment: found 0 articles
2025-07-24 16:21:18,284 [INFO] [Page] PIAgovernment: appended 0 posts
2025-07-24 16:21:18,284 [INFO] *** Scraping PAGE feed: https://www.facebook.com/DavaoDRRMO/posts
2025-07-24 16:21:28,227 [INFO] [Page] DavaoDRRMO: found 3 articles
2025-07-24 16:21:29,632 [INFO] [Page] DavaoDRRMO: appended 1 posts
2025-07-24 16:21:29,632 [INFO] *** Scraping PAGE feed: https://www.facebook.com/sunstardavaonews/posts
2025-07-24 16:21:39,823 [INFO] [Page] sunstardavaonews: found 3 articles
2025-07-24 16:21:39,924 [INFO] [Page] sunstardavaonews: appended 1 posts
2025-07-24 16:21:39,924 [INFO] *** Scraping PAGE feed: https://www.facebook.com/profile.php?id=61568208630146/posts
2025-07-24 16:21:55,039 [INFO] [Page] profile.php?id=61568208630146: found 0 articles
2025-07-24 16:21:55,040 [INFO] [Page] profile.php?id=61568208630146: appended 0 posts
2025-07-24 16:21:55,040 [INFO] *** Scraping PAGE feed: https://www.facebook.com/PHIVOLCS/posts
2025-07-24 16:22:05,676 [INFO] [Page] PHIVOLCS: found 3 articles
2025-07-24 16:22:07,170 [INFO] [Page] PHIVOLCS: appended 1 posts
2025-07-24 16:22:07,170 [INFO]  - Searching hashtag: #FloodAlert
2025-07-24 16:22:17,295 [INFO] [Hashtag] #FloodAlert: found 3 articles
2025-07-24 16:22:17,436 [INFO] [Hashtag] #FloodAlert: appended 0 posts
2025-07-24 16:22:17,437 [INFO]  - Searching hashtag: #BahaPH
2025-07-24 16:22:28,554 [INFO] [Hashtag] #BahaPH: found 3 articles
2025-07-24 16:22:30,119 [INFO] [Hashtag] #BahaPH: appended 0 posts
2025-07-24 16:22:30,119 [INFO]  - Searching hashtag: #StreetFloodAlert
2025-07-24 16:22:39,872 [INFO] [Hashtag] #StreetFloodAlert: found 3 articles
2025-07-24 16:22:41,600 [INFO] [Hashtag] #StreetFloodAlert: appended 0 posts
2025-07-24 16:22:41,600 [INFO]  - Searching hashtag: #LandslideAlert
2025-07-24 16:22:52,515 [INFO] [Hashtag] #LandslideAlert: found 3 articles
2025-07-24 16:22:52,829 [INFO] [Hashtag] #LandslideAlert: appended 0 posts
2025-07-24 16:22:52,830 [INFO]  - Searching hashtag: #LandslidePH
2025-07-24 16:23:03,291 [INFO] [Hashtag] #LandslidePH: found 3 articles
2025-07-24 16:27:01,210 [INFO] [Hashtag] #LandslidePH: appended 0 posts
2025-07-24 16:27:01,210 [INFO]  - Searching hashtag: #FireAlert
2025-07-24 16:27:11,796 [INFO] [Hashtag] #FireAlert: found 3 articles
2025-07-24 16:27:13,332 [INFO] [Hashtag] #FireAlert: appended 1 posts
2025-07-24 16:27:13,333 [INFO]  - Searching hashtag: #EarthquakeAlert
2025-07-24 16:27:23,960 [INFO] [Hashtag] #EarthquakeAlert: found 3 articles
2025-07-24 16:27:25,980 [INFO] [Hashtag] #EarthquakeAlert: appended 1 posts
2025-07-24 16:27:25,980 [INFO]  - Searching hashtag: #EarthquakePH
2025-07-24 16:28:10,542 [INFO] [Hashtag] #EarthquakePH: found 3 articles
2025-07-24 16:28:12,156 [INFO] [Hashtag] #EarthquakePH: appended 0 posts
2025-07-24 16:28:12,532 [INFO] ✅ Done! rows saved: 276
2025-07-24 16:35:33,212 [INFO] *** Scraping PAGE feed: https://www.facebook.com/abscbnNEWS/posts
2025-07-24 16:37:18,991 [INFO] [Page] abscbnNEWS: found 4 articles
2025-07-24 16:37:19,141 [INFO] [Page] abscbnNEWS: appended 0 posts
2025-07-24 16:37:19,142 [INFO] *** Scraping PAGE feed: https://www.facebook.com/rapplerdotcom/posts
2025-07-24 16:37:28,664 [INFO] [Page] rapplerdotcom: found 3 articles
2025-07-24 16:37:28,749 [INFO] [Page] rapplerdotcom: appended 0 posts
2025-07-24 16:37:28,750 [INFO] *** Scraping PAGE feed: https://www.facebook.com/gmanews/posts
2025-07-24 16:41:15,810 [INFO] [Page] gmanews: found 3 articles
2025-07-24 16:41:17,088 [INFO] [Page] gmanews: appended 1 posts
2025-07-24 16:41:17,088 [INFO] *** Scraping PAGE feed: https://www.facebook.com/manilabulletin/posts
2025-07-24 16:41:27,129 [INFO] [Page] manilabulletin: found 3 articles
2025-07-24 16:41:28,891 [INFO] [Page] manilabulletin: appended 0 posts
2025-07-24 16:41:28,891 [INFO] *** Scraping PAGE feed: https://www.facebook.com/sunstarphilippines/posts
2025-07-24 16:42:20,959 [INFO] [Page] sunstarphilippines: found 3 articles
2025-07-24 16:42:21,036 [INFO] [Page] sunstarphilippines: appended 0 posts
2025-07-24 16:42:21,037 [INFO] *** Scraping PAGE feed: https://www.facebook.com/PhilstarNews/posts
2025-07-24 16:43:29,848 [INFO] [Page] PhilstarNews: found 3 articles
2025-07-24 16:43:30,023 [INFO] [Page] PhilstarNews: appended 1 posts
2025-07-24 16:43:30,023 [INFO] *** Scraping PAGE feed: https://www.facebook.com/inquirerdotnet/posts
2025-07-24 16:45:13,350 [INFO] [Page] inquirerdotnet: found 3 articles
2025-07-24 16:45:13,464 [INFO] [Page] inquirerdotnet: appended 0 posts
2025-07-24 16:45:13,464 [INFO] *** Scraping PAGE feed: https://www.facebook.com/pagasa.dost.gov.ph/posts
2025-07-24 16:45:24,361 [INFO] *** Scraping PAGE feed: https://www.facebook.com/abscbnNEWS/posts
2025-07-24 16:45:31,042 [INFO] [Page] pagasa.dost.gov.ph: found 4 articles
2025-07-24 16:45:33,913 [INFO] [Page] pagasa.dost.gov.ph: appended 2 posts
2025-07-24 16:45:33,913 [INFO] *** Scraping PAGE feed: https://www.facebook.com/davaocitydrmmc/posts
2025-07-24 16:45:34,388 [INFO] [Page] abscbnNEWS: found 3 articles
2025-07-24 16:45:34,488 [INFO] [Page] abscbnNEWS: appended 0 posts
2025-07-24 16:45:34,488 [INFO] *** Scraping PAGE feed: https://www.facebook.com/rapplerdotcom/posts
2025-07-24 16:48:15,080 [INFO] [Page] davaocitydrmmc: found 0 articles
2025-07-24 16:48:15,080 [INFO] [Page] davaocitydrmmc: appended 0 posts
2025-07-24 16:48:15,080 [INFO] *** Scraping PAGE feed: https://www.facebook.com/NDRRMC/posts
2025-07-24 16:48:16,893 [INFO] [Page] rapplerdotcom: found 4 articles
2025-07-24 16:48:18,203 [INFO] [Page] rapplerdotcom: appended 0 posts
2025-07-24 16:48:18,203 [INFO] *** Scraping PAGE feed: https://www.facebook.com/gmanews/posts
2025-07-24 16:49:06,127 [INFO] [Page] NDRRMC: found 4 articles
2025-07-24 16:49:07,635 [INFO] [Page] NDRRMC: appended 1 posts
2025-07-24 16:49:07,635 [INFO] *** Scraping PAGE feed: https://www.facebook.com/UNTVNewsRescue/posts
2025-07-24 16:49:09,221 [INFO] [Page] gmanews: found 5 articles
2025-07-24 16:49:09,374 [INFO] [Page] gmanews: appended 0 posts
2025-07-24 16:49:09,374 [INFO] *** Scraping PAGE feed: https://www.facebook.com/manilabulletin/posts
2025-07-24 16:49:19,161 [INFO] [Page] UNTVNewsRescue: found 3 articles
2025-07-24 16:49:19,405 [INFO] [Page] UNTVNewsRescue: appended 1 posts
2025-07-24 16:49:19,405 [INFO] *** Scraping PAGE feed: https://www.facebook.com/PIAgovernment/posts
2025-07-24 16:49:22,298 [INFO] [Page] manilabulletin: found 4 articles
2025-07-24 16:49:22,399 [INFO] [Page] manilabulletin: appended 0 posts
2025-07-24 16:49:22,399 [INFO] *** Scraping PAGE feed: https://www.facebook.com/sunstarphilippines/posts
2025-07-24 16:49:29,370 [INFO] [Page] PIAgovernment: found 0 articles
2025-07-24 16:49:29,371 [INFO] [Page] PIAgovernment: appended 0 posts
2025-07-24 16:49:29,371 [INFO] *** Scraping PAGE feed: https://www.facebook.com/DavaoDRRMO/posts
2025-07-24 16:49:32,879 [INFO] [Page] sunstarphilippines: found 3 articles
2025-07-24 16:49:32,957 [INFO] [Page] sunstarphilippines: appended 0 posts
2025-07-24 16:49:32,957 [INFO] *** Scraping PAGE feed: https://www.facebook.com/PhilstarNews/posts
2025-07-24 16:49:40,412 [INFO] [Page] DavaoDRRMO: found 3 articles
2025-07-24 16:49:42,089 [INFO] [Page] DavaoDRRMO: appended 1 posts
2025-07-24 16:49:42,089 [INFO] *** Scraping PAGE feed: https://www.facebook.com/sunstardavaonews/posts
2025-07-24 16:49:42,517 [INFO] [Page] PhilstarNews: found 3 articles
2025-07-24 16:49:42,665 [INFO] [Page] PhilstarNews: appended 1 posts
2025-07-24 16:49:42,666 [INFO] *** Scraping PAGE feed: https://www.facebook.com/inquirerdotnet/posts
2025-07-24 16:49:52,026 [INFO] [Page] sunstardavaonews: found 3 articles
2025-07-24 16:49:53,119 [INFO] [Page] inquirerdotnet: found 4 articles
2025-07-24 16:49:53,763 [INFO] [Page] sunstardavaonews: appended 1 posts
2025-07-24 16:49:53,763 [INFO] *** Scraping PAGE feed: https://www.facebook.com/profile.php?id=61568208630146/posts
2025-07-24 16:49:54,992 [INFO] [Page] inquirerdotnet: appended 0 posts
2025-07-24 16:49:54,992 [INFO] *** Scraping PAGE feed: https://www.facebook.com/pagasa.dost.gov.ph/posts
2025-07-24 16:50:03,016 [INFO] [Page] profile.php?id=61568208630146: found 0 articles
2025-07-24 16:50:03,016 [INFO] [Page] profile.php?id=61568208630146: appended 0 posts
2025-07-24 16:50:03,016 [INFO] *** Scraping PAGE feed: https://www.facebook.com/PHIVOLCS/posts
2025-07-24 16:50:06,539 [INFO] [Page] pagasa.dost.gov.ph: found 4 articles
2025-07-24 16:50:08,732 [INFO] [Page] pagasa.dost.gov.ph: appended 1 posts
2025-07-24 16:50:08,732 [INFO] *** Scraping PAGE feed: https://www.facebook.com/davaocitydrmmc/posts
2025-07-24 16:50:12,676 [INFO] [Page] PHIVOLCS: found 3 articles
2025-07-24 16:50:14,652 [INFO] [Page] PHIVOLCS: appended 1 posts
2025-07-24 16:50:14,652 [INFO]  - Searching hashtag: #FloodAlert
2025-07-24 16:50:18,226 [INFO] [Page] davaocitydrmmc: found 0 articles
2025-07-24 16:50:18,227 [INFO] [Page] davaocitydrmmc: appended 0 posts
2025-07-24 16:50:18,227 [INFO] *** Scraping PAGE feed: https://www.facebook.com/NDRRMC/posts
2025-07-24 16:50:32,286 [INFO] [Hashtag] #FloodAlert: found 3 articles
2025-07-24 16:50:32,434 [INFO] [Hashtag] #FloodAlert: appended 0 posts
2025-07-24 16:50:32,434 [INFO]  - Searching hashtag: #BahaPH
2025-07-24 16:50:34,682 [INFO] [Page] NDRRMC: found 4 articles
2025-07-24 16:50:36,104 [INFO] [Page] NDRRMC: appended 1 posts
2025-07-24 16:50:36,104 [INFO] *** Scraping PAGE feed: https://www.facebook.com/UNTVNewsRescue/posts
2025-07-24 16:50:46,576 [INFO] [Hashtag] #BahaPH: found 3 articles
2025-07-24 16:50:48,824 [INFO] [Hashtag] #BahaPH: appended 0 posts
2025-07-24 16:50:48,824 [INFO]  - Searching hashtag: #StreetFloodAlert
2025-07-24 16:50:50,867 [INFO] [Page] UNTVNewsRescue: found 4 articles
2025-07-24 16:50:50,986 [INFO] [Page] UNTVNewsRescue: appended 1 posts
2025-07-24 16:50:50,986 [INFO] *** Scraping PAGE feed: https://www.facebook.com/PIAgovernment/posts
2025-07-24 16:51:22,872 [INFO] [Page] PIAgovernment: found 0 articles
2025-07-24 16:51:22,873 [INFO] [Page] PIAgovernment: appended 0 posts
2025-07-24 16:51:22,873 [INFO] *** Scraping PAGE feed: https://www.facebook.com/DavaoDRRMO/posts
2025-07-24 16:51:23,235 [INFO] [Hashtag] #StreetFloodAlert: found 3 articles
2025-07-24 16:51:24,847 [INFO] [Hashtag] #StreetFloodAlert: appended 0 posts
2025-07-24 16:51:24,848 [INFO]  - Searching hashtag: #LandslideAlert
2025-07-24 16:51:34,200 [INFO] [Page] DavaoDRRMO: found 3 articles
2025-07-24 16:51:35,807 [INFO] [Hashtag] #LandslideAlert: found 3 articles
2025-07-24 16:51:35,828 [INFO] [Page] DavaoDRRMO: appended 1 posts
2025-07-24 16:51:35,828 [INFO] *** Scraping PAGE feed: https://www.facebook.com/sunstardavaonews/posts
2025-07-24 16:51:35,946 [INFO] [Hashtag] #LandslideAlert: appended 0 posts
2025-07-24 16:51:35,947 [INFO]  - Searching hashtag: #LandslidePH
2025-07-24 16:51:45,364 [INFO] [Page] sunstardavaonews: found 3 articles
2025-07-24 16:51:46,666 [INFO] [Page] sunstardavaonews: appended 1 posts
2025-07-24 16:51:46,666 [INFO] *** Scraping PAGE feed: https://www.facebook.com/profile.php?id=61568208630146/posts
2025-07-24 16:51:47,078 [INFO] [Hashtag] #LandslidePH: found 3 articles
2025-07-24 16:51:48,785 [INFO] [Hashtag] #LandslidePH: appended 0 posts
2025-07-24 16:51:48,785 [INFO]  - Searching hashtag: #FireAlert
2025-07-24 16:52:17,357 [INFO] [Page] profile.php?id=61568208630146: found 0 articles
2025-07-24 16:52:17,358 [INFO] [Page] profile.php?id=61568208630146: appended 0 posts
2025-07-24 16:52:17,358 [INFO] *** Scraping PAGE feed: https://www.facebook.com/PHIVOLCS/posts
2025-07-24 16:52:19,352 [INFO] [Hashtag] #FireAlert: found 3 articles
2025-07-24 16:52:20,736 [INFO] [Hashtag] #FireAlert: appended 1 posts
2025-07-24 16:52:20,737 [INFO]  - Searching hashtag: #EarthquakeAlert
2025-07-24 16:52:27,076 [INFO] [Page] PHIVOLCS: found 3 articles
2025-07-24 16:52:28,480 [INFO] [Page] PHIVOLCS: appended 1 posts
2025-07-24 16:52:28,481 [INFO]  - Searching hashtag: #FloodAlert
2025-07-24 16:52:32,036 [INFO] [Hashtag] #EarthquakeAlert: found 3 articles
2025-07-24 16:52:33,992 [INFO] [Hashtag] #EarthquakeAlert: appended 1 posts
2025-07-24 16:52:33,992 [INFO]  - Searching hashtag: #EarthquakePH
2025-07-24 16:52:42,304 [INFO] [Hashtag] #FloodAlert: found 3 articles
2025-07-24 16:52:42,377 [INFO] [Hashtag] #FloodAlert: appended 0 posts
2025-07-24 16:52:42,377 [INFO]  - Searching hashtag: #BahaPH
2025-07-24 16:52:44,872 [INFO] [Hashtag] #EarthquakePH: found 3 articles
2025-07-24 16:52:46,261 [INFO] [Hashtag] #EarthquakePH: appended 0 posts
2025-07-24 16:52:46,666 [INFO] ✅ Done! rows saved: 283
2025-07-24 16:52:53,649 [INFO] [Hashtag] #BahaPH: found 3 articles
2025-07-24 16:52:55,573 [INFO] [Hashtag] #BahaPH: appended 0 posts
2025-07-24 16:52:55,573 [INFO]  - Searching hashtag: #StreetFloodAlert
2025-07-24 16:53:08,090 [INFO] [Hashtag] #StreetFloodAlert: found 3 articles
2025-07-24 16:53:09,652 [INFO] [Hashtag] #StreetFloodAlert: appended 0 posts
2025-07-24 16:53:09,652 [INFO]  - Searching hashtag: #LandslideAlert
2025-07-24 16:55:25,436 [INFO] [Hashtag] #LandslideAlert: found 3 articles
2025-07-24 16:55:25,668 [INFO] [Hashtag] #LandslideAlert: appended 0 posts
2025-07-24 16:55:25,669 [INFO]  - Searching hashtag: #LandslidePH
2025-07-24 16:55:37,127 [INFO] [Hashtag] #LandslidePH: found 3 articles
2025-07-24 16:55:38,738 [INFO] [Hashtag] #LandslidePH: appended 0 posts
2025-07-24 16:55:38,738 [INFO]  - Searching hashtag: #FireAlert
2025-07-24 16:55:52,171 [INFO] [Hashtag] #FireAlert: found 3 articles
2025-07-24 16:55:53,830 [INFO] [Hashtag] #FireAlert: appended 1 posts
2025-07-24 16:55:53,830 [INFO]  - Searching hashtag: #EarthquakeAlert
2025-07-24 16:56:08,385 [INFO] [Hashtag] #EarthquakeAlert: found 3 articles
2025-07-24 16:56:10,110 [INFO] [Hashtag] #EarthquakeAlert: appended 0 posts
2025-07-24 16:56:10,110 [INFO]  - Searching hashtag: #EarthquakePH
2025-07-24 16:56:21,934 [INFO] [Hashtag] #EarthquakePH: found 3 articles
2025-07-24 16:56:23,431 [INFO] [Hashtag] #EarthquakePH: appended 0 posts
2025-07-24 16:56:23,867 [INFO] ✅ Done! rows saved: 285
2025-07-24 17:00:20,971 [INFO] *** Scraping PAGE feed: https://www.facebook.com/abscbnNEWS/posts
2025-07-24 17:00:32,359 [INFO] [Page] abscbnNEWS: found 3 articles
2025-07-24 17:00:32,546 [INFO] [Page] abscbnNEWS: appended 1 posts
2025-07-24 17:00:32,547 [INFO] *** Scraping PAGE feed: https://www.facebook.com/rapplerdotcom/posts
2025-07-24 17:00:42,035 [INFO] [Page] rapplerdotcom: found 3 articles
2025-07-24 17:00:42,097 [INFO] [Page] rapplerdotcom: appended 0 posts
2025-07-24 17:00:42,098 [INFO] *** Scraping PAGE feed: https://www.facebook.com/gmanews/posts
2025-07-24 17:00:51,325 [INFO] [Page] gmanews: found 3 articles
2025-07-24 17:00:51,422 [INFO] [Page] gmanews: appended 1 posts
2025-07-24 17:00:51,422 [INFO] *** Scraping PAGE feed: https://www.facebook.com/manilabulletin/posts
2025-07-24 17:01:01,248 [INFO] [Page] manilabulletin: found 3 articles
2025-07-24 17:01:01,940 [INFO] [Page] manilabulletin: appended 1 posts
2025-07-24 17:01:01,940 [INFO] *** Scraping PAGE feed: https://www.facebook.com/sunstarphilippines/posts
2025-07-24 17:01:12,288 [INFO] [Page] sunstarphilippines: found 3 articles
2025-07-24 17:01:12,390 [INFO] [Page] sunstarphilippines: appended 1 posts
2025-07-24 17:01:12,390 [INFO] *** Scraping PAGE feed: https://www.facebook.com/PhilstarNews/posts
2025-07-24 17:01:22,259 [INFO] [Page] PhilstarNews: found 3 articles
2025-07-24 17:01:22,333 [INFO] [Page] PhilstarNews: appended 0 posts
2025-07-24 17:01:22,333 [INFO] *** Scraping PAGE feed: https://www.facebook.com/inquirerdotnet/posts
2025-07-24 17:01:32,421 [INFO] [Page] inquirerdotnet: found 3 articles
2025-07-24 17:01:32,490 [INFO] [Page] inquirerdotnet: appended 0 posts
2025-07-24 17:01:32,491 [INFO] *** Scraping PAGE feed: https://www.facebook.com/pagasa.dost.gov.ph/posts
2025-07-24 17:01:41,962 [INFO] [Page] pagasa.dost.gov.ph: found 4 articles
2025-07-24 17:01:44,045 [INFO] [Page] pagasa.dost.gov.ph: appended 1 posts
2025-07-24 17:01:44,046 [INFO] *** Scraping PAGE feed: https://www.facebook.com/davaocitydrmmc/posts
2025-07-24 17:02:14,375 [INFO] [Page] davaocitydrmmc: found 0 articles
2025-07-24 17:02:14,375 [INFO] [Page] davaocitydrmmc: appended 0 posts
2025-07-24 17:02:14,375 [INFO] *** Scraping PAGE feed: https://www.facebook.com/NDRRMC/posts
2025-07-24 17:02:24,402 [INFO] [Page] NDRRMC: found 4 articles
2025-07-24 17:02:25,761 [INFO] [Page] NDRRMC: appended 1 posts
2025-07-24 17:02:25,761 [INFO] *** Scraping PAGE feed: https://www.facebook.com/UNTVNewsRescue/posts
2025-07-24 17:03:12,974 [INFO] [Page] UNTVNewsRescue: found 3 articles
2025-07-24 17:03:13,081 [INFO] [Page] UNTVNewsRescue: appended 1 posts
2025-07-24 17:03:13,081 [INFO] *** Scraping PAGE feed: https://www.facebook.com/PIAgovernment/posts
2025-07-24 17:03:22,198 [INFO] [Page] PIAgovernment: found 0 articles
2025-07-24 17:03:22,198 [INFO] [Page] PIAgovernment: appended 0 posts
2025-07-24 17:03:22,198 [INFO] *** Scraping PAGE feed: https://www.facebook.com/DavaoDRRMO/posts
2025-07-24 17:03:31,858 [INFO] [Page] DavaoDRRMO: found 3 articles
2025-07-24 17:03:33,239 [INFO] [Page] DavaoDRRMO: appended 0 posts
2025-07-24 17:03:33,240 [INFO] *** Scraping PAGE feed: https://www.facebook.com/sunstardavaonews/posts
2025-07-24 17:03:42,910 [INFO] [Page] sunstardavaonews: found 3 articles
2025-07-24 17:03:44,769 [INFO] [Page] sunstardavaonews: appended 0 posts
2025-07-24 17:03:44,769 [INFO] *** Scraping PAGE feed: https://www.facebook.com/profile.php?id=61568208630146/posts
2025-07-24 17:03:54,814 [INFO] [Page] profile.php?id=61568208630146: found 0 articles
2025-07-24 17:03:54,814 [INFO] [Page] profile.php?id=61568208630146: appended 0 posts
2025-07-24 17:03:54,814 [INFO] *** Scraping PAGE feed: https://www.facebook.com/PHIVOLCS/posts
2025-07-24 17:04:04,779 [INFO] [Page] PHIVOLCS: found 3 articles
2025-07-24 17:04:06,338 [INFO] [Page] PHIVOLCS: appended 1 posts
2025-07-24 17:04:06,338 [INFO]  - Searching hashtag: #FloodAlert
2025-07-24 17:04:37,097 [INFO] [Hashtag] #FloodAlert: found 3 articles
2025-07-24 17:04:37,264 [INFO] [Hashtag] #FloodAlert: appended 0 posts
2025-07-24 17:04:37,264 [INFO]  - Searching hashtag: #BahaPH
2025-07-24 17:04:48,930 [INFO] [Hashtag] #BahaPH: found 3 articles
2025-07-24 17:04:50,728 [INFO] [Hashtag] #BahaPH: appended 0 posts
2025-07-24 17:04:50,728 [INFO]  - Searching hashtag: #StreetFloodAlert
2025-07-24 17:08:52,829 [INFO] [Hashtag] #StreetFloodAlert: found 3 articles
2025-07-24 17:08:54,402 [INFO] [Hashtag] #StreetFloodAlert: appended 0 posts
2025-07-24 17:08:54,402 [INFO]  - Searching hashtag: #LandslideAlert
2025-07-24 17:09:05,656 [INFO] [Hashtag] #LandslideAlert: found 3 articles
2025-07-24 17:09:05,973 [INFO] [Hashtag] #LandslideAlert: appended 0 posts
2025-07-24 17:09:05,973 [INFO]  - Searching hashtag: #LandslidePH
2025-07-24 17:09:17,290 [INFO] [Hashtag] #LandslidePH: found 3 articles
2025-07-24 17:09:19,039 [INFO] [Hashtag] #LandslidePH: appended 0 posts
2025-07-24 17:09:19,039 [INFO]  - Searching hashtag: #FireAlert
2025-07-24 17:09:30,301 [INFO] [Hashtag] #FireAlert: found 3 articles
2025-07-24 17:09:32,065 [INFO] [Hashtag] #FireAlert: appended 1 posts
2025-07-24 17:09:32,066 [INFO]  - Searching hashtag: #EarthquakeAlert
2025-07-24 17:10:07,325 [INFO] [Hashtag] #EarthquakeAlert: found 3 articles
2025-07-24 17:10:09,088 [INFO] [Hashtag] #EarthquakeAlert: appended 0 posts
2025-07-24 17:10:09,088 [INFO]  - Searching hashtag: #EarthquakePH
2025-07-24 17:16:12,467 [INFO] *** Scraping PAGE feed: https://www.facebook.com/abscbnNEWS/posts
2025-07-24 17:16:16,818 [INFO] [Hashtag] #EarthquakePH: found 2 articles
2025-07-24 17:16:16,851 [INFO] [Hashtag] #EarthquakePH: appended 0 posts
2025-07-24 17:16:17,278 [INFO] ✅ Done! rows saved: 290
2025-07-24 17:17:01,151 [INFO] [Page] abscbnNEWS: found 3 articles
2025-07-24 17:17:01,286 [INFO] [Page] abscbnNEWS: appended 1 posts
2025-07-24 17:17:01,286 [INFO] *** Scraping PAGE feed: https://www.facebook.com/rapplerdotcom/posts
2025-07-24 17:17:10,609 [INFO] [Page] rapplerdotcom: found 3 articles
2025-07-24 17:17:10,753 [INFO] [Page] rapplerdotcom: appended 1 posts
2025-07-24 17:17:10,753 [INFO] *** Scraping PAGE feed: https://www.facebook.com/gmanews/posts
2025-07-24 17:17:21,467 [INFO] [Page] gmanews: found 3 articles
2025-07-24 17:17:21,563 [INFO] [Page] gmanews: appended 1 posts
2025-07-24 17:17:21,563 [INFO] *** Scraping PAGE feed: https://www.facebook.com/manilabulletin/posts
2025-07-24 17:17:30,888 [INFO] [Page] manilabulletin: found 3 articles
2025-07-24 17:17:30,970 [INFO] [Page] manilabulletin: appended 1 posts
2025-07-24 17:17:30,970 [INFO] *** Scraping PAGE feed: https://www.facebook.com/sunstarphilippines/posts
2025-07-24 17:17:40,398 [INFO] [Page] sunstarphilippines: found 3 articles
2025-07-24 17:17:40,512 [INFO] [Page] sunstarphilippines: appended 0 posts
2025-07-24 17:17:40,512 [INFO] *** Scraping PAGE feed: https://www.facebook.com/PhilstarNews/posts
2025-07-24 17:17:50,862 [INFO] [Page] PhilstarNews: found 3 articles
2025-07-24 17:17:50,944 [INFO] [Page] PhilstarNews: appended 1 posts
2025-07-24 17:17:50,945 [INFO] *** Scraping PAGE feed: https://www.facebook.com/inquirerdotnet/posts
2025-07-24 17:18:01,291 [INFO] [Page] inquirerdotnet: found 3 articles
2025-07-24 17:18:02,777 [INFO] [Page] inquirerdotnet: appended 1 posts
2025-07-24 17:18:02,777 [INFO] *** Scraping PAGE feed: https://www.facebook.com/pagasa.dost.gov.ph/posts
2025-07-24 17:18:38,614 [INFO] [Page] pagasa.dost.gov.ph: found 3 articles
2025-07-24 17:18:40,437 [INFO] [Page] pagasa.dost.gov.ph: appended 1 posts
2025-07-24 17:18:40,437 [INFO] *** Scraping PAGE feed: https://www.facebook.com/davaocitydrmmc/posts
2025-07-24 17:18:49,707 [INFO] [Page] davaocitydrmmc: found 0 articles
2025-07-24 17:18:49,707 [INFO] [Page] davaocitydrmmc: appended 0 posts
2025-07-24 17:18:49,707 [INFO] *** Scraping PAGE feed: https://www.facebook.com/NDRRMC/posts
2025-07-24 17:18:59,316 [INFO] [Page] NDRRMC: found 3 articles
2025-07-24 17:19:00,694 [INFO] [Page] NDRRMC: appended 1 posts
2025-07-24 17:19:00,694 [INFO] *** Scraping PAGE feed: https://www.facebook.com/UNTVNewsRescue/posts
2025-07-24 17:19:10,702 [INFO] [Page] UNTVNewsRescue: found 4 articles
2025-07-24 17:19:10,822 [INFO] [Page] UNTVNewsRescue: appended 1 posts
2025-07-24 17:19:10,822 [INFO] *** Scraping PAGE feed: https://www.facebook.com/PIAgovernment/posts
2025-07-24 17:19:19,761 [INFO] [Page] PIAgovernment: found 0 articles
2025-07-24 17:19:19,762 [INFO] [Page] PIAgovernment: appended 0 posts
2025-07-24 17:19:19,762 [INFO] *** Scraping PAGE feed: https://www.facebook.com/DavaoDRRMO/posts
2025-07-24 17:19:40,837 [INFO] [Page] DavaoDRRMO: found 3 articles
2025-07-24 17:19:42,558 [INFO] [Page] DavaoDRRMO: appended 0 posts
2025-07-24 17:19:42,558 [INFO] *** Scraping PAGE feed: https://www.facebook.com/sunstardavaonews/posts
2025-07-24 17:19:57,642 [INFO] [Page] sunstardavaonews: found 3 articles
2025-07-24 17:19:57,777 [INFO] [Page] sunstardavaonews: appended 0 posts
2025-07-24 17:19:57,777 [INFO] *** Scraping PAGE feed: https://www.facebook.com/profile.php?id=61568208630146/posts
2025-07-24 17:20:07,480 [INFO] [Page] profile.php?id=61568208630146: found 0 articles
2025-07-24 17:20:07,480 [INFO] [Page] profile.php?id=61568208630146: appended 0 posts
2025-07-24 17:20:07,480 [INFO] *** Scraping PAGE feed: https://www.facebook.com/PHIVOLCS/posts
2025-07-24 17:20:17,534 [INFO] [Page] PHIVOLCS: found 3 articles
2025-07-24 17:20:19,262 [INFO] [Page] PHIVOLCS: appended 1 posts
2025-07-24 17:20:19,262 [INFO]  - Searching hashtag: #FloodAlert
2025-07-24 17:20:30,300 [INFO] [Hashtag] #FloodAlert: found 3 articles
2025-07-24 17:20:30,456 [INFO] [Hashtag] #FloodAlert: appended 0 posts
2025-07-24 17:20:30,456 [INFO]  - Searching hashtag: #BahaPH
2025-07-24 17:20:40,475 [INFO] [Hashtag] #BahaPH: found 3 articles
2025-07-24 17:20:42,534 [INFO] [Hashtag] #BahaPH: appended 0 posts
2025-07-24 17:20:42,534 [INFO]  - Searching hashtag: #StreetFloodAlert
2025-07-24 17:20:59,393 [INFO] [Hashtag] #StreetFloodAlert: found 3 articles
2025-07-24 17:21:01,030 [INFO] [Hashtag] #StreetFloodAlert: appended 0 posts
2025-07-24 17:21:01,030 [INFO]  - Searching hashtag: #LandslideAlert
2025-07-24 17:21:21,185 [INFO] [Hashtag] #LandslideAlert: found 3 articles
2025-07-24 17:21:21,456 [INFO] [Hashtag] #LandslideAlert: appended 0 posts
2025-07-24 17:21:21,456 [INFO]  - Searching hashtag: #LandslidePH
2025-07-24 17:21:31,303 [INFO] [Hashtag] #LandslidePH: found 3 articles
2025-07-24 17:21:32,771 [INFO] [Hashtag] #LandslidePH: appended 0 posts
2025-07-24 17:21:32,772 [INFO]  - Searching hashtag: #FireAlert
2025-07-24 17:21:45,005 [INFO] [Hashtag] #FireAlert: found 3 articles
2025-07-24 17:21:46,692 [INFO] [Hashtag] #FireAlert: appended 1 posts
2025-07-24 17:21:46,692 [INFO]  - Searching hashtag: #EarthquakeAlert
2025-07-24 17:22:06,031 [INFO] [Hashtag] #EarthquakeAlert: found 3 articles
2025-07-24 17:22:06,512 [INFO] [Hashtag] #EarthquakeAlert: appended 0 posts
2025-07-24 17:22:06,512 [INFO]  - Searching hashtag: #EarthquakePH
2025-07-24 17:22:17,024 [INFO] [Hashtag] #EarthquakePH: found 3 articles
2025-07-24 17:22:19,241 [INFO] [Hashtag] #EarthquakePH: appended 0 posts
2025-07-24 17:22:19,509 [INFO] ✅ Done! rows saved: 300
2025-07-24 17:30:21,775 [INFO] *** Scraping PAGE feed: https://www.facebook.com/abscbnNEWS/posts
2025-07-24 17:30:31,734 [INFO] [Page] abscbnNEWS: found 3 articles
2025-07-24 17:30:31,889 [INFO] [Page] abscbnNEWS: appended 1 posts
2025-07-24 17:30:31,890 [INFO] *** Scraping PAGE feed: https://www.facebook.com/rapplerdotcom/posts
2025-07-24 17:31:51,216 [INFO] [Page] rapplerdotcom: found 3 articles
2025-07-24 17:31:51,281 [INFO] [Page] rapplerdotcom: appended 0 posts
2025-07-24 17:31:51,281 [INFO] *** Scraping PAGE feed: https://www.facebook.com/gmanews/posts
2025-07-24 17:32:00,683 [INFO] [Page] gmanews: found 3 articles
2025-07-24 17:32:00,781 [INFO] [Page] gmanews: appended 1 posts
2025-07-24 17:32:00,781 [INFO] *** Scraping PAGE feed: https://www.facebook.com/manilabulletin/posts
2025-07-24 17:32:10,484 [INFO] [Page] manilabulletin: found 3 articles
2025-07-24 17:32:10,547 [INFO] [Page] manilabulletin: appended 0 posts
2025-07-24 17:32:10,548 [INFO] *** Scraping PAGE feed: https://www.facebook.com/sunstarphilippines/posts
2025-07-24 17:32:20,685 [INFO] [Page] sunstarphilippines: found 3 articles
2025-07-24 17:32:20,750 [INFO] [Page] sunstarphilippines: appended 0 posts
2025-07-24 17:32:20,750 [INFO] *** Scraping PAGE feed: https://www.facebook.com/PhilstarNews/posts
2025-07-24 17:32:31,527 [INFO] [Page] PhilstarNews: found 3 articles
2025-07-24 17:32:31,681 [INFO] [Page] PhilstarNews: appended 0 posts
2025-07-24 17:32:31,681 [INFO] *** Scraping PAGE feed: https://www.facebook.com/inquirerdotnet/posts
2025-07-24 17:32:44,876 [INFO] [Page] inquirerdotnet: found 3 articles
2025-07-24 17:32:46,921 [INFO] [Page] inquirerdotnet: appended 1 posts
2025-07-24 17:32:46,921 [INFO] *** Scraping PAGE feed: https://www.facebook.com/pagasa.dost.gov.ph/posts
2025-07-24 17:32:58,475 [INFO] [Page] pagasa.dost.gov.ph: found 8 articles
2025-07-24 17:33:00,047 [INFO] [Page] pagasa.dost.gov.ph: appended 3 posts
2025-07-24 17:33:00,047 [INFO] *** Scraping PAGE feed: https://www.facebook.com/davaocitydrmmc/posts
2025-07-24 17:33:09,241 [INFO] [Page] davaocitydrmmc: found 0 articles
2025-07-24 17:33:09,242 [INFO] [Page] davaocitydrmmc: appended 0 posts
2025-07-24 17:33:09,242 [INFO] *** Scraping PAGE feed: https://www.facebook.com/NDRRMC/posts
2025-07-24 17:33:25,980 [INFO] [Page] NDRRMC: found 6 articles
2025-07-24 17:33:27,925 [INFO] [Page] NDRRMC: appended 1 posts
2025-07-24 17:33:27,925 [INFO] *** Scraping PAGE feed: https://www.facebook.com/UNTVNewsRescue/posts
2025-07-24 17:33:39,367 [INFO] [Page] UNTVNewsRescue: found 3 articles
2025-07-24 17:33:41,219 [INFO] [Page] UNTVNewsRescue: appended 1 posts
2025-07-24 17:33:41,219 [INFO] *** Scraping PAGE feed: https://www.facebook.com/PIAgovernment/posts
2025-07-24 17:33:58,380 [INFO] [Page] PIAgovernment: found 0 articles
2025-07-24 17:33:58,381 [INFO] [Page] PIAgovernment: appended 0 posts
2025-07-24 17:33:58,381 [INFO] *** Scraping PAGE feed: https://www.facebook.com/DavaoDRRMO/posts
2025-07-24 17:34:09,208 [INFO] [Page] DavaoDRRMO: found 3 articles
2025-07-24 17:34:11,110 [INFO] [Page] DavaoDRRMO: appended 1 posts
2025-07-24 17:34:11,110 [INFO] *** Scraping PAGE feed: https://www.facebook.com/sunstardavaonews/posts
2025-07-24 17:34:20,945 [INFO] [Page] sunstardavaonews: found 3 articles
2025-07-24 17:34:23,778 [INFO] [Page] sunstardavaonews: appended 0 posts
2025-07-24 17:34:23,779 [INFO] *** Scraping PAGE feed: https://www.facebook.com/profile.php?id=61568208630146/posts
2025-07-24 17:34:33,731 [INFO] [Page] profile.php?id=61568208630146: found 0 articles
2025-07-24 17:34:33,731 [INFO] [Page] profile.php?id=61568208630146: appended 0 posts
2025-07-24 17:34:33,731 [INFO] *** Scraping PAGE feed: https://www.facebook.com/PHIVOLCS/posts
2025-07-24 17:34:45,602 [INFO] [Page] PHIVOLCS: found 3 articles
2025-07-24 17:34:47,144 [INFO] [Page] PHIVOLCS: appended 1 posts
2025-07-24 17:34:47,145 [INFO]  - Searching hashtag: #FloodAlert
2025-07-24 17:34:59,640 [INFO] [Hashtag] #FloodAlert: found 3 articles
2025-07-24 17:34:59,853 [INFO] [Hashtag] #FloodAlert: appended 0 posts
2025-07-24 17:34:59,854 [INFO]  - Searching hashtag: #BahaPH
2025-07-24 17:35:12,126 [INFO] [Hashtag] #BahaPH: found 3 articles
2025-07-24 17:35:13,996 [INFO] [Hashtag] #BahaPH: appended 0 posts
2025-07-24 17:35:13,996 [INFO]  - Searching hashtag: #StreetFloodAlert
2025-07-24 17:35:25,460 [INFO] [Hashtag] #StreetFloodAlert: found 3 articles
2025-07-24 17:35:27,009 [INFO] [Hashtag] #StreetFloodAlert: appended 0 posts
2025-07-24 17:35:27,009 [INFO]  - Searching hashtag: #LandslideAlert
2025-07-24 17:35:37,620 [INFO] [Hashtag] #LandslideAlert: found 3 articles
2025-07-24 17:35:37,772 [INFO] [Hashtag] #LandslideAlert: appended 0 posts
2025-07-24 17:35:37,772 [INFO]  - Searching hashtag: #LandslidePH
2025-07-24 17:35:57,281 [INFO] [Hashtag] #LandslidePH: found 3 articles
2025-07-24 17:35:58,749 [INFO] [Hashtag] #LandslidePH: appended 0 posts
2025-07-24 17:35:58,749 [INFO]  - Searching hashtag: #FireAlert
2025-07-24 17:36:10,191 [INFO] [Hashtag] #FireAlert: found 3 articles
2025-07-24 17:36:11,892 [INFO] [Hashtag] #FireAlert: appended 1 posts
2025-07-24 17:36:11,892 [INFO]  - Searching hashtag: #EarthquakeAlert
2025-07-24 17:36:23,998 [INFO] [Hashtag] #EarthquakeAlert: found 3 articles
2025-07-24 17:36:24,401 [INFO] [Hashtag] #EarthquakeAlert: appended 0 posts
2025-07-24 17:36:24,402 [INFO]  - Searching hashtag: #EarthquakePH
2025-07-24 17:36:34,259 [INFO] [Hashtag] #EarthquakePH: found 3 articles
2025-07-24 17:36:35,858 [INFO] [Hashtag] #EarthquakePH: appended 0 posts
2025-07-24 17:36:36,588 [INFO] ✅ Done! rows saved: 309
2025-07-24 17:45:09,424 [INFO] *** Scraping PAGE feed: https://www.facebook.com/abscbnNEWS/posts
2025-07-24 17:45:19,911 [INFO] [Page] abscbnNEWS: found 4 articles
2025-07-24 17:45:21,510 [INFO] [Page] abscbnNEWS: appended 2 posts
2025-07-24 17:45:21,510 [INFO] *** Scraping PAGE feed: https://www.facebook.com/rapplerdotcom/posts
2025-07-24 17:45:31,448 [INFO] [Page] rapplerdotcom: found 4 articles
2025-07-24 17:45:31,606 [INFO] [Page] rapplerdotcom: appended 1 posts
2025-07-24 17:45:31,606 [INFO] *** Scraping PAGE feed: https://www.facebook.com/gmanews/posts
2025-07-24 17:45:41,428 [INFO] [Page] gmanews: found 4 articles
2025-07-24 17:45:41,562 [INFO] [Page] gmanews: appended 1 posts
2025-07-24 17:45:41,563 [INFO] *** Scraping PAGE feed: https://www.facebook.com/manilabulletin/posts
2025-07-24 17:45:51,377 [INFO] [Page] manilabulletin: found 3 articles
2025-07-24 17:45:51,443 [INFO] [Page] manilabulletin: appended 0 posts
2025-07-24 17:45:51,444 [INFO] *** Scraping PAGE feed: https://www.facebook.com/sunstarphilippines/posts
2025-07-24 17:46:03,951 [INFO] [Page] sunstarphilippines: found 3 articles
2025-07-24 17:46:04,018 [INFO] [Page] sunstarphilippines: appended 0 posts
2025-07-24 17:46:04,018 [INFO] *** Scraping PAGE feed: https://www.facebook.com/PhilstarNews/posts
2025-07-24 17:46:15,948 [INFO] [Page] PhilstarNews: found 3 articles
2025-07-24 17:46:16,017 [INFO] [Page] PhilstarNews: appended 0 posts
2025-07-24 17:46:16,018 [INFO] *** Scraping PAGE feed: https://www.facebook.com/inquirerdotnet/posts
2025-07-24 17:46:26,778 [INFO] [Page] inquirerdotnet: found 3 articles
2025-07-24 17:46:26,868 [INFO] [Page] inquirerdotnet: appended 0 posts
2025-07-24 17:46:26,869 [INFO] *** Scraping PAGE feed: https://www.facebook.com/pagasa.dost.gov.ph/posts
2025-07-24 17:46:37,260 [INFO] [Page] pagasa.dost.gov.ph: found 4 articles
2025-07-24 17:46:39,207 [INFO] [Page] pagasa.dost.gov.ph: appended 1 posts
2025-07-24 17:46:39,208 [INFO] *** Scraping PAGE feed: https://www.facebook.com/davaocitydrmmc/posts
2025-07-24 17:46:48,420 [INFO] [Page] davaocitydrmmc: found 0 articles
2025-07-24 17:46:48,420 [INFO] [Page] davaocitydrmmc: appended 0 posts
2025-07-24 17:46:48,420 [INFO] *** Scraping PAGE feed: https://www.facebook.com/NDRRMC/posts
2025-07-24 17:46:57,925 [INFO] [Page] NDRRMC: found 3 articles
2025-07-24 17:46:59,321 [INFO] [Page] NDRRMC: appended 1 posts
2025-07-24 17:46:59,321 [INFO] *** Scraping PAGE feed: https://www.facebook.com/UNTVNewsRescue/posts
2025-07-24 17:47:09,867 [INFO] [Page] UNTVNewsRescue: found 3 articles
2025-07-24 17:47:11,263 [INFO] [Page] UNTVNewsRescue: appended 1 posts
2025-07-24 17:47:11,263 [INFO] *** Scraping PAGE feed: https://www.facebook.com/PIAgovernment/posts
2025-07-24 17:47:21,155 [INFO] [Page] PIAgovernment: found 0 articles
2025-07-24 17:47:21,155 [INFO] [Page] PIAgovernment: appended 0 posts
2025-07-24 17:47:21,155 [INFO] *** Scraping PAGE feed: https://www.facebook.com/DavaoDRRMO/posts
2025-07-24 17:47:31,139 [INFO] [Page] DavaoDRRMO: found 3 articles
2025-07-24 17:47:32,669 [INFO] [Page] DavaoDRRMO: appended 1 posts
2025-07-24 17:47:32,670 [INFO] *** Scraping PAGE feed: https://www.facebook.com/sunstardavaonews/posts
2025-07-24 17:47:42,473 [INFO] [Page] sunstardavaonews: found 3 articles
2025-07-24 17:47:42,740 [INFO] [Page] sunstardavaonews: appended 1 posts
2025-07-24 17:47:42,740 [INFO] *** Scraping PAGE feed: https://www.facebook.com/profile.php?id=61568208630146/posts
2025-07-24 17:47:54,000 [INFO] [Page] profile.php?id=61568208630146: found 0 articles
2025-07-24 17:47:54,000 [INFO] [Page] profile.php?id=61568208630146: appended 0 posts
2025-07-24 17:47:54,000 [INFO] *** Scraping PAGE feed: https://www.facebook.com/PHIVOLCS/posts
2025-07-24 17:48:06,435 [INFO] [Page] PHIVOLCS: found 3 articles
2025-07-24 17:48:08,110 [INFO] [Page] PHIVOLCS: appended 1 posts
2025-07-24 17:48:08,111 [INFO]  - Searching hashtag: #FloodAlert
2025-07-24 17:48:19,167 [INFO] [Hashtag] #FloodAlert: found 3 articles
2025-07-24 17:48:19,401 [INFO] [Hashtag] #FloodAlert: appended 0 posts
2025-07-24 17:48:19,401 [INFO]  - Searching hashtag: #BahaPH
2025-07-24 17:48:31,691 [INFO] [Hashtag] #BahaPH: found 3 articles
2025-07-24 17:48:33,352 [INFO] [Hashtag] #BahaPH: appended 0 posts
2025-07-24 17:48:33,353 [INFO]  - Searching hashtag: #StreetFloodAlert
2025-07-24 17:48:45,262 [INFO] [Hashtag] #StreetFloodAlert: found 3 articles
2025-07-24 17:48:47,965 [INFO] [Hashtag] #StreetFloodAlert: appended 0 posts
2025-07-24 17:48:47,966 [INFO]  - Searching hashtag: #LandslideAlert
2025-07-24 17:48:58,583 [INFO] [Hashtag] #LandslideAlert: found 3 articles
2025-07-24 17:49:00,365 [INFO] [Hashtag] #LandslideAlert: appended 0 posts
2025-07-24 17:49:00,365 [INFO]  - Searching hashtag: #LandslidePH
2025-07-24 17:49:11,145 [INFO] [Hashtag] #LandslidePH: found 3 articles
2025-07-24 17:49:13,289 [INFO] [Hashtag] #LandslidePH: appended 0 posts
2025-07-24 17:49:13,289 [INFO]  - Searching hashtag: #FireAlert
2025-07-24 17:49:26,285 [INFO] [Hashtag] #FireAlert: found 3 articles
2025-07-24 17:49:27,795 [INFO] [Hashtag] #FireAlert: appended 1 posts
2025-07-24 17:49:27,795 [INFO]  - Searching hashtag: #EarthquakeAlert
2025-07-24 17:49:40,075 [INFO] [Hashtag] #EarthquakeAlert: found 3 articles
2025-07-24 17:49:40,427 [INFO] [Hashtag] #EarthquakeAlert: appended 0 posts
2025-07-24 17:49:40,427 [INFO]  - Searching hashtag: #EarthquakePH
2025-07-24 17:49:52,872 [INFO] [Hashtag] #EarthquakePH: found 3 articles
2025-07-24 17:49:54,920 [INFO] [Hashtag] #EarthquakePH: appended 0 posts
2025-07-24 17:49:55,375 [INFO] ✅ Done! rows saved: 317
2025-07-24 18:00:54,309 [INFO] *** Scraping PAGE feed: https://www.facebook.com/abscbnNEWS/posts
2025-07-24 18:01:04,723 [INFO] [Page] abscbnNEWS: found 3 articles
2025-07-24 18:01:04,807 [INFO] [Page] abscbnNEWS: appended 0 posts
2025-07-24 18:01:04,808 [INFO] *** Scraping PAGE feed: https://www.facebook.com/rapplerdotcom/posts
2025-07-24 18:03:00,207 [INFO] [Page] rapplerdotcom: found 3 articles
2025-07-24 18:03:00,273 [INFO] [Page] rapplerdotcom: appended 0 posts
2025-07-24 18:03:00,273 [INFO] *** Scraping PAGE feed: https://www.facebook.com/gmanews/posts
2025-07-24 18:03:10,043 [INFO] [Page] gmanews: found 4 articles
2025-07-24 18:03:11,392 [INFO] [Page] gmanews: appended 1 posts
2025-07-24 18:03:11,392 [INFO] *** Scraping PAGE feed: https://www.facebook.com/manilabulletin/posts
2025-07-24 18:03:21,357 [INFO] [Page] manilabulletin: found 3 articles
2025-07-24 18:03:22,562 [INFO] [Page] manilabulletin: appended 1 posts
2025-07-24 18:03:22,562 [INFO] *** Scraping PAGE feed: https://www.facebook.com/sunstarphilippines/posts
2025-07-24 18:03:32,287 [INFO] [Page] sunstarphilippines: found 3 articles
2025-07-24 18:03:32,351 [INFO] [Page] sunstarphilippines: appended 0 posts
2025-07-24 18:03:32,351 [INFO] *** Scraping PAGE feed: https://www.facebook.com/PhilstarNews/posts
2025-07-24 18:03:44,850 [INFO] [Page] PhilstarNews: found 4 articles
2025-07-24 18:03:45,117 [INFO] [Page] PhilstarNews: appended 1 posts
2025-07-24 18:03:45,118 [INFO] *** Scraping PAGE feed: https://www.facebook.com/inquirerdotnet/posts
2025-07-24 18:03:55,083 [INFO] [Page] inquirerdotnet: found 3 articles
2025-07-24 18:03:55,314 [INFO] [Page] inquirerdotnet: appended 1 posts
2025-07-24 18:03:55,315 [INFO] *** Scraping PAGE feed: https://www.facebook.com/pagasa.dost.gov.ph/posts
2025-07-24 18:04:05,182 [INFO] [Page] pagasa.dost.gov.ph: found 3 articles
2025-07-24 18:04:06,866 [INFO] [Page] pagasa.dost.gov.ph: appended 1 posts
2025-07-24 18:04:06,867 [INFO] *** Scraping PAGE feed: https://www.facebook.com/davaocitydrmmc/posts
2025-07-24 18:04:16,437 [INFO] [Page] davaocitydrmmc: found 0 articles
2025-07-24 18:04:16,437 [INFO] [Page] davaocitydrmmc: appended 0 posts
2025-07-24 18:04:16,438 [INFO] *** Scraping PAGE feed: https://www.facebook.com/NDRRMC/posts
2025-07-24 18:04:26,433 [INFO] [Page] NDRRMC: found 3 articles
2025-07-24 18:04:28,060 [INFO] [Page] NDRRMC: appended 1 posts
2025-07-24 18:04:28,060 [INFO] *** Scraping PAGE feed: https://www.facebook.com/UNTVNewsRescue/posts
2025-07-24 18:09:59,153 [INFO] [Page] UNTVNewsRescue: found 2 articles
2025-07-24 18:09:59,182 [INFO] [Page] UNTVNewsRescue: appended 0 posts
2025-07-24 18:09:59,182 [INFO] *** Scraping PAGE feed: https://www.facebook.com/PIAgovernment/posts
2025-07-24 18:10:09,775 [INFO] [Page] PIAgovernment: found 0 articles
2025-07-24 18:10:09,776 [INFO] [Page] PIAgovernment: appended 0 posts
2025-07-24 18:10:09,776 [INFO] *** Scraping PAGE feed: https://www.facebook.com/DavaoDRRMO/posts
2025-07-24 18:10:19,531 [INFO] [Page] DavaoDRRMO: found 3 articles
2025-07-24 18:10:21,325 [INFO] [Page] DavaoDRRMO: appended 1 posts
2025-07-24 18:10:21,325 [INFO] *** Scraping PAGE feed: https://www.facebook.com/sunstardavaonews/posts
2025-07-24 18:10:39,548 [INFO] [Page] sunstardavaonews: found 3 articles
2025-07-24 18:10:39,671 [INFO] [Page] sunstardavaonews: appended 0 posts
2025-07-24 18:10:39,671 [INFO] *** Scraping PAGE feed: https://www.facebook.com/profile.php?id=61568208630146/posts
2025-07-24 18:13:33,135 [INFO] [Page] profile.php?id=61568208630146: found 0 articles
2025-07-24 18:13:33,135 [INFO] [Page] profile.php?id=61568208630146: appended 0 posts
2025-07-24 18:13:33,135 [INFO] *** Scraping PAGE feed: https://www.facebook.com/PHIVOLCS/posts
2025-07-24 18:13:43,204 [INFO] [Page] PHIVOLCS: found 3 articles
2025-07-24 18:13:44,985 [INFO] [Page] PHIVOLCS: appended 1 posts
2025-07-24 18:13:44,986 [INFO]  - Searching hashtag: #FloodAlert
2025-07-24 18:16:04,488 [INFO] [Hashtag] #FloodAlert: found 3 articles
2025-07-24 18:16:04,725 [INFO] [Hashtag] #FloodAlert: appended 0 posts
2025-07-24 18:16:04,726 [INFO]  - Searching hashtag: #BahaPH
2025-07-24 18:17:04,588 [INFO] *** Scraping PAGE feed: https://www.facebook.com/abscbnNEWS/posts
2025-07-24 18:17:09,016 [INFO] [Hashtag] #BahaPH: found 3 articles
2025-07-24 18:17:10,719 [INFO] [Hashtag] #BahaPH: appended 0 posts
2025-07-24 18:17:10,719 [INFO]  - Searching hashtag: #StreetFloodAlert
2025-07-24 18:17:14,381 [INFO] [Page] abscbnNEWS: found 3 articles
2025-07-24 18:17:14,520 [INFO] [Page] abscbnNEWS: appended 1 posts
2025-07-24 18:17:14,520 [INFO] *** Scraping PAGE feed: https://www.facebook.com/rapplerdotcom/posts
2025-07-24 18:19:09,020 [INFO] [Hashtag] #StreetFloodAlert: found 3 articles
2025-07-24 18:19:10,614 [INFO] [Page] rapplerdotcom: found 4 articles
2025-07-24 18:19:10,726 [INFO] [Page] rapplerdotcom: appended 0 posts
2025-07-24 18:19:10,727 [INFO] *** Scraping PAGE feed: https://www.facebook.com/gmanews/posts
2025-07-24 18:19:10,748 [INFO] [Hashtag] #StreetFloodAlert: appended 0 posts
2025-07-24 18:19:10,749 [INFO]  - Searching hashtag: #LandslideAlert
2025-07-24 18:19:20,044 [INFO] [Page] gmanews: found 3 articles
2025-07-24 18:19:20,214 [INFO] [Page] gmanews: appended 1 posts
2025-07-24 18:19:20,215 [INFO] *** Scraping PAGE feed: https://www.facebook.com/manilabulletin/posts
2025-07-24 18:19:23,225 [INFO] [Hashtag] #LandslideAlert: found 3 articles
2025-07-24 18:19:23,459 [INFO] [Hashtag] #LandslideAlert: appended 0 posts
2025-07-24 18:19:23,459 [INFO]  - Searching hashtag: #LandslidePH
2025-07-24 18:19:30,527 [INFO] [Page] manilabulletin: found 3 articles
2025-07-24 18:19:30,592 [INFO] [Page] manilabulletin: appended 0 posts
2025-07-24 18:19:30,592 [INFO] *** Scraping PAGE feed: https://www.facebook.com/sunstarphilippines/posts
2025-07-24 18:19:34,722 [INFO] [Hashtag] #LandslidePH: found 3 articles
2025-07-24 18:19:36,442 [INFO] [Hashtag] #LandslidePH: appended 0 posts
2025-07-24 18:19:36,443 [INFO]  - Searching hashtag: #FireAlert
2025-07-24 18:19:40,261 [INFO] [Page] sunstarphilippines: found 3 articles
2025-07-24 18:19:40,395 [INFO] [Page] sunstarphilippines: appended 0 posts
2025-07-24 18:19:40,396 [INFO] *** Scraping PAGE feed: https://www.facebook.com/PhilstarNews/posts
2025-07-24 18:19:47,893 [INFO] [Hashtag] #FireAlert: found 3 articles
2025-07-24 18:22:15,973 [INFO] [Hashtag] #FireAlert: appended 1 posts
2025-07-24 18:22:15,973 [INFO]  - Searching hashtag: #EarthquakeAlert
2025-07-24 18:22:16,420 [INFO] [Page] PhilstarNews: found 3 articles
2025-07-24 18:22:16,509 [INFO] [Page] PhilstarNews: appended 1 posts
2025-07-24 18:22:16,510 [INFO] *** Scraping PAGE feed: https://www.facebook.com/inquirerdotnet/posts
2025-07-24 18:22:27,031 [INFO] [Page] inquirerdotnet: found 3 articles
2025-07-24 18:22:27,096 [INFO] [Page] inquirerdotnet: appended 0 posts
2025-07-24 18:22:27,096 [INFO] *** Scraping PAGE feed: https://www.facebook.com/pagasa.dost.gov.ph/posts
2025-07-24 18:22:29,179 [INFO] [Hashtag] #EarthquakeAlert: found 3 articles
2025-07-24 18:22:29,480 [INFO] [Hashtag] #EarthquakeAlert: appended 0 posts
2025-07-24 18:22:29,480 [INFO]  - Searching hashtag: #EarthquakePH
2025-07-24 18:22:36,454 [INFO] [Page] pagasa.dost.gov.ph: found 3 articles
2025-07-24 18:22:38,250 [INFO] [Page] pagasa.dost.gov.ph: appended 1 posts
2025-07-24 18:22:38,251 [INFO] *** Scraping PAGE feed: https://www.facebook.com/davaocitydrmmc/posts
2025-07-24 18:22:40,566 [INFO] [Hashtag] #EarthquakePH: found 3 articles
2025-07-24 18:22:42,068 [INFO] [Hashtag] #EarthquakePH: appended 0 posts
2025-07-24 18:22:42,531 [INFO] ✅ Done! rows saved: 324
2025-07-24 18:22:47,087 [INFO] [Page] davaocitydrmmc: found 0 articles
2025-07-24 18:22:47,087 [INFO] [Page] davaocitydrmmc: appended 0 posts
2025-07-24 18:22:47,087 [INFO] *** Scraping PAGE feed: https://www.facebook.com/NDRRMC/posts
2025-07-24 18:22:56,421 [INFO] [Page] NDRRMC: found 3 articles
2025-07-24 18:22:59,807 [INFO] [Page] NDRRMC: appended 1 posts
2025-07-24 18:22:59,807 [INFO] *** Scraping PAGE feed: https://www.facebook.com/UNTVNewsRescue/posts
2025-07-24 18:23:11,148 [INFO] [Page] UNTVNewsRescue: found 3 articles
2025-07-24 18:23:12,747 [INFO] [Page] UNTVNewsRescue: appended 0 posts
2025-07-24 18:23:12,747 [INFO] *** Scraping PAGE feed: https://www.facebook.com/PIAgovernment/posts
2025-07-24 18:23:22,416 [INFO] [Page] PIAgovernment: found 0 articles
2025-07-24 18:23:22,417 [INFO] [Page] PIAgovernment: appended 0 posts
2025-07-24 18:23:22,417 [INFO] *** Scraping PAGE feed: https://www.facebook.com/DavaoDRRMO/posts
2025-07-24 18:23:32,658 [INFO] [Page] DavaoDRRMO: found 3 articles
2025-07-24 18:23:34,507 [INFO] [Page] DavaoDRRMO: appended 1 posts
2025-07-24 18:23:34,507 [INFO] *** Scraping PAGE feed: https://www.facebook.com/sunstardavaonews/posts
2025-07-24 18:23:49,357 [INFO] [Page] sunstardavaonews: found 3 articles
2025-07-24 18:23:49,504 [INFO] [Page] sunstardavaonews: appended 1 posts
2025-07-24 18:23:49,504 [INFO] *** Scraping PAGE feed: https://www.facebook.com/profile.php?id=61568208630146/posts
2025-07-24 18:24:00,066 [INFO] [Page] profile.php?id=61568208630146: found 0 articles
2025-07-24 18:24:00,066 [INFO] [Page] profile.php?id=61568208630146: appended 0 posts
2025-07-24 18:24:00,066 [INFO] *** Scraping PAGE feed: https://www.facebook.com/PHIVOLCS/posts
2025-07-24 18:24:24,155 [INFO] [Page] PHIVOLCS: found 3 articles
2025-07-24 18:24:25,821 [INFO] [Page] PHIVOLCS: appended 1 posts
2025-07-24 18:24:25,821 [INFO]  - Searching hashtag: #FloodAlert
2025-07-24 18:24:37,437 [INFO] [Hashtag] #FloodAlert: found 3 articles
2025-07-24 18:24:39,280 [INFO] [Hashtag] #FloodAlert: appended 0 posts
2025-07-24 18:24:39,280 [INFO]  - Searching hashtag: #BahaPH
2025-07-24 18:25:03,032 [INFO] [Hashtag] #BahaPH: found 3 articles
2025-07-24 18:25:04,636 [INFO] [Hashtag] #BahaPH: appended 0 posts
2025-07-24 18:25:04,637 [INFO]  - Searching hashtag: #StreetFloodAlert
2025-07-24 18:25:15,916 [INFO] [Hashtag] #StreetFloodAlert: found 3 articles
2025-07-24 18:25:17,537 [INFO] [Hashtag] #StreetFloodAlert: appended 0 posts
2025-07-24 18:25:17,537 [INFO]  - Searching hashtag: #LandslideAlert
2025-07-24 18:27:05,199 [INFO] [Hashtag] #LandslideAlert: found 3 articles
2025-07-24 18:27:07,311 [INFO] [Hashtag] #LandslideAlert: appended 0 posts
2025-07-24 18:27:07,311 [INFO]  - Searching hashtag: #LandslidePH
2025-07-24 18:27:17,689 [INFO] [Hashtag] #LandslidePH: found 3 articles
2025-07-24 18:27:19,102 [INFO] [Hashtag] #LandslidePH: appended 0 posts
2025-07-24 18:27:19,102 [INFO]  - Searching hashtag: #FireAlert
2025-07-24 18:28:54,248 [INFO] [Hashtag] #FireAlert: found 3 articles
2025-07-24 18:28:56,365 [INFO] [Hashtag] #FireAlert: appended 1 posts
2025-07-24 18:28:56,365 [INFO]  - Searching hashtag: #EarthquakeAlert
2025-07-24 18:29:06,711 [INFO] [Hashtag] #EarthquakeAlert: found 3 articles
2025-07-24 18:29:07,087 [INFO] [Hashtag] #EarthquakeAlert: appended 0 posts
2025-07-24 18:29:07,087 [INFO]  - Searching hashtag: #EarthquakePH
2025-07-24 18:29:17,677 [INFO] [Hashtag] #EarthquakePH: found 3 articles
2025-07-24 18:29:19,259 [INFO] [Hashtag] #EarthquakePH: appended 0 posts
2025-07-24 18:29:25,042 [INFO] ✅ Done! rows saved: 328
2025-07-24 18:30:12,916 [INFO] *** Scraping PAGE feed: https://www.facebook.com/abscbnNEWS/posts
2025-07-24 18:32:00,234 [INFO] [Page] abscbnNEWS: found 3 articles
2025-07-24 18:32:00,365 [INFO] [Page] abscbnNEWS: appended 1 posts
2025-07-24 18:32:00,365 [INFO] *** Scraping PAGE feed: https://www.facebook.com/rapplerdotcom/posts
2025-07-24 18:32:26,634 [INFO] [Page] rapplerdotcom: found 3 articles
2025-07-24 18:32:26,715 [INFO] [Page] rapplerdotcom: appended 1 posts
2025-07-24 18:32:26,716 [INFO] *** Scraping PAGE feed: https://www.facebook.com/gmanews/posts
2025-07-24 18:32:36,323 [INFO] [Page] gmanews: found 3 articles
2025-07-24 18:32:36,415 [INFO] [Page] gmanews: appended 1 posts
2025-07-24 18:32:36,415 [INFO] *** Scraping PAGE feed: https://www.facebook.com/manilabulletin/posts
2025-07-24 18:32:46,376 [INFO] [Page] manilabulletin: found 3 articles
2025-07-24 18:32:46,460 [INFO] [Page] manilabulletin: appended 1 posts
2025-07-24 18:32:46,460 [INFO] *** Scraping PAGE feed: https://www.facebook.com/sunstarphilippines/posts
2025-07-24 18:35:33,186 [INFO] [Page] sunstarphilippines: found 3 articles
2025-07-24 18:35:33,249 [INFO] [Page] sunstarphilippines: appended 0 posts
2025-07-24 18:35:33,249 [INFO] *** Scraping PAGE feed: https://www.facebook.com/PhilstarNews/posts
2025-07-24 18:35:42,787 [INFO] [Page] PhilstarNews: found 3 articles
2025-07-24 18:35:42,859 [INFO] [Page] PhilstarNews: appended 0 posts
2025-07-24 18:35:42,860 [INFO] *** Scraping PAGE feed: https://www.facebook.com/inquirerdotnet/posts
2025-07-24 18:36:28,217 [INFO] [Page] inquirerdotnet: found 4 articles
2025-07-24 18:36:28,327 [INFO] [Page] inquirerdotnet: appended 0 posts
2025-07-24 18:36:28,327 [INFO] *** Scraping PAGE feed: https://www.facebook.com/pagasa.dost.gov.ph/posts
2025-07-24 18:36:38,136 [INFO] [Page] pagasa.dost.gov.ph: found 4 articles
2025-07-24 18:36:38,287 [INFO] [Page] pagasa.dost.gov.ph: appended 1 posts
2025-07-24 18:36:38,288 [INFO] *** Scraping PAGE feed: https://www.facebook.com/davaocitydrmmc/posts
2025-07-24 18:36:47,344 [INFO] [Page] davaocitydrmmc: found 0 articles
2025-07-24 18:36:47,345 [INFO] [Page] davaocitydrmmc: appended 0 posts
2025-07-24 18:36:47,345 [INFO] *** Scraping PAGE feed: https://www.facebook.com/NDRRMC/posts
2025-07-24 18:37:35,291 [INFO] [Page] NDRRMC: found 3 articles
2025-07-24 18:37:36,673 [INFO] [Page] NDRRMC: appended 1 posts
2025-07-24 18:37:36,673 [INFO] *** Scraping PAGE feed: https://www.facebook.com/UNTVNewsRescue/posts
2025-07-24 18:37:46,336 [INFO] [Page] UNTVNewsRescue: found 3 articles
2025-07-24 18:37:47,640 [INFO] [Page] UNTVNewsRescue: appended 0 posts
2025-07-24 18:37:47,641 [INFO] *** Scraping PAGE feed: https://www.facebook.com/PIAgovernment/posts
2025-07-24 18:37:56,537 [INFO] [Page] PIAgovernment: found 0 articles
2025-07-24 18:37:56,538 [INFO] [Page] PIAgovernment: appended 0 posts
2025-07-24 18:37:56,538 [INFO] *** Scraping PAGE feed: https://www.facebook.com/DavaoDRRMO/posts
2025-07-24 18:38:06,307 [INFO] [Page] DavaoDRRMO: found 4 articles
2025-07-24 18:38:08,127 [INFO] [Page] DavaoDRRMO: appended 1 posts
2025-07-24 18:38:08,127 [INFO] *** Scraping PAGE feed: https://www.facebook.com/sunstardavaonews/posts
2025-07-24 18:38:37,382 [INFO] [Page] sunstardavaonews: found 4 articles
2025-07-24 18:38:39,149 [INFO] [Page] sunstardavaonews: appended 0 posts
2025-07-24 18:38:39,149 [INFO] *** Scraping PAGE feed: https://www.facebook.com/profile.php?id=61568208630146/posts
2025-07-24 18:38:49,083 [INFO] [Page] profile.php?id=61568208630146: found 0 articles
2025-07-24 18:38:49,084 [INFO] [Page] profile.php?id=61568208630146: appended 0 posts
2025-07-24 18:38:49,084 [INFO] *** Scraping PAGE feed: https://www.facebook.com/PHIVOLCS/posts
2025-07-24 18:39:02,306 [INFO] [Page] PHIVOLCS: found 3 articles
2025-07-24 18:39:04,026 [INFO] [Page] PHIVOLCS: appended 1 posts
2025-07-24 18:39:04,026 [INFO]  - Searching hashtag: #FloodAlert
2025-07-24 18:39:16,262 [INFO] [Hashtag] #FloodAlert: found 3 articles
2025-07-24 18:39:19,092 [INFO] [Hashtag] #FloodAlert: appended 0 posts
2025-07-24 18:39:19,093 [INFO]  - Searching hashtag: #BahaPH
2025-07-24 18:39:30,987 [INFO] [Hashtag] #BahaPH: found 3 articles
2025-07-24 18:39:32,584 [INFO] [Hashtag] #BahaPH: appended 0 posts
2025-07-24 18:39:32,584 [INFO]  - Searching hashtag: #StreetFloodAlert
2025-07-24 18:39:45,283 [INFO] [Hashtag] #StreetFloodAlert: found 3 articles
2025-07-24 18:39:47,161 [INFO] [Hashtag] #StreetFloodAlert: appended 0 posts
2025-07-24 18:39:47,161 [INFO]  - Searching hashtag: #LandslideAlert
2025-07-24 18:39:59,688 [INFO] [Hashtag] #LandslideAlert: found 3 articles
2025-07-24 18:40:03,524 [INFO] [Hashtag] #LandslideAlert: appended 0 posts
2025-07-24 18:40:03,524 [INFO]  - Searching hashtag: #LandslidePH
2025-07-24 18:40:15,927 [INFO] [Hashtag] #LandslidePH: found 3 articles
2025-07-24 18:40:17,431 [INFO] [Hashtag] #LandslidePH: appended 0 posts
2025-07-24 18:40:17,431 [INFO]  - Searching hashtag: #FireAlert
2025-07-24 18:40:28,493 [INFO] [Hashtag] #FireAlert: found 3 articles
2025-07-24 18:40:29,873 [INFO] [Hashtag] #FireAlert: appended 1 posts
2025-07-24 18:40:29,873 [INFO]  - Searching hashtag: #EarthquakeAlert
2025-07-24 18:41:24,931 [INFO] [Hashtag] #EarthquakeAlert: found 3 articles
2025-07-24 18:41:25,309 [INFO] [Hashtag] #EarthquakeAlert: appended 0 posts
2025-07-24 18:41:25,310 [INFO]  - Searching hashtag: #EarthquakePH
2025-07-24 18:41:36,781 [INFO] [Hashtag] #EarthquakePH: found 3 articles
2025-07-24 18:41:38,250 [INFO] [Hashtag] #EarthquakePH: appended 0 posts
2025-07-24 18:41:38,590 [INFO] ✅ Done! rows saved: 334
2025-07-24 18:45:05,024 [INFO] *** Scraping PAGE feed: https://www.facebook.com/abscbnNEWS/posts
2025-07-24 18:45:33,834 [INFO] [Page] abscbnNEWS: found 4 articles
2025-07-24 18:45:34,106 [INFO] [Page] abscbnNEWS: appended 1 posts
2025-07-24 18:45:34,106 [INFO] *** Scraping PAGE feed: https://www.facebook.com/rapplerdotcom/posts
2025-07-24 18:45:43,891 [INFO] [Page] rapplerdotcom: found 3 articles
2025-07-24 18:45:43,995 [INFO] [Page] rapplerdotcom: appended 1 posts
2025-07-24 18:45:43,995 [INFO] *** Scraping PAGE feed: https://www.facebook.com/gmanews/posts
2025-07-24 18:45:53,916 [INFO] [Page] gmanews: found 4 articles
2025-07-24 18:45:54,084 [INFO] [Page] gmanews: appended 0 posts
2025-07-24 18:45:54,084 [INFO] *** Scraping PAGE feed: https://www.facebook.com/manilabulletin/posts
2025-07-24 18:46:04,120 [INFO] [Page] manilabulletin: found 3 articles
2025-07-24 18:46:04,237 [INFO] [Page] manilabulletin: appended 1 posts
2025-07-24 18:46:04,237 [INFO] *** Scraping PAGE feed: https://www.facebook.com/sunstarphilippines/posts
2025-07-24 18:46:14,120 [INFO] [Page] sunstarphilippines: found 3 articles
2025-07-24 18:46:14,187 [INFO] [Page] sunstarphilippines: appended 0 posts
2025-07-24 18:46:14,187 [INFO] *** Scraping PAGE feed: https://www.facebook.com/PhilstarNews/posts
2025-07-24 18:46:25,124 [INFO] [Page] PhilstarNews: found 3 articles
2025-07-24 18:46:25,212 [INFO] [Page] PhilstarNews: appended 1 posts
2025-07-24 18:46:25,212 [INFO] *** Scraping PAGE feed: https://www.facebook.com/inquirerdotnet/posts
2025-07-24 18:50:07,515 [INFO] [Page] inquirerdotnet: found 4 articles
2025-07-24 18:50:07,618 [INFO] [Page] inquirerdotnet: appended 0 posts
2025-07-24 18:50:07,618 [INFO] *** Scraping PAGE feed: https://www.facebook.com/pagasa.dost.gov.ph/posts
2025-07-24 18:50:17,646 [INFO] [Page] pagasa.dost.gov.ph: found 3 articles
2025-07-24 18:50:17,722 [INFO] [Page] pagasa.dost.gov.ph: appended 0 posts
2025-07-24 18:50:17,722 [INFO] *** Scraping PAGE feed: https://www.facebook.com/davaocitydrmmc/posts
2025-07-24 18:53:44,002 [INFO] [Page] davaocitydrmmc: found 0 articles
2025-07-24 18:53:44,002 [INFO] [Page] davaocitydrmmc: appended 0 posts
2025-07-24 18:53:44,002 [INFO] *** Scraping PAGE feed: https://www.facebook.com/NDRRMC/posts
2025-07-24 18:53:53,888 [INFO] [Page] NDRRMC: found 3 articles
2025-07-24 18:53:55,080 [INFO] [Page] NDRRMC: appended 1 posts
2025-07-24 18:53:55,081 [INFO] *** Scraping PAGE feed: https://www.facebook.com/UNTVNewsRescue/posts
2025-07-24 18:54:04,764 [INFO] [Page] UNTVNewsRescue: found 3 articles
2025-07-24 18:54:04,860 [INFO] [Page] UNTVNewsRescue: appended 1 posts
2025-07-24 18:54:04,860 [INFO] *** Scraping PAGE feed: https://www.facebook.com/PIAgovernment/posts
2025-07-24 18:56:52,250 [INFO] [Page] PIAgovernment: found 0 articles
2025-07-24 18:56:52,250 [INFO] [Page] PIAgovernment: appended 0 posts
2025-07-24 18:56:52,250 [INFO] *** Scraping PAGE feed: https://www.facebook.com/DavaoDRRMO/posts
2025-07-24 18:57:01,765 [INFO] [Page] DavaoDRRMO: found 4 articles
2025-07-24 18:57:04,206 [INFO] [Page] DavaoDRRMO: appended 2 posts
2025-07-24 18:57:04,206 [INFO] *** Scraping PAGE feed: https://www.facebook.com/sunstardavaonews/posts
2025-07-24 18:58:31,134 [INFO] [Page] sunstardavaonews: found 4 articles
2025-07-24 18:58:32,693 [INFO] [Page] sunstardavaonews: appended 1 posts
2025-07-24 18:58:32,693 [INFO] *** Scraping PAGE feed: https://www.facebook.com/profile.php?id=61568208630146/posts
2025-07-24 19:00:15,568 [INFO] [Page] profile.php?id=61568208630146: found 0 articles
2025-07-24 19:00:15,569 [INFO] [Page] profile.php?id=61568208630146: appended 0 posts
2025-07-24 19:00:15,569 [INFO] *** Scraping PAGE feed: https://www.facebook.com/PHIVOLCS/posts
2025-07-24 19:00:29,439 [INFO] [Page] PHIVOLCS: found 3 articles
2025-07-24 19:00:30,975 [INFO] [Page] PHIVOLCS: appended 1 posts
2025-07-24 19:00:30,976 [INFO]  - Searching hashtag: #FloodAlert
2025-07-24 19:00:38,612 [INFO] *** Scraping PAGE feed: https://www.facebook.com/abscbnNEWS/posts
2025-07-24 19:00:41,237 [INFO] [Hashtag] #FloodAlert: found 4 articles
2025-07-24 19:00:41,579 [INFO] [Hashtag] #FloodAlert: appended 0 posts
2025-07-24 19:00:41,579 [INFO]  - Searching hashtag: #BahaPH
2025-07-24 19:00:48,460 [INFO] [Page] abscbnNEWS: found 3 articles
2025-07-24 19:00:48,560 [INFO] [Page] abscbnNEWS: appended 0 posts
2025-07-24 19:00:48,560 [INFO] *** Scraping PAGE feed: https://www.facebook.com/rapplerdotcom/posts
2025-07-24 19:00:51,439 [INFO] [Hashtag] #BahaPH: found 3 articles
2025-07-24 19:01:50,004 [INFO] [Hashtag] #BahaPH: appended 0 posts
2025-07-24 19:01:50,004 [INFO]  - Searching hashtag: #StreetFloodAlert
2025-07-24 19:01:53,721 [INFO] [Page] rapplerdotcom: found 3 articles
2025-07-24 19:01:53,893 [INFO] [Page] rapplerdotcom: appended 1 posts
2025-07-24 19:01:53,893 [INFO] *** Scraping PAGE feed: https://www.facebook.com/gmanews/posts
2025-07-24 19:02:09,205 [INFO] [Hashtag] #StreetFloodAlert: found 3 articles
2025-07-24 19:02:10,878 [INFO] [Hashtag] #StreetFloodAlert: appended 0 posts
2025-07-24 19:02:10,879 [INFO]  - Searching hashtag: #LandslideAlert
2025-07-24 19:02:12,698 [INFO] [Page] gmanews: found 3 articles
2025-07-24 19:02:12,774 [INFO] [Page] gmanews: appended 0 posts
2025-07-24 19:02:12,774 [INFO] *** Scraping PAGE feed: https://www.facebook.com/manilabulletin/posts
2025-07-24 19:02:22,452 [INFO] [Hashtag] #LandslideAlert: found 3 articles
2025-07-24 19:02:24,335 [INFO] [Hashtag] #LandslideAlert: appended 0 posts
2025-07-24 19:02:24,336 [INFO]  - Searching hashtag: #LandslidePH
2025-07-24 19:02:24,350 [INFO] [Page] manilabulletin: found 3 articles
2025-07-24 19:02:24,454 [INFO] [Page] manilabulletin: appended 0 posts
2025-07-24 19:02:24,454 [INFO] *** Scraping PAGE feed: https://www.facebook.com/sunstarphilippines/posts
2025-07-24 19:02:35,473 [INFO] [Page] sunstarphilippines: found 3 articles
2025-07-24 19:02:35,559 [INFO] [Page] sunstarphilippines: appended 1 posts
2025-07-24 19:02:35,559 [INFO] *** Scraping PAGE feed: https://www.facebook.com/PhilstarNews/posts
2025-07-24 19:02:35,629 [INFO] [Hashtag] #LandslidePH: found 3 articles
2025-07-24 19:02:37,136 [INFO] [Hashtag] #LandslidePH: appended 0 posts
2025-07-24 19:02:37,137 [INFO]  - Searching hashtag: #FireAlert
2025-07-24 19:02:45,634 [INFO] [Page] PhilstarNews: found 3 articles
2025-07-24 19:02:45,734 [INFO] [Page] PhilstarNews: appended 1 posts
2025-07-24 19:02:45,734 [INFO] *** Scraping PAGE feed: https://www.facebook.com/inquirerdotnet/posts
2025-07-24 19:02:47,275 [INFO] [Hashtag] #FireAlert: found 3 articles
2025-07-24 19:02:48,683 [INFO] [Hashtag] #FireAlert: appended 1 posts
2025-07-24 19:02:48,684 [INFO]  - Searching hashtag: #EarthquakeAlert
2025-07-24 19:02:55,539 [INFO] [Page] inquirerdotnet: found 3 articles
2025-07-24 19:02:56,953 [INFO] [Page] inquirerdotnet: appended 0 posts
2025-07-24 19:02:56,953 [INFO] *** Scraping PAGE feed: https://www.facebook.com/pagasa.dost.gov.ph/posts
2025-07-24 19:02:59,529 [INFO] [Hashtag] #EarthquakeAlert: found 3 articles
2025-07-24 19:02:59,927 [INFO] [Hashtag] #EarthquakeAlert: appended 0 posts
2025-07-24 19:02:59,927 [INFO]  - Searching hashtag: #EarthquakePH
2025-07-24 19:03:08,080 [INFO] [Page] pagasa.dost.gov.ph: found 4 articles
2025-07-24 19:03:08,194 [INFO] [Page] pagasa.dost.gov.ph: appended 0 posts
2025-07-24 19:03:08,194 [INFO] *** Scraping PAGE feed: https://www.facebook.com/davaocitydrmmc/posts
2025-07-24 19:03:09,633 [INFO] [Hashtag] #EarthquakePH: found 3 articles
2025-07-24 19:03:11,073 [INFO] [Hashtag] #EarthquakePH: appended 0 posts
2025-07-24 19:03:11,407 [INFO] ✅ Done! rows saved: 343
2025-07-24 19:03:17,066 [INFO] [Page] davaocitydrmmc: found 0 articles
2025-07-24 19:03:17,066 [INFO] [Page] davaocitydrmmc: appended 0 posts
2025-07-24 19:03:17,066 [INFO] *** Scraping PAGE feed: https://www.facebook.com/NDRRMC/posts
2025-07-24 19:03:28,169 [INFO] [Page] NDRRMC: found 3 articles
2025-07-24 19:03:29,466 [INFO] [Page] NDRRMC: appended 1 posts
2025-07-24 19:03:29,466 [INFO] *** Scraping PAGE feed: https://www.facebook.com/UNTVNewsRescue/posts
2025-07-24 19:03:38,955 [INFO] [Page] UNTVNewsRescue: found 4 articles
2025-07-24 19:03:40,228 [INFO] [Page] UNTVNewsRescue: appended 2 posts
2025-07-24 19:03:40,228 [INFO] *** Scraping PAGE feed: https://www.facebook.com/PIAgovernment/posts
2025-07-24 19:04:05,152 [INFO] [Page] PIAgovernment: found 0 articles
2025-07-24 19:04:05,152 [INFO] [Page] PIAgovernment: appended 0 posts
2025-07-24 19:04:05,152 [INFO] *** Scraping PAGE feed: https://www.facebook.com/DavaoDRRMO/posts
2025-07-24 19:04:20,710 [INFO] [Page] DavaoDRRMO: found 4 articles
2025-07-24 19:04:22,520 [INFO] [Page] DavaoDRRMO: appended 2 posts
2025-07-24 19:04:22,520 [INFO] *** Scraping PAGE feed: https://www.facebook.com/sunstardavaonews/posts
2025-07-24 19:04:32,881 [INFO] [Page] sunstardavaonews: found 3 articles
2025-07-24 19:04:33,009 [INFO] [Page] sunstardavaonews: appended 0 posts
2025-07-24 19:04:33,009 [INFO] *** Scraping PAGE feed: https://www.facebook.com/profile.php?id=61568208630146/posts
2025-07-24 19:04:43,621 [INFO] [Page] profile.php?id=61568208630146: found 0 articles
2025-07-24 19:04:43,621 [INFO] [Page] profile.php?id=61568208630146: appended 0 posts
2025-07-24 19:04:43,621 [INFO] *** Scraping PAGE feed: https://www.facebook.com/PHIVOLCS/posts
2025-07-24 19:04:54,976 [INFO] [Page] PHIVOLCS: found 3 articles
2025-07-24 19:04:56,677 [INFO] [Page] PHIVOLCS: appended 1 posts
2025-07-24 19:04:56,678 [INFO]  - Searching hashtag: #FloodAlert
2025-07-24 19:05:12,248 [INFO] [Hashtag] #FloodAlert: found 3 articles
2025-07-24 19:05:12,500 [INFO] [Hashtag] #FloodAlert: appended 0 posts
2025-07-24 19:05:12,500 [INFO]  - Searching hashtag: #BahaPH
2025-07-24 19:05:24,642 [INFO] [Hashtag] #BahaPH: found 3 articles
2025-07-24 19:05:26,376 [INFO] [Hashtag] #BahaPH: appended 0 posts
2025-07-24 19:05:26,376 [INFO]  - Searching hashtag: #StreetFloodAlert
2025-07-24 19:05:37,462 [INFO] [Hashtag] #StreetFloodAlert: found 3 articles
2025-07-24 19:05:39,078 [INFO] [Hashtag] #StreetFloodAlert: appended 0 posts
2025-07-24 19:05:39,078 [INFO]  - Searching hashtag: #LandslideAlert
2025-07-24 19:05:55,775 [INFO] [Hashtag] #LandslideAlert: found 3 articles
2025-07-24 19:05:56,012 [INFO] [Hashtag] #LandslideAlert: appended 0 posts
2025-07-24 19:05:56,013 [INFO]  - Searching hashtag: #LandslidePH
2025-07-24 19:06:08,120 [INFO] [Hashtag] #LandslidePH: found 3 articles
2025-07-24 19:06:09,705 [INFO] [Hashtag] #LandslidePH: appended 0 posts
2025-07-24 19:06:09,705 [INFO]  - Searching hashtag: #FireAlert
2025-07-24 19:06:21,274 [INFO] [Hashtag] #FireAlert: found 3 articles
2025-07-24 19:06:22,804 [INFO] [Hashtag] #FireAlert: appended 1 posts
2025-07-24 19:06:22,804 [INFO]  - Searching hashtag: #EarthquakeAlert
2025-07-24 19:06:35,421 [INFO] [Hashtag] #EarthquakeAlert: found 3 articles
2025-07-24 19:06:35,775 [INFO] [Hashtag] #EarthquakeAlert: appended 0 posts
2025-07-24 19:06:35,775 [INFO]  - Searching hashtag: #EarthquakePH
2025-07-24 19:06:46,912 [INFO] [Hashtag] #EarthquakePH: found 3 articles
2025-07-24 19:06:48,367 [INFO] [Hashtag] #EarthquakePH: appended 0 posts
2025-07-24 19:06:48,772 [INFO] ✅ Done! rows saved: 349
2025-07-24 19:15:14,419 [INFO] *** Scraping PAGE feed: https://www.facebook.com/abscbnNEWS/posts
2025-07-24 19:15:24,714 [INFO] [Page] abscbnNEWS: found 3 articles
2025-07-24 19:15:24,797 [INFO] [Page] abscbnNEWS: appended 0 posts
2025-07-24 19:15:24,797 [INFO] *** Scraping PAGE feed: https://www.facebook.com/rapplerdotcom/posts
2025-07-24 19:15:34,751 [INFO] [Page] rapplerdotcom: found 4 articles
2025-07-24 19:15:34,917 [INFO] [Page] rapplerdotcom: appended 2 posts
2025-07-24 19:15:34,917 [INFO] *** Scraping PAGE feed: https://www.facebook.com/gmanews/posts
2025-07-24 19:23:12,398 [INFO] [Page] gmanews: found 3 articles
2025-07-24 19:23:12,461 [INFO] [Page] gmanews: appended 0 posts
2025-07-24 19:23:12,462 [INFO] *** Scraping PAGE feed: https://www.facebook.com/manilabulletin/posts
2025-07-24 19:23:21,853 [INFO] [Page] manilabulletin: found 3 articles
2025-07-24 19:23:23,168 [INFO] [Page] manilabulletin: appended 1 posts
2025-07-24 19:23:23,169 [INFO] *** Scraping PAGE feed: https://www.facebook.com/sunstarphilippines/posts
2025-07-24 19:23:32,600 [INFO] [Page] sunstarphilippines: found 3 articles
2025-07-24 19:23:32,669 [INFO] [Page] sunstarphilippines: appended 0 posts
2025-07-24 19:23:32,669 [INFO] *** Scraping PAGE feed: https://www.facebook.com/PhilstarNews/posts
2025-07-24 19:23:42,180 [INFO] [Page] PhilstarNews: found 3 articles
2025-07-24 19:23:42,244 [INFO] [Page] PhilstarNews: appended 0 posts
2025-07-24 19:23:42,244 [INFO] *** Scraping PAGE feed: https://www.facebook.com/inquirerdotnet/posts
2025-07-24 19:23:51,343 [INFO] [Page] inquirerdotnet: found 3 articles
2025-07-24 19:23:51,440 [INFO] [Page] inquirerdotnet: appended 1 posts
2025-07-24 19:23:51,441 [INFO] *** Scraping PAGE feed: https://www.facebook.com/pagasa.dost.gov.ph/posts
2025-07-24 19:24:00,800 [INFO] [Page] pagasa.dost.gov.ph: found 4 articles
2025-07-24 19:24:00,909 [INFO] [Page] pagasa.dost.gov.ph: appended 0 posts
2025-07-24 19:24:00,909 [INFO] *** Scraping PAGE feed: https://www.facebook.com/davaocitydrmmc/posts
2025-07-24 19:28:06,134 [INFO] [Page] davaocitydrmmc: found 0 articles
2025-07-24 19:28:06,134 [INFO] [Page] davaocitydrmmc: appended 0 posts
2025-07-24 19:28:06,134 [INFO] *** Scraping PAGE feed: https://www.facebook.com/NDRRMC/posts
2025-07-24 19:28:16,298 [INFO] [Page] NDRRMC: found 3 articles
2025-07-24 19:28:17,655 [INFO] [Page] NDRRMC: appended 1 posts
2025-07-24 19:28:17,655 [INFO] *** Scraping PAGE feed: https://www.facebook.com/UNTVNewsRescue/posts
2025-07-24 19:28:52,211 [INFO] [Page] UNTVNewsRescue: found 4 articles
2025-07-24 19:28:52,322 [INFO] [Page] UNTVNewsRescue: appended 0 posts
2025-07-24 19:28:52,323 [INFO] *** Scraping PAGE feed: https://www.facebook.com/PIAgovernment/posts
2025-07-24 19:29:20,823 [INFO] [Page] PIAgovernment: found 0 articles
2025-07-24 19:29:20,823 [INFO] [Page] PIAgovernment: appended 0 posts
2025-07-24 19:29:20,823 [INFO] *** Scraping PAGE feed: https://www.facebook.com/DavaoDRRMO/posts
2025-07-24 19:29:31,838 [INFO] [Page] DavaoDRRMO: found 3 articles
2025-07-24 19:29:33,707 [INFO] [Page] DavaoDRRMO: appended 1 posts
2025-07-24 19:29:33,707 [INFO] *** Scraping PAGE feed: https://www.facebook.com/sunstardavaonews/posts
2025-07-24 19:29:52,425 [INFO] [Page] sunstardavaonews: found 3 articles
2025-07-24 19:29:52,558 [INFO] [Page] sunstardavaonews: appended 0 posts
2025-07-24 19:29:52,558 [INFO] *** Scraping PAGE feed: https://www.facebook.com/profile.php?id=61568208630146/posts
2025-07-24 19:32:30,912 [INFO] [Page] profile.php?id=61568208630146: found 0 articles
2025-07-24 19:32:30,912 [INFO] [Page] profile.php?id=61568208630146: appended 0 posts
2025-07-24 19:32:30,913 [INFO] *** Scraping PAGE feed: https://www.facebook.com/PHIVOLCS/posts
Traceback (most recent call last):
  File "/Users/prettyfaith/Documents/Github/thesis-disaster-chatbot/socmed_disaster_scraper.py", line 192, in <module>
    driver.get(feed_url)
    ~~~~~~~~~~^^^^^^^^^^
  File "/Library/Frameworks/Python.framework/Versions/3.13/lib/python3.13/site-packages/selenium/webdriver/remote/webdriver.py", line 454, in get
    self.execute(Command.GET, {"url": url})
    ~~~~~~~~~~~~^^^^^^^^^^^^^^^^^^^^^^^^^^^
  File "/Library/Frameworks/Python.framework/Versions/3.13/lib/python3.13/site-packages/selenium/webdriver/remote/webdriver.py", line 429, in execute
    self.error_handler.check_response(response)
    ~~~~~~~~~~~~~~~~~~~~~~~~~~~~~~~~~^^^^^^^^^^
  File "/Library/Frameworks/Python.framework/Versions/3.13/lib/python3.13/site-packages/selenium/webdriver/remote/errorhandler.py", line 232, in check_response
    raise exception_class(message, screen, stacktrace)
selenium.common.exceptions.InvalidSessionIdException: Message: invalid session id: session deleted as the browser has closed the connection
from disconnected: Unable to receive message from renderer
  (Session info: chrome=138.0.7204.168)
Stacktrace:
0   chromedriver                        0x0000000103377570 cxxbridge1$str$ptr + 2731064
1   chromedriver                        0x000000010336f468 cxxbridge1$str$ptr + 2698032
2   chromedriver                        0x0000000102ebe3f8 cxxbridge1$string$len + 90664
3   chromedriver                        0x0000000102ea91fc cxxbridge1$string$len + 4140
4   chromedriver                        0x0000000102ea8f74 cxxbridge1$string$len + 3492
5   chromedriver                        0x0000000102ea6d2c chromedriver + 191788
6   chromedriver                        0x0000000102ea7788 chromedriver + 194440
7   chromedriver                        0x0000000102ec145c cxxbridge1$string$len + 103052
8   chromedriver                        0x0000000102f47590 cxxbridge1$string$len + 652224
9   chromedriver                        0x0000000102f46b1c cxxbridge1$string$len + 649548
10  chromedriver                        0x0000000102ef9a0c cxxbridge1$string$len + 333884
11  chromedriver                        0x000000010333a5f4 cxxbridge1$str$ptr + 2481340
12  chromedriver                        0x000000010333d85c cxxbridge1$str$ptr + 2494244
13  chromedriver                        0x000000010331b248 cxxbridge1$str$ptr + 2353424
14  chromedriver                        0x000000010333e118 cxxbridge1$str$ptr + 2496480
15  chromedriver                        0x000000010330c2f8 cxxbridge1$str$ptr + 2292160
16  chromedriver                        0x000000010335e00c cxxbridge1$str$ptr + 2627284
17  chromedriver                        0x000000010335e198 cxxbridge1$str$ptr + 2627680
18  chromedriver                        0x000000010336f0a4 cxxbridge1$str$ptr + 2697068
19  libsystem_pthread.dylib             0x000000018706ec0c _pthread_start + 136
20  libsystem_pthread.dylib             0x0000000187069b80 thread_start + 8

2025-07-24 19:32:40,925 [INFO] *** Scraping PAGE feed: https://www.facebook.com/abscbnNEWS/posts
2025-07-24 19:33:39,844 [INFO] [Page] abscbnNEWS: found 3 articles
2025-07-24 19:33:39,980 [INFO] [Page] abscbnNEWS: appended 1 posts
2025-07-24 19:33:39,980 [INFO] *** Scraping PAGE feed: https://www.facebook.com/rapplerdotcom/posts
2025-07-24 19:34:29,751 [INFO] [Page] rapplerdotcom: found 3 articles
2025-07-24 19:34:29,843 [INFO] [Page] rapplerdotcom: appended 0 posts
2025-07-24 19:34:29,844 [INFO] *** Scraping PAGE feed: https://www.facebook.com/gmanews/posts
2025-07-24 19:34:40,051 [INFO] [Page] gmanews: found 4 articles
2025-07-24 19:34:40,197 [INFO] [Page] gmanews: appended 1 posts
2025-07-24 19:34:40,197 [INFO] *** Scraping PAGE feed: https://www.facebook.com/manilabulletin/posts
2025-07-24 19:34:50,074 [INFO] [Page] manilabulletin: found 3 articles
2025-07-24 19:34:50,210 [INFO] [Page] manilabulletin: appended 1 posts
2025-07-24 19:34:50,210 [INFO] *** Scraping PAGE feed: https://www.facebook.com/sunstarphilippines/posts
2025-07-24 19:34:59,548 [INFO] [Page] sunstarphilippines: found 3 articles
2025-07-24 19:34:59,695 [INFO] [Page] sunstarphilippines: appended 0 posts
2025-07-24 19:34:59,695 [INFO] *** Scraping PAGE feed: https://www.facebook.com/PhilstarNews/posts
2025-07-24 19:35:10,012 [INFO] [Page] PhilstarNews: found 3 articles
2025-07-24 19:35:10,135 [INFO] [Page] PhilstarNews: appended 0 posts
2025-07-24 19:35:10,135 [INFO] *** Scraping PAGE feed: https://www.facebook.com/inquirerdotnet/posts
2025-07-24 19:35:19,413 [INFO] [Page] inquirerdotnet: found 4 articles
2025-07-24 19:35:19,767 [INFO] [Page] inquirerdotnet: appended 2 posts
2025-07-24 19:35:19,767 [INFO] *** Scraping PAGE feed: https://www.facebook.com/pagasa.dost.gov.ph/posts
2025-07-24 19:35:29,330 [INFO] [Page] pagasa.dost.gov.ph: found 3 articles
2025-07-24 19:35:29,546 [INFO] [Page] pagasa.dost.gov.ph: appended 0 posts
2025-07-24 19:35:29,547 [INFO] *** Scraping PAGE feed: https://www.facebook.com/davaocitydrmmc/posts
2025-07-24 19:35:38,284 [INFO] [Page] davaocitydrmmc: found 0 articles
2025-07-24 19:35:38,285 [INFO] [Page] davaocitydrmmc: appended 0 posts
2025-07-24 19:35:38,285 [INFO] *** Scraping PAGE feed: https://www.facebook.com/NDRRMC/posts
2025-07-24 19:35:47,812 [INFO] [Page] NDRRMC: found 3 articles
2025-07-24 19:35:49,441 [INFO] [Page] NDRRMC: appended 1 posts
2025-07-24 19:35:49,441 [INFO] *** Scraping PAGE feed: https://www.facebook.com/UNTVNewsRescue/posts
2025-07-24 19:35:58,829 [INFO] [Page] UNTVNewsRescue: found 3 articles
2025-07-24 19:35:59,089 [INFO] [Page] UNTVNewsRescue: appended 1 posts
2025-07-24 19:35:59,089 [INFO] *** Scraping PAGE feed: https://www.facebook.com/PIAgovernment/posts
2025-07-24 19:36:08,003 [INFO] [Page] PIAgovernment: found 0 articles
2025-07-24 19:36:08,003 [INFO] [Page] PIAgovernment: appended 0 posts
2025-07-24 19:36:08,003 [INFO] *** Scraping PAGE feed: https://www.facebook.com/DavaoDRRMO/posts
2025-07-24 19:36:17,478 [INFO] [Page] DavaoDRRMO: found 4 articles
2025-07-24 19:36:19,297 [INFO] [Page] DavaoDRRMO: appended 1 posts
2025-07-24 19:36:19,297 [INFO] *** Scraping PAGE feed: https://www.facebook.com/sunstardavaonews/posts
2025-07-24 19:36:28,652 [INFO] [Page] sunstardavaonews: found 3 articles
2025-07-24 19:36:28,821 [INFO] [Page] sunstardavaonews: appended 0 posts
2025-07-24 19:36:28,821 [INFO] *** Scraping PAGE feed: https://www.facebook.com/profile.php?id=61568208630146/posts
2025-07-24 19:36:37,885 [INFO] [Page] profile.php?id=61568208630146: found 0 articles
2025-07-24 19:36:37,887 [INFO] [Page] profile.php?id=61568208630146: appended 0 posts
2025-07-24 19:36:37,887 [INFO] *** Scraping PAGE feed: https://www.facebook.com/PHIVOLCS/posts
2025-07-24 19:36:47,470 [INFO] [Page] PHIVOLCS: found 4 articles
2025-07-24 19:36:49,125 [INFO] [Page] PHIVOLCS: appended 1 posts
2025-07-24 19:36:49,125 [INFO]  - Searching hashtag: #FloodAlert
2025-07-24 19:36:58,645 [INFO] [Hashtag] #FloodAlert: found 3 articles
2025-07-24 19:36:58,810 [INFO] [Hashtag] #FloodAlert: appended 0 posts
2025-07-24 19:36:58,810 [INFO]  - Searching hashtag: #BahaPH
2025-07-24 19:37:08,576 [INFO] [Hashtag] #BahaPH: found 3 articles
2025-07-24 19:37:08,757 [INFO] [Hashtag] #BahaPH: appended 0 posts
2025-07-24 19:37:08,758 [INFO]  - Searching hashtag: #StreetFloodAlert
2025-07-24 19:37:18,320 [INFO] [Hashtag] #StreetFloodAlert: found 3 articles
2025-07-24 19:37:19,884 [INFO] [Hashtag] #StreetFloodAlert: appended 0 posts
2025-07-24 19:37:19,885 [INFO]  - Searching hashtag: #LandslideAlert
2025-07-24 19:37:29,271 [INFO] [Hashtag] #LandslideAlert: found 3 articles
2025-07-24 19:37:29,477 [INFO] [Hashtag] #LandslideAlert: appended 0 posts
2025-07-24 19:37:29,477 [INFO]  - Searching hashtag: #LandslidePH
2025-07-24 19:37:38,944 [INFO] [Hashtag] #LandslidePH: found 3 articles
2025-07-24 19:37:40,420 [INFO] [Hashtag] #LandslidePH: appended 0 posts
2025-07-24 19:37:40,420 [INFO]  - Searching hashtag: #FireAlert
2025-07-24 19:37:49,950 [INFO] [Hashtag] #FireAlert: found 3 articles
2025-07-24 19:37:51,327 [INFO] [Hashtag] #FireAlert: appended 1 posts
2025-07-24 19:37:51,328 [INFO]  - Searching hashtag: #EarthquakeAlert
2025-07-24 19:38:01,084 [INFO] [Hashtag] #EarthquakeAlert: found 3 articles
2025-07-24 19:38:01,476 [INFO] [Hashtag] #EarthquakeAlert: appended 0 posts
2025-07-24 19:38:01,476 [INFO]  - Searching hashtag: #EarthquakePH
2025-07-24 19:38:10,860 [INFO] [Hashtag] #EarthquakePH: found 3 articles
2025-07-24 19:38:12,301 [INFO] [Hashtag] #EarthquakePH: appended 0 posts
2025-07-24 19:38:12,723 [INFO] ✅ Done! rows saved: 356
2025-07-24 19:45:03,429 [INFO] *** Scraping PAGE feed: https://www.facebook.com/abscbnNEWS/posts
2025-07-24 19:45:12,997 [INFO] [Page] abscbnNEWS: found 4 articles
2025-07-24 19:45:13,142 [INFO] [Page] abscbnNEWS: appended 0 posts
2025-07-24 19:45:13,142 [INFO] *** Scraping PAGE feed: https://www.facebook.com/rapplerdotcom/posts
2025-07-24 19:45:22,858 [INFO] [Page] rapplerdotcom: found 3 articles
2025-07-24 19:45:22,979 [INFO] [Page] rapplerdotcom: appended 1 posts
2025-07-24 19:45:22,979 [INFO] *** Scraping PAGE feed: https://www.facebook.com/gmanews/posts
2025-07-24 19:45:32,518 [INFO] [Page] gmanews: found 4 articles
2025-07-24 19:45:32,689 [INFO] [Page] gmanews: appended 1 posts
2025-07-24 19:45:32,690 [INFO] *** Scraping PAGE feed: https://www.facebook.com/manilabulletin/posts
2025-07-24 19:45:42,786 [INFO] [Page] manilabulletin: found 4 articles
2025-07-24 19:45:42,917 [INFO] [Page] manilabulletin: appended 1 posts
2025-07-24 19:45:42,917 [INFO] *** Scraping PAGE feed: https://www.facebook.com/sunstarphilippines/posts
2025-07-24 19:45:52,409 [INFO] [Page] sunstarphilippines: found 3 articles
2025-07-24 19:45:52,562 [INFO] [Page] sunstarphilippines: appended 0 posts
2025-07-24 19:45:52,562 [INFO] *** Scraping PAGE feed: https://www.facebook.com/PhilstarNews/posts
2025-07-24 19:46:02,168 [INFO] [Page] PhilstarNews: found 4 articles
2025-07-24 19:46:03,564 [INFO] [Page] PhilstarNews: appended 0 posts
2025-07-24 19:46:03,564 [INFO] *** Scraping PAGE feed: https://www.facebook.com/inquirerdotnet/posts
2025-07-24 19:46:12,724 [INFO] [Page] inquirerdotnet: found 3 articles
2025-07-24 19:46:12,790 [INFO] [Page] inquirerdotnet: appended 0 posts
2025-07-24 19:46:12,790 [INFO] *** Scraping PAGE feed: https://www.facebook.com/pagasa.dost.gov.ph/posts
2025-07-24 19:46:22,175 [INFO] [Page] pagasa.dost.gov.ph: found 3 articles
2025-07-24 19:46:22,333 [INFO] [Page] pagasa.dost.gov.ph: appended 0 posts
2025-07-24 19:46:22,334 [INFO] *** Scraping PAGE feed: https://www.facebook.com/davaocitydrmmc/posts
2025-07-24 19:46:31,206 [INFO] [Page] davaocitydrmmc: found 0 articles
2025-07-24 19:46:31,207 [INFO] [Page] davaocitydrmmc: appended 0 posts
2025-07-24 19:46:31,207 [INFO] *** Scraping PAGE feed: https://www.facebook.com/NDRRMC/posts
2025-07-24 19:46:40,824 [INFO] [Page] NDRRMC: found 3 articles
2025-07-24 19:46:42,339 [INFO] [Page] NDRRMC: appended 1 posts
2025-07-24 19:46:42,339 [INFO] *** Scraping PAGE feed: https://www.facebook.com/UNTVNewsRescue/posts
2025-07-24 19:46:52,077 [INFO] [Page] UNTVNewsRescue: found 5 articles
2025-07-24 19:46:53,483 [INFO] [Page] UNTVNewsRescue: appended 1 posts
2025-07-24 19:46:53,484 [INFO] *** Scraping PAGE feed: https://www.facebook.com/PIAgovernment/posts
2025-07-24 19:47:02,293 [INFO] [Page] PIAgovernment: found 0 articles
2025-07-24 19:47:02,295 [INFO] [Page] PIAgovernment: appended 0 posts
2025-07-24 19:47:02,295 [INFO] *** Scraping PAGE feed: https://www.facebook.com/DavaoDRRMO/posts
2025-07-24 19:47:11,808 [INFO] [Page] DavaoDRRMO: found 4 articles
2025-07-24 19:47:13,795 [INFO] [Page] DavaoDRRMO: appended 1 posts
2025-07-24 19:47:13,796 [INFO] *** Scraping PAGE feed: https://www.facebook.com/sunstardavaonews/posts
2025-07-24 19:47:23,596 [INFO] [Page] sunstardavaonews: found 3 articles
2025-07-24 19:47:23,760 [INFO] [Page] sunstardavaonews: appended 0 posts
2025-07-24 19:47:23,761 [INFO] *** Scraping PAGE feed: https://www.facebook.com/profile.php?id=61568208630146/posts
2025-07-24 19:47:33,003 [INFO] [Page] profile.php?id=61568208630146: found 0 articles
2025-07-24 19:47:33,004 [INFO] [Page] profile.php?id=61568208630146: appended 0 posts
2025-07-24 19:47:33,004 [INFO] *** Scraping PAGE feed: https://www.facebook.com/PHIVOLCS/posts
2025-07-24 19:47:42,719 [INFO] [Page] PHIVOLCS: found 4 articles
2025-07-24 19:47:44,442 [INFO] [Page] PHIVOLCS: appended 1 posts
2025-07-24 19:47:44,442 [INFO]  - Searching hashtag: #FloodAlert
2025-07-24 19:47:54,987 [INFO] [Hashtag] #FloodAlert: found 3 articles
2025-07-24 19:47:55,214 [INFO] [Hashtag] #FloodAlert: appended 0 posts
2025-07-24 19:47:55,214 [INFO]  - Searching hashtag: #BahaPH
2025-07-24 19:48:07,358 [INFO] [Hashtag] #BahaPH: found 3 articles
2025-07-24 19:48:07,555 [INFO] [Hashtag] #BahaPH: appended 0 posts
2025-07-24 19:48:07,556 [INFO]  - Searching hashtag: #StreetFloodAlert
2025-07-24 19:48:18,348 [INFO] [Hashtag] #StreetFloodAlert: found 3 articles
2025-07-24 19:48:20,027 [INFO] [Hashtag] #StreetFloodAlert: appended 0 posts
2025-07-24 19:48:20,027 [INFO]  - Searching hashtag: #LandslideAlert
2025-07-24 19:48:30,501 [INFO] [Hashtag] #LandslideAlert: found 3 articles
2025-07-24 19:48:30,700 [INFO] [Hashtag] #LandslideAlert: appended 0 posts
2025-07-24 19:48:30,700 [INFO]  - Searching hashtag: #LandslidePH
2025-07-24 19:48:41,018 [INFO] [Hashtag] #LandslidePH: found 3 articles
2025-07-24 19:48:42,670 [INFO] [Hashtag] #LandslidePH: appended 0 posts
2025-07-24 19:48:42,670 [INFO]  - Searching hashtag: #FireAlert
2025-07-24 19:48:53,032 [INFO] [Hashtag] #FireAlert: found 3 articles
2025-07-24 19:48:54,461 [INFO] [Hashtag] #FireAlert: appended 1 posts
2025-07-24 19:48:54,461 [INFO]  - Searching hashtag: #EarthquakeAlert
2025-07-24 19:49:05,045 [INFO] [Hashtag] #EarthquakeAlert: found 3 articles
2025-07-24 19:49:05,424 [INFO] [Hashtag] #EarthquakeAlert: appended 0 posts
2025-07-24 19:49:05,424 [INFO]  - Searching hashtag: #EarthquakePH
2025-07-24 19:49:15,997 [INFO] [Hashtag] #EarthquakePH: found 3 articles
2025-07-24 19:49:17,507 [INFO] [Hashtag] #EarthquakePH: appended 0 posts
2025-07-24 19:49:17,948 [INFO] ✅ Done! rows saved: 361
