source,query_page,text,post_timestamp,scraped_timestamp,user,post_url
Facebook,#FireAlert,"10-70 FIRE ALARM SITIO TAUP BRGY COGON RAMOS CEBU CITY
 #firetruck #cebufireupdates #firefighter #FireAlert 10-70 FIRE ALARM SITIO TAUP BRGY COGON RAMOS CEBU CITY #firetruck #cebufireupdates #firefighter #FireAlert",Unknown,2025-08-30 21:00,Unknown,https://www.facebook.com/hashtag/FireAlert
Facebook,abscbnNEWS,"DPWH Secretary Manuel Bonoan has reassigned engineer Gerald Pacanan to the agency's central office, amid an ongoing investigation into alleged irregular and substandard flood control projects, particularly in Oriental Mindoro. DPWH Secretary Manuel Bonoan has reassigned engineer Gerald Pacanan to the agency's central office, amid an ongoing investigation into alleged irregular and substandard flood control projects, particularly in Oriental Mindoro.",Unknown,2025-08-30 21:30,Unknown,https://www.facebook.com/abscbnNEWS/posts/pfbid0wwicT5wDXD57Jhagr6fGiB6UvyLbxvseCEu3zsJY6Y1u9RsWZboEA1JXTrCjbEUzl?__cft__[0]=AZUCTOAgoHEbHtIx7MYVFa3SzTXKTZVVMgHnpCFCKH_Amtk5cb_s5yyy2uo2OvLh2jYz4EWlm_Way8axzngrpfx8RG1Qnsj1dbfc3UK-4mJu5OvYUfTuQfHCV_kaaW8RJ9FLxvEhR5Jy2daLFZWPZC4B4NqcXG8Ta34IsHM_myd6-YHhI9SqEjI0KtS9z1xGPyE&__tn__=%2CO%2CP-R
Facebook,civildefensedavao,"Rainfall Advisory No. 11  #MINPRSD
Weather System: Southwest Monsoon (Habagat) / Low Pressure Area (LPA) 
Issued at 07:30 PM 30 August 2025
Light to Moderate rains are expected over #Bukidnon(Baungon, ManoloFortich, Libona, Malitbog, Sumilao, Lantapan, CityOfValencia, ImpasugOng, CityOfMalaybalay), #MisamisOriental(Naawan, Manticao, Lugait, Tagoloan, Villanueva, Jasaan, Claveria), #ZamboangaDelNorte(Sibuco, Sirawai, Siocon, Gutalac, Labason, Baliguian, Kalawit, SergioOsmeñaSr.), #ZamboangaCity, #ZamboangaSibugay(Titay, RosellerLim, Tungawan, Ipil, Siay, Naga, Kabasalan, Diplahan, Malangas, Imelda, Payao, Alicia, Buug), #ZamboangaDelSur(Kumalarang, Lapuyan, SanMiguel, Dinas, Dimataling, Margosatubig, VincenzoA.Sagun, Tabina, Pitogo, SanPablo, Guipos, Dumalinao, Midsalip, PagadianCity, Tigbao, Labangan, Tukuran, Sominot, Dumingag, Mahayag, RamonMagsaysay, Molave, Tambulig, Josefina, Aurora), #MisamisOccidental(DonVictorianoChiongbian, Bonifacio, TangubCity, Tudela, Sinacaban, Jimenez), #LanaoDelNorte(Lala, Kapatagan, Baroy, SultanNagaDimaporo, Sapad, Salvador, Nunungan, Kolambugan, Munai, Tangcal, PoonaPiagapo, Matungao, Baloi, Tagoloan), #LanaoDelSur(Calanogas, Pualas, Picong, Malabang, Marogong, Ganassi, Pagayawan, Binidayan, Tubaran, Bayang, LumbacaUnayan, Lumbatan, SultanDumalondong, Lumbayanague and TagoloanII) within the next 2-3 hours.
Moderate to heavy rains affecting #MisamisOriental(CityOfElSalvador, Alubijid, Laguindingan, Gitagum, Initao, CagayanDeOroCity, Opol, Libertad), #LanaoDelNorte(Linamon, IliganCity, Kauswagan, Maigo, Bacolod), #Bukidnon(Talakag, Kalilangan, Pangantucan), #ZamboangaSibugay(Talusan, Mabuhay, Olutanga), #MisamisOccidental(Clarin and OzamisCity) which may persist within 2-3 hours and may affect nearby areas.
The public and the Disaster Risk Reduction and Management Offices concerned are advised to MONITOR the weather condition and watch for the next warning to be issued at 11:00 PM Today. /cjcn/cta Rainfall Advisory No. 11  #MINPRSD Weather System: Southwest Monsoon (Habagat) / Low Pressure Area (LPA) Issued at 07:30 PM 30 August 2025 Light to Moderate rains are expected over #Bukidnon(Baungon, ManoloFortich, Libona, Malitbog, Sumilao, Lantapan, CityOfValencia, ImpasugOng, CityOfMalaybalay), #MisamisOriental(Naawan, Manticao, Lugait, Tagoloan, Villanueva, Jasaan, Claveria), #ZamboangaDelNorte(Sibuco, Sirawai, Siocon, Gutalac, Labason, Baliguian, Kalawit, SergioOsmeñaSr.), #ZamboangaCity, #ZamboangaSibugay(Titay, RosellerLim, Tungawan, Ipil, Siay, Naga, Kabasalan, Diplahan, Malangas, Imelda, Payao, Alicia, Buug), #ZamboangaDelSur(Kumalarang, Lapuyan, SanMiguel, Dinas, Dimataling, Margosatubig, VincenzoA.Sagun, Tabina, Pitogo, SanPablo, Guipos, Dumalinao, Midsalip, PagadianCity, Tigbao, Labangan, Tukuran, Sominot, Dumingag, Mahayag, RamonMagsaysay, Molave, Tambulig, Josefina, Aurora), #MisamisOccidental(DonVictorianoChiongbian, Bonifacio, TangubCity, Tudela, Sinacaban, Jimenez), #LanaoDelNorte(Lala, Kapatagan, Baroy, SultanNagaDimaporo, Sapad, Salvador, Nunungan, Kolambugan, Munai, Tangcal, PoonaPiagapo, Matungao, Baloi, Tagoloan), #LanaoDelSur(Calanogas, Pualas, Picong, Malabang, Marogong, Ganassi, Pagayawan, Binidayan, Tubaran, Bayang, LumbacaUnayan, Lumbatan, SultanDumalondong, Lumbayanague and TagoloanII) within the next 2-3 hours. Moderate to heavy rains affecting #MisamisOriental(CityOfElSalvador, Alubijid, Laguindingan, Gitagum, Initao, CagayanDeOroCity, Opol, Libertad), #LanaoDelNorte(Linamon, IliganCity, Kauswagan, Maigo, Bacolod), #Bukidnon(Talakag, Kalilangan, Pangantucan), #ZamboangaSibugay(Talusan, Mabuhay, Olutanga), #MisamisOccidental(Clarin and OzamisCity) which may persist within 2-3 hours and may affect nearby areas. The public and the Disaster Risk Reduction and Management Offices concerned are advised to MONITOR the weather condition and watch for the next warning to be issued at 11:00 PM Today. /cjcn/cta",Unknown,2025-08-30 21:30,Unknown,https://www.facebook.com/civildefensedavao/posts/pfbid02ASYdZRkWwyCKGZZhps2Vw7AxurKJThvATwPvryjfuBECLAWvMLHSwSrvY3wkmV4Gl?__cft__[0]=AZV_NeSR58gQyATPc--rN1KCYCJhgXb70cIpujCNBMAvxkP27JiTH8-tehh4MGPw6sKZlxUe8FZsFoNwRzEAqhgkmF8KdwibalLeVwVCg25SwcAViKK0qBIEkm5M_vY4f93r4btyzyw18-KQbqO-xh2TstqQIz6mTj3MPVZ-FOxtIjajasmGH9MyhiXrjivoauw&__tn__=%2CO%2CP-R
Facebook,mprsdcdo,"Rainfall Advisory No. 11 Amendment #MINPRSD
Weather System: Southwest Monsoon (Habagat) / Low Pressure Area (LPA) 
Issued at 08:07 PM 30 August 2025
Light to Moderate rains are expected over #TawiTawi, #Sulu, #Basilan, #ZamboangaCity, #ZamboangaSibugay, #ZamboangaDelNorte(Sibuco, Sirawai, Siocon, Baliguian), #ZamboangaDelSur(Margosatubig, VincenzoA.Sagun, Dimataling, Pitogo, Tabina, Midsalip, Sominot, RamonMagsaysay, Aurora, Tukuran, PagadianCity, Labangan, Dumalinao, SanPablo, Tambulig), #LanaoDelNorte(SultanNagaDimaporo, Lala, Kapatagan, Sapad, IliganCity, Tagoloan, Baloi, Pantar, Nunungan, Munai, PantaoRagat), #MisamisOccidental(Bonifacio, TangubCity, OzamisCity), #LanaoDelSur(TagoloanII, Maguing, MarawiCity, Marantao, Saguiaran, Kapai, DitsaanRamain, BuadiposoBuntong, Mulondo, Tamparan, PoonaBayabao, Taraka, Piagapo, Balindong, Tugaya, BacolodKalawi, Madalum), #Bukidnon(ManoloFortich, Lantapan, CityOfValencia, Sumilao, Pangantucan), #MisamisOriental(Lugait, Manticao, CityOfElSalvador, Opol, Alubijid, Naawan, Initao, Libertad, Laguindingan, Gitagum), #AgusanDelNorte(CityOfCabadbaran, Tubay and Santiago) within the next 2-3 hours.
Moderate to occasionally heavy rains affecting #MisamisOriental(Jasaan, Villanueva, Tagoloan, Claveria, CagayanDeOroCity), #Bukidnon(Talakag, Baungon, Libona, Malitbog), #LanaoDelSur(Bubong, LumbaBayabao and Masiu) which may persist within 2-3 hours and may affect nearby areas.
The public and the Disaster Risk Reduction and Management Offices concerned are advised to MONITOR the weather condition and watch for the next warning to be issued at 11:00 PM Today. Rainfall Advisory No. 11 Amendment #MINPRSD Weather System: Southwest Monsoon (Habagat) / Low Pressure Area (LPA) Issued at 08:07 PM 30 August 2025 Light to Moderate rains are expected over #TawiTawi, #Sulu, #Basilan, #ZamboangaCity, #ZamboangaSibugay, #ZamboangaDelNorte(Sibuco, Sirawai, Siocon, Baliguian), #ZamboangaDelSur(Margosatubig, VincenzoA.Sagun, Dimataling, Pitogo, Tabina, Midsalip, Sominot, RamonMagsaysay, Aurora, Tukuran, PagadianCity, Labangan, Dumalinao, SanPablo, Tambulig), #LanaoDelNorte(SultanNagaDimaporo, Lala, Kapatagan, Sapad, IliganCity, Tagoloan, Baloi, Pantar, Nunungan, Munai, PantaoRagat), #MisamisOccidental(Bonifacio, TangubCity, OzamisCity), #LanaoDelSur(TagoloanII, Maguing, MarawiCity, Marantao, Saguiaran, Kapai, DitsaanRamain, BuadiposoBuntong, Mulondo, Tamparan, PoonaBayabao, Taraka, Piagapo, Balindong, Tugaya, BacolodKalawi, Madalum), #Bukidnon(ManoloFortich, Lantapan, CityOfValencia, Sumilao, Pangantucan), #MisamisOriental(Lugait, Manticao, CityOfElSalvador, Opol, Alubijid, Naawan, Initao, Libertad, Laguindingan, Gitagum), #AgusanDelNorte(CityOfCabadbaran, Tubay and Santiago) within the next 2-3 hours. Moderate to occasionally heavy rains affecting #MisamisOriental(Jasaan, Villanueva, Tagoloan, Claveria, CagayanDeOroCity), #Bukidnon(Talakag, Baungon, Libona, Malitbog), #LanaoDelSur(Bubong, LumbaBayabao and Masiu) which may persist within 2-3 hours and may affect nearby areas. The public and the Disaster Risk Reduction and Management Offices concerned are advised to MONITOR the weather condition and watch for the next warning to be issued at 11:00 PM Today.",Unknown,2025-08-30 21:30,Unknown,https://www.facebook.com/mprsdcdo/posts/pfbid0w4VuMGc1xDyEMDFreqMTxYnJU7yyTrVFYBWfDpwYtKXyLusHBiCT6ys5bZhHEAPVl?__cft__[0]=AZW7GZaOeMQ2_yPoYLfaSA32YBPwvOESGxIkAUzYPi0qutHfN2Llx9rz22yOXDyO5DW4650usOay6bgXu0sCFFHx1HMDHVvdFzihLMM3JSwN1kmE7rSckMh55aT0riJf2GdFFATiWqSQivURhZLtTe9gYSmtpIgfELEghCRneRm51Ryn4aoIbLP-xK9JpdP1QZk&__tn__=%2CO%2CP-R
Facebook,PHIVOLCS,"#EarthquakePH #EarthquakeCamarinesSur
Earthquake Information No.1
Date and Time: 30 August 2025 - 09:16 PM
Magnitude = 2.4
Depth = 002 km
Location = 13.73°N, 122.85°E - 010 km S 42° W of Lupi (Camarines Sur)
https://earthquake.phivolcs.dost.gov.ph/.../2025_0830... #EarthquakePH #EarthquakeCamarinesSur Earthquake Information No.1 Date and Time: 30 August 2025 - 09:16 PM Magnitude = 2.4 Depth = 002 km Location = 13.73°N, 122.85°E - 010 km S 42° W of Lupi (Camarines Sur) https://earthquake.phivolcs.dost.gov.ph/.../2025_0830...",Unknown,2025-08-30 21:30,Unknown,https://www.facebook.com/PHIVOLCS/posts/pfbid02KYMjDgkBvBMJapd9m3rNRzVFvaBUWXPVKRbrLW4tm6ebshgNXuxUWtXrTgzgLUmGl?__cft__[0]=AZVQZjcAW6LqndOi4uq2gxQ8g-5Onqs5_NALMvusuNvqpC4CXePL_bP_43yjg0XPyFoaezS1EzXZrDsYJ25zmQzmz1SUwdb3c4EhC0nyVJ5PoAgNEbCqQihb3MXdayZGkGQsJO2Kd9YjU-M7vg4iHsIZ36IXKXkoe7O2enqC98GVzVnCvhYQXYZOynhcWH053NE&__tn__=%2CO%2CP-R
Facebook,rapplerdotcom,"Flooding along Quezon City streets
WATCH: People wade through floodwaters along Maginhawa, Makadios, V. Luna, and CP Garcia streets in Quezon City amid heavy rain on Saturday afternoon, August 30. Videos from #LingapMaginhawa volunteers Flooding along Quezon City streets WATCH: People wade through floodwaters along Maginhawa, Makadios, V. Luna, and CP Garcia streets in Quezon City amid heavy rain on Saturday afternoon, August 30. Videos from #LingapMaginhawa volunteers",Unknown,2025-08-30 21:30,Unknown,https://www.facebook.com/rapplerdotcom/
Facebook,stormchasersPH,"LPA sa silangan ng bansa, nagbabadya nang maging bagyo sa mga susunod na araw. Tatawaging #KikoPH sakaling mabuo. Pangilinan?",Unknown,2025-08-30 21:30,Unknown,https://www.facebook.com/stormchasersPH/posts/pfbid0c93e7RdgvtGJ77vxbtkNpsCm7VZEdmM1B17hwaAMLAwiUraDLNqpMHrg2Ua8iRxwl?__cft__[0]=AZXvb_mmv8jnXcHwa2jG-cFLJxytkPs5LG7HGPen3yvmUWVJSBMQjO-2N1w9aFYbJegd1M31P5Tavf1lZqa8Uf7ntKPJWnQrUu_R0xaA6_ZFbP_jHBpEqZL0K-VWeuaARqG_wjYJus4myzqpdnbfpod5e3jysHlnqdoVGCtpxKN6c5Vc3Hnlq4Ev2ma3GiXA4Go&__tn__=%2CO%2CP-R
Facebook,mprsdcdo,"Rainfall Advisory No. 11 Amendment #MINPRSD
Weather System: Southwest Monsoon (Habagat) / Low Pressure Area (LPA) 
Issued at 08:30 PM 30 August 2025
Light to Moderate rains are expected over #TawiTawi, #Sulu, #Basilan, #ZamboangaCity, #ZamboangaSibugay, #ZamboangaDelNorte(Sibuco, Sirawai, Siocon, Baliguian), #ZamboangaDelSur(Margosatubig, VincenzoA.Sagun, Dimataling, Pitogo, Tabina, Midsalip, Sominot, RamonMagsaysay, Aurora, Tukuran, PagadianCity, Labangan, Dumalinao, SanPablo, Tambulig), #LanaoDelNorte(SultanNagaDimaporo, Lala, Kapatagan, Sapad, IliganCity, Tagoloan, Baloi, Pantar, Nunungan, Munai, PantaoRagat), #MisamisOccidental(Bonifacio, TangubCity, OzamisCity), #LanaoDelSur(TagoloanII, Maguing, MarawiCity, Marantao, Saguiaran, Kapai, DitsaanRamain, BuadiposoBuntong, Mulondo, Tamparan, PoonaBayabao, Taraka, Piagapo, Balindong, Tugaya, BacolodKalawi, Madalum), #Bukidnon(ManoloFortich, Lantapan, CityOfValencia, Sumilao, Pangantucan), #MisamisOriental(Lugait, Manticao, CityOfElSalvador, Opol, Alubijid, Naawan, Initao, Libertad, Laguindingan, Gitagum), #AgusanDelNorte(CityOfCabadbaran, Tubay and Santiago) within the next 2-3 hours.
Moderate to occasionally heavy rains affecting #MisamisOriental(Jasaan, Villanueva, Tagoloan, Claveria, CagayanDeOroCity), #Bukidnon(Talakag, Baungon, Libona, Malitbog), #LanaoDelSur(Bubong, LumbaBayabao and Masiu) which may persist within 2-3 hours and may affect nearby areas.
The public and the Disaster Risk Reduction and Management Offices concerned are advised to MONITOR the weather condition and watch for the next warning to be issued at 11:00 PM Today. Rainfall Advisory No. 11 Amendment #MINPRSD Weather System: Southwest Monsoon (Habagat) / Low Pressure Area (LPA) Issued at 08:30 PM 30 August 2025 Light to Moderate rains are expected over #TawiTawi, #Sulu, #Basilan, #ZamboangaCity, #ZamboangaSibugay, #ZamboangaDelNorte(Sibuco, Sirawai, Siocon, Baliguian), #ZamboangaDelSur(Margosatubig, VincenzoA.Sagun, Dimataling, Pitogo, Tabina, Midsalip, Sominot, RamonMagsaysay, Aurora, Tukuran, PagadianCity, Labangan, Dumalinao, SanPablo, Tambulig), #LanaoDelNorte(SultanNagaDimaporo, Lala, Kapatagan, Sapad, IliganCity, Tagoloan, Baloi, Pantar, Nunungan, Munai, PantaoRagat), #MisamisOccidental(Bonifacio, TangubCity, OzamisCity), #LanaoDelSur(TagoloanII, Maguing, MarawiCity, Marantao, Saguiaran, Kapai, DitsaanRamain, BuadiposoBuntong, Mulondo, Tamparan, PoonaBayabao, Taraka, Piagapo, Balindong, Tugaya, BacolodKalawi, Madalum), #Bukidnon(ManoloFortich, Lantapan, CityOfValencia, Sumilao, Pangantucan), #MisamisOriental(Lugait, Manticao, CityOfElSalvador, Opol, Alubijid, Naawan, Initao, Libertad, Laguindingan, Gitagum), #AgusanDelNorte(CityOfCabadbaran, Tubay and Santiago) within the next 2-3 hours. Moderate to occasionally heavy rains affecting #MisamisOriental(Jasaan, Villanueva, Tagoloan, Claveria, CagayanDeOroCity), #Bukidnon(Talakag, Baungon, Libona, Malitbog), #LanaoDelSur(Bubong, LumbaBayabao and Masiu) which may persist within 2-3 hours and may affect nearby areas. The public and the Disaster Risk Reduction and Management Offices concerned are advised to MONITOR the weather condition and watch for the next warning to be issued at 11:00 PM Today.",Unknown,2025-08-30 21:30,Unknown,https://www.facebook.com/mprsdcdo/posts/pfbid0w4VuMGc1xDyEMDFreqMTxYnJU7yyTrVFYBWfDpwYtKXyLusHBiCT6ys5bZhHEAPVl?__cft__[0]=AZWHKZ2N1MFgH2YA2p0v-LYgyZvuVvEYcy3uEPGKykbLN8Ro7_MqFozx-GiF79P_JN6IgImCRWrHlQeJKn_PaksjJix7Ryi4GMPAWud3LR5fV0eEruiAGWdCfOtxyy1h444DnfTVs1wRHz4e0hwRx92v8RIOQcuHsIJ5fNidfcqJV4K8tmiN_6GyH4KTGJmhIwE&__tn__=%2CO%2CP-R
Facebook,#BahaPH,"3 hours na stranded sa labas. Pahiram ng SM push cart 
#bahaPH 3 hours na stranded sa labas. Pahiram ng SM push cart #bahaPH",Unknown,2025-08-30 21:30,Unknown,https://www.facebook.com/hashtag/BahaPH
Facebook,#EarthquakePH,"#EarthquakePH #EarthquakePangasinan
Earthquake Information No.1
Date and Time: 30 August 2025 - 08:03 PM
Magnitude = 3.4
Depth = 028 km
Location = 16.65°N, 119.70°E - 035 km N 36° W of Bolinao (Pangasinan)
https://earthquake.phivolcs.dost.gov.ph/.../2025_0830... #EarthquakePH #EarthquakePangasinan Earthquake Information No.1 Date and Time: 30 August 2025 - 08:03 PM Magnitude = 3.4 Depth = 028 km Location = 16.65°N, 119.70°E - 035 km N 36° W of Bolinao (Pangasinan) https://earthquake.phivolcs.dost.gov.ph/.../2025_0830...",Unknown,2025-08-30 21:30,Unknown,https://www.facebook.com/PHIVOLCS/posts/pfbid02DnipBmfobB7jJKZpPyWQGyXqAQDHk625zATbcwAatHjjhGp6DCJSB3Jf5Hi5tbMgl?__cft__[0]=AZU7lTqQy_dB0RGaZCO3VBZ4EBoJRM46ORxXO5q7z5OEpWbCqjQtqrSkH4Xozjs1YFCZA-lb2cAGHui84Uv7uXWrwLumWt_1Z1KEokkQOVpKNohKSp622V3dFTPICSbLOGp6pu7LHxkTBqYS0SZiO_WCpiBYFg-O6omkKR8zSchd9avmGBlU5ejXyFPjMsrwWwo&__tn__=%2CO%2CP-R
Facebook,#FloodAlert,"Rain and Flooding in Manila 
August 30, 2025
#Update #NewsUpdate #floodcontrol #FloodAlert #Manila #QuezonCity Rain and Flooding in Manila August 30, 2025 #Update #NewsUpdate #floodcontrol #FloodAlert #Manila #QuezonCity",Unknown,2025-08-30 21:30,Unknown,https://www.facebook.com/hashtag/FloodAlert
Facebook,#LandslideAlert,"J&K: Frightening visuals coming from the Ramban district of Jammu division, where a massive landslide occurs near Khooni Nala.
#jammukashmir #Ramban #landslide 
#LandslideAlert #jammu J&K: Frightening visuals coming from the Ramban district of Jammu division, where a massive landslide occurs near Khooni Nala. #jammukashmir #Ramban #landslide #LandslideAlert #jammu",Unknown,2025-08-30 21:30,Unknown,https://www.facebook.com/hashtag/LandslideAlert
Facebook,pagasa.dost.gov.ph,"As of 8:00 AM today, 31 August 2025, the Low Pressure area (LPA 08h) being monitored inside the Philippine Area of Responsibility (PAR) has dissipated.
Meanwhile, the Low Pressure area (LPA 08i) is still being monitored inside the PAR has a ""LOW"" potential of developing into a tropical depression within the next 24 hours.
All are advised to monitor updates from DOST-PAGASA. As of 8:00 AM today, 31 August 2025, the Low Pressure area (LPA 08h) being monitored inside the Philippine Area of Responsibility (PAR) has dissipated. Meanwhile, the Low Pressure area (LPA 08i) is still being monitored inside the PAR has a ""LOW"" potential of developing into a tropical depression within the next 24 hours. All are advised to monitor updates from DOST-PAGASA. sana walang pasok stress nako sa 1st quarter",Unknown,2025-08-31 10:30,Unknown,https://www.facebook.com/PAGASA.DOST.GOV.PH/posts/pfbid01H2CvGMa1CHemyYY1Lzx5obuXSG3fnc6CDFepWdEwqL4wTepAkRmhN7AUw2t9Pm8l?__cft__[0]=AZVUfK82dGIknBTLAvMoRxF6sUlxunSc-RvSwmmwcVy1mp_Mr3kbThguPOlRyw93WqI5Pb30DfoVGLYdT4ryomtm0Q72UJWCz-7SKcPejQd3_1ZHYBcPIjwIwvP1Xwx2IXLeXs8nBYvnQFOMbW_KW9bu8uwAkYkxgVME6Ck4-iqjH4zD_BiIRvSAw8zZJJp-ft0&__tn__=%2CO%2CP-R
Facebook,rapplerdotcom,"Lumulusong ang mga karaniwang Pinoy sa baha — walang choice. 'Yung mga kumita sa DPWH projects, ni hindi magamit ang lahat ng SUV dahil sa dami. Lumulusong ang mga karaniwang Pinoy sa baha — walang choice. 'Yung mga kumita sa DPWH projects, ni hindi magamit ang lahat ng SUV dahil sa dami.",Unknown,2025-08-31 10:30,Unknown,https://www.facebook.com/rapplerdotcom/posts/pfbid0DcnVFnXaP4mgb613fVp1sYhM1o27pkhr6DyWuT3nBU5kQJijTkQqaPp137qsFmPql?__cft__[0]=AZXDgiOP1npLLjxKwTxig_x4-4VvzzOWwvT33VqBE6WJlWYJDMX9o29YmMpgv1UyxTiZQJ0TbbbxArOvmhl4_7Jcq0brgv7bp1UM5hn0wjloyyzU2WmwVbEyKBdHqgxnEOYUW-fmy3Mf22DJTdI6Kka2Gx3DH3_A_7lj9aMSkSDeGsqJ5zjV2b-vJLblTxDLzXs&__tn__=%2CO%2CP-R
Facebook,stormchasersPH,"SANGKATERBANG BASURA 
Matapos ang malakas na pag-ulan at matinding pagbaha nitong Sabado ng hapon, Agosto 30, bumungad ang tambak ng basura na nakakalat sa bahagi ng West Riverside Street, Brgy. San Antonio, Quezon City.
Agad namang sinimulan ng Quezon City Environmental Team, kasama ang Department of Sanitation and Cleanup Works, ang operasyon sa paglilinis ng mga debris sa baha mula alas-6 ng gabi at magpapatuloy sa pag-flush at paghakot para maiwasan ang mga aksidente at higit pang pagbabara.
 Daniel Berroya SANGKATERBANG BASURA Matapos ang malakas na pag-ulan at matinding pagbaha nitong Sabado ng hapon, Agosto 30, bumungad ang tambak ng basura na nakakalat sa bahagi ng West Riverside Street, Brgy. San Antonio, Quezon City. Agad namang sinimulan ng Quezon City Environmental Team, kasama ang Department of Sanitation and Cleanup Works, ang operasyon sa paglilinis ng mga debris sa baha mula alas-6 ng gabi at magpapatuloy sa pag-flush at paghakot para maiwasan ang mga aksidente at higit pang pagbabara. Daniel Berroya I think this is a valid reason na mag the püřğê tayo",Unknown,2025-08-31 10:30,Unknown,https://www.facebook.com/stormchasersPH/posts/pfbid02wuyFj6ErutHwAjn9dp49SmAJn5jdxrN8YMzaDZwsm9q33zodoXwjApoM2DqXhxjtl?__cft__[0]=AZUXoo3IxnIzXUtGTkn7J333XEoC8tgb1TBF5W6va4sLjs28y0edosVhS9XX-hDuoeyrXp7cM8cw6CGnq5RW1STwW1MiVCgRlXxs3fN2hW-CMaQLqdec2n4FJtYHLb8hCIly09K_K4gfHAhgFxJmGVb56go89L50lx8-Rul2cGpmwWqvlrGtIX6Ek47IE1RiiBQ&__tn__=%2CO%2CP-R
Facebook,mprsdcdo,"Rainfall Advisory No. 3  #MINPRSD
Weather System: Southwest Monsoon (Habagat) 
Issued at 08:00 AM 31 August 2025
Light to Moderate rains are expected over #AgusanDelNorte, #SurigaoDelNorte(Alegria, Claver, Gigaquit, Tubod, Mainit, Bacuag, Malimono, Placer, Sison, TaganaAn, SanFrancisco, SurigaoCity), #AgusanDelSur(SantaJosefa, Veruela, Loreto, LaPaz, Esperanza, SanLuis, Talacogon), #DavaoOriental, #DavaoDeOro, #DavaoDelNorte(Kapalong, SanIsidro, NewCorella, CityOfTagum, Asuncion), #MisamisOriental(GingoogCity, Claveria, CagayanDeOroCity, Opol, Manticao, Lugait, Magsaysay), #Bukidnon(ImpasugOng, Malitbog, ManoloFortich, Sumilao, CityOfMalaybalay, Cabanglasan, CityOfValencia, Lantapan, Talakag, Libona, Baungon), #LanaoDelNorte(IliganCity, Tagoloan), #LanaoDelSur(TagoloanII, Bubong, Kapai and Maguing) within the next 1-2 hours.
Moderate to occasionally heavy rains affecting #SurigaoDelSur, #SurigaoDelNorte(Socorro, SiargaoIsland), #DinagatIslands, #AgusanDelSur(Trento, Bunawan, Rosario, CityOfBayugan, Sibagat, Prosperidad and SanFrancisco) which may persist within 2-3 hours and may affect nearby areas.
The public and the Disaster Risk Reduction and Management Offices concerned are advised to MONITOR the weather condition and watch for the next warning to be issued at 11:00 AM Today. Rainfall Advisory No. 3  #MINPRSD Weather System: Southwest Monsoon (Habagat) Issued at 08:00 AM 31 August 2025 Light to Moderate rains are expected over #AgusanDelNorte, #SurigaoDelNorte(Alegria, Claver, Gigaquit, Tubod, Mainit, Bacuag, Malimono, Placer, Sison, TaganaAn, SanFrancisco, SurigaoCity), #AgusanDelSur(SantaJosefa, Veruela, Loreto, LaPaz, Esperanza, SanLuis, Talacogon), #DavaoOriental, #DavaoDeOro, #DavaoDelNorte(Kapalong, SanIsidro, NewCorella, CityOfTagum, Asuncion), #MisamisOriental(GingoogCity, Claveria, CagayanDeOroCity, Opol, Manticao, Lugait, Magsaysay), #Bukidnon(ImpasugOng, Malitbog, ManoloFortich, Sumilao, CityOfMalaybalay, Cabanglasan, CityOfValencia, Lantapan, Talakag, Libona, Baungon), #LanaoDelNorte(IliganCity, Tagoloan), #LanaoDelSur(TagoloanII, Bubong, Kapai and Maguing) within the next 1-2 hours. Moderate to occasionally heavy rains affecting #SurigaoDelSur, #SurigaoDelNorte(Socorro, SiargaoIsland), #DinagatIslands, #AgusanDelSur(Trento, Bunawan, Rosario, CityOfBayugan, Sibagat, Prosperidad and SanFrancisco) which may persist within 2-3 hours and may affect nearby areas. The public and the Disaster Risk Reduction and Management Offices concerned are advised to MONITOR the weather condition and watch for the next warning to be issued at 11:00 AM Today.",Unknown,2025-08-31 10:30,Unknown,https://www.facebook.com/mprsdcdo/posts/pfbid0223UBgmGnFvGNuyK7XkMyRW29Z95kkVFuySdiMeZG1mGXg6iQ5QNt8TWMNAFWxDDkl?__cft__[0]=AZU62VDzMT5Qz0aBIDJAbE8eClsTWcaWmh-mRKsjm2lR-Hgzn2X-_DWsSpczmbUp4BzT6jheiDQtRFNcbr6ufAwUkaZOxskw3G586BM73toOiuWiVvCBgZUEOrK8qGNWACdd6St8TWvK5hiHCxud_hVJTAgG7PdnmpWZb6K0ujWox-iH3WixWAMjzqHFsB-nc4k&__tn__=%2CO%2CP-R
Facebook,civildefensedavao,"Rainfall Advisory No. 3  #MINPRSD
Weather System: Southwest Monsoon (Habagat) 
Issued at 08:00 AM 31 August 2025
Light to Moderate rains are expected over #AgusanDelNorte, #SurigaoDelNorte(Alegria, Claver, Gigaquit, Tubod, Mainit, Bacuag, Malimono, Placer, Sison, TaganaAn, SanFrancisco, SurigaoCity), #AgusanDelSur(SantaJosefa, Veruela, Loreto, LaPaz, Esperanza, SanLuis, Talacogon), #DavaoOriental, #DavaoDeOro, #DavaoDelNorte(Kapalong, SanIsidro, NewCorella, CityOfTagum, Asuncion), #MisamisOriental(GingoogCity, Claveria, CagayanDeOroCity, Opol, Manticao, Lugait, Magsaysay), #Bukidnon(ImpasugOng, Malitbog, ManoloFortich, Sumilao, CityOfMalaybalay, Cabanglasan, CityOfValencia, Lantapan, Talakag, Libona, Baungon), #LanaoDelNorte(IliganCity, Tagoloan), #LanaoDelSur(TagoloanII, Bubong, Kapai and Maguing) within the next 1-2 hours.
Moderate to occasionally heavy rains affecting #SurigaoDelSur, #SurigaoDelNorte(Socorro, SiargaoIsland), #DinagatIslands, #AgusanDelSur(Trento, Bunawan, Rosario, CityOfBayugan, Sibagat, Prosperidad and SanFrancisco) which may persist within 2-3 hours and may affect nearby areas.
The public and the Disaster Risk Reduction and Management Offices concerned are advised to MONITOR the weather condition and watch for the next warning to be issued at 11:00 AM Today. 
Source: Mindanao PRSD Rainfall Advisory No. 3  #MINPRSD Weather System: Southwest Monsoon (Habagat) Issued at 08:00 AM 31 August 2025 Light to Moderate rains are expected over #AgusanDelNorte, #SurigaoDelNorte(Alegria, Claver, Gigaquit, Tubod, Mainit, Bacuag, Malimono, Placer, Sison, TaganaAn, SanFrancisco, SurigaoCity), #AgusanDelSur(SantaJosefa, Veruela, Loreto, LaPaz, Esperanza, SanLuis, Talacogon), #DavaoOriental, #DavaoDeOro, #DavaoDelNorte(Kapalong, SanIsidro, NewCorella, CityOfTagum, Asuncion), #MisamisOriental(GingoogCity, Claveria, CagayanDeOroCity, Opol, Manticao, Lugait, Magsaysay), #Bukidnon(ImpasugOng, Malitbog, ManoloFortich, Sumilao, CityOfMalaybalay, Cabanglasan, CityOfValencia, Lantapan, Talakag, Libona, Baungon), #LanaoDelNorte(IliganCity, Tagoloan), #LanaoDelSur(TagoloanII, Bubong, Kapai and Maguing) within the next 1-2 hours. Moderate to occasionally heavy rains affecting #SurigaoDelSur, #SurigaoDelNorte(Socorro, SiargaoIsland), #DinagatIslands, #AgusanDelSur(Trento, Bunawan, Rosario, CityOfBayugan, Sibagat, Prosperidad and SanFrancisco) which may persist within 2-3 hours and may affect nearby areas. The public and the Disaster Risk Reduction and Management Offices concerned are advised to MONITOR the weather condition and watch for the next warning to be issued at 11:00 AM Today. Source: Mindanao PRSD",Unknown,2025-08-31 11:00,Unknown,https://www.facebook.com/civildefensedavao/posts/pfbid0dwfpGpJt9R6TNWWdA7ujHKVn1eAUthdZhmhvoRYJLQ6NfQinfyPAQBwPdhCRJEpQl?__cft__[0]=AZVCWkzlyZZTI9sWWNLNhXpUSXOu2oaUCd46IQ4t1MwfLRBmUQBcdlCOhuCWElK9-4IB1xhDsMwsQDsDMkWTTshajYuuvIGROhlCzzZZzOKQZJ9ga5v0HhgSyeRUpW6OCarQDUUQN_UnANotPdW_D6BYcBtWAere4aWbNryO4UFcLdke5dnUGDh5ypNPERckK-k&__tn__=%2CO%2CP-R
Facebook,inquirerdotnet,"The Quezon City government said the city’s drainage system “could not handle” Saturday afternoon’s downpour, which exceeded the one-hour rainfall recorded during Typhoon Ondoy in 2009, leaving many areas submerged.
READ MORE: https://inqnews.net/zv6GNW The Quezon City government said the city’s drainage system “could not handle” Saturday afternoon’s downpour, which exceeded the one-hour rainfall recorded during Typhoon Ondoy in 2009, leaving many areas submerged. READ MORE: https://inqnews.net/zv6GNW",Unknown,2025-08-31 11:00,Unknown,https://www.facebook.com/inquirerdotnet/posts/pfbid0ZX8qVz5PFEESi379yMLVQKez4s7cwS2c4XWi5qRZ4sbAh4ywhgrMSkZBBTkuYuTkl?__cft__[0]=AZXRjRFv4wewVWJS81hK-06kxfI6W6q88-lOzdmgu0aD1cbO12vaB3pVKHNlsyHPIkb0I7Fzze6ho4YVNMg92Qsm1AbsuIVssFlLvdkGV_6vD4eFTXN17cECxGCMH7u255UA0L34DVkBB8fg0gxT5zH5E-HpI9_Ntp2M27Oe4xQXHPCei3rs4G8z39mY1BJVivw&__tn__=%2CO%2CP-R
Facebook,NDRRMC,"Summary of 24-Hour Observation of Active Volcanoes Mt. Taal, Mayon, Bulusan and Kanlaon
31 August 2025
Source: Philippine Institute of Volcanology and Seismology (PHIVOLCS-DOST)
#NDRRMC
#BawatSegundoMahalaga Summary of 24-Hour Observation of Active Volcanoes Mt. Taal, Mayon, Bulusan and Kanlaon 31 August 2025 Source: Philippine Institute of Volcanology and Seismology (PHIVOLCS-DOST) #NDRRMC #BawatSegundoMahalaga",Unknown,2025-08-31 11:00,Unknown,https://www.facebook.com/NDRRMC/posts/pfbid0UG16WVhyYMeFNdv72YgtyGZXjgXXLFdYfRgZExEMTWW4NB9HEv18uww3xG6z5z1ul?__cft__[0]=AZVz1xyR-YjAQKbb87Nrgd43briAQCekPf99vNQxA_Ls7yd034CE0lZmSClX6SrK042zvzNdf0J_cvZOuwlbkGDx-_THTHy1aDSGNRnREcP_V4YH6Nx8W3DzuFxA2NLKERaOeICviNJt6Sm3ThrBo3fKLWXjcr1jnIZiroulSmpHak9C2lhpMDb1WtOtX0rH5mE&__tn__=%2CO%2CP-R
Facebook,pagasa.dost.gov.ph,"As of 8:00 AM today, 31 August 2025, the Low Pressure area (LPA 08h) being monitored inside the Philippine Area of Responsibility (PAR) has dissipated.
Meanwhile, the Low Pressure area (LPA 08i) is still being monitored inside the PAR has a ""LOW"" potential of developing into a tropical depression within the next 24 hours.
All are advised to monitor updates from DOST-PAGASA. As of 8:00 AM today, 31 August 2025, the Low Pressure area (LPA 08h) being monitored inside the Philippine Area of Responsibility (PAR) has dissipated. Meanwhile, the Low Pressure area (LPA 08i) is still being monitored inside the PAR has a ""LOW"" potential of developing into a tropical depression within the next 24 hours. All are advised to monitor updates from DOST-PAGASA. Nothing is impossible with GOD,as long as we pray to the LORD,suddenly ,the LPA disappeared.",Unknown,2025-08-31 11:00,Unknown,https://www.facebook.com/PAGASA.DOST.GOV.PH/posts/pfbid01H2CvGMa1CHemyYY1Lzx5obuXSG3fnc6CDFepWdEwqL4wTepAkRmhN7AUw2t9Pm8l?__cft__[0]=AZVwmLUPNPYQ4KgMCkv_tGza69zFb5wEi138C81bAzOV1Z8Y28Zfsx_z39uKhANn_GSMf9F8hXzBYH1P-4tSHVgX-jCIDzQohJKi7GGeFdYHVJaJqQASXfI_lwk-hizj03O-8LZjF3AgxLZFk9RzbHzsQtq9qxjhO7B42_F085q5zFRevFzPAgEFQcjw36631fI&__tn__=%2CO%2CP-R
Facebook,stormchasersPH,"SANGKATERBANG BASURA 
Matapos ang malakas na pag-ulan at matinding pagbaha nitong Sabado ng hapon, Agosto 30, bumungad ang tambak ng basura na nakakalat sa bahagi ng West Riverside Street, Brgy. San Antonio, Quezon City.
Agad namang sinimulan ng Quezon City Environmental Team, kasama ang Department of Sanitation and Cleanup Works, ang operasyon sa paglilinis ng mga debris sa baha mula alas-6 ng gabi at magpapatuloy sa pag-flush at paghakot para maiwasan ang mga aksidente at higit pang pagbabara.
 Daniel Berroya SANGKATERBANG BASURA Matapos ang malakas na pag-ulan at matinding pagbaha nitong Sabado ng hapon, Agosto 30, bumungad ang tambak ng basura na nakakalat sa bahagi ng West Riverside Street, Brgy. San Antonio, Quezon City. Agad namang sinimulan ng Quezon City Environmental Team, kasama ang Department of Sanitation and Cleanup Works, ang operasyon sa paglilinis ng mga debris sa baha mula alas-6 ng gabi at magpapatuloy sa pag-flush at paghakot para maiwasan ang mga aksidente at higit pang pagbabara. Daniel Berroya Deserve nyo ang baha Piero Cinco korek",Unknown,2025-08-31 11:00,Unknown,https://www.facebook.com/stormchasersPH/posts/pfbid02wuyFj6ErutHwAjn9dp49SmAJn5jdxrN8YMzaDZwsm9q33zodoXwjApoM2DqXhxjtl?__cft__[0]=AZXc6sDOZ2yQvQ8WYD7DL8l5j4cXgD-dgKJBNPEUENEDveG3BhPWnJvFVbVVnA8Gu7fBELmWkRgQknPWcwmKEmDQm2TjZt_KhHIY_yqQEEM3YFbHdMa-L-Xiaue7fMzRqi62PVU5EwJpVMuk5RQs5Ze186KiD5p7Fv8pCWH8EbxowLOydZa9YORFgEyFKsUnOWc&__tn__=%2CO%2CP-R
Facebook,abscbnNEWS,"Paolo Gallito emerges victorious at the Efren ‘Bata’ Reyes 10-Ball Open Championship. He takes home P1 million in prize money. 
Gallito beat veteran Lee Vann Corteza in the thrilling final, 13-12, on Saturday in Mandaluyong City. | via Paige Javier, ABS-CBN News
(
: Pacman’s Cue Club) Paolo Gallito emerges victorious at the Efren ‘Bata’ Reyes 10-Ball Open Championship. He takes home P1 million in prize money. Gallito beat veteran Lee Vann Corteza in the thrilling final, 13-12, on Saturday in Mandaluyong City. | via Paige Javier, ABS-CBN News (
: Pacman’s Cue Club)",Unknown,2025-08-31 11:30,Unknown,https://www.facebook.com/abscbnNEWS/posts/pfbid02k9JENykZqTH8mjbF3DpWbjSEmdAhrWCTnth2zhxU1yGvSVJ3Br6esro3pZgfG8ZZl?__cft__[0]=AZX4TyMYUjEilQYgoyrZkCg6ZKRQBLfTcTKW_LkjvzUhEyFZRvCLz4BqEvhtiXA9ceuxNb4AC3J2krqVGcThHdbhxI-nDNfz811tp8_WR9FCTk8UI53qIpM4XC3PU3gBgcGkmN4Ont5ERTHufJCxOLyzcYHpmKfMX6KZ4VK-PKn7q6qeq90VR-O1C3PO24b7_Qc&__tn__=%2CO%2CP-R
Facebook,pagasa.dost.gov.ph,"As of 8:00 AM today, 31 August 2025, the Low Pressure area (LPA 08h) being monitored inside the Philippine Area of Responsibility (PAR) has dissipated.
Meanwhile, the Low Pressure area (LPA 08i) is still being monitored inside the PAR has a ""LOW"" potential of developing into a tropical depression within the next 24 hours.
All are advised to monitor updates from DOST-PAGASA. As of 8:00 AM today, 31 August 2025, the Low Pressure area (LPA 08h) being monitored inside the Philippine Area of Responsibility (PAR) has dissipated. Meanwhile, the Low Pressure area (LPA 08i) is still being monitored inside the PAR has a ""LOW"" potential of developing into a tropical depression within the next 24 hours. All are advised to monitor updates from DOST-PAGASA. MARK 4 39 He woke up, rebuked the wind, and said to the sea, “Quiet! Be still!” The wind ceased and there was great calm.Luke 8:24. After Jesus speaks, the wind ceases and the sea becomes calm. And the rain stop !",Unknown,2025-08-31 11:30,Unknown,https://www.facebook.com/PAGASA.DOST.GOV.PH/posts/pfbid01H2CvGMa1CHemyYY1Lzx5obuXSG3fnc6CDFepWdEwqL4wTepAkRmhN7AUw2t9Pm8l?__cft__[0]=AZWsSGYT7gjRn2ZrfEaVntfaV7JKftHe0-P6fXjHL0g3PMlwHSl2Tkz-mAT8kWlbwRKliBvd34_AhiQ_zElKHR0j2pxo53yR6tKUwz7LPUI23EfLnb7vMgXxLOi2R80Lfs6XNGfRYmjwcE30C4bXIn4LJy0zdvXqvWcqKmo0ckJ0oAh-aPCIOHFX5XLUPnvrqbI&__tn__=%2CO%2CP-R
Facebook,PhilstarNews,"RISING QUESTIONS IN QC FLOOD PROJECTS
In Quezon City, some flood control projects in different locations were awarded to different contractors that submitted the exact same bid amounts, with some even up to the last centavo.
These were among the initial findings of the local government in its ongoing assessment of the flood control projects implemented by the Department of Public Works and Highways in the city.
Check comments for stories RISING QUESTIONS IN QC FLOOD PROJECTS In Quezon City, some flood control projects in different locations were awarded to different contractors that submitted the exact same bid amounts, with some even up to the last centavo. These were among the initial findings of the local government in its ongoing assessment of the flood control projects implemented by the Department of Public Works and Highways in the city. Check comments for stories",Unknown,2025-08-31 11:30,Unknown,https://www.facebook.com/philstarnews/posts/pfbid02adtx2wjaLUyW1WLYFDpchqpzLpTWyE4ErovcHgBibzkxDxdUPj8KsoFEeigFy7tDl?__cft__[0]=AZV2ORCqmD16dDRjPdg9TRn0dLlljZEOYkujpdiXbKtKn11coLrx83TvExOJtjtrr3v3o1RBf35mngbgIwImDag6oVBlH8DWnBjAB7B-3-n_u2Nfqgv_5qnDbaJ1STy2S_T7n5QYFsT2s9F1ZSeqAcdsfIBrnPFfLwn_1I47LyB065EMT0X3GmuIepXGupfzgAQ&__tn__=%2CO%2CP-R
Facebook,sunstarphilippines,"TRAFFIC ADVISORY: 
The Pasundayag sa Pagtuo Grand Procession in Cebu is happening Sunday, August 31, 2025, at 12 p.m.
Expect heavy traffic and road closures along the procession route. Motorists are advised to take alternate routes to avoid delays.  | via Cebu City Transportation Office TRAFFIC ADVISORY: The Pasundayag sa Pagtuo Grand Procession in Cebu is happening Sunday, August 31, 2025, at 12 p.m. Expect heavy traffic and road closures along the procession route. Motorists are advised to take alternate routes to avoid delays.  | via Cebu City Transportation Office",Unknown,2025-08-31 11:30,Unknown,https://www.facebook.com/SunStarPhilippines/posts/pfbid0LXax9aQTVmAawPAPzMZkwYBVHMia9q7HYv2e4otayBC4qmQYfTzdbrT2FxNi3gYAl?__cft__[0]=AZUBRHkwTOjtMVcal1-jMwSzQk63k16lk3QxB2jgMxIL1ceVdYvrvfACpNWhUYCBzHuJ3NFEbwT6iYrKM04AerprlT81K_h7baXugy4rj_A09qBTLfyLEFNIM-w6O6NsOqqvaAeQTZ2yrqmcTyi-bhlFFlDVHRqsduSfGocnF7EJJaJYGq9AbydaVMMBNglge9M&__tn__=%2CO%2CP-R
Facebook,stormchasersPH,"SANGKATERBANG BASURA 
Matapos ang malakas na pag-ulan at matinding pagbaha nitong Sabado ng hapon, Agosto 30, bumungad ang tambak ng basura na nakakalat sa bahagi ng West Riverside Street, Brgy. San Antonio, Quezon City.
Agad namang sinimulan ng Quezon City Environmental Team, kasama ang Department of Sanitation and Cleanup Works, ang operasyon sa paglilinis ng mga debris sa baha mula alas-6 ng gabi at magpapatuloy sa pag-flush at paghakot para maiwasan ang mga aksidente at higit pang pagbabara.
 Daniel Berroya SANGKATERBANG BASURA Matapos ang malakas na pag-ulan at matinding pagbaha nitong Sabado ng hapon, Agosto 30, bumungad ang tambak ng basura na nakakalat sa bahagi ng West Riverside Street, Brgy. San Antonio, Quezon City. Agad namang sinimulan ng Quezon City Environmental Team, kasama ang Department of Sanitation and Cleanup Works, ang operasyon sa paglilinis ng mga debris sa baha mula alas-6 ng gabi at magpapatuloy sa pag-flush at paghakot para maiwasan ang mga aksidente at higit pang pagbabara. Daniel Berroya Sila rin lang naman ang nagtapon jan bumalik nga lang, tapos isisi sa gobyerno hahahaha",Unknown,2025-08-31 11:30,Unknown,https://www.facebook.com/stormchasersPH/posts/pfbid02wuyFj6ErutHwAjn9dp49SmAJn5jdxrN8YMzaDZwsm9q33zodoXwjApoM2DqXhxjtl?__cft__[0]=AZUSugN77IcXv7rpNcxY0IBUMVhQwBBoWU-1TXpKorvI_ioL-XfSYZkXVgB1-dSViKQJysnIStQFET4t5sGlS0DRXGu_8g9PTJLFXH7reeSC1thN2ZwQjFes4boI8LGmgPZTLycSOQUg5PSgWRuLpsROOepSF0t-qGwOAgGr3e1bZ49Ges4H0C8l9Pg3ubpq3ww&__tn__=%2CO%2CP-R
Facebook,#BahaPH,"Wag naman sana!
#bahaph 
#floodcontrol Wag naman sana! #bahaph #floodcontrol",Unknown,2025-08-31 11:30,Unknown,https://www.facebook.com/hashtag/BahaPH
Facebook,pagasa.dost.gov.ph,"Weather Advisory No. 5
For: Low Pressure Area (LPA) and Southwest Monsoon
Issued at: Aug. 31, 2025, 11 a.m.
Heavy rainfall outlook due to Low Pressure Area (LPA)
Today to tomorrow noon (September 1)
(50-100 mm):
Quezon, Camarines Norte, Camarines Sur, Catanduanes, Albay, Sorsogon, Masbate, and Northern Samar
Tomorrow noon to Tuesday noon (September 2)
(50-100 mm):
Quezon, Camarines Norte, Camarines Sur, Catanduanes, and Albay
Heavy rainfall outlook due to Southwest Monsoon
Today to tomorrow noon (September 1)
Moderate to Heavy (50-100 mm):
Occidental Mindoro, Antique, and Negros Occidental
Tomorrow noon to Tuesday noon (September 2)
Moderate to Heavy (50-100 mm):
Occidental Mindoro, and Antique
Tuesday noon to Wednesday noon (September 3)
Moderate to Heavy (50-100 mm):
 Occidental Mindoro
Forecast rainfall may be higher in mountainous and elevated areas. Moreover, impacts in some areas may be worsened by significant antecedent rainfall.
The public and disaster risk reduction and management offices concerned are advised to take all necessary measures to protect life and property. PAGASA Regional Services Divisions may issue Heavy Rainfall Warnings, Rainfall/Thunderstorm Advisories, and other severe weather information specific to their areas of responsibility as appropriate. 
Unless significant changes occur, the next Weather Advisory will be issued at 5:00 PM today.
𝐅𝐨𝐫 𝐀𝐝𝐝𝐢𝐭𝐢𝐨𝐧𝐚𝐥 𝐈𝐧𝐟𝐨𝐫𝐦𝐚𝐭𝐢𝐨𝐧: The key difference between a 𝐇𝐞𝐚𝐯𝐲 𝐑𝐚𝐢𝐧𝐟𝐚𝐥𝐥 𝐖𝐚𝐫𝐧𝐢𝐧𝐠 and a 𝐖𝐞𝐚𝐭𝐡𝐞𝐫 𝐀𝐝𝐯𝐢𝐬𝐨𝐫𝐲 lies in their forecast period, coverage areas, and accuracy. A 𝐇𝐞𝐚𝐯𝐲 𝐑𝐚𝐢𝐧𝐟𝐚𝐥𝐥 𝐖𝐚𝐫𝐧𝐢𝐧𝐠 provides forecasts for the next three hours and applies up to the municipal level. It is more precise as it utilizes Doppler radar technology to track real-time rainfall intensity, making it highly effective for immediate decision-making in flood-prone areas. A 𝐖𝐞𝐚𝐭𝐡𝐞𝐫 𝐀𝐝𝐯𝐢𝐬𝐨𝐫𝐲, on the other hand, covers a 24-hour period but is issued only at the provincial level. It provides a broader outlook on potential weather disturbances but lacks the short-term accuracy of 𝐇𝐞𝐚𝐯𝐲 𝐑𝐚𝐢𝐧𝐟𝐚𝐥𝐥 𝐖𝐚𝐫𝐧𝐢𝐧𝐠𝐬. Since a 𝐖𝐞𝐚𝐭𝐡𝐞𝐫 𝐀𝐝𝐯𝐢𝐬𝐨𝐫𝐲 is based on a 24-hour outlook, it should not be used as a basis for class suspensions or other official decisions.
NORTHERN LUZON PRSD
PAGASA-National Capital Region PRSD
Pagasa Southern Luzon
PAGASA Visayas PRSD
MINDANAO PRSD Weather Advisory No. 5 For: Low Pressure Area (LPA) and Southwest Monsoon Issued at: Aug. 31, 2025, 11 a.m. Heavy rainfall outlook due to Low Pressure Area (LPA) Today to tomorrow noon (September 1) (50-100 mm): Quezon, Camarines Norte, Camarines Sur, Catanduanes, Albay, Sorsogon, Masbate, and Northern Samar Tomorrow noon to Tuesday noon (September 2) (50-100 mm): Quezon, Camarines Norte, Camarines Sur, Catanduanes, and Albay Heavy rainfall outlook due to Southwest Monsoon Today to tomorrow noon (September 1) Moderate to Heavy (50-100 mm): Occidental Mindoro, Antique, and Negros Occidental Tomorrow noon to Tuesday noon (September 2) Moderate to Heavy (50-100 mm): Occidental Mindoro, and Antique Tuesday noon to Wednesday noon (September 3) Moderate to Heavy (50-100 mm): Occidental Mindoro Forecast rainfall may be higher in mountainous and elevated areas. Moreover, impacts in some areas may be worsened by significant antecedent rainfall. The public and disaster risk reduction and management offices concerned are advised to take all necessary measures to protect life and property. PAGASA Regional Services Divisions may issue Heavy Rainfall Warnings, Rainfall/Thunderstorm Advisories, and other severe weather information specific to their areas of responsibility as appropriate. Unless significant changes occur, the next Weather Advisory will be issued at 5:00 PM today. 𝐅𝐨𝐫 𝐀𝐝𝐝𝐢𝐭𝐢𝐨𝐧𝐚𝐥 𝐈𝐧𝐟𝐨𝐫𝐦𝐚𝐭𝐢𝐨𝐧: The key difference between a 𝐇𝐞𝐚𝐯𝐲 𝐑𝐚𝐢𝐧𝐟𝐚𝐥𝐥 𝐖𝐚𝐫𝐧𝐢𝐧𝐠 and a 𝐖𝐞𝐚𝐭𝐡𝐞𝐫 𝐀𝐝𝐯𝐢𝐬𝐨𝐫𝐲 lies in their forecast period, coverage areas, and accuracy. A 𝐇𝐞𝐚𝐯𝐲 𝐑𝐚𝐢𝐧𝐟𝐚𝐥𝐥 𝐖𝐚𝐫𝐧𝐢𝐧𝐠 provides forecasts for the next three hours and applies up to the municipal level. It is more precise as it utilizes Doppler radar technology to track real-time rainfall intensity, making it highly effective for immediate decision-making in flood-prone areas. A 𝐖𝐞𝐚𝐭𝐡𝐞𝐫 𝐀𝐝𝐯𝐢𝐬𝐨𝐫𝐲, on the other hand, covers a 24-hour period but is issued only at the provincial level. It provides a broader outlook on potential weather disturbances but lacks the short-term accuracy of 𝐇𝐞𝐚𝐯𝐲 𝐑𝐚𝐢𝐧𝐟𝐚𝐥𝐥 𝐖𝐚𝐫𝐧𝐢𝐧𝐠𝐬. Since a 𝐖𝐞𝐚𝐭𝐡𝐞𝐫 𝐀𝐝𝐯𝐢𝐬𝐨𝐫𝐲 is based on a 24-hour outlook, it should not be used as a basis for class suspensions or other official decisions. NORTHERN LUZON PRSD PAGASA-National Capital Region PRSD Pagasa Southern Luzon PAGASA Visayas PRSD MINDANAO PRSD Climate change has entered a severe phase، which means that climate change has become more Teacher intense، and La Niña and neutral conditions have completely changed the rain wave in Texas from strong to weak and intermittent and eventually disappear.… See more",Unknown,2025-08-31 12:00,Unknown,https://www.facebook.com/PAGASA.DOST.GOV.PH/posts/pfbid02S9Mmaut1PcG6FZbQaNi2ebRbgBnihovMLjUs3L1Xn8fpGf33JsiMQ6NoSXVkvomql?__cft__[0]=AZVal5lPrW9HN8BDokmsEqaV1n3DtI_38SLZN7K8vdtPtlnLambdyNl4dS3XLq_FRC1WW6gjqo0LNX-eDzGt6aJenR8biqIpSEJi8ZJlEfixfkdwfuXAU2W7n2lfWTWkxdgI3ztZT4dlaWLKuTGzaaoruMpjf-15rRi1hcOIOyXtNYZ_7VRGmL-ONa2mWGtWZ04&__tn__=%2CO%2CP-R
Facebook,pagasa.dost.gov.ph,"Climate change has entered a severe phase، which means that climate change has become more Teacher intense، and La Niña and neutral conditions have completely changed the rain wave in Texas from strong to weak and intermittent and eventually disappear. Prepare for any situation. But this situation will not be the same, and rain waves Rebaz will cover Texas intensely because rain waves have different levels and can cross La Niña barriers and neutral conditions at any time, and if rain starts in Texas, prepare your emergency kit for any situation. Teacher Rebaz Abdul, Seismologist and climate analyst",Unknown,2025-08-31 12:00,Unknown,https://www.facebook.com/PAGASA.DOST.GOV.PH/posts/pfbid02S9Mmaut1PcG6FZbQaNi2ebRbgBnihovMLjUs3L1Xn8fpGf33JsiMQ6NoSXVkvomql?comment_id=1832922914286376&__cft__[0]=AZVal5lPrW9HN8BDokmsEqaV1n3DtI_38SLZN7K8vdtPtlnLambdyNl4dS3XLq_FRC1WW6gjqo0LNX-eDzGt6aJenR8biqIpSEJi8ZJlEfixfkdwfuXAU2W7n2lfWTWkxdgI3ztZT4dlaWLKuTGzaaoruMpjf-15rRi1hcOIOyXtNYZ_7VRGmL-ONa2mWGtWZ04&__tn__=R-R
Facebook,stormchasersPH,"SANGKATERBANG BASURA 
Matapos ang malakas na pag-ulan at matinding pagbaha nitong Sabado ng hapon, Agosto 30, bumungad ang tambak ng basura na nakakalat sa bahagi ng West Riverside Street, Brgy. San Antonio, Quezon City.
Agad namang sinimulan ng Quezon City Environmental Team, kasama ang Department of Sanitation and Cleanup Works, ang operasyon sa paglilinis ng mga debris sa baha mula alas-6 ng gabi at magpapatuloy sa pag-flush at paghakot para maiwasan ang mga aksidente at higit pang pagbabara.
 Daniel Berroya SANGKATERBANG BASURA Matapos ang malakas na pag-ulan at matinding pagbaha nitong Sabado ng hapon, Agosto 30, bumungad ang tambak ng basura na nakakalat sa bahagi ng West Riverside Street, Brgy. San Antonio, Quezon City. Agad namang sinimulan ng Quezon City Environmental Team, kasama ang Department of Sanitation and Cleanup Works, ang operasyon sa paglilinis ng mga debris sa baha mula alas-6 ng gabi at magpapatuloy sa pag-flush at paghakot para maiwasan ang mga aksidente at higit pang pagbabara. Daniel Berroya Deserve nyo ang baha",Unknown,2025-08-31 12:00,Unknown,https://www.facebook.com/stormchasersPH/posts/pfbid02wuyFj6ErutHwAjn9dp49SmAJn5jdxrN8YMzaDZwsm9q33zodoXwjApoM2DqXhxjtl?__cft__[0]=AZXulRtR1s73AW6gN7xIBV9zHbWir4NTwwV2aGlVxXIQDjruMSuTDOjLD76vZEaGYc5ZnFpQ0TqbtCbmRB4o4AmoYsPMc7dDuWjPD6mSo5VK70WkY_SItSv89wYnrKe-KLTYurtnLzXeLNL6AYkyXxmSRAD5Cy10OtOLpJfP81xb4blknMpp6TmGb-Tr2Ka0vsg&__tn__=%2CO%2CP-R
Facebook,DavaoDRRMO,"𝗗𝗢𝗦𝗧-𝗣𝗔𝗚𝗔𝗦𝗔 𝗟𝗣𝗔 𝗨𝗣𝗗𝗔𝗧𝗘:
As of 8:00 AM today, 31 August 2025, the Low Pressure area (LPA 08h) being monitored inside the Philippine Area of Responsibility (PAR) has dissipated.
Meanwhile, the Low Pressure area (LPA 08i) is still being monitored inside the PAR has a ""LOW"" potential of developing into a tropical depression within the next 24 hours.
All are advised to monitor updates from DOST-PAGASA. 𝗗𝗢𝗦𝗧-𝗣𝗔𝗚𝗔𝗦𝗔 𝗟𝗣𝗔 𝗨𝗣𝗗𝗔𝗧𝗘: As of 8:00 AM today, 31 August 2025, the Low Pressure area (LPA 08h) being monitored inside the Philippine Area of Responsibility (PAR) has dissipated. Meanwhile, the Low Pressure area (LPA 08i) is still being monitored inside the PAR has a ""LOW"" potential of developing into a tropical depression within the next 24 hours. All are advised to monitor updates from DOST-PAGASA. As of 8:00 AM today, 31 August 2025, the Low Pressure area (LPA 08h) being monitored inside the Philippine Area of Responsibility (PAR) has dissipated.
Meanwhi… See more As of 8:00 AM today, 31 August 2025, the Low Pressure area (LPA 08h) being monitored inside the Philippine Area of Responsibility (PAR) has dissipated.
Meanwhi… See more As of 8:00 AM today, 31 August 2025, the Low Pressure area (LPA 08h) being monitored inside the Philippine Area of Responsibility (PAR) has dissipated. Meanwhi… See more",Unknown,2025-08-31 12:30,Unknown,https://www.facebook.com/DavaoDRRMO/posts/pfbid0CQZagEbPbeAyQsVtuwMQ9ju3xZAeXwjLwsXwnJFAFBtKhdjUCSrGGamup2ULTW2hl?__cft__[0]=AZVFd3ul0y8vUk6kmC2Z6OBfOPk54CT58SZwsVeMTixbSGgfdlcp99e06EjAhcbnGqXIDiFrauEwMNW_s0rcALzkkwNhTqzjjzhscfnWGKyBA36nCpvdrwYB6wEKkFDGbZs1nY8ktqYYG0ai3b_Uu3cprsVDUgQh8LvD71oCDkg-lGDFoxiCALSQdDVt0E_1pQJW4p0R7bWu3opqYX_R7yOcBroY8zsqGF7LmzsDzXGzIg&__tn__=%2CO%2CP-R
Facebook,manilabulletin,"The sudden flooding that struck parts of Quezon City on Saturday, Aug. 30, was caused by severe thunderstorms that brought unusually heavy rainfall in a short period, the Philippine Atmospheric, Geophysical and Astronomical Services Administration (PAGASA) said on Sunday. Aug. 31.
READ: https://mb.com.ph/.../pagasa-details-weather-factors... The sudden flooding that struck parts of Quezon City on Saturday, Aug. 30, was caused by severe thunderstorms that brought unusually heavy rainfall in a short period, the Philippine Atmospheric, Geophysical and Astronomical Services Administration (PAGASA) said on Sunday. Aug. 31. READ: https://mb.com.ph/.../pagasa-details-weather-factors...",Unknown,2025-08-31 12:30,Unknown,https://www.facebook.com/ManilaBulletin/posts/pfbid0242aRANmEmCyEMGs2a1cRsZcqpc58noQH3RFDZWTMBqsdNiWyTKzHcPyh3WsUxdLnl?__cft__[0]=AZWAozyu47cSgJ4olj7KcZx_USwvxWesAF0iM4JSP_bJ8REBqyQMBQBrAXFqrAiaAtiYDa_rOubORBHtWiyrQxpdcCd-yGf2awznettXSusY9I1VNoBDAOlgf2kjrXGHBJtyie4u_mM1jN3Mv6pRz4SMw3Y4x2psZ1HFzp_0_tPDbxNa55_eGQpMnEgHwxUZ1as&__tn__=%2CO%2CP-R
Facebook,PHIVOLCS,"#EarthquakePH #EarthquakeBatangas
Earthquake Information No.1
Date and Time: 31 August 2025 - 11:07 AM
Magnitude = 3.6
Depth = 066 km
Location = 13.87°N, 120.52°E - 012 km N 71° W of Calatagan (Batangas)
https://earthquake.phivolcs.dost.gov.ph/.../2025_0831... #EarthquakePH #EarthquakeBatangas Earthquake Information No.1 Date and Time: 31 August 2025 - 11:07 AM Magnitude = 3.6 Depth = 066 km Location = 13.87°N, 120.52°E - 012 km N 71° W of Calatagan (Batangas) https://earthquake.phivolcs.dost.gov.ph/.../2025_0831... Araw araw ka nalang sa Batangas",Unknown,2025-08-31 12:30,Unknown,https://www.facebook.com/PHIVOLCS/posts/pfbid0sA7AENgKHR6emFgZuFzSg5aTkEydY4rQmmnKwyHwDZWA2rhu83DcSmtB9ej1byVPl?__cft__[0]=AZUM2PiEmjWkwZNnLZqczDKuIbQEWZxpUhTck7Op0U8sgZiyamVQUEFpabNvBP71_oPDXziOdKNxwpxv14GtsyEvNnhpwe9gDXCjjbM6V9Ai3zBmcxiZXdmrW7QKu7pf9fOu-9YKxexuFVtXCsAfhung1MzK4eZMPwkfsVMDqfyRAiYkQi0rKbXhTwgr7dn9ymo&__tn__=%2CO%2CP-R
Facebook,mprsdcdo,"Rainfall Advisory No. 4  #MINPRSD
Weather System: Southwest Monsoon (Habagat) 
Issued at 11:00 AM 31 August 2025
Light to Moderate rains are expected over #AgusanDelNorte(Nasipit, Buenavista, ButuanCity, Magallanes, RemediosT.Romualdez, CityOfCabadbaran, Santiago, Tubay, Jabonga, Kitcharao, Carmen), #SurigaoDelNorte(Alegria, Claver, Gigaquit, Tubod, Mainit, Bacuag, Malimono, Placer, Sison, TaganaAn, SanFrancisco, SurigaoCity), #DavaoOriental, #DavaoDeOro, #MisamisOriental(GingoogCity, Claveria, CagayanDeOroCity, Magsaysay, Tagoloan, Villanueva, Jasaan, Balingasag, Salay, Lagonglong, Sugbongcogon, Balingoan, Kinoguitan, Binuangan, Talisayan, Medina), #LanaoDelNorte(IliganCity, Tagoloan, Pantar, Baloi, Linamon, Matungao, Kauswagan, Bacolod, Maigo, Kolambugan, Tubod, Magsaysay, Salvador, Sapad, Tangcal, Munai, PoonaPiagapo, PantaoRagat), #LanaoDelSur(TagoloanII, Bubong, Kapai, Maguing), #Bukidnon(Damulog, Kibawe, Kadingilan, Dangcagan, Kitaotao, DonCarlos, Quezon, Maramag, Kalilangan, Pangantucan, SanFernando, CityOfValencia, Cabanglasan, Lantapan, CityOfMalaybalay, Sumilao, Baungon, Libona, ManoloFortich, ImpasugOng), #DavaoDelNorte(Carmen, CityOfPanabo, BraulioE.Dujali, CityOfTagum, SantoTomas, NewCorella, Asuncion, SanIsidro, Talaingod, Kapalong), #DavaoCity, #SurigaoDelSur(CityOfTandag, Carmen, Lanuza, Madrid, Cortes, Cantilan, Carrascal), #AgusanDelSur(LaPaz, Rosario, SanLuis, Talacogon, Prosperidad, SanFrancisco), #Sarangani(Maasim, Kiamba, Alabel, Maitum, Malungon), #SouthCotabato(T'Boli, GeneralSantosCity, Polomolok), #DavaoOccidental(JoseAbadSantos, DonMarcelino and Malita) within the next 1-2 hours.
Moderate to occasionally heavy rains affecting #AgusanDelNorte(LasNieves), #SurigaoDelNorte(Socorro, SiargaoIsland), #DinagatIslands, #MisamisOriental(Opol, Manticao, Lugait, Laguindingan, Gitagum, Alubijid, CityOfElSalvador, Libertad, Initao, Naawan), #Bukidnon(Talakag, Malitbog), #SurigaoDelSur(Lingig, CityOfBislig, Tagbina, Lianga, SanAgustin, Marihatag, Cagwait, SanMiguel, Tago, Barobo, Hinatuan, Bayabas), #AgusanDelSur(SantaJosefa, Veruela, Trento, Loreto, Bunawan, CityOfBayugan, Sibagat, Esperanza), #Sarangani(Glan, Malapatan) and #DavaoOccidental(Sarangani) which may persist within 2-3 hours and may affect nearby areas.
The public and the Disaster Risk Reduction and Management Offices concerned are advised to MONITOR the weather condition and watch for the next warning to be issued at 02:00 PM Today. Rainfall Advisory No. 4  #MINPRSD Weather System: Southwest Monsoon (Habagat) Issued at 11:00 AM 31 August 2025 Light to Moderate rains are expected over #AgusanDelNorte(Nasipit, Buenavista, ButuanCity, Magallanes, RemediosT.Romualdez, CityOfCabadbaran, Santiago, Tubay, Jabonga, Kitcharao, Carmen), #SurigaoDelNorte(Alegria, Claver, Gigaquit, Tubod, Mainit, Bacuag, Malimono, Placer, Sison, TaganaAn, SanFrancisco, SurigaoCity), #DavaoOriental, #DavaoDeOro, #MisamisOriental(GingoogCity, Claveria, CagayanDeOroCity, Magsaysay, Tagoloan, Villanueva, Jasaan, Balingasag, Salay, Lagonglong, Sugbongcogon, Balingoan, Kinoguitan, Binuangan, Talisayan, Medina), #LanaoDelNorte(IliganCity, Tagoloan, Pantar, Baloi, Linamon, Matungao, Kauswagan, Bacolod, Maigo, Kolambugan, Tubod, Magsaysay, Salvador, Sapad, Tangcal, Munai, PoonaPiagapo, PantaoRagat), #LanaoDelSur(TagoloanII, Bubong, Kapai, Maguing), #Bukidnon(Damulog, Kibawe, Kadingilan, Dangcagan, Kitaotao, DonCarlos, Quezon, Maramag, Kalilangan, Pangantucan, SanFernando, CityOfValencia, Cabanglasan, Lantapan, CityOfMalaybalay, Sumilao, Baungon, Libona, ManoloFortich, ImpasugOng), #DavaoDelNorte(Carmen, CityOfPanabo, BraulioE.Dujali, CityOfTagum, SantoTomas, NewCorella, Asuncion, SanIsidro, Talaingod, Kapalong), #DavaoCity, #SurigaoDelSur(CityOfTandag, Carmen, Lanuza, Madrid, Cortes, Cantilan, Carrascal), #AgusanDelSur(LaPaz, Rosario, SanLuis, Talacogon, Prosperidad, SanFrancisco), #Sarangani(Maasim, Kiamba, Alabel, Maitum, Malungon), #SouthCotabato(T'Boli, GeneralSantosCity, Polomolok), #DavaoOccidental(JoseAbadSantos, DonMarcelino and Malita) within the next 1-2 hours. Moderate to occasionally heavy rains affecting #AgusanDelNorte(LasNieves), #SurigaoDelNorte(Socorro, SiargaoIsland), #DinagatIslands, #MisamisOriental(Opol, Manticao, Lugait, Laguindingan, Gitagum, Alubijid, CityOfElSalvador, Libertad, Initao, Naawan), #Bukidnon(Talakag, Malitbog), #SurigaoDelSur(Lingig, CityOfBislig, Tagbina, Lianga, SanAgustin, Marihatag, Cagwait, SanMiguel, Tago, Barobo, Hinatuan, Bayabas), #AgusanDelSur(SantaJosefa, Veruela, Trento, Loreto, Bunawan, CityOfBayugan, Sibagat, Esperanza), #Sarangani(Glan, Malapatan) and #DavaoOccidental(Sarangani) which may persist within 2-3 hours and may affect nearby areas. The public and the Disaster Risk Reduction and Management Offices concerned are advised to MONITOR the weather condition and watch for the next warning to be issued at 02:00 PM Today.",Unknown,2025-08-31 12:30,Unknown,https://www.facebook.com/mprsdcdo/posts/pfbid0DU3jCLWWGdZn2WtdQndEt3BV6r5NLafvgDiqi5wPdMbeRavQQamNwPehdna4QCD7l?__cft__[0]=AZVK5WN-19tHVtpDdGVCr6l-V3dN3zAZ6IcfSUUrV6_w9_r9hjtubBrwH7rdTz8vBx4mzagcmN3znUCShJyX-lChIUtmvdjJ0ITGRbHFsOSFspCQQAUNr5pbTdIB7LdkwjwwpDLKECnF138PyuiorS_vtp1Hk5DGSxLAzDwp6LmZ6UiAU0HrFeovZbl94rpbfi4&__tn__=%2CO%2CP-R
Facebook,#BahaPH,"Kaya siguraduhin munang safe ang dinadaanan pag may baha.
Ligtas ang may alam
#bahaph  #viralreelsfacebook Kaya siguraduhin munang safe ang dinadaanan pag may baha. Ligtas ang may alam #bahaph  #viralreelsfacebook",Unknown,2025-08-31 12:30,Unknown,https://www.facebook.com/hashtag/BahaPH
Facebook,#FireAlert,"FIRE ALERT| Reported House on Fire at Purok 12 Bucana
On going fire fighting
#Firealert
#Sunog
#FCFF89
#FilipinoChineseFireFightersProceesing
#WeCommitToServeNotAbuse FIRE ALERT| Reported House on Fire at Purok 12 Bucana On going fire fighting #Firealert #Sunog #FCFF89 #FilipinoChineseFireFightersProceesing #WeCommitToServeNotAbuse",Unknown,2025-08-31 12:30,Unknown,https://www.facebook.com/hashtag/FireAlert
Facebook,abscbnNEWS,"Covered court sa ibabaw, imbakan ng tubig-ulan sa ilalim. 
Ito ang disenyo ng Rainwater Harvesting Basin System sa Bgy. Tandang Sora, Quezon City. 
Ayon sa QCDRRMO, nasa 160 identified areas ang paglalagyan ng kaparehong proyekto upang maibsan ang mga malawakang pagbaha sa lungsod. | #SelfiePatrol ni Jessie Cruzat Covered court sa ibabaw, imbakan ng tubig-ulan sa ilalim. Ito ang disenyo ng Rainwater Harvesting Basin System sa Bgy. Tandang Sora, Quezon City. Ayon sa QCDRRMO, nasa 160 identified areas ang paglalagyan ng kaparehong proyekto upang maibsan ang mga malawakang pagbaha sa lungsod. | #SelfiePatrol ni Jessie Cruzat Flood control pa more",Unknown,2025-08-31 14:30,Unknown,https://www.facebook.com/abscbnNEWS/
Facebook,pagasa.dost.gov.ph,"Weather Advisory No. 5
For: Low Pressure Area (LPA) and Southwest Monsoon
Issued at: Aug. 31, 2025, 11 a.m.
Heavy rainfall outlook due to Low Pressure Area (LPA)
Today to tomorrow noon (September 1)
(50-100 mm):
Quezon, Camarines Norte, Camarines Sur, Catanduanes, Albay, Sorsogon, Masbate, and Northern Samar
Tomorrow noon to Tuesday noon (September 2)
(50-100 mm):
Quezon, Camarines Norte, Camarines Sur, Catanduanes, and Albay
Heavy rainfall outlook due to Southwest Monsoon
Today to tomorrow noon (September 1)
Moderate to Heavy (50-100 mm):
Occidental Mindoro, Antique, and Negros Occidental
Tomorrow noon to Tuesday noon (September 2)
Moderate to Heavy (50-100 mm):
Occidental Mindoro, and Antique
Tuesday noon to Wednesday noon (September 3)
Moderate to Heavy (50-100 mm):
 Occidental Mindoro
Forecast rainfall may be higher in mountainous and elevated areas. Moreover, impacts in some areas may be worsened by significant antecedent rainfall.
The public and disaster risk reduction and management offices concerned are advised to take all necessary measures to protect life and property. PAGASA Regional Services Divisions may issue Heavy Rainfall Warnings, Rainfall/Thunderstorm Advisories, and other severe weather information specific to their areas of responsibility as appropriate. 
Unless significant changes occur, the next Weather Advisory will be issued at 5:00 PM today.
𝐅𝐨𝐫 𝐀𝐝𝐝𝐢𝐭𝐢𝐨𝐧𝐚𝐥 𝐈𝐧𝐟𝐨𝐫𝐦𝐚𝐭𝐢𝐨𝐧: The key difference between a 𝐇𝐞𝐚𝐯𝐲 𝐑𝐚𝐢𝐧𝐟𝐚𝐥𝐥 𝐖𝐚𝐫𝐧𝐢𝐧𝐠 and a 𝐖𝐞𝐚𝐭𝐡𝐞𝐫 𝐀𝐝𝐯𝐢𝐬𝐨𝐫𝐲 lies in their forecast period, coverage areas, and accuracy. A 𝐇𝐞𝐚𝐯𝐲 𝐑𝐚𝐢𝐧𝐟𝐚𝐥𝐥 𝐖𝐚𝐫𝐧𝐢𝐧𝐠 provides forecasts for the next three hours and applies up to the municipal level. It is more precise as it utilizes Doppler radar technology to track real-time rainfall intensity, making it highly effective for immediate decision-making in flood-prone areas. A 𝐖𝐞𝐚𝐭𝐡𝐞𝐫 𝐀𝐝𝐯𝐢𝐬𝐨𝐫𝐲, on the other hand, covers a 24-hour period but is issued only at the provincial level. It provides a broader outlook on potential weather disturbances but lacks the short-term accuracy of 𝐇𝐞𝐚𝐯𝐲 𝐑𝐚𝐢𝐧𝐟𝐚𝐥𝐥 𝐖𝐚𝐫𝐧𝐢𝐧𝐠𝐬. Since a 𝐖𝐞𝐚𝐭𝐡𝐞𝐫 𝐀𝐝𝐯𝐢𝐬𝐨𝐫𝐲 is based on a 24-hour outlook, it should not be used as a basis for class suspensions or other official decisions.
NORTHERN LUZON PRSD
PAGASA-National Capital Region PRSD
Pagasa Southern Luzon
PAGASA Visayas PRSD
MINDANAO PRSD Weather Advisory No. 5 For: Low Pressure Area (LPA) and Southwest Monsoon Issued at: Aug. 31, 2025, 11 a.m. Heavy rainfall outlook due to Low Pressure Area (LPA) Today to tomorrow noon (September 1) (50-100 mm): Quezon, Camarines Norte, Camarines Sur, Catanduanes, Albay, Sorsogon, Masbate, and Northern Samar Tomorrow noon to Tuesday noon (September 2) (50-100 mm): Quezon, Camarines Norte, Camarines Sur, Catanduanes, and Albay Heavy rainfall outlook due to Southwest Monsoon Today to tomorrow noon (September 1) Moderate to Heavy (50-100 mm): Occidental Mindoro, Antique, and Negros Occidental Tomorrow noon to Tuesday noon (September 2) Moderate to Heavy (50-100 mm): Occidental Mindoro, and Antique Tuesday noon to Wednesday noon (September 3) Moderate to Heavy (50-100 mm): Occidental Mindoro Forecast rainfall may be higher in mountainous and elevated areas. Moreover, impacts in some areas may be worsened by significant antecedent rainfall. The public and disaster risk reduction and management offices concerned are advised to take all necessary measures to protect life and property. PAGASA Regional Services Divisions may issue Heavy Rainfall Warnings, Rainfall/Thunderstorm Advisories, and other severe weather information specific to their areas of responsibility as appropriate. Unless significant changes occur, the next Weather Advisory will be issued at 5:00 PM today. 𝐅𝐨𝐫 𝐀𝐝𝐝𝐢𝐭𝐢𝐨𝐧𝐚𝐥 𝐈𝐧𝐟𝐨𝐫𝐦𝐚𝐭𝐢𝐨𝐧: The key difference between a 𝐇𝐞𝐚𝐯𝐲 𝐑𝐚𝐢𝐧𝐟𝐚𝐥𝐥 𝐖𝐚𝐫𝐧𝐢𝐧𝐠 and a 𝐖𝐞𝐚𝐭𝐡𝐞𝐫 𝐀𝐝𝐯𝐢𝐬𝐨𝐫𝐲 lies in their forecast period, coverage areas, and accuracy. A 𝐇𝐞𝐚𝐯𝐲 𝐑𝐚𝐢𝐧𝐟𝐚𝐥𝐥 𝐖𝐚𝐫𝐧𝐢𝐧𝐠 provides forecasts for the next three hours and applies up to the municipal level. It is more precise as it utilizes Doppler radar technology to track real-time rainfall intensity, making it highly effective for immediate decision-making in flood-prone areas. A 𝐖𝐞𝐚𝐭𝐡𝐞𝐫 𝐀𝐝𝐯𝐢𝐬𝐨𝐫𝐲, on the other hand, covers a 24-hour period but is issued only at the provincial level. It provides a broader outlook on potential weather disturbances but lacks the short-term accuracy of 𝐇𝐞𝐚𝐯𝐲 𝐑𝐚𝐢𝐧𝐟𝐚𝐥𝐥 𝐖𝐚𝐫𝐧𝐢𝐧𝐠𝐬. Since a 𝐖𝐞𝐚𝐭𝐡𝐞𝐫 𝐀𝐝𝐯𝐢𝐬𝐨𝐫𝐲 is based on a 24-hour outlook, it should not be used as a basis for class suspensions or other official decisions. NORTHERN LUZON PRSD PAGASA-National Capital Region PRSD Pagasa Southern Luzon PAGASA Visayas PRSD MINDANAO PRSD",Unknown,2025-08-31 14:30,Unknown,https://www.facebook.com/PAGASA.DOST.GOV.PH/posts/pfbid02S9Mmaut1PcG6FZbQaNi2ebRbgBnihovMLjUs3L1Xn8fpGf33JsiMQ6NoSXVkvomql?__cft__[0]=AZWFfIrazodv-JF6Ix8NMgGXmTduLIEnpZTQc4b2UQNNnIjj-hOptz55m8NMMesU51_B-Xf49gVMtoTtY-yL5854Ck744yZ76n6XIOgYLu4WvCLZdIJvMeG7XYeF3ZhAtZzKJmcqhMEhJBHiDreB80wlHehqptd4YcSrEfxwwbqHiqnihgi_j-hLWN3BMoXJuKE&__tn__=%2CO%2CP-R
Facebook,#BahaPH,"Paulit ulit ang baha dahil kulang ang drainage at basura ang bumabara. Kailangan Ng maayos na flood control, tamang waste management at disiplina SA pagtatapon. Sama-sama Tayo maging parte Ng solusyon, Hindi Ng Problema. 
 #FloodSolutions #bahaph #ClimateAction #DisiplinaMuna #staysafe Paulit ulit ang baha dahil kulang ang drainage at basura ang bumabara. Kailangan Ng maayos na flood control, tamang waste management at disiplina SA pagtatapon. Sama-sama Tayo maging parte Ng solusyon, Hindi Ng Problema. 
 #FloodSolutions #bahaph #ClimateAction #DisiplinaMuna #staysafe",Unknown,2025-08-31 14:30,Unknown,https://www.facebook.com/leonard0domingo/posts/pfbid0sz3sHM1NqYkiwYMhUaTvY64pD3FWoezBcwwdApEigePBD14rnHovX6Cqr7Z5CXsnl?__cft__[0]=AZUU9_4nVopNPBbSR4lrj292OnlUaHf_5KIzdYpKt2Jm9gVPRL7df6KhnirCVshGkQGjhQ-1lsb_Fj5IjKuoJE_-MlO9FY3ZMLmsSzzWN5KDe6l2OWwAW2o5UgEtANRJ2_p-8A-5b2ITIdZLc065t9Co7bKgYdt9HuGmrlfA04voWTUcMqN2GAB19iZH4zL14zc&__tn__=%2CO%2CP-R
Facebook,abscbnNEWS,"White out ulit ang kalangitan mula sa Project 4, Quezon City dahil sa tindi ng ulan lagpas 2:30 p.m. ng Linggo, August 31.
Umiiral ang thunderstorm sa Quezon City, Marikina, Pasig, Mandaluyong, San Juan, at buong Rizal base sa 2:20 p.m. thunderstorm advisory ng PAGASA. | via ABS-CBN resident meteorologist Ariel Rojas White out ulit ang kalangitan mula sa Project 4, Quezon City dahil sa tindi ng ulan lagpas 2:30 p.m. ng Linggo, August 31. Umiiral ang thunderstorm sa Quezon City, Marikina, Pasig, Mandaluyong, San Juan, at buong Rizal base sa 2:20 p.m. thunderstorm advisory ng PAGASA. | via ABS-CBN resident meteorologist Ariel Rojas Ayan araw arawin na dapat para hindi makalimutan ng taong bayan ang flood control.",Unknown,2025-08-31 15:00,Unknown,https://www.facebook.com/abscbnNEWS/
Facebook,abscbnNEWS,Ayan araw arawin na dapat para hindi makalimutan ng taong bayan ang flood control.,Unknown,2025-08-31 15:00,Unknown,https://www.facebook.com/abscbnNEWS/
Facebook,PHIVOLCS,"#EarthquakePH #EarthquakeZamboangaDelNorte
Earthquake Information No.1
Date and Time: 31 August 2025 - 12:48 PM
Magnitude = 2.0
Depth = 024 km
Location = 08.23°N, 122.96°E - 005 km S 78° W of Sindangan (Zamboanga Del Norte)
https://earthquake.phivolcs.dost.gov.ph/.../2025_0831... #EarthquakePH #EarthquakeZamboangaDelNorte Earthquake Information No.1 Date and Time: 31 August 2025 - 12:48 PM Magnitude = 2.0 Depth = 024 km Location = 08.23°N, 122.96°E - 005 km S 78° W of Sindangan (Zamboanga Del Norte) https://earthquake.phivolcs.dost.gov.ph/.../2025_0831...",Unknown,2025-08-31 15:00,Unknown,https://www.facebook.com/PHIVOLCS/posts/1095074002816563?__cft__[0]=AZWvVRRUrMXUZ7BthHGN4sn12d0ljqu_sLYoxP_7-ZjccFVWbe9UFbOkX1XUs1uDKD6fC5tBICgfuAGrewfuMytSXuxcv8xATFZPj4OL4RYNDdJkmaRjedGTDjq6VgirYV4A0GjKguox_WQ6oBfkODNqz-p0EhyriKxhiRXXZgHDBgK3qqVzgQzgKn9xkmy2xE4&__tn__=%2CO%2CP-R
Facebook,#EarthquakePH,"#EarthquakePH #EarthquakeBatangas
Earthquake Information No.1
Date and Time: 31 August 2025 - 11:07 AM
Magnitude = 3.6
Depth = 066 km
Location = 13.87°N, 120.52°E - 012 km N 71° W of Calatagan (Batangas)
https://earthquake.phivolcs.dost.gov.ph/.../2025_0831... #EarthquakePH #EarthquakeBatangas Earthquake Information No.1 Date and Time: 31 August 2025 - 11:07 AM Magnitude = 3.6 Depth = 066 km Location = 13.87°N, 120.52°E - 012 km N 71° W of Calatagan (Batangas) https://earthquake.phivolcs.dost.gov.ph/.../2025_0831...",Unknown,2025-08-31 15:00,Unknown,https://www.facebook.com/PHIVOLCS/posts/1095014489489181?__cft__[0]=AZUgKNCoDDgdXsbeGgFCuyWJXbdOSkZq12qKA2ivTGC7EmJ9bljVWFxgNjeOHhh0Ykp0I-j2VHLc_d8WWwAbhLhKyjn0EGGFKrAiVYp_VNOkwz2CDeI5s-oMGamLW5o7b760tA_0EwnoE79oKEl4GFsMKp91LwcfPIu9CuDapTqlTvaFWNlxQQCaOGPsCFheXXg&__tn__=%2CO%2CP-R
Facebook,DavaoDRRMO,"𝗗𝗢𝗦𝗧-𝗣𝗔𝗚𝗔𝗦𝗔 𝗟𝗣𝗔 𝗨𝗣𝗗𝗔𝗧𝗘:
As of 8:00 AM today, 31 August 2025, the Low Pressure area (LPA 08h) being monitored inside the Philippine Area of Responsibility (PAR) has dissipated.
Meanwhile, the Low Pressure area (LPA 08i) is still being monitored inside the PAR has a ""LOW"" potential of developing into a tropical depression within the next 24 hours.
All are advised to monitor updates from DOST-PAGASA. 𝗗𝗢𝗦𝗧-𝗣𝗔𝗚𝗔𝗦𝗔 𝗟𝗣𝗔 𝗨𝗣𝗗𝗔𝗧𝗘: As of 8:00 AM today, 31 August 2025, the Low Pressure area (LPA 08h) being monitored inside the Philippine Area of Responsibility (PAR) has dissipated. Meanwhile, the Low Pressure area (LPA 08i) is still being monitored inside the PAR has a ""LOW"" potential of developing into a tropical depression within the next 24 hours. All are advised to monitor updates from DOST-PAGASA. As of 8:00 AM today, 31 August 2025, the Low Pressure area (LPA 08h) being monitored inside the Philippine Area of Responsibility (PAR) has dissipated.
Meanwhi… See more As of 8:00 AM today, 31 August 2025, the Low Pressure area (LPA 08h) being monitored inside the Philippine Area of Responsibility (PAR) has dissipated.
Meanwhi… See more As of 8:00 AM today, 31 August 2025, the Low Pressure area (LPA 08h) being monitored inside the Philippine Area of Responsibility (PAR) has dissipated. Meanwhi… See more Thanks sa info",Unknown,2025-08-31 15:30,Unknown,https://www.facebook.com/DavaoDRRMO/posts/pfbid0CQZagEbPbeAyQsVtuwMQ9ju3xZAeXwjLwsXwnJFAFBtKhdjUCSrGGamup2ULTW2hl?__cft__[0]=AZWwOBQ-z-axDDhR0tpwuZCRWDVDL6VuKMylIYJUrQBJeS5_cLINfFXGtvRU4lQBIjxcaU6Am-KmnV7sGWmHVXr3Z9Qvjjl0DyQISKXLQHC847VQlh5vKCvRKJaewwCqzE-ntq-UITKl3mD93QwUPFm89k1VamA28BnWVIqK1GbOhZlxSBEvAQ0Jr_QraSdInY54mi4Sk-OaKH5sN0ZUDjCcM2K4b556RLkNhaJ14G_i7g&__tn__=%2CO%2CP-R
Facebook,mprsdcdo,"https://www.facebook.com/share/p/1FWvoP6w3k/ https://www.facebook.com/share/p/1FWvoP6w3k/ As of 8:00 AM today, 31 August 2025, the Low Pressure area (LPA 08h) being monitored inside the Philippine Area of Responsibility (PAR) has dissipated.
Meanwhile, the Low Pressure area (LPA 08i) is still being monitored inside the PAR has a ""LOW"" potential of developing into a tropical depression within the next 24 hours.
All are advised to monitor updates from DOST-PAGASA. As of 8:00 AM today, 31 August 2025, the Low Pressure area (LPA 08h) being monitored inside the Philippine Area of Responsibility (PAR) has dissipated.
Meanwhile, the Low Pressure area (LPA 08i) is still being monitored inside the PAR has a ""LOW"" potential of developing into a tropical depression within the next 24 hours.
All are advised to monitor updates from DOST-PAGASA. As of 8:00 AM today, 31 August 2025, the Low Pressure area (LPA 08h) being monitored inside the Philippine Area of Responsibility (PAR) has dissipated. Meanwhile, the Low Pressure area (LPA 08i) is still being monitored inside the PAR has a ""LOW"" potential of developing into a tropical depression within the next 24 hours. All are advised to monitor updates from DOST-PAGASA.",Unknown,2025-08-31 15:30,Unknown,https://www.facebook.com/mprsdcdo/posts/pfbid02L2XzrSkF7okFFc8jk4tmb7Qd2sK16XPVpeFntSXBck9qDBRKPAKwPgwf8APUB8qWl?__cft__[0]=AZUXg2xydZjivOGFP-d2OgjnihJeTEPgoS2Wi1g14wKW8cJA2wpLfNXwyBG88cG3EbB0XyPXssk9YRXdYRfBGz_WFdCDpavGorkWI-F-biZzvt7VUjrg-2v1ElyZTjlv-STIL10tVhoxbYe2wb7jV7NOAG51V_Xjr39SirbFmA3rM76EHd8By5EFnAWIen5kZxjE504QXYDpCQ0p_0oP4w-RWE5W215VndQGyLMUL3GaLw&__tn__=%2CO%2CP-R
Facebook,sunstardavaonews,"DPWH Secretary Manuel Bonoan vows accountability amid anomalous flood control projects, stressing he won’t resign but will face the issue head-on.
He ordered suspensions, reassignments, and a fraud audit of projects across several regions, assuring the public that corruption will not be tolerated.
Do you think these measures are enough to restore public trust?
Read more: https://www.sunstar.com.ph/.../dpwh-chief-vows... DPWH Secretary Manuel Bonoan vows accountability amid anomalous flood control projects, stressing he won’t resign but will face the issue head-on. He ordered suspensions, reassignments, and a fraud audit of projects across several regions, assuring the public that corruption will not be tolerated. Do you think these measures are enough to restore public trust? Read more: https://www.sunstar.com.ph/.../dpwh-chief-vows...",Unknown,2025-08-31 15:30,Unknown,https://www.facebook.com/sunstardavaonews/posts/pfbid02wrhEF1bd4U9s32Jcr6WoggjtDkainNczd6nsnG3ZbsCiwLxYM14KSa5wkqPQCT6El?__cft__[0]=AZW07MjBm5vG05NIVVxRdxpVot5SVd5yjT2mE7K7DRLm5LxaGMGNFjl0FxNDWIjWlpD4y3lL6zW2rmN1t5RUqW5K7ao57CvNi3ViI97nSST_stUV6AcQKO4DdiDTUN1xnb7qVNoFgsxG5wmV4dejoK4sZWj4ZDuxTlFfq2vvcPs7c7RhNXPQZLCrJWXe9f8GdEg&__tn__=%2CO%2CP-R
Facebook,UNTVNewsRescue,"𝗣𝗔𝗡𝗢𝗢𝗥𝗜𝗡: Sitwasyon sa Pinatag Area sa ROTC Hunters St., Brgy. Tatalon, Quezon City. Tumaas ang tubig sa kalapit na San Juan River dahilan ng pagbaha. Kuha ang video alas-4:15 ng hapon, August 30, 2025. - UNTV NAR 
Courtesy: Hannah Carlon 𝗣𝗔𝗡𝗢𝗢𝗥𝗜𝗡: Sitwasyon sa Pinatag Area sa ROTC Hunters St., Brgy. Tatalon, Quezon City. Tumaas ang tubig sa kalapit na San Juan River dahilan ng pagbaha. Kuha ang video alas-4:15 ng hapon, August 30, 2025. - UNTV NAR Courtesy: Hannah Carlon Natira p ako dati dyn",Unknown,2025-08-31 15:30,Unknown,https://www.facebook.com/UNTVNewsRescue/
Facebook,#EarthquakePH,"#EarthquakePH #EarthquakeAgusanDelNorte
Earthquake Information No.1
Date and Time: 31 August 2025 - 03:16 PM
Magnitude = 1.7
Depth = 019 km
Location = 09.23°N, 125.65°E - 011 km S 70° E of Santiago (Agusan Del Norte)
https://earthquake.phivolcs.dost.gov.ph/.../2025_0831... #EarthquakePH #EarthquakeAgusanDelNorte Earthquake Information No.1 Date and Time: 31 August 2025 - 03:16 PM Magnitude = 1.7 Depth = 019 km Location = 09.23°N, 125.65°E - 011 km S 70° E of Santiago (Agusan Del Norte) https://earthquake.phivolcs.dost.gov.ph/.../2025_0831...",Unknown,2025-08-31 15:30,Unknown,https://www.facebook.com/PHIVOLCS/posts/pfbid02kP4N3kVGegUyGVpcQYVKUzgJJTVoQrqTyFN5ne8XU1rcy1VcoV8jqhFi7QZPpKtql?__cft__[0]=AZXBRAoqseqaYr_bPWAXWJe5Dx_hZpdAKvnzhh2FX2sfNLSh-8LRKZt7BcE7rJiaeAGv8ojIvAA_mUNuAfVDcSZTZ1mrxIabQL886KnAQzQaPi8pfvIrOWEBIUh_VBS2omOvkmZihiYr7iWdSRZxWS-zqAneIZlzqWo8df5tVB7jzBqgM30FXWRjR4JS4MfhIWM&__tn__=%2CO%2CP-R
Facebook,#LandslideAlert,"#ShockingFootage
Sgocking Visuals of Jeevan Nagar Nallah Flowing in Full Fury
#BreakingNews #BigBreakingNews #WeatherAlert #NewsAlert #LandslideAlert #FloodAlert
#Shocking #flashfloods
#WeatherAlert #flood #shockingnews #jammu #jammukashmir #JammuAndKashmir #JammuKashmirNews #NewsAlert24x7 #NewsUpdate #live #newsfeed #news #staysafe #StayAlert #StayAlertStaySafe #BigBreaking #BREAKING #breakingnewstoday #ShockingFootage Sgocking Visuals of Jeevan Nagar Nallah Flowing in Full Fury #BreakingNews #BigBreakingNews #WeatherAlert #NewsAlert #LandslideAlert #FloodAlert #Shocking #flashfloods #WeatherAlert #flood #shockingnews #jammu #jammukashmir #JammuAndKashmir #JammuKashmirNews #NewsAlert24x7 #NewsUpdate #live #newsfeed #news #staysafe #StayAlert #StayAlertStaySafe #BigBreaking #BREAKING #breakingnewstoday",Unknown,2025-08-31 15:30,Unknown,https://www.facebook.com/hashtag/LandslideAlert
Facebook,rapplerdotcom,"WATCH: President Marcos has named Hi-Tone as among the top flood control contractors in the Philippines. The firm was founded by former congressman Christopher Co, sibling of Zaldy Co and father of trending influencer Claudine Co. Rappler's Dwight de Leon lays out the facts and computes the total value of contracts that the DPWH awarded to Hi-Tone in the last decade.
Subscribe: https://bit.ly/RapplerYouTube
More videos on Rappler: https://www.rappler.com/video
Follow Rappler for the latest news in the Philippines and around the world. 
Support independent journalism. You can help power our investigative fund by donating to our crowdfunding: https://donate.rappler.com/ WATCH: President Marcos has named Hi-Tone as among the top flood control contractors in the Philippines. The firm was founded by former congressman Christopher Co, sibling of Zaldy Co and father of trending influencer Claudine Co. Rappler's Dwight de Leon lays out the facts and computes the total value of contracts that the DPWH awarded to Hi-Tone in the last decade. Subscribe: https://bit.ly/RapplerYouTube More videos on Rappler: https://www.rappler.com/video Follow Rappler for the latest news in the Philippines and around the world. Support independent journalism. You can help power our investigative fund by donating to our crowdfunding: https://donate.rappler.com/ Dapat seryosohin ng gobyerno ang paghabol sa mga tiwaling ito para madala at di na pamarisan ng mga susunod na pulitiko. Sana kahit kaalyado pa yan o sino pa man dapat kasuhan at ikulong.",Unknown,2025-08-31 16:00,Unknown,https://www.facebook.com/rapplerdotcom/posts/pfbid0fBK4q148zgzhdkXSGXWuyiT1PaYNNcMuzf1zvpwiEvbwuZJCkbKLzBSB1xRdTGuJl?__cft__[0]=AZUJB_NCs51QcMWhFFM84vh-vW_ONegInhuK3niH8EdTZe0KBkTeUv8UHYRR4Orl8I8BLIGlQ3HkwP9jVN7bVl31bIRUaO-xY4CcwaTdaLZJw8p2fyRooyXIwh1qbjoFuEK0wioA7vOVQtDVnj6sOcv55szoc_hNxN9sMZCOfJHYx-aOsme9-4GUcln5pBirRXw&__tn__=%2CO%2CP-R
Facebook,UNTVNewsRescue,"𝗣𝗔𝗡𝗢𝗢𝗥𝗜𝗡: Sitwasyon sa Pinatag Area sa ROTC Hunters St., Brgy. Tatalon, Quezon City. Tumaas ang tubig sa kalapit na San Juan River dahilan ng pagbaha. Kuha ang video alas-4:15 ng hapon, August 30, 2025. - UNTV NAR 
Courtesy: Hannah Carlon 𝗣𝗔𝗡𝗢𝗢𝗥𝗜𝗡: Sitwasyon sa Pinatag Area sa ROTC Hunters St., Brgy. Tatalon, Quezon City. Tumaas ang tubig sa kalapit na San Juan River dahilan ng pagbaha. Kuha ang video alas-4:15 ng hapon, August 30, 2025. - UNTV NAR Courtesy: Hannah Carlon Ok lang po yan..bukas LUNES ulit trabaho tayo ulit kahit umuulan. Para may nakawin ulit sila",Unknown,2025-08-31 16:00,Unknown,https://www.facebook.com/UNTVNewsRescue/
Facebook,mprsdcdo,"Rainfall Advisory No. 5 Amendment #MINPRSD
Weather System: Southwest Monsoon (Habagat) 
Issued at 03:30 PM 31 August 2025
Light to Moderate rains are expected over #ZamboangaDelNorte(Sibuco, Sirawai, Gutalac, Siocon, Baliguian, Labason, Kalawit, Tampilisan, Godod, LeonB.Postigo, Salug, Liloy), #ZamboangaSibugay(Tungawan, Titay, RosellerLim, Ipil, Buug, Diplahan, Malangas, Imelda, Payao, Alicia, Olutanga, Talusan, Mabuhay), #ZamboangaDelSur(Bayog, PagadianCity, Dumalinao, Lakewood, Tigbao, Guipos, Kumalarang, Lapuyan, SanMiguel, Dinas, SanPablo, Dimataling, Pitogo, Tabina, Margosatubig, VincenzoA.Sagun), #LanaoDelSur(Bumbaran), #NorthCotabato(Alamada, Banisilan, Pigkawayan, Libungan, Carmen), #MaguindanaoDelNorte(Barira, Buldon, Matanog, Parang, SultanMastura, SultanKudarat) and #CotabatoCity within the next 1-2 hours.
Moderate to occasionally heavy rains affecting #ZamboangaCity, #ZamboangaSibugay(Kabasalan, Siay, Naga), #LanaoDelSur(Wao), #Bukidnon(Pangantucan, Kalilangan, Kadingilan and DonCarlos) which may persist within 2-3 hours and may affect nearby areas.
The public and the Disaster Risk Reduction and Management Offices concerned are advised to MONITOR the weather condition and watch for the next warning to be issued at 05:00 PM Today. Rainfall Advisory No. 5 Amendment #MINPRSD Weather System: Southwest Monsoon (Habagat) Issued at 03:30 PM 31 August 2025 Light to Moderate rains are expected over #ZamboangaDelNorte(Sibuco, Sirawai, Gutalac, Siocon, Baliguian, Labason, Kalawit, Tampilisan, Godod, LeonB.Postigo, Salug, Liloy), #ZamboangaSibugay(Tungawan, Titay, RosellerLim, Ipil, Buug, Diplahan, Malangas, Imelda, Payao, Alicia, Olutanga, Talusan, Mabuhay), #ZamboangaDelSur(Bayog, PagadianCity, Dumalinao, Lakewood, Tigbao, Guipos, Kumalarang, Lapuyan, SanMiguel, Dinas, SanPablo, Dimataling, Pitogo, Tabina, Margosatubig, VincenzoA.Sagun), #LanaoDelSur(Bumbaran), #NorthCotabato(Alamada, Banisilan, Pigkawayan, Libungan, Carmen), #MaguindanaoDelNorte(Barira, Buldon, Matanog, Parang, SultanMastura, SultanKudarat) and #CotabatoCity within the next 1-2 hours. Moderate to occasionally heavy rains affecting #ZamboangaCity, #ZamboangaSibugay(Kabasalan, Siay, Naga), #LanaoDelSur(Wao), #Bukidnon(Pangantucan, Kalilangan, Kadingilan and DonCarlos) which may persist within 2-3 hours and may affect nearby areas. The public and the Disaster Risk Reduction and Management Offices concerned are advised to MONITOR the weather condition and watch for the next warning to be issued at 05:00 PM Today.",Unknown,2025-08-31 16:00,Unknown,https://www.facebook.com/mprsdcdo/posts/pfbid0HBdSHdziiAStR1P8L6wrfAwPQsym7FCXK13VqBfkabfyXfZHUbYhaBmLhaQZbYx7l?__cft__[0]=AZUxO9hnV8EchI0LeizR5j1Ffgi_yRfPhR9ar9cZjvrerkgDSriThBJHv86VfyImKM4zsMNARMiqGqUxpFmC796NtL8PyLw9vdJgZhsdTXEIryt_BTWGqTnZoTScCPze-48AN-DkBtM0f17OQsINVypYGFTjHGk38QIPt4eOGzIERGuTbfiFpsqt5iJLIV-SCps&__tn__=%2CO%2CP-R
Facebook,NDRRMC,"Summary of 24-Hour Observation of Active Volcanoes Mt. Taal, Mayon, Bulusan and Kanlaon
31 August 2025
Source: Philippine Institute of Volcanology and Seismology (PHIVOLCS-DOST)
#NDRRMC
#BawatSegundoMahalaga Summary of 24-Hour Observation of Active Volcanoes Mt. Taal, Mayon, Bulusan and Kanlaon 31 August 2025 Source: Philippine Institute of Volcanology and Seismology (PHIVOLCS-DOST) #NDRRMC #BawatSegundoMahalaga The amount of sulfur dioxide these volcanoes are releasing to the environment is also alarming, as sulfur dioxide causes the formation of acid rain, which can affect soils, bodies of water, plant and aquatic life. Acid rain also contributes to the spee… See more",Unknown,2025-08-31 16:30,Unknown,https://www.facebook.com/NDRRMC/posts/pfbid02Y7SohAdoPjpuvLqYAhfVV2VKHKvzKQznx375VzM3UixySbJTzCLyM7QGo5f8Ng97l?__cft__[0]=AZUWnGulxrzeXaW3zQ7Y2JlNs0d0KV50e9-p0rWKMsKsx554UQ1GNTs4VH7tgcnRSKcgrggsBXZ3LtUKmpsyqkDqy1EY_zdCbHw4d8HX-3vw5HVLtySJlsuc_06_hNfORNWmnsKqwjmmPypc-wssW1yWI-U1Bu9V5b4PPgXgy6ZYKQxVTYI1jssfoAgi1MOw3Gs&__tn__=%2CO%2CP-R
Facebook,PhilstarNews,"MAGNITUDE 5.1 QUAKE HITS WATERS OFF TABINA, ZAMBOANGA DEL SUR
A magnitude 5.1 tectonic earthquake struck the waters off Tabina, Zamboanga del Sur at 3:49 p.m. Sunday, Phivolcs reported.
Instrumental Intensity II was recorded in parts of Sultan Kudarat and Zamboanga del Norte, while Intensity I was felt in Zamboanga del Sur and nearby areas.
No damage is expected, but aftershocks are possible, Phivolcs added. MAGNITUDE 5.1 QUAKE HITS WATERS OFF TABINA, ZAMBOANGA DEL SUR A magnitude 5.1 tectonic earthquake struck the waters off Tabina, Zamboanga del Sur at 3:49 p.m. Sunday, Phivolcs reported. Instrumental Intensity II was recorded in parts of Sultan Kudarat and Zamboanga del Norte, while Intensity I was felt in Zamboanga del Sur and nearby areas. No damage is expected, but aftershocks are possible, Phivolcs added. Uyog jud mi dris Buug, Zamboanga Sibugay. Keep safe sa tanan!",Unknown,2025-08-31 16:30,Unknown,https://www.facebook.com/philstarnews/posts/pfbid0266i2FJyKyC82ksBMkiETWNAC7YchKWx1KWWivTAc5uEtuvzvP4abeGynCazuo6mal?__cft__[0]=AZXh8cM5H6oxb_ntII0QO5NT7_sBj_7Lz1H5QK3WG8jbQcdV3o7FEyvjgvvJeuekgNjv2t2vzIlmnco9-xQJ0jezYEBfWS7wslYhW52ETVPslKOMIAJdkQIJ1fXxPGtTQB1K18634lJXMCDRoM051WvxWj5g5Jo9BgPpveEC0lnIM6YK6GjYeQWCNQ79iJN06rA&__tn__=%2CO%2CP-R
Facebook,PHIVOLCS,"#EarthquakePH #EarthquakeZamboangaDelSur
#iFelt_ZamboangaDelSurEarthquake
Earthquake Information No.2
Date and Time: 31 August 2025 - 03:49 PM
Magnitude = 4.7
Depth = 004 km
Location = 07.33°N, 123.59°E - 024 km S 53° E of Tabina (Zamboanga Del Sur)
Reported Intensities:
Intensity II- Kalamansig, Lebak, and Palimbang, SULTAN KUDARAT
Instrumental intensities:
Intensity II - Lebak, and Palimbang, SULTAN KUDARAT; Sindangan, ZAMBOANGA DEL NORTE
Intensity I - Molave, and Dumingag, ZAMBOANGA DEL SUR; Kalamansig, SULTAN KUDARAT
https://earthquake.phivolcs.dost.gov.ph/.../2025_0831... #EarthquakePH #EarthquakeZamboangaDelSur #iFelt_ZamboangaDelSurEarthquake Earthquake Information No.2 Date and Time: 31 August 2025 - 03:49 PM Magnitude = 4.7 Depth = 004 km Location = 07.33°N, 123.59°E - 024 km S 53° E of Tabina (Zamboanga Del Sur) Reported Intensities: Intensity II- Kalamansig, Lebak, and Palimbang, SULTAN KUDARAT Instrumental intensities: Intensity II - Lebak, and Palimbang, SULTAN KUDARAT; Sindangan, ZAMBOANGA DEL NORTE Intensity I - Molave, and Dumingag, ZAMBOANGA DEL SUR; Kalamansig, SULTAN KUDARAT https://earthquake.phivolcs.dost.gov.ph/.../2025_0831...",Unknown,2025-08-31 16:30,Unknown,https://www.facebook.com/PHIVOLCS/posts/pfbid02FWectStgtX8ST1CqiJvuseJ4oQxVeopXYiiUzY77Q4oFXrPGrkSz4UntCPDZemjjl?__cft__[0]=AZWom6NzstI_EXZ5vUDB0Uu07c40sbBFA6_l8LC3N8jhaOcx1pipOZhL_ukaCPegwXIWwh1RJH9tS6i3S6VkWwQJXKEmx1QA8-lOGYwGTTMpHdwVrHgUOf34A8PzFXUoN5-u4qAWRbSrWlG-RMjcIvZpUFeWNEsG1SOLZ7FxzIzKG5qM20ws4w3EuGpFuXFJZ3U&__tn__=%2CO%2CP-R
Facebook,UNTVNewsRescue,"𝗣𝗔𝗡𝗢𝗢𝗥𝗜𝗡: Sitwasyon sa Pinatag Area sa ROTC Hunters St., Brgy. Tatalon, Quezon City. Tumaas ang tubig sa kalapit na San Juan River dahilan ng pagbaha. Kuha ang video alas-4:15 ng hapon, August 30, 2025. - UNTV NAR 
Courtesy: Hannah Carlon 𝗣𝗔𝗡𝗢𝗢𝗥𝗜𝗡: Sitwasyon sa Pinatag Area sa ROTC Hunters St., Brgy. Tatalon, Quezon City. Tumaas ang tubig sa kalapit na San Juan River dahilan ng pagbaha. Kuha ang video alas-4:15 ng hapon, August 30, 2025. - UNTV NAR Courtesy: Hannah Carlon Ingatan nawa po kayo ng Dios",Unknown,2025-08-31 16:30,Unknown,https://www.facebook.com/UNTVNewsRescue/
Facebook,weather.davao,"24-HOUR LOCALIZED WEATHER FORECAST FOR DAVAO REGION
Issued at 5:00 PM AUGUST 31, 2025
Valid Until 5:00 PM TOMORROW
SYNOPSIS:
At 3:00 AM today, the Low Pressure Area (LPA) was estimated based on all available at 90 km East Northeast of Daet, Camarines Norte (14.5°N, 123.7°E). Meanwhile, another LPA was estimated based on all available data at 900 km East of Eastern Visayas (10.8°N, 133.0°E).  Southwest Monsoon affecting western sections of Southern Luzon, Visayas,  DAVAO REGION and the rest  of Mindanao. 
FORECAST:  
DAVAO REGION will have partly cloudy to cloudy skies with isolated rainshowers or thunderstorms due to Southwest Monsoon . Possible flash floods or landslides during severe thunderstorms Light to moderate winds coming from Southwest to Northwest will prevail and the coastal waters will be slight to  moderate (0.6 to 1.5 meters).
KAUGALINGONG PINULUNGAN: 
 Ang syudad sa Dabaw ug ubang dapit sa REHIYON SA DABAW makasinati sa panalagsang pagdag-um ngadto sa mapanganuron na kalangitan inubanan sa pat-ak pat-ak nga pag-ulan o kilat ug pagpanalugdug tungod sa Southwest Monsoon  . Posible ang pagbaha o pagdahili sa yuta sa panahon nga adunay kusog nga pagbundak sa ulan. Hinay ngadto sa Kasarangan nga hangin nga magagikan sa Kasadpan ngadto sa Habagatan-Kasadpan direksyon ang mopasulabi, ug ang kadagatan hapsay ngadto sa kasarangan ang pagbalud (0.6 to 1.5 meters).
FORECAST OVER DAVAO CITY
Temperatura Ugma:         25˚C to 31˚C 
Sunset  (Salop)  Karon:     5:49 PM
Sunrise (Sidlak) Ugma:     5:34 AM      
For more information and queries, please call telephone for local number (082)234-0890 and (088)555-0485 for regional or log on to  bagong.pagasa.dost.gov.ph…/regional…/Mindanao-PRSD or join our Facebook Group at Mindanao PRSD (Regional Office) or PAGASA Davao (Local). 24-HOUR LOCALIZED WEATHER FORECAST FOR DAVAO REGION Issued at 5:00 PM AUGUST 31, 2025 Valid Until 5:00 PM TOMORROW SYNOPSIS: At 3:00 AM today, the Low Pressure Area (LPA) was estimated based on all available at 90 km East Northeast of Daet, Camarines Norte (14.5°N, 123.7°E). Meanwhile, another LPA was estimated based on all available data at 900 km East of Eastern Visayas (10.8°N, 133.0°E).  Southwest Monsoon affecting western sections of Southern Luzon, Visayas,  DAVAO REGION and the rest  of Mindanao. FORECAST: DAVAO REGION will have partly cloudy to cloudy skies with isolated rainshowers or thunderstorms due to Southwest Monsoon . Possible flash floods or landslides during severe thunderstorms Light to moderate winds coming from Southwest to Northwest will prevail and the coastal waters will be slight to  moderate (0.6 to 1.5 meters). KAUGALINGONG PINULUNGAN: Ang syudad sa Dabaw ug ubang dapit sa REHIYON SA DABAW makasinati sa panalagsang pagdag-um ngadto sa mapanganuron na kalangitan inubanan sa pat-ak pat-ak nga pag-ulan o kilat ug pagpanalugdug tungod sa Southwest Monsoon  . Posible ang pagbaha o pagdahili sa yuta sa panahon nga adunay kusog nga pagbundak sa ulan. Hinay ngadto sa Kasarangan nga hangin nga magagikan sa Kasadpan ngadto sa Habagatan-Kasadpan direksyon ang mopasulabi, ug ang kadagatan hapsay ngadto sa kasarangan ang pagbalud (0.6 to 1.5 meters). FORECAST OVER DAVAO CITY Temperatura Ugma:         25˚C to 31˚C Sunset  (Salop)  Karon:     5:49 PM Sunrise (Sidlak) Ugma:     5:34 AM For more information and queries, please call telephone for local number (082)234-0890 and (088)555-0485 for regional or log on to  bagong.pagasa.dost.gov.ph…/regional…/Mindanao-PRSD or join our Facebook Group at Mindanao PRSD (Regional Office) or PAGASA Davao (Local).",Unknown,2025-08-31 16:30,Unknown,https://www.facebook.com/weather.davao/posts/pfbid0H5WirHjLioZEGGcoLh3kP6jVLLKH3XxqodwDMbfKuUKZarXcYBLVnX9B3eAcvPPRl?__cft__[0]=AZVivECcD82CgB5iECUfoA55KxSINtikAWo1VCs6yz9C_TkvxyxaR-Ll6_mzxv8S-8z8Ib3N8aMMliAHwvkuMZ1vcSqEFEzwHfCwT7s7IcM3luUBPtzePneSpF8k3ac8vqr-fqcEJbQwxnA3RHe2p-4Iw80gQifzedcSkFQlI_F9h4lZpn82JNDrMPOGjT4Zlyo&__tn__=%2CO%2CP-R
Facebook,mprsdcdo,"As of 2:00 PM today, 31 August 2025, the Low Pressure area (LPA 08i) is being monitored inside the Philippine Area of Responsibility (PAR) and has a ""LOW"" chance of development into a tropical depression within the next 24 hours.
All are advised to monitor updates from DOST-PAGASA. As of 2:00 PM today, 31 August 2025, the Low Pressure area (LPA 08i) is being monitored inside the Philippine Area of Responsibility (PAR) and has a ""LOW"" chance of development into a tropical depression within the next 24 hours.
All are advised to monitor updates from DOST-PAGASA. As of 2:00 PM today, 31 August 2025, the Low Pressure area (LPA 08i) is being monitored inside the Philippine Area of Responsibility (PAR) and has a ""LOW"" chance of development into a tropical depression within the next 24 hours. All are advised to monitor updates from DOST-PAGASA.",Unknown,2025-08-31 16:30,Unknown,https://www.facebook.com/mprsdcdo/posts/pfbid0wRFRX1eJBY3xZ3yNam5AVxEFA46Z7Wdafos2t5UsHYouVWj5h9YLXFMxkTeJX2kUl?__cft__[0]=AZWL-2Pm0_XwAdzdYvQNHou9H9gn185iKysgi-1CcVHDOPJOD00-rPs5ntQ1S4fNyHMjEh4muYb2qDXleysFAEXQB8-h5Pk3vqp01hdCcdv-VEecYqiORlJu1Z4S1AAWeamUzGuN6D2FKOSYjkay5W7qh05CcLrBfmS0uH8qrzSASjPLQiE2TCcqbR9_uYHbGZFCJZbvfqLt2-3QplnS4InJcqstdKCiWO_QUzrzt4I8eA&__tn__=%2CO%2CP-R
Facebook,#FloodAlert,"Kuha ng isang kaibigan sknila kahapon 
Kung wla snang buwaya sa gobyerno maayos sna ang ating bayan....kaya marami nrin maliliit na buwaya sating pligid
(pero buwaya parin)
#everyoneシ゚ #fbpost2025シ #followersシ゚ #fbpost #flood #FloodAlert #flooding #floodcontrol 
#ccto #cctoownerofthisvideo Kuha ng isang kaibigan sknila kahapon Kung wla snang buwaya sa gobyerno maayos sna ang ating bayan....kaya marami nrin maliliit na buwaya sating pligid
(pero buwaya parin) #everyoneシ゚ #fbpost2025シ #followersシ゚ #fbpost #flood #FloodAlert #flooding #floodcontrol #ccto #cctoownerofthisvideo",Unknown,2025-08-31 16:30,Unknown,https://www.facebook.com/d.calling.s.yo/posts/pfbid02zdT8J6vmnL544C94NPbLzZGKK58wDiwQT6dTkTZWDUsbm5aWFYUGSNuToVfngLqMl?__cft__[0]=AZXUlXX1EeRKAyEKyDto0mSB6emyKANTNeJ35ImApYTy7PEtCK_y_P7dX7GkdMcFER3P9gkTZRAnz55ekZ_Gx0oAjqSDfnOBeG5pTwgo1SyRIuPOgyzj4itwhoLLwlzi1GjOjj4CswA34ZgpeTMQ_LtYvuyY0lQdNGc9-8QZ5CtHe8_ZMbuo5Szn9xNf5IRePdQ&__tn__=%2CO%2CP-R
Facebook,abscbnNEWS,"PANOORIN: Ayon kay Maria Bianca Perez, Head ng Quezon City Disaster Risk Reduction Office, nakaranas ng hindi pangkaraniwang lakas ng ulan ang lungsod nitong Sabado, Agosto 30, 2025, dahil sa localized thunderstorm.
Umabot sa 141 millimeters ng ulan ang bumuhos sa loob ng isang oras—mas marami pa kaysa sa ulang dala ng bagyong Ondoy noong 2009—na hindi kinaya ng drainage system.
Mahigit 36 barangays ang binaha at nagdulot ng matinding trapiko noong Sabado ng hapon.
Prayoridad ngayon ng lungsod ang pagpapatupad ng Drainage Masterplan, kabilang ang pagpapalawak ng mga drainage system upang makasabay sa urban development at mas matitinding pag-ulan. PANOORIN: Ayon kay Maria Bianca Perez, Head ng Quezon City Disaster Risk Reduction Office, nakaranas ng hindi pangkaraniwang lakas ng ulan ang lungsod nitong Sabado, Agosto 30, 2025, dahil sa localized thunderstorm. Umabot sa 141 millimeters ng ulan ang bumuhos sa loob ng isang oras—mas marami pa kaysa sa ulang dala ng bagyong Ondoy noong 2009—na hindi kinaya ng drainage system. Mahigit 36 barangays ang binaha at nagdulot ng matinding trapiko noong Sabado ng hapon. Prayoridad ngayon ng lungsod ang pagpapatupad ng Drainage Masterplan, kabilang ang pagpapalawak ng mga drainage system upang makasabay sa urban development at mas matitinding pag-ulan.",Unknown,2025-08-31 17:00,Unknown,https://www.facebook.com/abscbnNEWS/
Facebook,NDRRMC,"Maging alerto, lalawigan ng #ZamboangadelSur!
NDRRMC(4:12PM, 31AUG25) Isang Magnitude  5.1 na lindol ang naganap sa (Tabina, Zamboanga del Sur) kaninang (03:49PM). Aftershocks ay inaasahan.
#NDRRMC
#BawatSegundoMahalaga
#EarthquakePH
#EarthquakeZamboangadelSur Maging alerto, lalawigan ng #ZamboangadelSur! NDRRMC(4:12PM, 31AUG25) Isang Magnitude  5.1 na lindol ang naganap sa (Tabina, Zamboanga del Sur) kaninang (03:49PM). Aftershocks ay inaasahan. #NDRRMC #BawatSegundoMahalaga #EarthquakePH #EarthquakeZamboangadelSur",Unknown,2025-08-31 17:00,Unknown,https://www.facebook.com/NDRRMC/posts/pfbid0MmSr2w2AMwpiAHF9V5vvDRcvAs5SQih1XBdmYFmUMnx3MEyu8kGmmFnMTkhFgHKil?__cft__[0]=AZWtMDN6CCrEMstnvd8Hb0TiVXy6nKNlPecdHKRz2-QYthDEfEJRACW7G5OOM_BcTHa5Vz6zhzxpIFwhEcjSDCn8YVoW073kOa568pHVgGncx4-dfJE1ICwnWhiQNM3QVVVhl6USwmaYeGO_4EGmJ9jRbOTaZLtMcu5mqhpFUC_1HzDfZ53_myl6rb81zCFBirs&__tn__=%2CO%2CP-R
Facebook,pagasa.dost.gov.ph,"24-HOUR PUBLIC WEATHER FORECAST
Issued at 4:00 PM, 31 August 2025
SYNOPSIS: At 3:00 PM today, the Low Pressure Area (LPA) was estimated based on all available at 675 km East of Borongan City, Eastern Samar (12.5°N, 131.6°E). Southwest Monsoon affecting the western sections of Southern Luzon and Visayas and the Northern section of Mindanao.
Forecast Weather Conditions
Area: Bicol Region, Eastern Visayas, Aurora, Nueva Ejica, Bulacan, Quezon, and Rizal
Weather Condition: Cloudy skies with scattered rains and thunderstorms
Caused By: LPA
Impacts: Possible flash floods or landslides due to moderate to heavy rains
Area: Metro Manila, MIMAROPA, Zamboanga Peninsula, Camiguin, Surigao del Norte, and Dinagat Islands, the rest of Visayas, the rest of Central Luzon, and the rest of CALABARZON
Weather Condition: Cloudy skies with scattered rains and thunderstorms
Caused By: Southwest Monsoon
Impacts: Possible flash floods or landslides due to moderate to heavy rains
Area: The rest of Northern Mindanao and the rest of Caraga
Weather Condition: Partly cloudy to cloudy skies with isolated rainshowers or thunderstorms
Caused By: Southwest Monsoon
Impacts: Possible flash floods or landslides during severe thunderstorms
Area: The rest of the country
Weather Condition: Partly cloudy to cloudy skies with isolated rainshowers or thunderstorms
Caused By: Localized Thunderstorms
Impacts: Possible flash floods or landslides during severe thunderstorms
Forecast Wind and Coastal Water Conditions
Area: The western section of Luzon
Wind Speed: Moderate
Wind Direction: Southwest to Southeast
Coastal Waters: Moderate / (1.2 to 1.5 meters)
Area: The eastern section of Luzon and Visayas
Wind Speed: Light to Moderate
Wind Direction: Northeast to Northwest
Coastal Waters: Slight to Moderate / (0.6 to 1.5 meters)
Area: Mindanao and the rest of Visayas
Wind Speed: Light to Moderate
Wind Direction: South to Southwest
Coastal Waters: Slight to Moderate / (0.6 to 1.5 meters)
Area: The rest of Luzon
Wind Speed: Light to Moderate
Wind Direction: Northeast to East
Coastal Waters: Slight to Moderate / (0.6 to 1.5 meters)
Extremes of Temperature and Relative Humidity for The 24-hour Period Ending 4:00 PM TODAY
Minimum Temperature: 25.3 °C ... 8:00 PM
Maximum Temperature: 31.2 °C... 11:00 AM
Minumum Relative Humidity: 66 % ... 11:00 AM
Maximum Relative Humidity: 96 % ... 8:00 PM
TIDES AND ASTRONOMICAL INFORMATION Over Metro Manila
sunrise tomorrow: 5:44AM
sunset today: 6:08PM
moonrise tomorrow: 12:58PM
illumination tomorrow: 62%
For other information about weather, please log on to pagasa.dost.gov.ph or bagong.pagasa.dost.gov.ph or call at (02)927-1335/(02)926-4258 24-HOUR PUBLIC WEATHER FORECAST Issued at 4:00 PM, 31 August 2025 SYNOPSIS: At 3:00 PM today, the Low Pressure Area (LPA) was estimated based on all available at 675 km East of Borongan City, Eastern Samar (12.5°N, 131.6°E). Southwest Monsoon affecting the western sections of Southern Luzon and Visayas and the Northern section of Mindanao. Forecast Weather Conditions Area: Bicol Region, Eastern Visayas, Aurora, Nueva Ejica, Bulacan, Quezon, and Rizal Weather Condition: Cloudy skies with scattered rains and thunderstorms Caused By: LPA Impacts: Possible flash floods or landslides due to moderate to heavy rains Area: Metro Manila, MIMAROPA, Zamboanga Peninsula, Camiguin, Surigao del Norte, and Dinagat Islands, the rest of Visayas, the rest of Central Luzon, and the rest of CALABARZON Weather Condition: Cloudy skies with scattered rains and thunderstorms Caused By: Southwest Monsoon Impacts: Possible flash floods or landslides due to moderate to heavy rains Area: The rest of Northern Mindanao and the rest of Caraga Weather Condition: Partly cloudy to cloudy skies with isolated rainshowers or thunderstorms Caused By: Southwest Monsoon Impacts: Possible flash floods or landslides during severe thunderstorms Area: The rest of the country Weather Condition: Partly cloudy to cloudy skies with isolated rainshowers or thunderstorms Caused By: Localized Thunderstorms Impacts: Possible flash floods or landslides during severe thunderstorms Forecast Wind and Coastal Water Conditions Area: The western section of Luzon Wind Speed: Moderate Wind Direction: Southwest to Southeast Coastal Waters: Moderate / (1.2 to 1.5 meters) Area: The eastern section of Luzon and Visayas Wind Speed: Light to Moderate Wind Direction: Northeast to Northwest Coastal Waters: Slight to Moderate / (0.6 to 1.5 meters) Area: Mindanao and the rest of Visayas Wind Speed: Light to Moderate Wind Direction: South to Southwest Coastal Waters: Slight to Moderate / (0.6 to 1.5 meters) Area: The rest of Luzon Wind Speed: Light to Moderate Wind Direction: Northeast to East Coastal Waters: Slight to Moderate / (0.6 to 1.5 meters) Extremes of Temperature and Relative Humidity for The 24-hour Period Ending 4:00 PM TODAY Minimum Temperature: 25.3 °C ... 8:00 PM Maximum Temperature: 31.2 °C... 11:00 AM Minumum Relative Humidity: 66 % ... 11:00 A",Unknown,2025-08-31 17:00,Unknown,https://www.facebook.com/PAGASA.DOST.GOV.PH/posts/pfbid0Z2dcb66CweAaX9ndHomvEojpQP9u2sPR2Yu31NY4HVYT2zaJwm3sekq5Auv1VBDRl?__cft__[0]=AZX1g2I_Rt0eBG1vEwiHnqpmA_ZihWhWOCiQBxPf1F0IObH0qHVCJ3Ln9etn2RMsl_xNuv6nsKdzoP66Sbl1ltZnq0Qz8vUU2mLmOlfs3GTNP5OvjmujauxTEHe7AVqixLyQXH_aoM8blK94gK6OSWOuwmzu_oeWDfBXAlQB4GIbd4d3C84imL7KUe6VsXd_Sd4&__tn__=%2CO%2CP-R
Facebook,PHIVOLCS,"#EarthquakePH #EarthquakeZamboangaDelSur
#iFelt_ZamboangaDelSurEarthquake
Earthquake Information No.2
Date and Time: 31 August 2025 - 03:49 PM
Magnitude = 4.7
Depth = 004 km
Location = 07.33°N, 123.59°E - 024 km S 53° E of Tabina (Zamboanga Del Sur)
Reported Intensities:
Intensity II- Kalamansig, Lebak, and Palimbang, SULTAN KUDARAT
Instrumental intensities:
Intensity II - Lebak, and Palimbang, SULTAN KUDARAT; Sindangan, ZAMBOANGA DEL NORTE
Intensity I - Molave, and Dumingag, ZAMBOANGA DEL SUR; Kalamansig, SULTAN KUDARAT
https://earthquake.phivolcs.dost.gov.ph/.../2025_0831... #EarthquakePH #EarthquakeZamboangaDelSur #iFelt_ZamboangaDelSurEarthquake Earthquake Information No.2 Date and Time: 31 August 2025 - 03:49 PM Magnitude = 4.7 Depth = 004 km Location = 07.33°N, 123.59°E - 024 km S 53° E of Tabina (Zamboanga Del Sur) Reported Intensities: Intensity II- Kalamansig, Lebak, and Palimbang, SULTAN KUDARAT Instrumental intensities: Intensity II - Lebak, and Palimbang, SULTAN KUDARAT; Sindangan, ZAMBOANGA DEL NORTE Intensity I - Molave, and Dumingag, ZAMBOANGA DEL SUR; Kalamansig, SULTAN KUDARAT https://earthquake.phivolcs.dost.gov.ph/.../2025_0831... Kani gang Argie Bazar Baring Sharon Paraguay mao diay natingala ko te ng tuya2 akong gilingkuran abi kog nalipong rako",Unknown,2025-08-31 17:00,Unknown,https://www.facebook.com/PHIVOLCS/posts/pfbid02FWectStgtX8ST1CqiJvuseJ4oQxVeopXYiiUzY77Q4oFXrPGrkSz4UntCPDZemjjl?__cft__[0]=AZVaZ_zQ4YQ0XK-PSIo6i3L-lNU0JjvD5s7x5itEMNM9gqUyKTBfMQnVT80d9W-nH6kwsiQ-XWWC-2IFpw4vzXEXFBmzrx_FeJWHXQ4IEJ0O8J2maG1bI9YmAS8ayipN8W1C1dhFc1PDhbrXZ-jyks-teg2EpAmbdmRqeFqAHvuv2xV-dlHq6H_H8CMrQcmj6og&__tn__=%2CO%2CP-R
Facebook,sunstardavaonews,"President Ferdinand Marcos Jr. accepted the resignation of Public Works and Highways Secretary Manuel Bonoan effective September 1, 2025 and appointed Transportation Secretary Vince Dizon as the new DPWH chief.
Dizon was tasked to lead an anti-corruption drive and a full organizational sweep of the department. Atty. Giovanni Lopez will serve as acting transportation secretary.
Marcos also ordered the creation of an independent body to investigate flood control anomalies, which will review projects, identify irregularities, and recommend accountability measures. | via SunStar Cebu
#AllYouNeedToKnow President Ferdinand Marcos Jr. accepted the resignation of Public Works and Highways Secretary Manuel Bonoan effective September 1, 2025 and appointed Transportation Secretary Vince Dizon as the new DPWH chief. Dizon was tasked to lead an anti-corruption drive and a full organizational sweep of the department. Atty. Giovanni Lopez will serve as acting transportation secretary. Marcos also ordered the creation of an independent body to investigate flood control anomalies, which will review projects, identify irregularities, and recommend accountability measures. | via SunStar Cebu #AllYouNeedToKnow",Unknown,2025-08-31 17:00,Unknown,https://www.facebook.com/sunstardavaonews/posts/pfbid02nTxJp6ynMdxTTQeckVdmUQP22Aw7zzR7QE9Uw91SPmMm1kQGEFzu8cqwnrDX4JDPl?__cft__[0]=AZUUIDV3zpxV3mNfmwGO5f9fb1wGKrqN-J2Hmfana7HtuFt0rzBiKTfth6a-an04lr3G6pJOj61oGAwbGxHrWedzz9_vPmZ30aZsLAsvzjktiSdhJLqBpjrq3xigEGpahzeJvs7ea3E2JxXlqD6-UxjL3rH6T3XwGHiYF2M7zFCAGl0eZVyFDLf3EBWo9Qkp7H8&__tn__=%2CO%2CP-R
Facebook,UNTVNewsRescue,"𝗣𝗔𝗡𝗢𝗢𝗥𝗜𝗡: Sitwasyon sa Pinatag Area sa ROTC Hunters St., Brgy. Tatalon, Quezon City. Tumaas ang tubig sa kalapit na San Juan River dahilan ng pagbaha. Kuha ang video alas-4:15 ng hapon, August 30, 2025. - UNTV NAR 
Courtesy: Hannah Carlon 𝗣𝗔𝗡𝗢𝗢𝗥𝗜𝗡: Sitwasyon sa Pinatag Area sa ROTC Hunters St., Brgy. Tatalon, Quezon City. Tumaas ang tubig sa kalapit na San Juan River dahilan ng pagbaha. Kuha ang video alas-4:15 ng hapon, August 30, 2025. - UNTV NAR Courtesy: Hannah Carlon Kahit p lampas tao Yan sa davao pa rin issue natin",Unknown,2025-08-31 17:00,Unknown,https://www.facebook.com/UNTVNewsRescue/
Facebook,#EarthquakeAlert,"BREAKING: MAGNITUDE 5.1 'LINOG' HITS ZAMBOANGA DEL SUR 
EARTHQUAKE ALERT: A magnitude 5.1 offshore earthquake hits Tabina, Zamboanga del Sur at 3:49 PM today, August 31, 2025. It had a depth of 10 km.
Instrumental intensities:
Intensity II - Lebak and Palimbang, SULTAN KUDARAT; Sindangan, ZAMBOANGA DEL NORTE
Intensity I - Molave and Dumingag, ZAMBOANGA DEL SUR; Kalamansig, SULTAN KUDARAT
Aftershocks are EXPECTED on this earthquake! 
#EarthquakeAlert #EarthquakePH #LindolPH #Linog BREAKING: MAGNITUDE 5.1 'LINOG' HITS ZAMBOANGA DEL SUR EARTHQUAKE ALERT: A magnitude 5.1 offshore earthquake hits Tabina, Zamboanga del Sur at 3:49 PM today, August 31, 2025. It had a depth of 10 km. Instrumental intensities: Intensity II - Lebak and Palimbang, SULTAN KUDARAT; Sindangan, ZAMBOANGA DEL NORTE Intensity I - Molave and Dumingag, ZAMBOANGA DEL SUR; Kalamansig, SULTAN KUDARAT Aftershocks are EXPECTED on this earthquake! #EarthquakeAlert #EarthquakePH #LindolPH #Linog",Unknown,2025-08-31 17:00,Unknown,https://www.facebook.com/PHEmergencyAlerts/posts/pfbid02Hc6D8aWyPt7JtaA2xqXoREt2CrQFcZ8cHHQ1xWiUQvkULKqZRdAfjLHKp1SjVmo7l?__cft__[0]=AZXkvq0toFN52k5MBTl97CQ4q_K41pNg9KKFtLYnznIOhZy9TC_jxcWHZJq3hsQA-Y6dYNpOBDBLbTHTVRV5klXEsBBEYVIKicBwUi46EUDRmdi56NwwsetbuSI7Tzs2sZ9237D5te0IuDGoLbJ-UkmYbHA6qa9Lo_HsqkYmaKWGQQE9bt315ZE7G0qEbNLvRi4&__tn__=%2CO%2CP-R
Facebook,#FloodAlert,"ਜਲਾਲਾਬਾਦ ਬੱਸ ਸਟੈਂਡ ਦੇ ਨਜ਼ਦੀਕ ਪਾਣੀ ਵਿੱਚ ਗੱਡੀ ਖੁੱਭੀ 
#flood2025 #FloodAlert #jalalabad #fazilka ਜਲਾਲਾਬਾਦ ਬੱਸ ਸਟੈਂਡ ਦੇ ਨਜ਼ਦੀਕ ਪਾਣੀ ਵਿੱਚ ਗੱਡੀ ਖੁੱਭੀ #flood2025 #FloodAlert #jalalabad #fazilka",Unknown,2025-08-31 17:00,Unknown,https://www.facebook.com/hashtag/FloodAlert
Facebook,civildefensedavao,"Rainfall Advisory No. 5  #MINPRSD
Weather System: Southwest Monsoon (Habagat) 
Issued at 02:00 PM 31 August 2025
Light to Moderate rains are expected over #DavaoOriental, #DavaoDeOro, #Bukidnon(ImpasugOng, CityOfMalaybalay, Lantapan, CityOfValencia, Talakag, Baungon, Libona, DonCarlos, Pangantucan, Kalilangan, Malitbog, ManoloFortich, Sumilao, Maramag, Cabanglasan, SanFernando), #LanaoDelNorte(IliganCity, Tagoloan, Pantar), #MisamisOriental(CagayanDeOroCity, Claveria), #LanaoDelSur(Wao, Marogong, Butig, SultanDumalondong, Lumbayanague, TagoloanII, MarawiCity, Kapai, Marantao, Saguiaran, Binidayan, Pagayawan), #NorthCotabato(Banisilan), #SurigaoDelNorte(Alegria, Claver, Gigaquit, Tubod, Mainit, Bacuag, Malimono, Placer, Sison, TaganaAn, SanFrancisco), #AgusanDelNorte, #SurigaoDelSur, #AgusanDelSur, #DavaoDelNorte(Kapalong, Talaingod, CityOfSamal), #Basilan, #TawiTawi, #DavaoOccidental, #Sarangani, #SouthCotabato(GeneralSantosCity, Polomolok and T'Boli) within the next 1-2 hours.
Moderate to occasionally heavy rains affecting #DinagatIslands, #SurigaoDelNorte(Socorro, SurigaoCity and SiargaoIsland) which may persist within 2-3 hours and may affect nearby areas.
The public and the Disaster Risk Reduction and Management Offices concerned are advised to MONITOR the weather condition and watch for the next warning to be issued at 05:00 PM Today. cedgc Rainfall Advisory No. 5  #MINPRSD Weather System: Southwest Monsoon (Habagat) Issued at 02:00 PM 31 August 2025 Light to Moderate rains are expected over #DavaoOriental, #DavaoDeOro, #Bukidnon(ImpasugOng, CityOfMalaybalay, Lantapan, CityOfValencia, Talakag, Baungon, Libona, DonCarlos, Pangantucan, Kalilangan, Malitbog, ManoloFortich, Sumilao, Maramag, Cabanglasan, SanFernando), #LanaoDelNorte(IliganCity, Tagoloan, Pantar), #MisamisOriental(CagayanDeOroCity, Claveria), #LanaoDelSur(Wao, Marogong, Butig, SultanDumalondong, Lumbayanague, TagoloanII, MarawiCity, Kapai, Marantao, Saguiaran, Binidayan, Pagayawan), #NorthCotabato(Banisilan), #SurigaoDelNorte(Alegria, Claver, Gigaquit, Tubod, Mainit, Bacuag, Malimono, Placer, Sison, TaganaAn, SanFrancisco), #AgusanDelNorte, #SurigaoDelSur, #AgusanDelSur, #DavaoDelNorte(Kapalong, Talaingod, CityOfSamal), #Basilan, #TawiTawi, #DavaoOccidental, #Sarangani, #SouthCotabato(GeneralSantosCity, Polomolok and T'Boli) within the next 1-2 hours. Moderate to occasionally heavy rains affecting #DinagatIslands, #SurigaoDelNorte(Socorro, SurigaoCity and SiargaoIsland) which may persist within 2-3 hours and may affect nearby areas. The public and the Disaster Risk Reduction and Management Offices concerned are advised to MONITOR the weather condition and watch for the next warning to be issued at 05:00 PM Today. cedgc",Unknown,2025-08-31 17:30,Unknown,https://www.facebook.com/civildefensedavao/posts/pfbid036UL8aDWYMXhPjK32XbTRPS6wY5TjwaQTHPDm8aSfz9fa6rJRRPwXHrQtb72hc6u7l?__cft__[0]=AZUJYscppVRu_EDZnyR8n1TWUlKhij6r9E5KHjK9nfsc2dnKK9o1Tx9_dLagXabG7Ky0hpwmuXjicgRrjGVLdA34FEJl9nmccvoL0E5ux95LjLxRu0egGywbXtbmCOKUH1CrSSChdlcA4R37rIjXrPB3gKmvP25zOIhTPC_xTcg9lobf5s7cz6LyF8SwmbDlAKI&__tn__=%2CO%2CP-R
Facebook,PHIVOLCS,"#EarthquakePH #EarthquakeZamboangaDelSur
#iFelt_ZamboangaDelSurEarthquake
Earthquake Information No.2
Date and Time: 31 August 2025 - 03:49 PM
Magnitude = 4.7
Depth = 004 km
Location = 07.33°N, 123.59°E - 024 km S 53° E of Tabina (Zamboanga Del Sur)
Reported Intensities:
Intensity II- Kalamansig, Lebak, and Palimbang, SULTAN KUDARAT
Instrumental intensities:
Intensity II - Lebak, and Palimbang, SULTAN KUDARAT; Sindangan, ZAMBOANGA DEL NORTE
Intensity I - Molave, and Dumingag, ZAMBOANGA DEL SUR; Kalamansig, SULTAN KUDARAT
https://earthquake.phivolcs.dost.gov.ph/.../2025_0831... #EarthquakePH #EarthquakeZamboangaDelSur #iFelt_ZamboangaDelSurEarthquake Earthquake Information No.2 Date and Time: 31 August 2025 - 03:49 PM Magnitude = 4.7 Depth = 004 km Location = 07.33°N, 123.59°E - 024 km S 53° E of Tabina (Zamboanga Del Sur) Reported Intensities: Intensity II- Kalamansig, Lebak, and Palimbang, SULTAN KUDARAT Instrumental intensities: Intensity II - Lebak, and Palimbang, SULTAN KUDARAT; Sindangan, ZAMBOANGA DEL NORTE Intensity I - Molave, and Dumingag, ZAMBOANGA DEL SUR; Kalamansig, SULTAN KUDARAT https://earthquake.phivolcs.dost.gov.ph/.../2025_0831... Dito rin po sa Pagadian City",Unknown,2025-08-31 17:30,Unknown,https://www.facebook.com/PHIVOLCS/posts/pfbid02FWectStgtX8ST1CqiJvuseJ4oQxVeopXYiiUzY77Q4oFXrPGrkSz4UntCPDZemjjl?__cft__[0]=AZXpqg_yclRldZ7khW0jyBZ2o6N3yPaE1QPbd2cp1cEHpvy6zrmnOIEzgJX81FDn1Q47_TTGoRdQyu5JW9_AbQK5FhG9y3o9KPfWewhZJFtPjF2BBntukxnBdfDut93Cn0iog49_UTHjmu7Jzmy3gkl5N-TkhM6u28luPi7orOxUrAwBNhYU34XHXIU1PepLIsc&__tn__=%2CO%2CP-R
Facebook,mprsdcdo,"Rainfall Advisory No. 6  #MINPRSD
Weather System: Southwest Monsoon (Habagat) 
Issued at 05:00 PM 31 August 2025
Light to Moderate rains are expected over #LanaoDelSur(Wao, Bumbaran), #Bukidnon(Pangantucan, Kalilangan, Kadingilan, DonCarlos, CityOfValencia, CityOfMalaybalay, Cabanglasan, SanFernando, Maramag, Quezon, Kitaotao, Lantapan, Dangcagan, Kibawe, Damulog), #NorthCotabato(Alamada, Banisilan, Pigkawayan, Libungan, Carmen, PresidentRoxas), #MaguindanaoDelNorte(Barira, Buldon, Matanog, Parang, SultanMastura, SultanKudarat), #CotabatoCity, #ZamboangaDelSur(Dimataling, Pitogo, Tabina, Margosatubig, VincenzoA.Sagun, Labangan, Midsalip, Sominot, Tukuran, Dumingag, Mahayag, RamonMagsaysay, Aurora), #ZamboangaSibugay(Alicia, Olutanga, Talusan, Mabuhay), #ZamboangaDelNorte(LeonB.Postigo, Sindangan, Siayan), #AgusanDelSur(Bunawan, SantaJosefa, Trento, Sibagat, LaPaz), #SurigaoDelSur(SanMiguel, Tago, CityOfTandag, Cagwait, Bayabas, Marihatag, SanAgustin, Lianga), #AgusanDelNorte(ButuanCity, Magallanes, RemediosT.Romualdez, Jabonga, Santiago, Tubay, CityOfCabadbaran, Kitcharao), #SurigaoDelNorte(Alegria, SurigaoCity, SanFrancisco, Malimono, Sison, Mainit, Tubod, Bacuag, TaganaAn, Placer), #Camiguin, #Basilan and #TawiTawi within the next 1-2 hours.
Moderate to occasionally heavy rains affecting #ZamboangaCity, #ZamboangaDelNorte(Sibuco, Sirawai, Gutalac, Siocon, Baliguian, Labason, Kalawit, Tampilisan, Godod, Salug, Liloy), #ZamboangaSibugay(Tungawan, Siay, Naga, Titay, RosellerLim, Ipil, Buug, Diplahan, Malangas, Imelda, Payao, Kabasalan), #ZamboangaDelSur(Bayog, PagadianCity, Dumalinao, Lakewood, Tigbao, Guipos, Kumalarang, Lapuyan, SanMiguel, Dinas, SanPablo), #AgusanDelSur(Loreto, Veruela), #SurigaoDelNorte(Claver, Gigaquit, SiargaoIsland, Socorro), #SurigaoDelSur(Carrascal, Cantilan, Madrid, Lanuza, Carmen, Cortes) and #DinagatIslands which may persist within 2-3 hours and may affect nearby areas.
The public and the Disaster Risk Reduction and Management Offices concerned are advised to MONITOR the weather condition and watch for the next warning to be issued at 08:00 PM Today. Rainfall Advisory No. 6  #MINPRSD Weather System: Southwest Monsoon (Habagat) Issued at 05:00 PM 31 August 2025 Light to Moderate rains are expected over #LanaoDelSur(Wao, Bumbaran), #Bukidnon(Pangantucan, Kalilangan, Kadingilan, DonCarlos, CityOfValencia, CityOfMalaybalay, Cabanglasan, SanFernando, Maramag, Quezon, Kitaotao, Lantapan, Dangcagan, Kibawe, Damulog), #NorthCotabato(Alamada, Banisilan, Pigkawayan, Libungan, Carmen, PresidentRoxas), #MaguindanaoDelNorte(Barira, Buldon, Matanog, Parang, SultanMastura, SultanKudarat), #CotabatoCity, #ZamboangaDelSur(Dimataling, Pitogo, Tabina, Margosatubig, VincenzoA.Sagun, Labangan, Midsalip, Sominot, Tukuran, Dumingag, Mahayag, RamonMagsaysay, Aurora), #ZamboangaSibugay(Alicia, Olutanga, Talusan, Mabuhay), #ZamboangaDelNorte(LeonB.Postigo, Sindangan, Siayan), #AgusanDelSur(Bunawan, SantaJosefa, Trento, Sibagat, LaPaz), #SurigaoDelSur(SanMiguel, Tago, CityOfTandag, Cagwait, Bayabas, Marihatag, SanAgustin, Lianga), #AgusanDelNorte(ButuanCity, Magallanes, RemediosT.Romualdez, Jabonga, Santiago, Tubay, CityOfCabadbaran, Kitcharao), #SurigaoDelNorte(Alegria, SurigaoCity, SanFrancisco, Malimono, Sison, Mainit, Tubod, Bacuag, TaganaAn, Placer), #Camiguin, #Basilan and #TawiTawi within the next 1-2 hours. Moderate to occasionally heavy rains affecting #ZamboangaCity, #ZamboangaDelNorte(Sibuco, Sirawai, Gutalac, Siocon, Baliguian, Labason, Kalawit, Tampilisan, Godod, Salug, Liloy), #ZamboangaSibugay(Tungawan, Siay, Naga, Titay, RosellerLim, Ipil, Buug, Diplahan, Malangas, Imelda, Payao, Kabasalan), #ZamboangaDelSur(Bayog, PagadianCity, Dumalinao, Lakewood, Tigbao, Guipos, Kumalarang, Lapuyan, SanMiguel, Dinas, SanPablo), #AgusanDelSur(Loreto, Veruela), #SurigaoDelNorte(Claver, Gigaquit, SiargaoIsland, Socorro), #SurigaoDelSur(Carrascal, Cantilan, Madrid, Lanuza, Carmen, Cortes) and #DinagatIslands which may persist within 2-3 hours and may affect nearby areas. The public and the Disaster Risk Reduction and Management Offices concerned are advised to MONITOR the weather condition and watch for the next warning to be issued at 08:00 PM Today.",Unknown,2025-08-31 17:30,Unknown,https://www.facebook.com/mprsdcdo/posts/pfbid02H4Cendmt9bUnM8UVWPzPgNpKyTAZ4pq4DwzgUnTxrat3M3MoB9Nj3Q1JJpgWkqzRl?__cft__[0]=AZX4eDlSv17lSwBDS1pXHfUJVqCV57LKn3Wszp2l-sTleBYe62WlIEbrkXeedxfwxur-mK8x_M1qASx7CwuQsMBRBjfgN0w-gUibk-rtTJKo5Al8vr29ko4XSgmDMXzke_xRFecHWFOMWJJDkVwjYvYoheIoq-zOmkbRI04QTiG_FqumEdm0tmEWleIA_VCS_YE&__tn__=%2CO%2CP-R
Facebook,#EarthquakeAlert,"Uie spesyal man Tabina
#EarthquakeAlert Uie spesyal man Tabina #EarthquakeAlert",Unknown,2025-08-31 17:30,Unknown,https://www.facebook.com/snooky.meradores/posts/pfbid02kYfmjauSM7GDdEns6UaeqQeBcC7F2bR9oyaiKWnNCrQdC88s3qte1GyL5KjXhqNzl?__cft__[0]=AZVo6LHyuvudxoKKR0IMlC_e6MPVy7clMBzM6stexh-gBA0cXerM2FnQXajuwzW79YchRRkv15T-mbQ2uJUqkNknSPymAks_Q8Ls_jzWMD7qewLmm74YRRJbV-yIPDbYRt_X87AYlsBK20NzQXShzlxpfVagoOUMhMeDl_NRPVAzz64Sjg4128wNbV7KdFQbc7w&__tn__=%2CO%2CP-R
Facebook,civildefensedavao,"MINDANAO WEATHER FORECAST #MINPRSD
ISSUED AT: 5:00 PM 31 August 2025
VALID UNTIL: 5:00 PM Tomorrow
SYNOPSIS: At 3:00 PM today, the Low Pressure Area (LPA) was estimated based on all available at 675 km East of Borongan City, Eastern Samar (12.5°N, 131.6°E).  Southwest Monsoon affecting the Northern section of Mindanao.
FORECAST:
Zamboanga Peninsula, Camiguin, Surigao del Norte, and Dinagat Islands will have cloudy skies with scattered rains and thunderstorms due Southwest Monsoon. Possible flash floods or landslides due to moderate to heavy rains. Rest of Northern Mindanao will have partly cloudy to cloudy skies with isolated rainshowers or thunderstorms caused by southwest monsoon while the rest of Mindanao will be partly cloudy to cloudy with isolated rainshowers or thunderstorms due to Localized Thunderstorms. Light to moderate winds from south to southwest with slight to moderate seas (0.6 to 1.5 meters).
KAUGALINGONG DAYALEKTO:
Ang Zamboanga Peninsula, Camiguin, Surigao del Norte, ug ang Dinagat Islands makasinati sa mapanganuron nga kalangitan inubanan sa katag katag nga pag ulan, pagpangilat ug pagpanalugdog tungod sa habagat o southwest monsoon. Posible ang pagbaha o pagdahili sa yuta tungod sa kasarangan ngadto na sa usahay kusog nga mga pag-ulan. Ang ubang dapit sa Amihanang Mindanao makasinati sa panalagsang pagdag-um ngadto na sa mapanganuron nga kalangitan inubanan sa pat-ak pat-ak nga pag-ulan, kilat ug pagpanalugdog tungod sa habagat/southwest monsoon samtang ang ubang parte sa Mindanao makasinati sa panalagsang pagdag-um ngadto na sa mapanganuron nga kalangitan inubanan sa pat-ak pat-ak nga pag-ulan, kilat ug pagpanalugdog tungod sa Localized Thunderstorms. Hinay ngadto sa kasarangan nga hangin ang magagikan sa habagatan ngadto sa habagatang kasadpang direksyon ug ang kadagatan hapsay ngadto sa kasarangan ang pagbalud (0.6 to 1.5 meters).
OVER LAGUINDINGAN UPPER AIR AND SYNOPTIC STATION, MISAMIS ORIENTAL
Maximum Temperature: 10:00 AM Today --- 30.8 °C
Minimum Temperature: 05:00 AM Today --- 23.4 °C
Maximum Relative Humidity: 09:00 PM Today --- 97 %
Minimum Relative Humidity: 09:00 AM Today --- 86 %
ASTRONOMICAL INFORMATION OVER EL SALVADOR CITY
Sunset Today : 05:51 PM
Sunrise Tomorrow : 05:34 AM
Moonset Today : 11:25 PM
Moonrise Tomorrow : 12:29 PM MINDANAO WEATHER FORECAST #MINPRSD ISSUED AT: 5:00 PM 31 August 2025 VALID UNTIL: 5:00 PM Tomorrow SYNOPSIS: At 3:00 PM today, the Low Pressure Area (LPA) was estimated based on all available at 675 km East of Borongan City, Eastern Samar (12.5°N, 131.6°E).  Southwest Monsoon affecting the Northern section of Mindanao. FORECAST: Zamboanga Peninsula, Camiguin, Surigao del Norte, and Dinagat Islands will have cloudy skies with scattered rains and thunderstorms due Southwest Monsoon. Possible flash floods or landslides due to moderate to heavy rains. Rest of Northern Mindanao will have partly cloudy to cloudy skies with isolated rainshowers or thunderstorms caused by southwest monsoon while the rest of Mindanao will be partly cloudy to cloudy with isolated rainshowers or thunderstorms due to Localized Thunderstorms. Light to moderate winds from south to southwest with slight to moderate seas (0.6 to 1.5 meters). KAUGALINGONG DAYALEKTO: Ang Zamboanga Peninsula, Camiguin, Surigao del Norte, ug ang Dinagat Islands makasinati sa mapanganuron nga kalangitan inubanan sa katag katag nga pag ulan, pagpangilat ug pagpanalugdog tungod sa habagat o southwest monsoon. Posible ang pagbaha o pagdahili sa yuta tungod sa kasarangan ngadto na sa usahay kusog nga mga pag-ulan. Ang ubang dapit sa Amihanang Mindanao makasinati sa panalagsang pagdag-um ngadto na sa mapanganuron nga kalangitan inubanan sa pat-ak pat-ak nga pag-ulan, kilat ug pagpanalugdog tungod sa habagat/southwest monsoon samtang ang ubang parte sa Mindanao makasinati sa panalagsang pagdag-um ngadto na sa mapanganuron nga kalangitan inubanan sa pat-ak pat-ak nga pag-ulan, kilat ug pagpanalugdog tungod sa Localized Thunderstorms. Hinay ngadto sa kasarangan nga hangin ang magagikan sa habagatan ngadto sa habagatang kasadpang direksyon ug ang kadagatan hapsay ngadto sa kasarangan ang pagbalud (0.6 to 1.5 meters). OVER LAGUINDINGAN UPPER AIR AND SYNOPTIC STATION, MISAMIS ORIENTAL Maximum Temperature: 10:00 AM Today --- 30.8 °C Minimum Temperature: 05:00 AM Today --- 23.4 °C Maximum Relative Humidity: 09:00 PM Today --- 97 % Minimum Relative Humidity: 09:00 AM Today --- 86 % ASTRONOMICAL INFORMATION OVER EL SALVADOR CITY Sunset Today : 05:51 PM Sunrise Tomorrow : 05:34 AM Moonset Today : 11:25 PM Moonrise Tomorrow : 12:29 PM",Unknown,2025-08-31 18:00,Unknown,https://www.facebook.com/civildefensedavao/posts/pfbid02QnWVCaxj77HA72rEpfsE99eVHUTJ2tG8QHBmUGPjNWRyyw1tRLUuavLkBSPomQ8Cl?__cft__[0]=AZUnBPcB37VrslYsastsT2my2vAjeFXg4NdgPAyj-Q7UU_7M_iXnlEfgoH0pFUn77yYEzifHnPxwA2oRyKdhvoJCxl6dOF1HUEf2UVrRYB_t5LVlBApXjVP1Jvg6dr8KykZ8BTVxoe1jbuyZnEneIVkft9j5DeNP9jN8UneBljm2xiMdM4eGAg-46AWMyQ4CrO0&__tn__=%2CO%2CP-R
Facebook,DavaoDRRMO,"𝐂𝐃𝐑𝐑𝐌𝐎-𝐄𝐌𝐄𝐑𝐆𝐄𝐍𝐂𝐘 𝐎𝐏𝐂𝐄𝐍 𝐖𝐄𝐀𝐓𝐇𝐄𝐑 𝐅𝐎𝐑𝐄𝐂𝐀𝐒𝐓:
𝐈𝐒𝐒𝐔𝐄𝐃 𝐀𝐓: 𝟎𝟓:𝟎𝟎 𝐏𝐌, 𝟑𝟏 𝐀𝐮𝐠𝐮𝐬𝐭 𝟐𝟎𝟐𝟓
𝐕𝐀𝐋𝐈𝐃 𝐔𝐍𝐓𝐈𝐋: 𝟎𝟓:𝟎𝟎 𝐏𝐌 𝐓𝐨𝐦𝐨𝐫𝐫𝐨𝐰
𝐒𝐘𝐍𝐎𝐏𝐒𝐈𝐒:
At 3:00 PM today, the Low Pressure Area (LPA) was estimated based on all available at 675 km East of Borongan City, Eastern Samar (12.5°N, 131.6°E). Southwest Monsoon affecting Mindanao.
𝐅𝐎𝐑𝐄𝐂𝐀𝐒𝐓:
Davao City will have partly cloudy to cloudy skies with isolated rain showers or thunderstorms due to the Southwest Monsoon. Light to moderate winds from west to southwest with slight to moderate seas.
𝐒𝐨𝐮𝐫𝐜𝐞: 𝘿𝙊𝙎𝙏-𝙋𝘼𝙂𝘼𝙎𝘼
#𝐖𝐞𝐚𝐭𝐡𝐞𝐫𝐅𝐨𝐫𝐞𝐜𝐚𝐬𝐭
#𝐃𝐚𝐯𝐚𝐨𝐂𝐢𝐭𝐲𝐃𝐑𝐑𝐌𝐎 𝐂𝐃𝐑𝐑𝐌𝐎-𝐄𝐌𝐄𝐑𝐆𝐄𝐍𝐂𝐘 𝐎𝐏𝐂𝐄𝐍 𝐖𝐄𝐀𝐓𝐇𝐄𝐑 𝐅𝐎𝐑𝐄𝐂𝐀𝐒𝐓: 𝐈𝐒𝐒𝐔𝐄𝐃 𝐀𝐓: 𝟎𝟓:𝟎𝟎 𝐏𝐌, 𝟑𝟏 𝐀𝐮𝐠𝐮𝐬𝐭 𝟐𝟎𝟐𝟓 𝐕𝐀𝐋𝐈𝐃 𝐔𝐍𝐓𝐈𝐋: 𝟎𝟓:𝟎𝟎 𝐏𝐌 𝐓𝐨𝐦𝐨𝐫𝐫𝐨𝐰 𝐒𝐘𝐍𝐎𝐏𝐒𝐈𝐒: At 3:00 PM today, the Low Pressure Area (LPA) was estimated based on all available at 675 km East of Borongan City, Eastern Samar (12.5°N, 131.6°E). Southwest Monsoon affecting Mindanao. 𝐅𝐎𝐑𝐄𝐂𝐀𝐒𝐓: Davao City will have partly cloudy to cloudy skies with isolated rain showers or thunderstorms due to the Southwest Monsoon. Light to moderate winds from west to southwest with slight to moderate seas. 𝐒𝐨𝐮𝐫𝐜𝐞: 𝘿𝙊𝙎𝙏-𝙋𝘼𝙂𝘼𝙎𝘼 #𝐖𝐞𝐚𝐭𝐡𝐞𝐫𝐅𝐨𝐫𝐞𝐜𝐚𝐬𝐭 #𝐃𝐚𝐯𝐚𝐨𝐂𝐢𝐭𝐲𝐃𝐑𝐑𝐌𝐎",Unknown,2025-08-31 18:00,Unknown,https://www.facebook.com/DavaoDRRMO/posts/pfbid02CsyRj7mm2Ran7VGg2cxrF7hPhhtAgWgcWSK5zhgZ5urjWPsgHEAc28oKQbz9zPnql?__cft__[0]=AZWVCnX7zIUCOqAkunuGzHxnYNfd2_S30x7YUn-qBbjqxLSVF5bez8takyCRXfCVNjUvuFVcnqgCt6AE34AkDXDOaG8IfZSDVZ6f2lRGOrw-DH_4z-q-8svQ9HMtXHNAUt5Nd-Hwy-b07HroLROBjFyKhLjjuP6fgh1yK1mDX5yyKthEc4v0edka8oh7izaY5lQ&__tn__=%2CO%2CP-R
Facebook,manilabulletin,"House Deputy Speaker and La Union 1st Rep. Paolo Ortega V is up in arms over netizens' tendency to lump up lawmakers into one ""corrupt"" category as far as the flood control projects mess is concerned.
READ: https://mb.com.ph/.../pati-ang-mga-inosente-nadadamay... House Deputy Speaker and La Union 1st Rep. Paolo Ortega V is up in arms over netizens' tendency to lump up lawmakers into one ""corrupt"" category as far as the flood control projects mess is concerned. READ: https://mb.com.ph/.../pati-ang-mga-inosente-nadadamay...",Unknown,2025-08-31 18:00,Unknown,https://www.facebook.com/ManilaBulletin/posts/pfbid0h6AGNi7PHodSAth8RUFmsS3vEvq9DUSmgCEF7CCwV4iDp1HiEt9UrJtvasLSDqDTl?__cft__[0]=AZWX0KZkKaPqYGpXSMsKDr5PQ1fsICv-si-GiUjFgpPdo6bufIWjDc-eZsC_MOio-BtHw2SFfMnQnD8_9w-q-51HuevFpJBscXf4VSd1wuNtmw2SOKH4c5_2amIZ5jLPkCEfOu0g0jKJBlvlQfXRREC1sCB1YhsbPfvcMxvBWo8DPWKQWKJEQjq1mHwDU5ksVMI&__tn__=%2CO%2CP-R
Facebook,pagasa.dost.gov.ph,"Weather Advisory No. 6
For: Low Pressure Area (LPA) and Southwest Monsoon
Issued at: 5 PM, 31 August 2025
Heavy rainfall outlook due to LPA
Today to tomorrow afternoon (September 01)
(50-100 mm):
Quezon, Camarines Norte, Camarines Sur, Catanduanes, Albay, Sorsogon, Masbate, and Northern Samar
Tomorrow afternoon to Tuesday afternoon (September 02)
(50-100 mm):
Quezon, Camarines Norte, Camarines Sur, Catanduanes, and Albay
Heavy rainfall outlook due to Southwest Monsoon
Today to tomorrow afternoon (September 01)
(50-100 mm):
Occidental Mindoro, Antique, and Negros Occidental
Tomorrow afternoon to Tuesday afternoon (September 02)
(50-100 mm):
Palawan, Occidental Mindoro, and Antique
Tuesday afternoon to Wednesday afternoon (September 03)
(50-100 mm):
 Occidental Mindoro
Forecast rainfall may be higher in mountainous and elevated areas. Moreover, impacts in some areas may be worsened by significant antecedent rainfall.
The public and disaster risk reduction and management offices concerned are advised to take all necessary measures to protect life and property. PAGASA Regional Services Divisions may issue Heavy Rainfall Warnings, Rainfall/Thunderstorm Advisories, and other severe weather information specific to their areas of responsibility as appropriate. 
Unless significant changes occur, the next Weather Advisory will be issued at 11:00 PM today.
𝐅𝐨𝐫 𝐀𝐝𝐝𝐢𝐭𝐢𝐨𝐧𝐚𝐥 𝐈𝐧𝐟𝐨𝐫𝐦𝐚𝐭𝐢𝐨𝐧: The key difference between a 𝐇𝐞𝐚𝐯𝐲 𝐑𝐚𝐢𝐧𝐟𝐚𝐥𝐥 𝐖𝐚𝐫𝐧𝐢𝐧𝐠 and a 𝐖𝐞𝐚𝐭𝐡𝐞𝐫 𝐀𝐝𝐯𝐢𝐬𝐨𝐫𝐲 lies in their forecast period, coverage areas, and accuracy. 
A 𝐇𝐞𝐚𝐯𝐲 𝐑𝐚𝐢𝐧𝐟𝐚𝐥𝐥 𝐖𝐚𝐫𝐧𝐢𝐧𝐠 provides forecasts for the next three hours and applies up to the municipal level. It is more precise as it utilizes Doppler radar technology to track real-time rainfall intensity, making it highly effective for immediate decision-making in flood-prone areas. A 𝐖𝐞𝐚𝐭𝐡𝐞𝐫 𝐀𝐝𝐯𝐢𝐬𝐨𝐫𝐲, on the other hand, covers a 24-hour period but is issued only at the provincial level. It provides a broader outlook on potential weather disturbances but lacks the short-term accuracy of 𝐇𝐞𝐚𝐯𝐲 𝐑𝐚𝐢𝐧𝐟𝐚𝐥𝐥 𝐖𝐚𝐫𝐧𝐢𝐧𝐠𝐬. 
For class suspensions or other official decisions, please refer to 𝐇𝐞𝐚𝐯𝐲 𝐑𝐚𝐢𝐧𝐟𝐚𝐥𝐥 𝐖𝐚𝐫𝐧𝐢𝐧𝐠𝐬 issued by the respective PAGASA Regional Services Divisions:
NORTHERN LUZON PRSD
PAGASA-National Capital Region PRSD
Pagasa Southern Luzon
PAGASA Visayas PRSD
MINDANAO PRSD Weather Advisory No. 6 For: Low Pressure Area (LPA) and Southwest Monsoon Issued at: 5 PM, 31 August 2025 Heavy rainfall outlook due to LPA Today to tomorrow afternoon (September 01) (50-100 mm): Quezon, Camarines Norte, Camarines Sur, Catanduanes, Albay, Sorsogon, Masbate, and Northern Samar Tomorrow afternoon to Tuesday afternoon (September 02) (50-100 mm): Quezon, Camarines Norte, Camarines Sur, Catanduanes, and Albay Heavy rainfall outlook due to Southwest Monsoon Today to tomorrow afternoon (September 01) (50-100 mm): Occidental Mindoro, Antique, and Negros Occidental Tomorrow afternoon to Tuesday afternoon (September 02) (50-100 mm): Palawan, Occidental Mindoro, and Antique Tuesday afternoon to Wednesday afternoon (September 03) (50-100 mm): Occidental Mindoro Forecast rainfall may be higher in mountainous and elevated areas. Moreover, impacts in some areas may be worsened by significant antecedent rainfall. The public and disaster risk reduction and management offices concerned are advised to take all necessary measures to protect life and property. PAGASA Regional Services Divisions may issue Heavy Rainfall Warnings, Rainfall/Thunderstorm Advisories, and other severe weather information specific to their areas of responsibility as appropriate. Unless significant changes occur, the next Weather Advisory will be issued at 11:00 PM today. 𝐅𝐨𝐫 𝐀𝐝𝐝𝐢𝐭𝐢𝐨𝐧𝐚𝐥 𝐈𝐧𝐟𝐨𝐫𝐦𝐚𝐭𝐢𝐨𝐧: The key difference between a 𝐇𝐞𝐚𝐯𝐲 𝐑𝐚𝐢𝐧𝐟𝐚𝐥𝐥 𝐖𝐚𝐫𝐧𝐢𝐧𝐠 and a 𝐖𝐞𝐚𝐭𝐡𝐞𝐫 𝐀𝐝𝐯𝐢𝐬𝐨𝐫𝐲 lies in their forecast period, coverage areas, and accuracy. A 𝐇𝐞𝐚𝐯𝐲 𝐑𝐚𝐢𝐧𝐟𝐚𝐥𝐥 𝐖𝐚𝐫𝐧𝐢𝐧𝐠 provides forecasts for the next three hours and applies up to the municipal level. It is more precise as it utilizes Doppler radar technology to track real-time rainfall intensity, making it highly effective for immediate decision-making in flood-prone areas. A 𝐖𝐞𝐚𝐭𝐡𝐞𝐫 𝐀𝐝𝐯𝐢𝐬𝐨𝐫𝐲, on the other hand, covers a 24-hour period but is issued only at the provincial level. It provides a broader outlook on potential weather disturbances but lacks the short-term accuracy of 𝐇𝐞𝐚𝐯𝐲 𝐑𝐚𝐢𝐧𝐟𝐚𝐥𝐥 𝐖𝐚𝐫𝐧𝐢𝐧𝐠𝐬. For class suspensions or other official decisions, please refer to 𝐇𝐞𝐚𝐯𝐲 𝐑𝐚𝐢𝐧𝐟𝐚𝐥𝐥 𝐖𝐚𝐫𝐧𝐢𝐧𝐠𝐬 issued by the respective PAGASA Regional Services Divisions: NORTHERN LUZON PRSD PAGASA-National Capital Region PRSD Pagasa Southern Luzon PAGASA Visayas PRSD MINDANAO PRSD",Unknown,2025-08-31 18:00,Unknown,https://www.facebook.com/PAGASA.DOST.GOV.PH/posts/pfbid02D5SWvQ26WDyiYeavrAfaQ3dk7H5YY38dZq3eu4qb1baT4xcQfkNNsmkjcqUKy14Jl?__cft__[0]=AZXdQjy2H5mwczz6qGP9Ks68N1nt92Hc_JLLXjFmkYxWvlY7HSaNBv7CiAj2oBlZWjfT1dCpR3E3mJsbXddw9dqoLXt8XXA8UrjfnYqSR7GqYp8h4jcrCwHINg1tdUggrwODkdriYwcE59vAnHMRdYrfA3c70iV-NvvLHflA-gAyEzC5YlNuQGSUXrklO9Y4J2E&__tn__=%2CO%2CP-R
Facebook,PHIVOLCS,"#EarthquakePH #EarthquakeCamarinesSur
Earthquake Information No.1
Date and Time: 31 August 2025 - 05:49 PM
Magnitude = 1.7
Depth = 005 km
Location = 13.75°N, 122.85°E - 008 km S 54° W of Lupi (Camarines Sur)
https://earthquake.phivolcs.dost.gov.ph/.../2025_0831... #EarthquakePH #EarthquakeCamarinesSur Earthquake Information No.1 Date and Time: 31 August 2025 - 05:49 PM Magnitude = 1.7 Depth = 005 km Location = 13.75°N, 122.85°E - 008 km S 54° W of Lupi (Camarines Sur) https://earthquake.phivolcs.dost.gov.ph/.../2025_0831...",Unknown,2025-08-31 18:00,Unknown,https://www.facebook.com/PHIVOLCS/posts/pfbid0v8zBDCRYthZxZDnUrzFsDc9UvpEPXZEjj8tgyLY9S8bCV5BHPXbF6j59RrqSjTEUl?__cft__[0]=AZUiwabr4fqMmOmYRuSeMyOLFxvGGcR7abXkgZo8TypYaoy24pE7PjadLaaAEJOpp2mD9wrZZhOGC2ndXw0ap6HlDPgRPBe41DJ-LWqwQ-9gM5ZwMhpF4RUfHDVIou0UWj6lpRO4utaejKfKiGrvCR96FmNURnmT9i7PJfqjZzks4IdNgsRLJKKeHp2aY2ds_JI&__tn__=%2CO%2CP-R
Facebook,UNTVNewsRescue,"𝗣𝗔𝗡𝗢𝗢𝗥𝗜𝗡: Lubog sa tubig baha ang lansangan sa 24 M.C Ison St. Brgy. Sta. Ana Taytay Rizal matapos ang malakas na pag-ulan. Kuha ang video alas-3:00 ng hapon, August 31, 2025. - UNTV NAR Rizal
COURTESY: Leah Quinicio 𝗣𝗔𝗡𝗢𝗢𝗥𝗜𝗡: Lubog sa tubig baha ang lansangan sa 24 M.C Ison St. Brgy. Sta. Ana Taytay Rizal matapos ang malakas na pag-ulan. Kuha ang video alas-3:00 ng hapon, August 31, 2025. - UNTV NAR Rizal COURTESY: Leah Quinicio success project nyo.....",Unknown,2025-08-31 18:00,Unknown,https://www.facebook.com/UNTVNewsRescue/
Facebook,weather.davao,"24-HOUR LOCALIZED WEATHER FORECAST FOR DAVAO REGION
Issued at 4:00 PM AUGUST 31, 2025
Valid Until 4:00 PM TOMORROW
SYNOPSIS:
At 3:00 AM today, the Low Pressure Area (LPA) was estimated based on all available at 90 km East Northeast of Daet, Camarines Norte (14.5°N, 123.7°E). Meanwhile, another LPA was estimated based on all available data at 900 km East of Eastern Visayas (10.8°N, 133.0°E).  Southwest Monsoon affecting western sections of Southern Luzon, Visayas,  DAVAO REGION and the rest  of Mindanao. 
FORECAST:  
DAVAO REGION will have partly cloudy to cloudy skies with isolated rainshowers or thunderstorms due to Southwest Monsoon . Possible flash floods or landslides during severe thunderstorms Light to moderate winds coming from West to Southwest  will prevail and the coastal waters will be slight to  moderate (0.6 to 1.5 meters).
KAUGALINGONG PINULUNGAN: 
 Ang syudad sa Dabaw ug ubang dapit sa REHIYON SA DABAW makasinati sa panalagsang pagdag-um ngadto sa mapanganuron na kalangitan inubanan sa pat-ak pat-ak nga pag-ulan o kilat ug pagpanalugdug tungod sa Southwest Monsoon  . Posible ang pagbaha o pagdahili sa yuta sa panahon nga adunay kusog nga pagbundak sa ulan. Hinay ngadto sa Kasarangan nga hangin nga magagikan sa Kasadpan ngadto sa Habagatan-Kasadpan direksyon ang mopasulabi, ug ang kadagatan hapsay ngadto sa kasarangan ang pagbalud (0.6 to 1.5 meters).
FORECAST OVER DAVAO CITY
Temperatura Ugma:         25˚C to 31˚C 
Sunset  (Salop)  Karon:     5:49 PM
Sunrise (Sidlak) Ugma:     5:34 AM      
For more information and queries, please call telephone for local number (082)234-0890 and (088)555-0485 for regional or log on to  bagong.pagasa.dost.gov.ph…/regional…/Mindanao-PRSD or join our Facebook Group at Mindanao PRSD (Regional Office) or PAGASA Davao (Local). 24-HOUR LOCALIZED WEATHER FORECAST FOR DAVAO REGION Issued at 4:00 PM AUGUST 31, 2025 Valid Until 4:00 PM TOMORROW SYNOPSIS: At 3:00 AM today, the Low Pressure Area (LPA) was estimated based on all available at 90 km East Northeast of Daet, Camarines Norte (14.5°N, 123.7°E). Meanwhile, another LPA was estimated based on all available data at 900 km East of Eastern Visayas (10.8°N, 133.0°E).  Southwest Monsoon affecting western sections of Southern Luzon, Visayas,  DAVAO REGION and the rest  of Mindanao. FORECAST: DAVAO REGION will have partly cloudy to cloudy skies with isolated rainshowers or thunderstorms due to Southwest Monsoon . Possible flash floods or landslides during severe thunderstorms Light to moderate winds coming from West to Southwest  will prevail and the coastal waters will be slight to  moderate (0.6 to 1.5 meters). KAUGALINGONG PINULUNGAN: Ang syudad sa Dabaw ug ubang dapit sa REHIYON SA DABAW makasinati sa panalagsang pagdag-um ngadto sa mapanganuron na kalangitan inubanan sa pat-ak pat-ak nga pag-ulan o kilat ug pagpanalugdug tungod sa Southwest Monsoon  . Posible ang pagbaha o pagdahili sa yuta sa panahon nga adunay kusog nga pagbundak sa ulan. Hinay ngadto sa Kasarangan nga hangin nga magagikan sa Kasadpan ngadto sa Habagatan-Kasadpan direksyon ang mopasulabi, ug ang kadagatan hapsay ngadto sa kasarangan ang pagbalud (0.6 to 1.5 meters). FORECAST OVER DAVAO CITY Temperatura Ugma:         25˚C to 31˚C Sunset  (Salop)  Karon:     5:49 PM Sunrise (Sidlak) Ugma:     5:34 AM For more information and queries, please call telephone for local number (082)234-0890 and (088)555-0485 for regional or log on to  bagong.pagasa.dost.gov.ph…/regional…/Mindanao-PRSD or join our Facebook Group at Mindanao PRSD (Regional Office) or PAGASA Davao (Local).",Unknown,2025-08-31 18:00,Unknown,https://www.facebook.com/weather.davao/posts/pfbid0H5WirHjLioZEGGcoLh3kP6jVLLKH3XxqodwDMbfKuUKZarXcYBLVnX9B3eAcvPPRl?__cft__[0]=AZVQgsZpmWUIzCcjo-nSufX-9GV4VAXN6G4eoSDbqRTpXFQzE7BfTrUf-WVOJRndRtvunAZc7n2deSFZl8X0QZyl26bnTKNkKkwotg5JCSbDrB-uxWYoHA4FZT3kaUh1Gyyz2qgrHO3JOpOxH2HKc5MDME_p5pYW6tU6Cn5IIFczrfvZCdeduz5oQ54mRWa794Y&__tn__=%2CO%2CP-R
Facebook,#EarthquakePH,"#EarthquakePH #EarthquakeCamarinesSur
Earthquake Information No.1
Date and Time: 31 August 2025 - 05:47 PM
Magnitude = 1.8
Depth = 002 km
Location = 13.75°N, 122.86°E - 007 km S 57° W of Lupi (Camarines Sur)
https://earthquake.phivolcs.dost.gov.ph/.../2025_0831... #EarthquakePH #EarthquakeCamarinesSur Earthquake Information No.1 Date and Time: 31 August 2025 - 05:47 PM Magnitude = 1.8 Depth = 002 km Location = 13.75°N, 122.86°E - 007 km S 57° W of Lupi (Camarines Sur) https://earthquake.phivolcs.dost.gov.ph/.../2025_0831...",Unknown,2025-08-31 18:00,Unknown,https://www.facebook.com/PHIVOLCS/posts/pfbid0B76gbRiDwDrWTC6dWg79FfZjuqASc8vnoSNZnUq16FQsVS191SfkjdeU7wfSPB2xl?__cft__[0]=AZXcpXEYkL-rWzEQQpwriJo23hBluFqhfgTlmEwNvMx3J6cvcnfYcPBrKH-PZ9P1bHBr8ODQUtOpS6SFkf7DlcIUIqdIidQV9aHZbJhaI3teJGWMT0R4eeLWGd8D4mxlYk1OTc_xThLf4LTr_1o1Rd1dgA_iPrrrKHfX131AfZ6We-4dED2mnjInSgeoeJXUDpY&__tn__=%2CO%2CP-R
Facebook,#FireAlert,"𝗦𝗨𝗡𝗢𝗚 𝗦𝗔 𝗕𝗨𝗖𝗔𝗡𝗔
EARLIER | Pipila ka mga hulagway sa miulbo nga dakong sunog sa Prk. 12, Brgy. 76-A Bucana, Davao City pasado alas-3 kaganihang kadlawon, Agosto 31, 2025.
Sa karon, gideklara na kining fire out diin padayun pang gina-imbestigahan sa kabomberohan ang hinungdan, ug ang kantidad sa danyos sa maong sunog.
#FireAlert
#Bucana #DavaoCity 
#DavaoUpdates 𝗦𝗨𝗡𝗢𝗚 𝗦𝗔 𝗕𝗨𝗖𝗔𝗡𝗔 EARLIER | Pipila ka mga hulagway sa miulbo nga dakong sunog sa Prk. 12, Brgy. 76-A Bucana, Davao City pasado alas-3 kaganihang kadlawon, Agosto 31, 2025. Sa karon, gideklara na kining fire out diin padayun pang gina-imbestigahan sa kabomberohan ang hinungdan, ug ang kantidad sa danyos sa maong sunog. #FireAlert #Bucana #DavaoCity #DavaoUpdates",Unknown,2025-08-31 18:00,Unknown,https://www.facebook.com/DavaoDevUpdates/posts/pfbid02NocvVNypTqTerGjAmyncGfVXZaxtH14nDtSuiRP4hRqZNjyK9QtATNe9KxfK63f3l?__cft__[0]=AZWVjp4z3TzU9TAlXM-K4LMHnRfP3prK1syt2unPZixVdAfS2ADeESTngKIAeA-J2kmxWm_D_1DJUinUykdubsqyqMxy3m5Vea9wBLgmTYdK2nQsOAXbm6Rp1He1FEaiYCo8ZlTiCAkdotaXHguwHnq1gT7d82gsoMnWnd0A495qiHtK-Yk1VMxhmK-mH8oVL7k&__tn__=%2CO%2CP-R
Facebook,#FloodAlert,"� जोगिंदर नगर : सिहल नाला कुराटी में भारी उफान, लोगों में दहशत! �
#Jogindernagar #SihalNala #Kuratibaarish #FloodAlert #HimachalNews #HeavyRain #DisasterAlert #BreakingNews � जोगिंदर नगर : सिहल नाला कुराटी में भारी उफान, लोगों में दहशत! � #Jogindernagar #SihalNala #Kuratibaarish #FloodAlert #HimachalNews #HeavyRain #DisasterAlert #BreakingNews Like this Page to get latest updates Hello sir good afternoon",Unknown,2025-08-31 18:00,Unknown,https://www.facebook.com/hashtag/FloodAlert
Facebook,manilabulletin,"The sudden flooding that struck parts of Quezon City on Saturday, Aug. 30, was caused by severe thunderstorms that brought unusually heavy rainfall in a short period, the Philippine Atmospheric, Geophysical and Astronomical Services Administration (PAGASA) said on Sunday. Aug. 31. The sudden flooding that struck parts of Quezon City on Saturday, Aug. 30, was caused by severe thunderstorms that brought unusually heavy rainfall in a short period, the Philippine Atmospheric, Geophysical and Astronomical Services Administration (PAGASA) said on Sunday. Aug. 31.",Unknown,2025-09-01 00:30,Unknown,https://www.facebook.com/ManilaBulletin/posts/pfbid022yJxquzmnWgiKj1kCWNVAgt6EjTdTHREbMtAr7VGd2v164hVyBhP2ZcU6Usixw2xl?__cft__[0]=AZWJ3p4-G7SHyaAKQfDbph05QC1bD-2t6GSCTECWvR30J9HW7QXKOYg5bwrQ-4bTXCmnf6vP-9Xv13EJFvWqXsfNZ-BIt6y8bHMta3OHE-iEODuJd0h-b4U_Pk5yk73MmA76ugLfy-S_BNPaiGIcaLoQ3lwqpRTYG5QVDmiloenvggaZvFDXMFivntwYtgiplW8&__tn__=%2CO%2CP-R
Facebook,#EarthquakePH,"#EarthquakePH #EarthquakeSurigaoDelSur
Earthquake Information No.1
Date and Time: 01 September 2025 - 12:15 AM
Magnitude = 1.9
Depth = 024 km
Location = 09.12°N, 126.48°E - 027 km N 52° E of Bayabas (Surigao Del Sur)
https://earthquake.phivolcs.dost.gov.ph/.../2025_0831... #EarthquakePH #EarthquakeSurigaoDelSur Earthquake Information No.1 Date and Time: 01 September 2025 - 12:15 AM Magnitude = 1.9 Depth = 024 km Location = 09.12°N, 126.48°E - 027 km N 52° E of Bayabas (Surigao Del Sur) https://earthquake.phivolcs.dost.gov.ph/.../2025_0831...",Unknown,2025-09-01 00:30,Unknown,https://www.facebook.com/PHIVOLCS/posts/pfbid04ZvPVmGidgsHNqMMSaoggwYu2JdFugCZB3K7JvvKZvFsvMgfyfByAphtBJV1War1l?__cft__[0]=AZVNPNHWlcu5oWc5z2fM6UMeRLyGK-L2PCHRmWOuMT2ZBMqkf7gH4YluMQCn662wWrFz90t2JO49SW67BiQO59JFN_7OSNKmXSM0SVIhjFO_iXnV6KM163_cPFMZjP7xN9ww-26VzELQStpvF9ip0Dmm68yrWEK0Qg4xQaINtUOBtoJqLhxJ3u4_Gbkq_bMnlDE&__tn__=%2CO%2CP-R
Facebook,abscbnNEWS,"TINGNAN: Pahirapan sa pagbaybay ang mga motorista sa ilang kalye sa Cebu City dahil sa baha na dulot ng pag-ulan, Sabado, Agosto 30. 
Ayon sa PAGASA, ang sama ng panahon ay epekto ng habagat. #FloodPatrol TINGNAN: Pahirapan sa pagbaybay ang mga motorista sa ilang kalye sa Cebu City dahil sa baha na dulot ng pag-ulan, Sabado, Agosto 30. Ayon sa PAGASA, ang sama ng panahon ay epekto ng habagat. #FloodPatrol YAN NAPALA NYO KAKATANGGAP NG PERA SA MGA TONGGRESSMAN AT SENATONG GOBERNATONG PAG ELEKSYON, BUDGET YUN SA FLOOD CONTROL BARYA LNG BINIGAY SA INYO",Unknown,2025-09-01 01:00,Unknown,https://www.facebook.com/abscbnNEWS/
Facebook,PHIVOLCS,"#EarthquakePH #EarthquakeZamboangaDelSur
#iFelt_ZamboangaDelSurEarthquake
Earthquake Information No.3
Date and Time: 31 August 2025 - 03:49 PM
Magnitude = 4.7
Depth = 007 km
Location = 07.31°N, 123.57°E - 024 km S 47° E of Tabina (Zamboanga Del Sur)
Reported Intensities:
Intensity V- Dimataling, ZAMBOANGA DEL SUR
Intensity III - Alicia and Olutanga, ZAMBOANGA SIBUGAY
Intensity II- Kalamansig, Lebak, and Palimbang, SULTAN KUDARAT
Instrumental Intensities:
Intensity II - Lebak, and Palimbang, SULTAN KUDARAT; Sindangan, ZAMBOANGA DEL NORTE
Intensity I - Molave, and Dumingag, ZAMBOANGA DEL SUR; Kalamansig, SULTAN KUDARAT
https://earthquake.phivolcs.dost.gov.ph/.../2025_0831... #EarthquakePH #EarthquakeZamboangaDelSur #iFelt_ZamboangaDelSurEarthquake Earthquake Information No.3 Date and Time: 31 August 2025 - 03:49 PM Magnitude = 4.7 Depth = 007 km Location = 07.31°N, 123.57°E - 024 km S 47° E of Tabina (Zamboanga Del Sur) Reported Intensities: Intensity V- Dimataling, ZAMBOANGA DEL SUR Intensity III - Alicia and Olutanga, ZAMBOANGA SIBUGAY Intensity II- Kalamansig, Lebak, and Palimbang, SULTAN KUDARAT Instrumental Intensities: Intensity II - Lebak, and Palimbang, SULTAN KUDARAT; Sindangan, ZAMBOANGA DEL NORTE Intensity I - Molave, and Dumingag, ZAMBOANGA DEL SUR; Kalamansig, SULTAN KUDARAT https://earthquake.phivolcs.dost.gov.ph/.../2025_0831...",Unknown,2025-09-01 01:00,Unknown,https://www.facebook.com/PHIVOLCS/posts/pfbid02mQ9A9PoLtybbQeQuV8ntqXK2WLESCBT6x3zHxAfo2fBC1X19bbGABxTk9oan7qDBl?__cft__[0]=AZUKYoUaVOe2ZPufDdu5VF9VapYaB4uffC8ATdSB5E3cHBojcf7QcKDTckcgp8cL4yzM15rPKUmbIAJsAaWevX9R_AuMuFhW0mADgGJ5mPLAH7p8tx1CRPIbT_eDKKX1a--N-dKduBy34QJSl1ItgbusNrJYOHbSIT2DmJi6bH3PcYEvuicmu7NYL1zGUtLxXV0&__tn__=%2CO%2CP-R
Facebook,#EarthquakePH,"#EarthquakePH #EarthquakeZamboangaDelSur
#iFelt_ZamboangaDelSurEarthquake
Earthquake Information No.1
Date and Time: 31 August 2025 - 03:49 PM
Magnitude = 5.1
Depth = 010 km
Location = 07.30°N, 123.56°E - 024 km S 42° E of Tabina (Zamboanga Del Sur)
Instrumental intensities:
Intensity II - Lebak and Palimbang, SULTAN KUDARAT; Sindangan, ZAMBOANGA DEL NORTE
Intensity I - Molave and Dumingag, ZAMBOANGA DEL SUR; Kalamansig, SULTAN KUDARAT
This is an automatic solution.
https://earthquake.phivolcs.dost.gov.ph/.../2025_0831... #EarthquakePH #EarthquakeZamboangaDelSur #iFelt_ZamboangaDelSurEarthquake Earthquake Information No.1 Date and Time: 31 August 2025 - 03:49 PM Magnitude = 5.1 Depth = 010 km Location = 07.30°N, 123.56°E - 024 km S 42° E of Tabina (Zamboanga Del Sur) Instrumental intensities: Intensity II - Lebak and Palimbang, SULTAN KUDARAT; Sindangan, ZAMBOANGA DEL NORTE Intensity I - Molave and Dumingag, ZAMBOANGA DEL SUR; Kalamansig, SULTAN KUDARAT This is an automatic solution. https://earthquake.phivolcs.dost.gov.ph/.../2025_0831...",Unknown,2025-09-01 01:00,Unknown,https://www.facebook.com/PHIVOLCS/posts/pfbid02jxNqXwvCqdGjdFfBfxEuPRncXLmu77ovzHq9AzgDuwDJmeUjEfhvUJBAkNF1xhQZl?__cft__[0]=AZUfEdyeR2_Gn_SP6q_PLGhft_lVQshbLMmTHR0Q_v3NjWYadRASOcpcCwj13Ly5y1ot2oWncnaKo2amL6nn8bYAITcj_DF29tQDJ87Y_jTlmKxVUrsDyjT2ZrqEK-vBFQkbDL2fzloIu3ol_HfW_Ew3_M47VCiu0L9SDjD5eF2eMQXNaKB7XAxAn5JI1tkYq-Y&__tn__=%2CO%2CP-R
Facebook,mprsdcdo,"Rainfall Advisory No. 8  #MINPRSD
Weather System: Southwest Monsoon (Habagat) 
Issued at 11:00 PM 31 August 2025
Light to Moderate rains are expected over #Basilan, #ZamboangaCity, #ZamboangaDelNorte(Baliguian, Gutalac), #Sarangani(Maitum), #SouthCotabato(LakeSebu, Surallah, Banga, CityOfKoronadal), #SultanKudarat(Columbio), #DavaoDelSur(Magsaysay, Matanao, Bansalan), #MisamisOriental(Opol, CityOfElSalvador, Alubijid, Laguindingan, Gitagum, Libertad, Initao, GingoogCity, Medina, Binuangan, Kinoguitan, Balingoan, Talisayan, Sugbongcogon), #Bukidnon(Baungon, Libona, ManoloFortich and Malitbog) within the next 1-2 hours.
Moderate to occasionally heavy rains affecting #MisamisOriental(Claveria, Villanueva, Tagoloan, CagayanDeOroCity, Balingasag, Lagonglong, Jasaan and Salay) which may persist within 2-3 hours and may affect nearby areas.
The public and the Disaster Risk Reduction and Management Offices concerned are advised to MONITOR the weather condition and watch for the next warning to be issued at 02:00 AM Tomorrow. Rainfall Advisory No. 8  #MINPRSD Weather System: Southwest Monsoon (Habagat) Issued at 11:00 PM 31 August 2025 Light to Moderate rains are expected over #Basilan, #ZamboangaCity, #ZamboangaDelNorte(Baliguian, Gutalac), #Sarangani(Maitum), #SouthCotabato(LakeSebu, Surallah, Banga, CityOfKoronadal), #SultanKudarat(Columbio), #DavaoDelSur(Magsaysay, Matanao, Bansalan), #MisamisOriental(Opol, CityOfElSalvador, Alubijid, Laguindingan, Gitagum, Libertad, Initao, GingoogCity, Medina, Binuangan, Kinoguitan, Balingoan, Talisayan, Sugbongcogon), #Bukidnon(Baungon, Libona, ManoloFortich and Malitbog) within the next 1-2 hours. Moderate to occasionally heavy rains affecting #MisamisOriental(Claveria, Villanueva, Tagoloan, CagayanDeOroCity, Balingasag, Lagonglong, Jasaan and Salay) which may persist within 2-3 hours and may affect nearby areas. The public and the Disaster Risk Reduction and Management Offices concerned are advised to MONITOR the weather condition and watch for the next warning to be issued at 02:00 AM Tomorrow.",Unknown,2025-09-01 01:30,Unknown,https://www.facebook.com/mprsdcdo/posts/pfbid02GkqYMeQpNtLCv3arRJcx75PxYc6TkbxN2WFSc4Y6XZE8amywxvJypZcWbXGBe26Ml?__cft__[0]=AZXjtZX7IoW_y3N7HYCC3pqxV9AvB7DYcgpBTWQ4qdkgSfEWdSFgzRcSpbUk4o-5eQ-n8OyUSlJVGfvBfu8ZsEQaLcJZaGXze6XSKDXkC1vq5tjMQ3mJkX7vmDDheWj0IwhluvDw22a4qrjBfrINIqguX_9dhiM7h-80H0P6CxcByVcQkxpN5OGYDDI0qYSoAH8&__tn__=%2CO%2CP-R
Facebook,#EarthquakeAlert,"EARTHQUAKE ALERT: A magnitude 5.1 earthquake hit Tabina, Zamboanga del Sur at 3:49 PM today, Sunday, August 31, according to PHIVOLCS.
 Felt in nearby areas:
 Intensity II – Lebak & Palimbang, Sultan Kudarat; Sindangan, Zamboanga del Norte
 Intensity I – Molave & Dumingag, Zamboanga del Sur; Kalamansig, Sultan Kudarat
Stay safe and alert! 
----------------------------
For more updates, visit us: themindanaotoday.com
#EarthquakeAlert 
#TheMonitorMindanaoToday
#MindanaoNews
#mindanaotoday EARTHQUAKE ALERT: A magnitude 5.1 earthquake hit Tabina, Zamboanga del Sur at 3:49 PM today, Sunday, August 31, according to PHIVOLCS. Felt in nearby areas: Intensity II – Lebak & Palimbang, Sultan Kudarat; Sindangan, Zamboanga del Norte Intensity I – Molave & Dumingag, Zamboanga del Sur; Kalamansig, Sultan Kudarat Stay safe and alert! ---------------------------- For more updates, visit us: themindanaotoday.com #EarthquakeAlert #TheMonitorMindanaoToday #MindanaoNews #mindanaotoday",Unknown,2025-09-01 01:30,Unknown,https://www.facebook.com/themindanaotoday/posts/pfbid02f7P11idBytRN5sQwr2s2vBFcBAc1Hz8XvbEV3rKWvzexEHk3GUhRRwXg5791YVZtl?__cft__[0]=AZW4EPVvcy5U9ZE1O4tm3sfwhEQA5nE1cjJLpo9cbWCUZJhk7LWyaI_8mIvCpDCnRDPceYpiJ4dPRuku61d4m-QtSX8_bs3e6Gv7K4hM_sb6rFaxZV39Uw_jnlqp6_A3Ui4nl_DC3d2gyIhj5jUlGoyeWz2H_9robAB66K7ieEYzUAF5acm3WNLqEUwfP4WtTQg&__tn__=%2CO%2CP-R
Facebook,#EarthquakePH,"#EarthquakePH #EarthquakeBatanes
Earthquake Information No.1
Date and Time: 01 September 2025 - 01:03 AM
Magnitude = 2.7
Depth = 054 km
Location = 20.11°N, 121.35°E - 060 km S 66° W of Sabtang (Batanes)
https://earthquake.phivolcs.dost.gov.ph/.../2025_0831... #EarthquakePH #EarthquakeBatanes Earthquake Information No.1 Date and Time: 01 September 2025 - 01:03 AM Magnitude = 2.7 Depth = 054 km Location = 20.11°N, 121.35°E - 060 km S 66° W of Sabtang (Batanes) https://earthquake.phivolcs.dost.gov.ph/.../2025_0831...",Unknown,2025-09-01 01:30,Unknown,https://www.facebook.com/PHIVOLCS/posts/pfbid0PM5ECyF5GM3VH5gN2FP2JAe6JYLTiStU3BLumXEkV8mLsQrZt5MLfZhSrcv1n1SFl?__cft__[0]=AZV8Jo62baqmnKgMPr6LGDmY5i-yYy5twwTHzkjDTlcMg9BBe37P0ir4yC9plXHQNqLCmBGT9l7OC3XLc8t_TR9txAfwebRbMPcPS5rMfF7mkl9j8DENcW7iGQB5MX8RGhgpl-dJIIMi6hW1CT1S1977DLSpOvLhMD45hAX7TGIxSCXjl2yejch9G9A4MQtsDL8&__tn__=%2CO%2CP-R
Facebook,#FireAlert,"Thank you Lord, sa Safety Thank you Lord, sa Safety 𝗦𝗨𝗡𝗢𝗚 𝗦𝗔 𝗕𝗨𝗖𝗔𝗡𝗔
EARLIER | Pipila ka mga hulagway sa miulbo nga dakong sunog sa Prk. 12, Brgy. 76-A Bucana, Davao City pasado alas-3 kaganihang kadlawon, Agosto 31, 2025.
Sa karon, gideklara na kining fire out diin padayun pang gina-imbestigahan sa kabomberohan ang hinungdan, ug ang kantidad sa danyos sa maong sunog.
#FireAlert
#Bucana #DavaoCity 
#DavaoUpdates 𝗦𝗨𝗡𝗢𝗚 𝗦𝗔 𝗕𝗨𝗖𝗔𝗡𝗔
EARLIER | Pipila ka mga hulagway sa miulbo nga dakong sunog sa Prk. 12, Brgy. 76-A Bucana, Davao City pasado alas-3 kaganihang kadlawon, Agosto 31, 2025.
Sa karon, gideklara na kining fire out diin padayun pang gina-imbestigahan sa kabomberohan ang hinungdan, ug ang kantidad sa danyos sa maong sunog.
#FireAlert
#Bucana #DavaoCity 
#DavaoUpdates 𝗦𝗨𝗡𝗢𝗚 𝗦𝗔 𝗕𝗨𝗖𝗔𝗡𝗔 EARLIER | Pipila ka mga hulagway sa miulbo nga dakong sunog sa Prk. 12, Brgy. 76-A Bucana, Davao City pasado alas-3 kaganihang kadlawon, Agosto 31, 2025. Sa karon, gideklara na kining fire out diin padayun pang gina-imbestigahan sa kabomberohan ang hinungdan, ug ang kantidad sa danyos sa maong sunog. #FireAlert #Bucana #DavaoCity #DavaoUpdates",Unknown,2025-09-01 01:30,Unknown,https://www.facebook.com/jayson.migoc.macalawa/posts/pfbid03672xvhLVKZCeKNtsYh8Yqk4zv9GXAwx2gkzygtvQWgHYuoL9Lw1MheBgQkNeoi8al?__cft__[0]=AZX4ZawmnyRbsQdQohKpN1W57Ln_Kkmlm5T_ap-zqDDdVYqmd9NAnYpZPdBpfH9AKV3_bmfP544pUKiyFj5N-2KkCiVzyKxnujzt_MMLk4cs7kGDsv91b9XidRLwZ-P61l6GZ7q0jpV4LAzw1ckSqNDRy_YCE2hOH9z6y5NK7xXvkTVBhl-dnynRTR0hMnxL_v5AR0wETCyz22LQWQOIOu67wQbvjW79BMvZyBLBvDIBIQ&__tn__=%2CO%2CP-R
Facebook,pagasa.dost.gov.ph,"Weather Advisory No. 7
For: Low Pressure Area (LPA) and Southwest Monsoon
Issued at: Aug. 31, 2025, 11 p.m.
Heavy rainfall outlook due to Low Pressure Area (LPA)
Tonight to tomorrow evening (September 1)
(50-100 mm):
Quezon, Camarines Norte, Camarines Sur, Catanduanes, Albay, Sorsogon, Masbate, and Northern Samar
Tomorrow evening to Tuesday evening (September 2)
(50-100 mm):
Quezon and Camarines Norte
Heavy rainfall outlook due to Southwest Monsoon
Tonight to tomorrow evening (September 1)
Moderate to Heavy (50-100 mm):
Occidental Mindoro, Palawan, and, Antique
Tomorrow evening to Tuesday evening (September 2)
Moderate to Heavy (50-100 mm):
Occidental Mindoro and Palawan
Tuesday evening to Wednesday evening (September 3)
Moderate to Heavy (50-100 mm):
Occidental Mindoro
Forecast rainfall may be higher in mountainous and elevated areas. Moreover, impacts in some areas may be worsened by significant antecedent rainfall.
The public and disaster risk reduction and management offices concerned are advised to take all necessary measures to protect life and property. PAGASA Regional Services Divisions may issue Heavy Rainfall Warnings, Rainfall/Thunderstorm Advisories, and other severe weather information specific to their areas of responsibility as appropriate. 
Unless significant changes occur, the next Weather Advisory will be issued at 5:00 AM tomorrow.
𝐅𝐨𝐫 𝐀𝐝𝐝𝐢𝐭𝐢𝐨𝐧𝐚𝐥 𝐈𝐧𝐟𝐨𝐫𝐦𝐚𝐭𝐢𝐨𝐧: The key difference between a 𝐇𝐞𝐚𝐯𝐲 𝐑𝐚𝐢𝐧𝐟𝐚𝐥𝐥 𝐖𝐚𝐫𝐧𝐢𝐧𝐠 and a 𝐖𝐞𝐚𝐭𝐡𝐞𝐫 𝐀𝐝𝐯𝐢𝐬𝐨𝐫𝐲 lies in their forecast period, coverage areas, and accuracy. A 𝐇𝐞𝐚𝐯𝐲 𝐑𝐚𝐢𝐧𝐟𝐚𝐥𝐥 𝐖𝐚𝐫𝐧𝐢𝐧𝐠 provides forecasts for the next three hours and applies up to the municipal level. It is more precise as it utilizes Doppler radar technology to track real-time rainfall intensity, making it highly effective for immediate decision-making in flood-prone areas. A 𝐖𝐞𝐚𝐭𝐡𝐞𝐫 𝐀𝐝𝐯𝐢𝐬𝐨𝐫𝐲, on the other hand, covers a 24-hour period but is issued only at the provincial level. It provides a broader outlook on potential weather disturbances but lacks the short-term accuracy of 𝐇𝐞𝐚𝐯𝐲 𝐑𝐚𝐢𝐧𝐟𝐚𝐥𝐥 𝐖𝐚𝐫𝐧𝐢𝐧𝐠𝐬. Since a 𝐖𝐞𝐚𝐭𝐡𝐞𝐫 𝐀𝐝𝐯𝐢𝐬𝐨𝐫𝐲 is based on a 24-hour outlook, it should not be used as a basis for class suspensions or other official decisions.
Northern Luzon Prsd
PAGASA-National Capital Region PRSD
Pagasa Southern Luzon
PAGASA Visayas PRSD
Mindanao Prsd Weather Advisory No. 7 For: Low Pressure Area (LPA) and Southwest Monsoon Issued at: Aug. 31, 2025, 11 p.m. Heavy rainfall outlook due to Low Pressure Area (LPA) Tonight to tomorrow evening (September 1) (50-100 mm): Quezon, Camarines Norte, Camarines Sur, Catanduanes, Albay, Sorsogon, Masbate, and Northern Samar Tomorrow evening to Tuesday evening (September 2) (50-100 mm): Quezon and Camarines Norte Heavy rainfall outlook due to Southwest Monsoon Tonight to tomorrow evening (September 1) Moderate to Heavy (50-100 mm): Occidental Mindoro, Palawan, and, Antique Tomorrow evening to Tuesday evening (September 2) Moderate to Heavy (50-100 mm): Occidental Mindoro and Palawan Tuesday evening to Wednesday evening (September 3) Moderate to Heavy (50-100 mm): Occidental Mindoro Forecast rainfall may be higher in mountainous and elevated areas. Moreover, impacts in some areas may be worsened by significant antecedent rainfall. The public and disaster risk reduction and management offices concerned are advised to take all necessary measures to protect life and property. PAGASA Regional Services Divisions may issue Heavy Rainfall Warnings, Rainfall/Thunderstorm Advisories, and other severe weather information specific to their areas of responsibility as appropriate. Unless significant changes occur, the next Weather Advisory will be issued at 5:00 AM tomorrow. 𝐅𝐨𝐫 𝐀𝐝𝐝𝐢𝐭𝐢𝐨𝐧𝐚𝐥 𝐈𝐧𝐟𝐨𝐫𝐦𝐚𝐭𝐢𝐨𝐧: The key difference between a 𝐇𝐞𝐚𝐯𝐲 𝐑𝐚𝐢𝐧𝐟𝐚𝐥𝐥 𝐖𝐚𝐫𝐧𝐢𝐧𝐠 and a 𝐖𝐞𝐚𝐭𝐡𝐞𝐫 𝐀𝐝𝐯𝐢𝐬𝐨𝐫𝐲 lies in their forecast period, coverage areas, and accuracy. A 𝐇𝐞𝐚𝐯𝐲 𝐑𝐚𝐢𝐧𝐟𝐚𝐥𝐥 𝐖𝐚𝐫𝐧𝐢𝐧𝐠 provides forecasts for the next three hours and applies up to the municipal level. It is more precise as it utilizes Doppler radar technology to track real-time rainfall intensity, making it highly effective for immediate decision-making in flood-prone areas. A 𝐖𝐞𝐚𝐭𝐡𝐞𝐫 𝐀𝐝𝐯𝐢𝐬𝐨𝐫𝐲, on the other hand, covers a 24-hour period but is issued only at the provincial level. It provides a broader outlook on potential weather disturbances but lacks the short-term accuracy of 𝐇𝐞𝐚𝐯𝐲 𝐑𝐚𝐢𝐧𝐟𝐚𝐥𝐥 𝐖𝐚𝐫𝐧𝐢𝐧𝐠𝐬. Since a 𝐖𝐞𝐚𝐭𝐡𝐞𝐫 𝐀𝐝𝐯𝐢𝐬𝐨𝐫𝐲 is based on a 24-hour outlook, it should not be used as a basis for class suspensions or other official decisions. Northern Luzon Prsd PAGASA-National Capital Region PRSD Pagasa Southern Luzon PAGASA Visayas PRSD Mindanao Prsd",Unknown,2025-09-01 03:31,Unknown,https://www.facebook.com/PAGASA.DOST.GOV.PH/posts/pfbid027HQE2nhZuuAm83f3kJXedrY8DpevGzbJ99oBdeh3tDpNpSBdpDX4kiPUHrtsxXGel?__cft__[0]=AZXrl_quBk3eZP0e9LBSLZb5xsZqkPGPzuFcy7gxkNFWAlYPdTId-G-_Cskh9d5RlpB7WWEGL0q4JfY26CBTVfM498SEibiisPeyHfe1Qw8c-F67InH1q_v6v4JfhoR9L0yA1GErSjOrAWD5-At5Ub4WaJNqJD6CURyZ_cE-1fUTv9f20v6K8lxQKWlJKNUBKXA&__tn__=%2CO%2CP-R
Facebook,PHIVOLCS,"#EarthquakePH #EarthquakeNorthernSamar
Earthquake Information No.1
Date and Time: 01 September 2025 - 02:59 AM
Magnitude = 1.8
Depth = 060 km
Location = 12.86°N, 124.50°E - 025 km N 36° E of Biri (Northern Samar)
https://earthquake.phivolcs.dost.gov.ph/.../2025_0831... #EarthquakePH #EarthquakeNorthernSamar Earthquake Information No.1 Date and Time: 01 September 2025 - 02:59 AM Magnitude = 1.8 Depth = 060 km Location = 12.86°N, 124.50°E - 025 km N 36° E of Biri (Northern Samar) https://earthquake.phivolcs.dost.gov.ph/.../2025_0831...",Unknown,2025-09-01 03:31,Unknown,https://www.facebook.com/PHIVOLCS/posts/pfbid0G7bcrXJjPw6SoZqowipsLTnpEy6PWHokyymRW6Ht2kMVxWXKHzKzTcggBWeCjwz1l?__cft__[0]=AZVq-ubWPVMLDntm3EHFGesgJlfcgd1IZAHvFfeMkv1J7wQVFa93DK8XoioyoaSh25HYJOCEWdAPF9dG7cA7C0Lh6s1APic2at6LTiNGdn_Sedz-JsozQxZ_hxTVRDmz2iECSRu77DwaSmpY-cVGmtOV1rRWLEPowGS9ZnsDujXyXT1K2PKAsSuaPKFIaL4oLyM&__tn__=%2CO%2CP-R
Facebook,mprsdcdo,"Rainfall Advisory No. 9  #MINPRSD
Weather System: Southwest Monsoon (Habagat) 
Issued at 02:00 AM 01 September 2025
Light to Moderate rains are expected over #DinagatIslands, #TawiTawi, #Sulu, #ZamboangaCity, #Basilan(CityOfIsabela, HadjiMuhtamad) and #SurigaoDelNorte(SurigaoCity) within the next 2-3 hours.
The above conditions are being experienced in #Bukidnon(CityOfMalaybalay, ImpasugOng, Sumilao, ManoloFortich) and #SouthCotabato(Tantangan) which may persist within 2-3 hours and may affect nearby areas.
The public and the Disaster Risk Reduction and Management Offices concerned are advised to MONITOR the weather condition and watch for the next warning to be issued at 05:00 AM Today. Rainfall Advisory No. 9  #MINPRSD Weather System: Southwest Monsoon (Habagat) Issued at 02:00 AM 01 September 2025 Light to Moderate rains are expected over #DinagatIslands, #TawiTawi, #Sulu, #ZamboangaCity, #Basilan(CityOfIsabela, HadjiMuhtamad) and #SurigaoDelNorte(SurigaoCity) within the next 2-3 hours. The above conditions are being experienced in #Bukidnon(CityOfMalaybalay, ImpasugOng, Sumilao, ManoloFortich) and #SouthCotabato(Tantangan) which may persist within 2-3 hours and may affect nearby areas. The public and the Disaster Risk Reduction and Management Offices concerned are advised to MONITOR the weather condition and watch for the next warning to be issued at 05:00 AM Today.",Unknown,2025-09-01 03:31,Unknown,https://www.facebook.com/mprsdcdo/posts/pfbid06YoxCyFdHAhs4Q2roaE3qQJpL7jvcoVmbWt9nsBr9Q68V4KgL9C3yMPuNsz8bykgl?__cft__[0]=AZVHi2303Td_MYsem-Xj_Q7Aa03pMt-f2W3EtlmajmtEPOUSH8BXau7I2v6FMLKrgZFpd87ITKS2CLHgVN_Eeez-X7hR8Q-_c3GQjXQuawqQ3GJd_YAaiXTY7HRUa9ZqEiR5kZaRkZBv3xXsJMUToo43U_BsiSnkoOhWXQGrfWNnOj6D5YOU7tZb8QyEXKPvxTA&__tn__=%2CO%2CP-R
Facebook,manilabulletin,"Manila 6th district Rep. Bienvenido ""Benny"" Abante Jr. highlighted that Davao City remains prone to heavy flooding despite the allocation of at least P51 billion worth of infrastructure funds there. Manila 6th district Rep. Bienvenido ""Benny"" Abante Jr. highlighted that Davao City remains prone to heavy flooding despite the allocation of at least P51 billion worth of infrastructure funds there.",Unknown,2025-09-01 04:00,Unknown,https://www.facebook.com/ManilaBulletin/posts/pfbid0y7yXaDvZRrDKYBT1bqTyJpfE54iHE4YGFsDomzow1hPWF7hMtarhJbY2QE7jdEKgl?__cft__[0]=AZWrKEeMJRTYpvssIsU6UL1Botxv25Y-8WoTyOIuiDQp9G3z6GQDht3VC7i_4YuygO19DN0QFcgFsXdySyVJugzp-W0QxbHT-cDRgbTbC9ZnbgMjdcyQeHBsjNBWvHXCm_2kFvWD-JyFNW9_6NJ8VkMC2fWFeZwYPBlNVi31xI-27I56aHqMMNt1HpVzT8ahWyI&__tn__=%2CO%2CP-R
Facebook,NDRRMC,"DISASTER RESPONSE UPDATE| IN THE LINE OF DUTY 
Through relentless rain, landslides, and fallen trees, our field teams continue to brave the elements—clearing roads, stabilizing slopes, keeping vital routes open and communities connected.
They leave their families behind and risk their lives—not for recognition, but out of duty and unwavering commitment to public safety.
They are engineers, equipment operators, maintenance crews, and support staff—the frontline heroes holding the line so others can move safely.
The sacrifice is silent but immense. Dedication, beyond measure.
Source: Department of Public Works and Highways
#NDRRMC
#BawatSegundoMahalaga DISASTER RESPONSE UPDATE| IN THE LINE OF DUTY Through relentless rain, landslides, and fallen trees, our field teams continue to brave the elements—clearing roads, stabilizing slopes, keeping vital routes open and communities connected. They leave their families behind and risk their lives—not for recognition, but out of duty and unwavering commitment to public safety. They are engineers, equipment operators, maintenance crews, and support staff—the frontline heroes holding the line so others can move safely. The sacrifice is silent but immense. Dedication, beyond measure. Source: Department of Public Works and Highways #NDRRMC #BawatSegundoMahalaga @highlight",Unknown,2025-09-01 04:00,Unknown,https://www.facebook.com/NDRRMC/posts/pfbid02gZgzYBHCgYoufra8QKmhkfs4dTn2BcW5QC9hHdtKNfZeutRjzkdeZmvxVt14gdjHl?__cft__[0]=AZVxyBaBjPvI2PUp4fCd0-lMKkC2wqjqj5Ma02e1iBDWSrV48EBbimkASU7B2Q-p6uyvHX9rDluhqjP_sodM572CACl05ASO2F2lVUj4mdoQ_zZff5Pxl_u6-syzi4B04YYrpIgTg0J8-3ZSSmYSgG5w98gj-TWIH3BJGjIjv9_5qbSfa3I7XfTN9WrBa7_0zVI&__tn__=%2CO%2CP-R
Facebook,pagasa.dost.gov.ph,"As of 2:00 AM today, 01 September 2025, the Low Pressure area (LPA 08i) is being monitored inside the Philippine Area of Responsibility (PAR) and has a ""LOW"" chance of development into a tropical depression within the next 24 hours.
All are advised to monitor updates from DOST-PAGASA. As of 2:00 AM today, 01 September 2025, the Low Pressure area (LPA 08i) is being monitored inside the Philippine Area of Responsibility (PAR) and has a ""LOW"" chance of development into a tropical depression within the next 24 hours. All are advised to monitor updates from DOST-PAGASA. May pasok na? Ayaw ko mag module",Unknown,2025-09-01 04:00,Unknown,https://www.facebook.com/PAGASA.DOST.GOV.PH/posts/pfbid0JiJo8CqiYgyzGm4rD6tzNSYyerFQjnfpW7YmMavdeGmmq9crp5gaSgLVELVs3o3bl?__cft__[0]=AZVqNp2Ssa_ygNJ0GMqO9aS00h8IO5HT0clmlYdpkUF594qSI7IiGIqYmsqDdi4_sR_M3XvmjzcouARKoS3dCN3yUeYn23TrXui4IUPfnjwi3iJKZUzLGy8m8Lynes2XNz2yoJg-hyk_uUlpj-bycarvrMvrqDvh4vBTrLRe-6dNApGTV55BMp86eIwXaxzmDrQ&__tn__=%2CO%2CP-R
Facebook,abscbnNEWS,"Several areas in Quezon City experienced sudden flooding Saturday afternoon, August 30, after a brief but intense thunderstorm with rainfall levels comparable to those seen during the peak hour of Typhoon Ondoy in 2009. #FloodPatrol Several areas in Quezon City experienced sudden flooding Saturday afternoon, August 30, after a brief but intense thunderstorm with rainfall levels comparable to those seen during the peak hour of Typhoon Ondoy in 2009. #FloodPatrol WALANG PHENOMENON MGA UNGAS, TALAGANG DI KAYO NAG LINIS NG BARADONG KANAL,ESTERO AT ILOG YUNG MGA LGU",Unknown,2025-09-01 04:30,Unknown,https://www.facebook.com/abscbnNEWS/posts/pfbid07GkJe2iBcYsYRJL4HJBewqxCR9cbTTk4RpnwXWVdmpXgxFTq3TpCpLTnaoiVsUjXl?__cft__[0]=AZVuFA8CfNT9qz3R13vWeNoI58PYBM5REbEfH4or-NwWdWoaTBZ13Gn36l91CgSLsAxI0R1bZzYftbyxJ-kuw7LZq4gWvhqcYS18z1x4VGTSoknEdHDdcRw7_T8Q2_5xLTtmSCOM0f8lMuyxqEyOt1irUimVHPV1OhQkcBQbdURI-VkYj0l2A6BoUF47Vp_HBXU&__tn__=%2CO%2CP-R
Facebook,pagasa.dost.gov.ph,"24-HOUR PUBLIC WEATHER FORECAST
Issued at 4:00 AM, 01 September 2025
SYNOPSIS: At 3:00 AM today, the Low Pressure Area (LPA) was estimated based on all available at 570 km East Northeast of Virac, Catanduanes or 695 km East of Daet, Camarines Norte (14.6°N, 129.4°E). Southwest Monsoon affecting the western sections of Central and Southern Luzon, Visayas, and the northern section of Mindanao.
Forecast Weather Conditions
Area: Bicol Region, Aurora, Bulacan, Quezon, and Rizal
Weather Condition: Cloudy skies with scattered rains and thunderstorms
Caused By: LPA
Impacts: Possible flash floods or landslides due to moderate to heavy rains
Area: Metro Manila, Visayas, MIMAROPA, the rest of Central Luzon, and the rest of CALABARZON
Weather Condition: Cloudy skies with scattered rains and thunderstorms
Caused By: Southwest Monsoon
Impacts: Possible flash floods or landslides due to moderate to heavy rains
Area: Zamboanga Peninsula, Northern Mindanao, and Caraga
Weather Condition: Partly cloudy to cloudy skies with isolated rainshowers or thunderstorms
Caused By: Southwest Monsoon
Impacts: Possible flash floods or landslides during severe thunderstorms
Area: The rest of the country
Weather Condition: Partly cloudy to cloudy skies with isolated rainshowers or thunderstorms
Caused By: Localized Thunderstorms
Impacts: Possible flash floods or landslides during severe thunderstorms
Forecast Wind and Coastal Water Conditions
Area: Mindanao and the western section of Visayas
Wind Speed: Moderate
Wind Direction: Southwest to West
Coastal Waters: Moderate / (1.2 to 1.8 meters)
Area: The western section of Luzon
Wind Speed: Moderate
Wind Direction: Southwest to Southeast
Coastal Waters: Moderate / (1.2 to 1.8 meters)
Area: The eastern section of Southern Luzon and the rest of Visayas
Wind Speed: Light to Moderate
Wind Direction: Northwest and Southwest
Coastal Waters: Slight to Moderate / (0.6 to 1.5 meters)
Area: The rest of Luzon
Wind Speed: Light to Moderate
Wind Direction: Northeast to East
Coastal Waters: Slight to Moderate / (0.6 to 1.5 meters)
Extremes of Temperature and Relative Humidity for The 24-hour Period Ending 8:00 PM YESTERDAY
Minimum Temperature: 24.3 °C ... 6:00 AM
Maximum Temperature: 29.2 °C... 11:00 AM
Minumum Relative Humidity: 78 % ... 11:00 AM
Maximum Relative Humidity: 87 % ... 5:00 AM
TIDES AND ASTRONOMICAL INFORMATION Over Metro Manila
sunrise today: 5:44AM
sunset today: 6:08PM
moonrise today: 12:58PM
illumination today: 62%
For other information about weather, please log on to pagasa.dost.gov.ph or bagong.pagasa.dost.gov.ph or call at (02)927-1335/(02)926-4258 24-HOUR PUBLIC WEATHER FORECAST Issued at 4:00 AM, 01 September 2025 SYNOPSIS: At 3:00 AM today, the Low Pressure Area (LPA) was estimated based on all available at 570 km East Northeast of Virac, Catanduanes or 695 km East of Daet, Camarines Norte (14.6°N, 129.4°E). Southwest Monsoon affecting the western sections of Central and Southern Luzon, Visayas, and the northern section of Mindanao. Forecast Weather Conditions Area: Bicol Region, Aurora, Bulacan, Quezon, and Rizal Weather Condition: Cloudy skies with scattered rains and thunderstorms Caused By: LPA Impacts: Possible flash floods or landslides due to moderate to heavy rains Area: Metro Manila, Visayas, MIMAROPA, the rest of Central Luzon, and the rest of CALABARZON Weather Condition: Cloudy skies with scattered rains and thunderstorms Caused By: Southwest Monsoon Impacts: Possible flash floods or landslides due to moderate to heavy rains Area: Zamboanga Peninsula, Northern Mindanao, and Caraga Weather Condition: Partly cloudy to cloudy skies with isolated rainshowers or thunderstorms Caused By: Southwest Monsoon Impacts: Possible flash floods or landslides during severe thunderstorms Area: The rest of the country Weather Condition: Partly cloudy to cloudy skies with isolated rainshowers or thunderstorms Caused By: Localized Thunderstorms Impacts: Possible flash floods or landslides during severe thunderstorms Forecast Wind and Coastal Water Conditions Area: Mindanao and the western section of Visayas Wind Speed: Moderate Wind Direction: Southwest to West Coastal Waters: Moderate / (1.2 to 1.8 meters) Area: The western section of Luzon Wind Speed: Moderate Wind Direction: Southwest to Southeast Coastal Waters: Moderate / (1.2 to 1.8 meters) Area: The eastern section of Southern Luzon and the rest of Visayas Wind Speed: Light to Moderate Wind Direction: Northwest and Southwest Coastal Waters: Slight to Moderate / (0.6 to 1.5 meters) Area: The rest of Luzon Wind Speed: Light to Moderate Wind Direction: Northeast to East Coastal Waters: Slight to Moderate / (0.6 to 1.5 meters) Extremes of Temperature and Relative Humidity for The 24-hour Period Ending 8:00 PM YESTERDAY Minimum Temperature: 24.3 °C ... 6:00 AM Maximum Temperature: 29.2 °C... 11:00 AM Minumum Relative Humidity: 78 % ... 11:00 AM Maximum Relative Humidity: 87 % ... 5:00 AM TIDES AND ASTRONOMICAL INFORMATION Over Metro Manila ",Unknown,2025-09-01 04:30,Unknown,https://www.facebook.com/PAGASA.DOST.GOV.PH/posts/pfbid028pxHNDDs1jM1h6wV13NKpYiJJg8zTQvcB6WmYgc2LiAqwLzQ2J6f9L49cis5cNXul?__cft__[0]=AZXmSqal0DH5EQ8h0rDNW34pmLgBtBlwlvfqW-0h6dz-_We-exLb2BTW9CDZHiOsqApvBH9ETsrQULFnw9nxXF3SJfLXVMD8B6ojk8ric2-WLVOf7EJ5W7TBGHbTmtIgQfM22pB9xc9QZ7kls8-EFD4dsL9HRgbURWczjlI2MO8IJikO6ECuGUfZtsSTNvQtb1Y&__tn__=%2CO%2CP-R
Facebook,pagasa.dost.gov.ph,"its raining so hard here in calbayog, no. suspension?",Unknown,2025-09-01 04:30,Unknown,https://www.facebook.com/PAGASA.DOST.GOV.PH/posts/pfbid028pxHNDDs1jM1h6wV13NKpYiJJg8zTQvcB6WmYgc2LiAqwLzQ2J6f9L49cis5cNXul?comment_id=817670027252726&__cft__[0]=AZXmSqal0DH5EQ8h0rDNW34pmLgBtBlwlvfqW-0h6dz-_We-exLb2BTW9CDZHiOsqApvBH9ETsrQULFnw9nxXF3SJfLXVMD8B6ojk8ric2-WLVOf7EJ5W7TBGHbTmtIgQfM22pB9xc9QZ7kls8-EFD4dsL9HRgbURWczjlI2MO8IJikO6ECuGUfZtsSTNvQtb1Y&__tn__=R-R
Facebook,#EarthquakePH,"#EarthquakePH #EarthquakeAntique
Earthquake Information No.1
Date and Time: 01 September 2025 - 03:29 AM
Magnitude = 2.1
Depth = 012 km
Location = 10.31°N, 121.88°E - 014 km S 22° W of Anini-y (Antique)
https://earthquake.phivolcs.dost.gov.ph/.../2025_0831... #EarthquakePH #EarthquakeAntique Earthquake Information No.1 Date and Time: 01 September 2025 - 03:29 AM Magnitude = 2.1 Depth = 012 km Location = 10.31°N, 121.88°E - 014 km S 22° W of Anini-y (Antique) https://earthquake.phivolcs.dost.gov.ph/.../2025_0831...",Unknown,2025-09-01 04:30,Unknown,https://www.facebook.com/PHIVOLCS/posts/pfbid02whxVcoDenxWSmf6ABBsQvVJk5YToRjrutDUGctVJ7h7CZDZiquRTuesmGmS8YLril?__cft__[0]=AZVsAdvOQ8lO3N5qW465OYRZyIDklq9PKeCzcMx_jnOiRaA6myioqSYD8Hetu4prgc0mrxjaO7LSzAIlLPudA-fGCEfjRCFMMV8pVzfiayGEPtZvGg2DR7_aOG3hFwt9MShqOnYFgnK9F5cvPnbKuOLplNC0uqHv3mI6HE8KFTT03q6sFdtSO1TDCddVqsXGUVs&__tn__=%2CO%2CP-R
Facebook,abscbnNEWS,"Several areas in Quezon City experienced sudden flooding Saturday afternoon, August 30, after a brief but intense thunderstorm with rainfall levels comparable to those seen during the peak hour of Typhoon Ondoy in 2009. #FloodPatrol Several areas in Quezon City experienced sudden flooding Saturday afternoon, August 30, after a brief but intense thunderstorm with rainfall levels comparable to those seen during the peak hour of Typhoon Ondoy in 2009. #FloodPatrol",Unknown,2025-09-01 05:00,Unknown,https://www.facebook.com/abscbnNEWS/posts/pfbid07GkJe2iBcYsYRJL4HJBewqxCR9cbTTk4RpnwXWVdmpXgxFTq3TpCpLTnaoiVsUjXl?__cft__[0]=AZWnkHr-MusBUfUvhlddE8gycjVmJn1xg2kX4Yk0CUCphob4XXUCivbFviXPvQ8BJFnL4eRWQJE_jHIO8HSr-juxD-kqVhKD5PS9TdP70Lw5-fwfyK1LoVvmDn3MSdtTB5pk2qFb19f9tOoIQlrZWSL790a-VBFtc_-unanBUyRmsmK575sksA9HNLBfHQJg_CI&__tn__=%2CO%2CP-R
Facebook,civildefensedavao,"Rainfall Advisory No. 7  #MINPRSD
Weather System: Southwest Monsoon (Habagat) 
Issued at 08:00 PM 31 August 2025
Light to Moderate rains are expected over #ZamboangaSibugay(Alicia, Payao, Tungawan, Malangas, Imelda, RosellerLim, Buug, Siay, Ipil, Diplahan, Titay, Naga, Kabasalan), #ZamboangaCity, #ZamboangaDelSur(VincenzoA.Sagun, Dimataling, Margosatubig, Dinas, SanPablo, SanMiguel, Lapuyan, Guipos, Kumalarang, Dumalinao, Tigbao, Labangan, PagadianCity, Tukuran, Lakewood, Bayog, Aurora, RamonMagsaysay, Sominot, Midsalip, Tambulig, Mahayag, Dumingag, Molave, Josefina), #ZamboangaDelNorte, #LanaoDelNorte(SultanNagaDimaporo, Nunungan, Sapad, Kapatagan), #LanaoDelSur(Picong, Calanogas, Malabang, Balabagan, Kapatagan), #MaguindanaoDelNorte(Matanog, Barira, Buldon, Parang, SultanKudarat, SultanMastura, Upi, DatuBlahT.Sinsuat, DatuOdinSinsuat, Kabuntalan), #CotabatoCity, #NorthCotabato(Pigkawayan), #MaguindanaoDelSur(SouthUpi), #Basilan, #Sulu, #DavaoOccidental, #Sarangani(Glan, Malapatan, Malungon, Alabel), #SurigaoDelNorte, #DinagatIslands(Dinagat, SanJose, Basilisa, Cagdianao, Libjo), #DavaoOriental(Manay, Tarragona, Lupon, Banaybanay, CityOfMati, SanIsidro and GovernorGeneroso) within the next 1-2 hours.
Moderate to occasionally heavy rains affecting #ZamboangaSibugay(Talusan, Olutanga, Mabuhay), #ZamboangaDelSur(Tabina, Pitogo), #DinagatIslands(Tubajon and Loreto) which may persist within 2-3 hours and may affect nearby areas.
The public and the Disaster Risk Reduction and Management Offices concerned are advised to MONITOR the weather condition and watch for the next warning to be issued at 11:00 PM Today./ebz/cta Rainfall Advisory No. 7  #MINPRSD Weather System: Southwest Monsoon (Habagat) Issued at 08:00 PM 31 August 2025 Light to Moderate rains are expected over #ZamboangaSibugay(Alicia, Payao, Tungawan, Malangas, Imelda, RosellerLim, Buug, Siay, Ipil, Diplahan, Titay, Naga, Kabasalan), #ZamboangaCity, #ZamboangaDelSur(VincenzoA.Sagun, Dimataling, Margosatubig, Dinas, SanPablo, SanMiguel, Lapuyan, Guipos, Kumalarang, Dumalinao, Tigbao, Labangan, PagadianCity, Tukuran, Lakewood, Bayog, Aurora, RamonMagsaysay, Sominot, Midsalip, Tambulig, Mahayag, Dumingag, Molave, Josefina), #ZamboangaDelNorte, #LanaoDelNorte(SultanNagaDimaporo, Nunungan, Sapad, Kapatagan), #LanaoDelSur(Picong, Calanogas, Malabang, Balabagan, Kapatagan), #MaguindanaoDelNorte(Matanog, Barira, Buldon, Parang, SultanKudarat, SultanMastura, Upi, DatuBlahT.Sinsuat, DatuOdinSinsuat, Kabuntalan), #CotabatoCity, #NorthCotabato(Pigkawayan), #MaguindanaoDelSur(SouthUpi), #Basilan, #Sulu, #DavaoOccidental, #Sarangani(Glan, Malapatan, Malungon, Alabel), #SurigaoDelNorte, #DinagatIslands(Dinagat, SanJose, Basilisa, Cagdianao, Libjo), #DavaoOriental(Manay, Tarragona, Lupon, Banaybanay, CityOfMati, SanIsidro and GovernorGeneroso) within the next 1-2 hours. Moderate to occasionally heavy rains affecting #ZamboangaSibugay(Talusan, Olutanga, Mabuhay), #ZamboangaDelSur(Tabina, Pitogo), #DinagatIslands(Tubajon and Loreto) which may persist within 2-3 hours and may affect nearby areas. The public and the Disaster Risk Reduction and Management Offices concerned are advised to MONITOR the weather condition and watch for the next warning to be issued at 11:00 PM Today./ebz/cta",Unknown,2025-09-01 05:00,Unknown,https://www.facebook.com/civildefensedavao/posts/pfbid0pT4bkwNQHaxsQtjM9JeeZuZdQeSxpZdfbRyD5n8JiiTYRd3dSy2yvpq6R5m6Af6Yl?__cft__[0]=AZXlu4Xqyfsv6OS0eJ3pCpN4AIfuX3lRP8dMPuhN5j4nvJ9E-4OAmf8BluO4wjKUaGgkiRuI_c7F0950wK5hNJW6kbeYtaB0UIloDSFOYau_W6OVvZA41uAcfzH4V-O5584r0II8zzUDQjTpXQ5hPz_iGm8dL_CFWYhBmfi4WkzTKdeguhAJfUgYOM2JxQyj0Uk&__tn__=%2CO%2CP-R
Facebook,inquirerdotnet,"2 LPAs spotted in PAR; heavy rain warning out 2 LPAs spotted in PAR; heavy rain warning out Oh mag ready na tayo sa baha. Wala namang bago eh, substandard ang mga flood control projects na pinamunuan ng mga Congressman, DPWH, at mga contractors gaya nila Discaya. Komo matiisin naman ang mga Pilipino at tatanga-tanga dahil boto ng boto ng mga korap na opisyal ng gobyerno. Edi malunod na lang lahat sa baha at sa kasakiman ng mga opisyal na sila mismo ang nagluklok sa kapangyarihan.",Unknown,2025-09-01 05:00,Unknown,https://www.facebook.com/inquirerdotnet/posts/pfbid0dFGDWJLUKwRFN7uVqeajvi4fhbJh6HUD6CxjcBQvvZr8HFgV8j7GKgYKa2uPQdy2l?__cft__[0]=AZV89PGDxvgCvh7-cFdi733pXIpvyI97WPu2lxVq37qOzCK3bcQ6fAiJDoSGHzT7H9GIPV0ZCSj8hKvGCVv2_tW_AG8cBEdKd9xsUB9BcjPrkDU1c_scZXnab8c3WP5vQnf22sUgkLvI3G83lpafbunz2kys5-ZYRl7cFVs7da-2pVlZDHr-e6bhHhzFRBWUgk8&__tn__=%2CO%2CP-R
Facebook,inquirerdotnet,"Oh mag ready na tayo sa baha. Wala namang bago eh, substandard ang mga flood control projects na pinamunuan ng mga Congressman, DPWH, at mga contractors gaya nila Discaya. Komo matiisin naman ang mga Pilipino at tatanga-tanga dahil boto ng boto ng mga korap na opisyal ng gobyerno. Edi malunod na lang lahat sa baha at sa kasakiman ng mga opisyal na sila mismo ang nagluklok sa kapangyarihan.",Unknown,2025-09-01 05:00,Unknown,https://www.facebook.com/inquirerdotnet/posts/pfbid0dFGDWJLUKwRFN7uVqeajvi4fhbJh6HUD6CxjcBQvvZr8HFgV8j7GKgYKa2uPQdy2l?comment_id=1677335922953535&__cft__[0]=AZV89PGDxvgCvh7-cFdi733pXIpvyI97WPu2lxVq37qOzCK3bcQ6fAiJDoSGHzT7H9GIPV0ZCSj8hKvGCVv2_tW_AG8cBEdKd9xsUB9BcjPrkDU1c_scZXnab8c3WP5vQnf22sUgkLvI3G83lpafbunz2kys5-ZYRl7cFVs7da-2pVlZDHr-e6bhHhzFRBWUgk8&__tn__=R-R
Facebook,manilabulletin,"Manila Bulletin Headline for today, September 1, 2025.
https://manilabulletin.pressreader.com/
Grab a copy at your favorite newsstand today or read it all on our website at www.mb.com.ph
You can follow us on X 
@manilabulletin, Instagram: @manilabulletin, Threads: @manilabulletin YouTube: https://youtube.com/user/TheManilaBulletin/, our Viber community: https://bit.ly/2PnEKon, and subscribe to our newsletter here: newsletter.mb.com.ph/subscribe
You may also join our Facebook community page if you wish to share any stories and photos: bit.ly/3OnOJYK Manila Bulletin Headline for today, September 1, 2025. https://manilabulletin.pressreader.com/ Grab a copy at your favorite newsstand today or read it all on our website at www.mb.com.ph You can follow us on X @manilabulletin, Instagram: @manilabulletin, Threads: @manilabulletin YouTube: https://youtube.com/user/TheManilaBulletin/, our Viber community: https://bit.ly/2PnEKon, and subscribe to our newsletter here: newsletter.mb.com.ph/subscribe You may also join our Facebook community page if you wish to share any stories and photos: bit.ly/3OnOJYK",Unknown,2025-09-01 05:00,Unknown,https://www.facebook.com/ManilaBulletin/posts/pfbid02fn9cURv5iSZeuRobtCGfhSbdLjrWVVDk3ehyCaCjXBkwvc3vjHFcFPCM9YuzeHRwl?__cft__[0]=AZW4QYdakaAqnI0LBWLmZhBSMvErT0vKeeiAgjgM_S7GDWZTca8-_qmF0VfzSfObW3f67t3zNFxx7SQ7iGfCcFbJ8jdf_PJcTedhpwmPujX3djMvR65JOTpeu65JSChRYagfiV-685GZ4oRkemsVQiScNVj5hVhISGaoRwSACLvMoHoVF5-moTtth7M21Lr1pKc&__tn__=%2CO%2CP-R
Facebook,NDRRMC,"DISASTER RESPONSE UPDATE| IN THE LINE OF DUTY 
Through relentless rain, landslides, and fallen trees, our field teams continue to brave the elements—clearing roads, stabilizing slopes, keeping vital routes open and communities connected.
They leave their families behind and risk their lives—not for recognition, but out of duty and unwavering commitment to public safety.
They are engineers, equipment operators, maintenance crews, and support staff—the frontline heroes holding the line so others can move safely.
The sacrifice is silent but immense. Dedication, beyond measure.
Source: Department of Public Works and Highways
#NDRRMC
#BawatSegundoMahalaga DISASTER RESPONSE UPDATE| IN THE LINE OF DUTY Through relentless rain, landslides, and fallen trees, our field teams continue to brave the elements—clearing roads, stabilizing slopes, keeping vital routes open and communities connected. They leave their families behind and risk their lives—not for recognition, but out of duty and unwavering commitment to public safety. They are engineers, equipment operators, maintenance crews, and support staff—the frontline heroes holding the line so others can move safely. The sacrifice is silent but immense. Dedication, beyond measure. Source: Department of Public Works and Highways #NDRRMC #BawatSegundoMahalaga Hello, sobrang lakas po ng ulan. Wala pa rin bang declaration kung may pasok ba?",Unknown,2025-09-01 05:00,Unknown,https://www.facebook.com/NDRRMC/posts/pfbid02gZgzYBHCgYoufra8QKmhkfs4dTn2BcW5QC9hHdtKNfZeutRjzkdeZmvxVt14gdjHl?__cft__[0]=AZUvtUtmyYvzYQa9usarUKUw3lO7muIzRfGSjVQKNVzH5eOflpHIdcGmrdU4BGxE3ZkTd-osSetrVUNUzzi3LOrcf37TuqMAxYx2_ze9SywLOfyx8wIMFjgs3q13bCKsdtM_dwCVym5NBte1wITQyEoNFrB0-nUj1ThYsnN1d_9g96OsfHgfxZsGuz4jJ4X8TwU&__tn__=%2CO%2CP-R
Facebook,pagasa.dost.gov.ph,"Weather Advisory No. 8
For: Low Pressure Area (LPA) and Southwest Monsoon
Issued at: Sept. 1, 2025, 5 a.m.
Heavy rainfall outlook due to Low Pressure Area (LPA)
Today
(50-100 mm):
Quezon, Camarines Norte, and Camarines Sur
Heavy rainfall outlook due to Southwest Monsoon
Today
Moderate to Heavy (50-100 mm):
Occidental Mindoro, Palawan, and, Antique
Tomorrow
Moderate to Heavy (50-100 mm):
Occidental Mindoro
Forecast rainfall may be higher in mountainous and elevated areas. Moreover, impacts in some areas may be worsened by significant antecedent rainfall.
The public and disaster risk reduction and management offices concerned are advised to take all necessary measures to protect life and property. PAGASA Regional Services Divisions may issue Heavy Rainfall Warnings, Rainfall/Thunderstorm Advisories, and other severe weather information specific to their areas of responsibility as appropriate. 
Unless significant changes occur, the next Weather Advisory will be issued at 11:00 AM today.
𝐅𝐨𝐫 𝐀𝐝𝐝𝐢𝐭𝐢𝐨𝐧𝐚𝐥 𝐈𝐧𝐟𝐨𝐫𝐦𝐚𝐭𝐢𝐨𝐧: The key difference between a 𝐇𝐞𝐚𝐯𝐲 𝐑𝐚𝐢𝐧𝐟𝐚𝐥𝐥 𝐖𝐚𝐫𝐧𝐢𝐧𝐠 and a 𝐖𝐞𝐚𝐭𝐡𝐞𝐫 𝐀𝐝𝐯𝐢𝐬𝐨𝐫𝐲 lies in their forecast period, coverage areas, and accuracy. A 𝐇𝐞𝐚𝐯𝐲 𝐑𝐚𝐢𝐧𝐟𝐚𝐥𝐥 𝐖𝐚𝐫𝐧𝐢𝐧𝐠 provides forecasts for the next three hours and applies up to the municipal level. It is more precise as it utilizes Doppler radar technology to track real-time rainfall intensity, making it highly effective for immediate decision-making in flood-prone areas. A 𝐖𝐞𝐚𝐭𝐡𝐞𝐫 𝐀𝐝𝐯𝐢𝐬𝐨𝐫𝐲, on the other hand, covers a 24-hour period but is issued only at the provincial level. It provides a broader outlook on potential weather disturbances but lacks the short-term accuracy of 𝐇𝐞𝐚𝐯𝐲 𝐑𝐚𝐢𝐧𝐟𝐚𝐥𝐥 𝐖𝐚𝐫𝐧𝐢𝐧𝐠𝐬. Since a 𝐖𝐞𝐚𝐭𝐡𝐞𝐫 𝐀𝐝𝐯𝐢𝐬𝐨𝐫𝐲 is based on a 24-hour outlook, it should not be used as a basis for class suspensions or other official decisions.
For class suspensions or other official decisions, please refer to 𝐇𝐞𝐚𝐯𝐲 𝐑𝐚𝐢𝐧𝐟𝐚𝐥𝐥 𝐖𝐚𝐫𝐧𝐢𝐧𝐠𝐬 issued by the respective PAGASA Regional Services Divisions:
Northern Luzon Prsd
PAGASA-National Capital Region PRSD
Pagasa Southern Luzon
PAGASA Visayas PRSD
Mindanao Prsd Weather Advisory No. 8 For: Low Pressure Area (LPA) and Southwest Monsoon Issued at: Sept. 1, 2025, 5 a.m. Heavy rainfall outlook due to Low Pressure Area (LPA) Today (50-100 mm): Quezon, Camarines Norte, and Camarines Sur Heavy rainfall outlook due to Southwest Monsoon Today Moderate to Heavy (50-100 mm): Occidental Mindoro, Palawan, and, Antique Tomorrow Moderate to Heavy (50-100 mm): Occidental Mindoro Forecast rainfall may be higher in mountainous and elevated areas. Moreover, impacts in some areas may be worsened by significant antecedent rainfall. The public and disaster risk reduction and management offices concerned are advised to take all necessary measures to protect life and property. PAGASA Regional Services Divisions may issue Heavy Rainfall Warnings, Rainfall/Thunderstorm Advisories, and other severe weather information specific to their areas of responsibility as appropriate. Unless significant changes occur, the next Weather Advisory will be issued at 11:00 AM today. 𝐅𝐨𝐫 𝐀𝐝𝐝𝐢𝐭𝐢𝐨𝐧𝐚𝐥 𝐈𝐧𝐟𝐨𝐫𝐦𝐚𝐭𝐢𝐨𝐧: The key difference between a 𝐇𝐞𝐚𝐯𝐲 𝐑𝐚𝐢𝐧𝐟𝐚𝐥𝐥 𝐖𝐚𝐫𝐧𝐢𝐧𝐠 and a 𝐖𝐞𝐚𝐭𝐡𝐞𝐫 𝐀𝐝𝐯𝐢𝐬𝐨𝐫𝐲 lies in their forecast period, coverage areas, and accuracy. A 𝐇𝐞𝐚𝐯𝐲 𝐑𝐚𝐢𝐧𝐟𝐚𝐥𝐥 𝐖𝐚𝐫𝐧𝐢𝐧𝐠 provides forecasts for the next three hours and applies up to the municipal level. It is more precise as it utilizes Doppler radar technology to track real-time rainfall intensity, making it highly effective for immediate decision-making in flood-prone areas. A 𝐖𝐞𝐚𝐭𝐡𝐞𝐫 𝐀𝐝𝐯𝐢𝐬𝐨𝐫𝐲, on the other hand, covers a 24-hour period but is issued only at the provincial level. It provides a broader outlook on potential weather disturbances but lacks the short-term accuracy of 𝐇𝐞𝐚𝐯𝐲 𝐑𝐚𝐢𝐧𝐟𝐚𝐥𝐥 𝐖𝐚𝐫𝐧𝐢𝐧𝐠𝐬. Since a 𝐖𝐞𝐚𝐭𝐡𝐞𝐫 𝐀𝐝𝐯𝐢𝐬𝐨𝐫𝐲 is based on a 24-hour outlook, it should not be used as a basis for class suspensions or other official decisions. For class suspensions or other official decisions, please refer to 𝐇𝐞𝐚𝐯𝐲 𝐑𝐚𝐢𝐧𝐟𝐚𝐥𝐥 𝐖𝐚𝐫𝐧𝐢𝐧𝐠𝐬 issued by the respective PAGASA Regional Services Divisions: Northern Luzon Prsd PAGASA-National Capital Region PRSD Pagasa Southern Luzon PAGASA Visayas PRSD Mindanao Prsd Metro manila wala? Kagabi pa umuulan ng malakas walang tigil",Unknown,2025-09-01 05:00,Unknown,https://www.facebook.com/PAGASA.DOST.GOV.PH/posts/pfbid02gP6aQX54da5nLuk8RDYabkUtLdYe8TwzWZTtd5xngaoFeCcDtDuU25pCCckXkuXcl?__cft__[0]=AZXwVrNiyGgRgKgoVDZEahawfJ_kBZgh1f0sxCm7z4_c_jNwx3WGO8dwRF75TqyUg_jq8ckU0uGYkaNaNl7N7iVVtxDyNUWp4LkvEYMQrL_j0f3Z8RIkKmu0SGZO9wxvIW9REnkS6K5CcFAN3YlXTAxRyCCjUWTvIitOOcF0cJArIZuYflMbOwM-_sevXzUKL5I&__tn__=%2CO%2CP-R
Facebook,PHIVOLCS,"BULKANG MAYON
Buod ng 24 oras na pagmamanman
01 Setyembre 2025 alas-12 ng umaga 
#MayonVolcano
Filipino: 
https://phivolcs.dost.gov.ph/.../32848-bulkang-mayon-buod...
English: 
https://phivolcs.dost.gov.ph/.../32849-mayon-volcano...
Volcano: Mayon
Alert Level: 1
Status Alert Level: Bahagyang aktibidad 
Volcanic Earthquake: 0 volcanic earthquakes 
Banaag/Crater Glow: Natatakpan ng ulap ang bulkan 
Sulfur Dioxide Flux(SO2): 458 tonelada / araw (20 Agosto 2025) 
Plume (Steaming): Katamtamang pagsingaw; napadpad sa kanluran-timog-kanluran 
Ground Deformation: Pamamaga ng bulkan BULKANG MAYON Buod ng 24 oras na pagmamanman 01 Setyembre 2025 alas-12 ng umaga #MayonVolcano Filipino: https://phivolcs.dost.gov.ph/.../32848-bulkang-mayon-buod... English: https://phivolcs.dost.gov.ph/.../32849-mayon-volcano... Volcano: Mayon Alert Level: 1 Status Alert Level: Bahagyang aktibidad Volcanic Earthquake: 0 volcanic earthquakes Banaag/Crater Glow: Natatakpan ng ulap ang bulkan Sulfur Dioxide Flux(SO2): 458 tonelada / araw (20 Agosto 2025) Plume (Steaming): Katamtamang pagsingaw; napadpad sa kanluran-timog-kanluran Ground Deformation: Pamamaga ng bulkan",Unknown,2025-09-01 05:00,Unknown,https://www.facebook.com/PHIVOLCS/posts/pfbid0Wt8eC3h8bpnCJ83U3J8K9i9r3SfZTHsBxxRvPRV9Hxp1ALkfsFuVrs8dPHKZqD1Ql?__cft__[0]=AZVOvGp_3Bnj1PFdQY5OPJ2CVtD6m7PbVlEO4Xa8F11E5VtutwBOqAB2blwF7GYs4FxMpdcEnQThNsG4Br33XJ-dD5dWqjlNwdDwqDK-undtyicRhPx_mGOe85UsZD1FpVuwG0PghnJ2RlMzKyfPp5ztLanvQg8V22NbgGUeJ0iviuUe3DeIl74WuElADjpIbzI&__tn__=%2CO%2CP-R
Facebook,mprsdcdo,"Rainfall Advisory No. 9 Amendment #MINPRSD
Weather System: Southwest Monsoon (Habagat) 
Issued at 04:00 AM 01 September 2025
Light to Moderate rains are expected over #DinagatIslands, #SurigaoDelNorte(SiargaoIsland, Socorro), #Basilan(CityOfLamitan, CityOfIsabela), #Sulu and #TawiTawi within the next 2-3 hours.
The above conditions are being experienced in #MisamisOriental(CagayanDeOroCity, Tagoloan, Villanueva), #Bukidnon(Libona, Baungon, Talakag, ManoloFortich), #LanaoDelNorte(IliganCity, Tagoloan) and #LanaoDelSur(TagoloanII) which may persist within 2-3 hours and may affect nearby areas.
The public and the Disaster Risk Reduction and Management Offices concerned are advised to MONITOR the weather condition and watch for the next warning to be issued at 05:00 AM Today. Rainfall Advisory No. 9 Amendment #MINPRSD Weather System: Southwest Monsoon (Habagat) Issued at 04:00 AM 01 September 2025 Light to Moderate rains are expected over #DinagatIslands, #SurigaoDelNorte(SiargaoIsland, Socorro), #Basilan(CityOfLamitan, CityOfIsabela), #Sulu and #TawiTawi within the next 2-3 hours. The above conditions are being experienced in #MisamisOriental(CagayanDeOroCity, Tagoloan, Villanueva), #Bukidnon(Libona, Baungon, Talakag, ManoloFortich), #LanaoDelNorte(IliganCity, Tagoloan) and #LanaoDelSur(TagoloanII) which may persist within 2-3 hours and may affect nearby areas. The public and the Disaster Risk Reduction and Management Offices concerned are advised to MONITOR the weather condition and watch for the next warning to be issued at 05:00 AM Today.",Unknown,2025-09-01 05:00,Unknown,https://www.facebook.com/mprsdcdo/posts/pfbid02oGUhKg8sgMxS54dNUELqCqJ15dKXY74eZR6ruLztZZ2WgzbSzj3ztPc5myqkgXGdl?__cft__[0]=AZWOaXGh_xxW3pj0aS_omApbjmzYr-I73fJJYSb9F9jiCAc1_4l1iNGNsYGRIFzSWMukXZIvszwlIvVEgFdjgfLefugjF1POlvtFuEZxdaHMruIAv-bXtUfzNj6WyzQ6WHysabAgLrJgQS5sf8-FTj9APqGeDAAOWhrjRkmOVbZxgzGKof4RjzIV8DeGHw86kvY&__tn__=%2CO%2CP-R
Facebook,#EarthquakePH,"#EarthquakePH #EarthquakeDavaoOriental
Earthquake Information No.1
Date and Time: 01 September 2025 - 04:49 AM
Magnitude = 2.3
Depth = 052 km
Location = 06.29°N, 126.33°E - 049 km S 35° E of Governor Generoso (Davao Oriental)
https://earthquake.phivolcs.dost.gov.ph/.../2025_0831... #EarthquakePH #EarthquakeDavaoOriental Earthquake Information No.1 Date and Time: 01 September 2025 - 04:49 AM Magnitude = 2.3 Depth = 052 km Location = 06.29°N, 126.33°E - 049 km S 35° E of Governor Generoso (Davao Oriental) https://earthquake.phivolcs.dost.gov.ph/.../2025_0831...",Unknown,2025-09-01 05:00,Unknown,https://www.facebook.com/PHIVOLCS/posts/pfbid0M8CtVpf1nezjCFS5cwjT4K5xdaf7xT8Kceb2pFLh2RpUUWM2wPk2JyLxyvGgkBpvl?__cft__[0]=AZWUQvfzU9Krc4EwtWikBd1ZjrRzkBdI0d1OvTKxMWUVUMEcXPKwhX_nm0Wol-4G9oX0nnwcOxXJEh-kuQy8pnUKhjtj-aXm6Lv2HkSLvaqeufqJ5S0x0Vws1sKvGEXJko3k8VzduCY-cLrMsdnEJ88GtlxOTn1yBHLh-C8lKi37S8_WcEt6tC21bA6ysJz8-K4&__tn__=%2CO%2CP-R
Facebook,#FireAlert,"চট্টগ্রামের ৯ নং ওয়ার্ডের ফয়েজ লেক নুরিয়া মাদ্রাসায় প্যান্ডেলে হঠাৎ অগ্নিকাণ্ড, এলাকাবাসী এগিয়ে এসে আগুন নিয়ন্ত্রণে
#চট্টগ্রাম #ফয়েজলেক #নুরিয়ামাদ্রাসা #অগ্নিকাণ্ড #প্যান্ডেলআগুন #স্থানীয়সংগঠন #এলাকাবাসী #চট্টগ্রামসংবাদ #BreakingNews #FireAlert #LocalHeroes #EmergencyResponse #চট্টগ্রাম৯নংওয়ার্ড #মাদ্রাসা #আগুননিয়ন্ত্রণ চট্টগ্রামের ৯ নং ওয়ার্ডের ফয়েজ লেক নুরিয়া মাদ্রাসায় প্যান্ডেলে হঠাৎ অগ্নিকাণ্ড, এলাকাবাসী এগিয়ে এসে আগুন নিয়ন্ত্রণে #চট্টগ্রাম #ফয়েজলেক #নুরিয়ামাদ্রাসা #অগ্নিকাণ্ড #প্যান্ডেলআগুন #স্থানীয়সংগঠন #এলাকাবাসী #চট্টগ্রামসংবাদ #BreakingNews #FireAlert #LocalHeroes #EmergencyResponse #চট্টগ্রাম৯নংওয়ার্ড #মাদ্রাসা #আগুননিয়ন্ত্রণ",Unknown,2025-09-01 05:00,Unknown,https://www.facebook.com/hashtag/FireAlert
Facebook,#LandslideAlert,"झांकडी N H 5 अभी फिर से बंद  है रिस्क के साथ जाना पड़ रह है ।कृप्या रात को कोई भी सफर न करे।अपना ध्यान रखें।
#landslide #LandslideAlert #photography #jhakri #NH5 झांकडी N H 5 अभी फिर से बंद  है रिस्क के साथ जाना पड़ रह है ।कृप्या रात को कोई भी सफर न करे।अपना ध्यान रखें। #landslide #LandslideAlert #photography #jhakri #NH5",Unknown,2025-09-01 05:00,Unknown,https://www.facebook.com/rishu.ris.3/posts/pfbid037iQhDydo5NGyF9SJw1Xq97h2c1a2aMJMduSp9qUSiQCizsuXLbF9hbtAzRxzT1ngl?__cft__[0]=AZWyLP7IkGnsWCl_W7UJZurixjfnxHr91M2h2PBQTgPJT9ZGHScrDi0gENyLC98550gjzsazZKL2lky_M72DqX1Umt2PMks9khF_OUyqpzl0SZIV8p7oZ0gSrfMQrOv0mvO9OO-SX_LudKAYldtftW3BGKMbdDvj8LglEK3Y6U-jZOd96nzbQMJj2-GfbrdH7L4&__tn__=%2CO%2CP-R
Facebook,civildefensedavao,"MINDANAO WEATHER FORECAST #MINPRSD
ISSUED AT: 5:00 AM 01 September 2025
VALID UNTIL: 5:00 AM Tomorrow
SYNOPSIS: At 3:00 AM today, the Low Pressure Area (LPA) was estimated based on all available at 570 km East Northeast of Virac, Catanduanes (14.5°N, 123.7°E). Meanwhile, another LPA was estimated based on all available data at 900 km East of Eastern Visayas (10.8°N, 133.0°E). Southwest Monsoon affecting Northern Section of Mindanao.
FORECAST:
Zamboanga Peninsula, Caraga and Northern Mindanao will have cloudy skies with scattered rains and thunderstorms due to Southwest Monsoon. Possible flash floods or landslides due to moderate to at times heavy rains. The rest of Mindanao will have partly cloudy to cloudy skies with isolated rainshowers or thunderstorms due to the Southwest Monsoon. Light to moderate winds from southwest to west with slight to moderate seas (0.6 to 1.5 meters).
KAUGALINGONG DAYALEKTO:
Ang Zamboanga Peninsula, Caraga ug ang Northern Mindanao makasinati sa mapanganuron nga kalangitan inubanan sa katag katag nga pag ulan, kilat ug pagpanalugdog tungod sa Southwest Monsoon o Habagat. Posible ang pagbaha o pagdahili say yuta tungod sa karangan ngadto na sa usahay kusog nga pag ulan. Samtang Ang ubang dapit sa Mindanao makasinati sa panalagsang pagdag-um ngadto sa mapanganuron nga kalangitan inubanan sa pat-ak pat-ak nga pag-ulan, kilat ug pagpanalugdog tungod sa Habagat. Hinay ngadto sa kasarangan nga hangin ang magagikan sa habagatang kasadpang ngadto sa kasadpang nga direksyon ug ang kadagatan hapsay ngadto sa kasarangan ang pagbalud (0.6 to 1.5 meters).
OVER LAGUINDINGAN UPPER AIR AND SYNOPTIC STATION, MISAMIS ORIENTAL
Maximum Temperature: 04:00 PM Yesterday --- 27.2 °C
Minimum Temperature: 02:00 AM Today --- 24.0 °C
Maximum Relative Humidity: 02:00 AM Today --- 92 %
Minimum Relative Humidity: 03:00 PM Yesterday --- 85 %
ASTRONOMICAL INFORMATION OVER EL SALVADOR CITY
Sunrise Today : 05:34 AM
Sunset Today : 05:50 PM
Moonrise Today : 12:29 PM
Moonset Today : ------- MINDANAO WEATHER FORECAST #MINPRSD ISSUED AT: 5:00 AM 01 September 2025 VALID UNTIL: 5:00 AM Tomorrow SYNOPSIS: At 3:00 AM today, the Low Pressure Area (LPA) was estimated based on all available at 570 km East Northeast of Virac, Catanduanes (14.5°N, 123.7°E). Meanwhile, another LPA was estimated based on all available data at 900 km East of Eastern Visayas (10.8°N, 133.0°E). Southwest Monsoon affecting Northern Section of Mindanao. FORECAST: Zamboanga Peninsula, Caraga and Northern Mindanao will have cloudy skies with scattered rains and thunderstorms due to Southwest Monsoon. Possible flash floods or landslides due to moderate to at times heavy rains. The rest of Mindanao will have partly cloudy to cloudy skies with isolated rainshowers or thunderstorms due to the Southwest Monsoon. Light to moderate winds from southwest to west with slight to moderate seas (0.6 to 1.5 meters). KAUGALINGONG DAYALEKTO: Ang Zamboanga Peninsula, Caraga ug ang Northern Mindanao makasinati sa mapanganuron nga kalangitan inubanan sa katag katag nga pag ulan, kilat ug pagpanalugdog tungod sa Southwest Monsoon o Habagat. Posible ang pagbaha o pagdahili say yuta tungod sa karangan ngadto na sa usahay kusog nga pag ulan. Samtang Ang ubang dapit sa Mindanao makasinati sa panalagsang pagdag-um ngadto sa mapanganuron nga kalangitan inubanan sa pat-ak pat-ak nga pag-ulan, kilat ug pagpanalugdog tungod sa Habagat. Hinay ngadto sa kasarangan nga hangin ang magagikan sa habagatang kasadpang ngadto sa kasadpang nga direksyon ug ang kadagatan hapsay ngadto sa kasarangan ang pagbalud (0.6 to 1.5 meters). OVER LAGUINDINGAN UPPER AIR AND SYNOPTIC STATION, MISAMIS ORIENTAL Maximum Temperature: 04:00 PM Yesterday --- 27.2 °C Minimum Temperature: 02:00 AM Today --- 24.0 °C Maximum Relative Humidity: 02:00 AM Today --- 92 % Minimum Relative Humidity: 03:00 PM Yesterday --- 85 % ASTRONOMICAL INFORMATION OVER EL SALVADOR CITY Sunrise Today : 05:34 AM Sunset Today : 05:50 PM Moonrise Today : 12:29 PM Moonset Today : -------",Unknown,2025-09-01 05:30,Unknown,https://www.facebook.com/civildefensedavao/posts/pfbid02NLD4qkBVHDLZpvC4vrNQJQKeRTKApHSJV1EzxrBk7wWQzPZaas2yRqvqtXDgP3tWl?__cft__[0]=AZXlA5Qdms53PmLHNEGrrjX5ZrUQNGqlP5nbOafLm8TMEOoWvwmvcvfXthUZwRwxdBT0NSJ3ro8-CLx0JQjexdRImf_obv9Kfh5QrRYwvPGihxH5RrOtd5mBvtPm8kHlU9KYQ3jA3c6S2C-m3kDjqDFkoA_NFR5fkdd9FG2Ocwk39f--OJVz4Q-vLArrfChZud4&__tn__=%2CO%2CP-R
Facebook,mprsdcdo,"As of 2:00 AM today, 01 September 2025, the Low Pressure area (LPA 08i) is being monitored inside the Philippine Area of Responsibility (PAR) and has a ""LOW"" chance of development into a tropical depression within the next 24 hours.
All are advised to monitor updates from DOST-PAGASA. As of 2:00 AM today, 01 September 2025, the Low Pressure area (LPA 08i) is being monitored inside the Philippine Area of Responsibility (PAR) and has a ""LOW"" chance of development into a tropical depression within the next 24 hours.
All are advised to monitor updates from DOST-PAGASA. As of 2:00 AM today, 01 September 2025, the Low Pressure area (LPA 08i) is being monitored inside the Philippine Area of Responsibility (PAR) and has a ""LOW"" chance of development into a tropical depression within the next 24 hours. All are advised to monitor updates from DOST-PAGASA.",Unknown,2025-09-01 05:30,Unknown,https://www.facebook.com/mprsdcdo/posts/pfbid0235eM3fmhdXWJbELByDrcPFdEhStgoFqGCZzyjtB1PyLdGyVAEKUqBG2H7tyVFpxAl?__cft__[0]=AZU9Rtiue04rHkVJZYONqzl5BORwVgc2gb_u_-QCg5cTvLUdgNIFCmg1JDX86B4hWoNqz6L2n4Vb0RKW35Xmr2qYLjIwzqCf_-erfHhV44DNxB9wcpBnlEYEzSq3L2l9bNNPzBOTEnacVASFPVVUzjfeX-yZb4OSgFyHyOnnN_UN20pzFoe__oMvrdeesyGZTNJCPhwmISG64k75NAV9YDFPdj724W85N2uclxXsAvJfpA&__tn__=%2CO%2CP-R
Facebook,NDRRMC,"WEATHER UPDATE | As of 2:00 AM today, 01 September 2025, the Low Pressure area (LPA 08i) is being monitored inside the Philippine Area of Responsibility (PAR) and has a ""LOW"" chance of development into a tropical depression within the next 24 hours.
All are advised to monitor updates from DOST-PAGASA.
#NDRRMC 
#BawatSegundoMahalaga WEATHER UPDATE | As of 2:00 AM today, 01 September 2025, the Low Pressure area (LPA 08i) is being monitored inside the Philippine Area of Responsibility (PAR) and has a ""LOW"" chance of development into a tropical depression within the next 24 hours. All are advised to monitor updates from DOST-PAGASA. #NDRRMC #BawatSegundoMahalaga Announce na po late na naman announcement",Unknown,2025-09-01 05:30,Unknown,https://www.facebook.com/NDRRMC/posts/pfbid02b2HTWVTNepvTAHhgEJpooboybL3gHhDV6qE65sZgobMGBLgKUNwRfoNmpFe7SA8Cl?__cft__[0]=AZUPNwm51VU3BL-Gne1ZrmC6zMKa0nD1swWXjtqMMnYP5RRstMm73N6aXpfG8ZtVIuhkXycwfxv1M1UM-u9j_Z4M9EtoafFZz194LeboBfQ8-iidvwXl92W_yrCpjFKE7ABSercNj-_9gZQxBa17zeHwtNqe19haNaRjmVUwjuL6ElAti9tY69SwlXkCHZNjbEI&__tn__=%2CO%2CP-R
Facebook,UNTVNewsRescue,"Mga balitang humahataw mula sa iba't ibang panig ng mundo, Hataw Balita Ngayon!
Subscribe to our official YouTube channel, https://bit.ly/2ImmXOi
Be the first to know about the latest updates on local and global issues, news and current affairs, 911-UNTV Rescue and public services.
We Serve the People. We Give Glory To God!
#UNTV #UNTVNewsandRescue 
For updates, visit: https://www.untvweb.com/news/
Check out our official social media accounts:
https://www.facebook.com/UNTVNewsRescue
https://www.twitter.com/untvnewsrescue
https://www.youtube.com/untvnewsandrescue
https://www.tiktok.com/@untvnewsandrescue/
Instagram account - @untvnewsrescue
Feel free to share but do not re-upload. Mga balitang humahataw mula sa iba't ibang panig ng mundo, Hataw Balita Ngayon! Subscribe to our official YouTube channel, https://bit.ly/2ImmXOi Be the first to know about the latest updates on local and global issues, news and current affairs, 911-UNTV Rescue and public services. We Serve the People. We Give Glory To God! #UNTV #UNTVNewsandRescue For updates, visit: https://www.untvweb.com/news/ Check out our official social media accounts: https://www.facebook.com/UNTVNewsRescue https://www.twitter.com/untvnewsrescue https://www.youtube.com/untvnewsandrescue https://www.tiktok.com/@untvnewsandrescue/ Instagram account - @untvnewsrescue Feel free to share but do not re-upload. Hello po kuya good morning po mga kapatid. Hello good morning
untv Sept n. Magandang Umaga Hataw Balita Salamat po sa Dios Good morning UNTV Hataw Balita Ngayon",Unknown,2025-09-01 05:30,Unknown,https://www.facebook.com/UNTVNewsRescue/
Facebook,#EarthquakePH,"#EarthquakePH #EarthquakeBatangas
Earthquake Information No.1
Date and Time: 01 September 2025 - 05:18 AM
Magnitude = 1.2
Depth = 005 km
Location = 13.74°N, 120.57°E - 013 km S 34° W of Calatagan (Batangas)
https://earthquake.phivolcs.dost.gov.ph/.../2025_0831... #EarthquakePH #EarthquakeBatangas Earthquake Information No.1 Date and Time: 01 September 2025 - 05:18 AM Magnitude = 1.2 Depth = 005 km Location = 13.74°N, 120.57°E - 013 km S 34° W of Calatagan (Batangas) https://earthquake.phivolcs.dost.gov.ph/.../2025_0831...",Unknown,2025-09-01 05:30,Unknown,https://www.facebook.com/PHIVOLCS/posts/pfbid026Pk9xviAo31crekG4wuxKxVf9JKraJeTgKHcHTi95gvCtJ8mRas66g63ZSvgnpSBl?__cft__[0]=AZXN8ovw6CaXuThz21hyM6gU2NEEQoIHkiSV2UNmtPqOSBea2V8oSXRGqdmCGKbnPfZAvX2wPQ1Y6qGGYEkGkspz6dtpeTekAIsJCax53vSZgoF_Lr_sgpzfQLkD6KqDZXsmC7T592wqIpltD8lAHSfsYggEFuL8PpWZ0NaSj79ImnDMwD6gVp0DxdkAkoY6JxE&__tn__=%2CO%2CP-R
Facebook,#FireAlert,"দাউ দাউ করে জ্বলল গাড়ি, আতঙ্কে থমকাল জাতীয় সড়ক!
আজ দুপুরে দুর্গাপুর থানার কাদারোড এলাকায় ১৯ নম্বর জাতীয় সড়কে হঠাৎ করেই চাঞ্চল্যকর অগ্নিকাণ্ড। চলন্ত অবস্থায় একটি চারচাকা গাড়িতে আচমকা আগুন ধরে যায়। মুহূর্তের মধ্যেই গাড়িটি দাউ দাউ করে জ্বলে ওঠে, ফলে জাতীয় সড়কের ব্যস্ত যাতায়াত কিছুক্ষণ থমকে যায়।
ঘটনার খবর পেয়ে দ্রুত ঘটনাস্থলে পৌঁছায় দমকল বাহিনী ও পুলিশ। দমকল কর্মীরা নিরলস প্রচেষ্টায় আগুন নিয়ন্ত্রণে আনার কাজ শুরু করেছেন। আগুনের তীব্রতায় গাড়িটি প্রায় সম্পূর্ণ পুড়ে খাক হয়ে গেলেও, সৌভাগ্যবশত এখনো পর্যন্ত কোনো প্রাণহানির খবর পাওয়া যায়নি।
স্থানীয়রা আতঙ্কিত হয়ে পড়লেও পুলিশ পরিস্থিতি সামাল দিয়ে ভিড় নিয়ন্ত্রণে আনে।
 বাংলা দর্পণের নিবেদন: জাতীয় সড়কে গাড়ি চালানোর সময় নিজের গাড়ির নিয়মিত সার্ভিসিং ও নিরাপত্তা ব্যবস্থা অবশ্যই খতিয়ে দেখা জরুরি। একটু অসাবধানতা বড় দুর্ঘটনা ডেকে আনতে পারে।
#bangladarpan 
#Durgapur #DurgapurNews #BreakingNews #HighwayAlert #AccidentNews #FireAlert
#viralstory #RescueOperation #WestBengal #goodvibes #NationalHighwayAuthorityofIndia #assansoldurgapurpolicecomisanarate দাউ দাউ করে জ্বলল গাড়ি, আতঙ্কে থমকাল জাতীয় সড়ক! আজ দুপুরে দুর্গাপুর থানার কাদারোড এলাকায় ১৯ নম্বর জাতীয় সড়কে হঠাৎ করেই চাঞ্চল্যকর অগ্নিকাণ্ড। চলন্ত অবস্থায় একটি চারচাকা গাড়িতে আচমকা আগুন ধরে যায়। মুহূর্তের মধ্যেই গাড়িটি দাউ দাউ করে জ্বলে ওঠে, ফলে জাতীয় সড়কের ব্যস্ত যাতায়াত কিছুক্ষণ থমকে যায়। ঘটনার খবর পেয়ে দ্রুত ঘটনাস্থলে পৌঁছায় দমকল বাহিনী ও পুলিশ। দমকল কর্মীরা নিরলস প্রচেষ্টায় আগুন নিয়ন্ত্রণে আনার কাজ শুরু করেছেন। আগুনের তীব্রতায় গাড়িটি প্রায় সম্পূর্ণ পুড়ে খাক হয়ে গেলেও, সৌভাগ্যবশত এখনো পর্যন্ত কোনো প্রাণহানির খবর পাওয়া যায়নি। স্থানীয়রা আতঙ্কিত হয়ে পড়লেও পুলিশ পরিস্থিতি সামাল দিয়ে ভিড় নিয়ন্ত্রণে আনে। বাংলা দর্পণের নিবেদন: জাতীয় সড়কে গাড়ি চালানোর সময় নিজের গাড়ির নিয়মিত সার্ভিসিং ও নিরাপত্তা ব্যবস্থা অবশ্যই খতিয়ে দেখা জরুরি। একটু অসাবধানতা বড় দুর্ঘটনা ডেকে আনতে পারে। #bangladarpan #Durgapur #DurgapurNews #BreakingNews #HighwayAlert #AccidentNews #FireAlert #viralstory #RescueOperation #WestBengal #goodvibes #NationalHighwayAuthorityofIndia #assansoldurgapurpolicecomisanarate",Unknown,2025-09-01 05:30,Unknown,https://www.facebook.com/SUPRIYADURGAPUR/posts/pfbid02dnAhwCPRnY5iQNaS2xgoCqkviGAywm58ZPXVTVwUqT86wJeUKKZzfL9ZVdyHD5wnl?__cft__[0]=AZUtg_NX2XM3CqnFPgWnlDWrK_PSmneFEqqCN_kUHkmgz4XnaQxUaZdnuQ86-Mzx8G35E6RhSnRNIv_m5FRwL_2gnKWJppSFBi1cy0cVz1roA516hE_iHdvSZqndGtq1-OFZU4wdzBO2GQdesfopH-WzfZQPP60QxN5Yu-PF4PlhHdycPtB6ZkY1YSN_upOEDlc&__tn__=%2CO%2CP-R
Facebook,abscbnNEWS,"State weather bureau PAGASA says light to moderate rains are expected over Metro Manila and Cavite due to habagat and the low pressure area, as of 7:00 a.m. on September 1, 2025.
Light to moderate rains are currently affecting Rizal and parts of Bulacan, Laguna, Quezon and Nueva Ecija, which may affect nearby areas. #WeatherPatrol State weather bureau PAGASA says light to moderate rains are expected over Metro Manila and Cavite due to habagat and the low pressure area, as of 7:00 a.m. on September 1, 2025. Light to moderate rains are currently affecting Rizal and parts of Bulacan, Laguna, Quezon and Nueva Ecija, which may affect nearby areas. #WeatherPatrol Malakas din po ulan dto batangas pero nsa school n po mga Bata,",Unknown,2025-09-01 07:30,Unknown,https://www.facebook.com/abscbnNEWS/posts/pfbid02r7iKWK3tJdEFAUTzGDVxDy3Qic5NHFTBL6yRgoH8ZPMxSvqjMt7qxRoPhspw1N3Pl?__cft__[0]=AZWue6VsNBXQWVsHmy9a3Cdb1Q2JBZQujzSk-zYvNLU7ry0LKxFAr98XRPy2HYbBL-oxIB50KmOeKJHz51l5q9c_BxBro4oHqxcw2zc0gj9W0crUxxZC0oPG6lJy_k2E7FGpS1sIRhIz9G4v_5FDAENVPT-SLK9V77Yo4ujs61RM2b0gbOXspBigEtFnu6WpKvY&__tn__=%2CO%2CP-R
Facebook,davaocitydisasterradio,"𝗖𝗦𝗪𝗗𝗢 𝗶𝗻 𝗔𝗰𝘁𝗶𝗼𝗻:  𝗦𝘂𝗻𝗼𝗴 𝘀𝗮 𝗕𝗿𝗴𝘆. 𝟳𝟲-𝗔, 𝗧𝗮𝗹𝗼𝗺𝗼 𝗔 𝗗𝗶𝘀𝘁𝗿𝗶𝗰𝘁
 Agosto 31, 2025 | Purok 12, St. John, Barangay 76-A, Talomo A District
Adlaw sa Domingo, alas 7:10 sa buntag, miulbo ang  sunog sa St.John Bucana, nga nakaapekto sa gibana-banaan nga 25 ka mga pamilya ug 49 ka mga indibidwal.
Kasamtangan, ang mga naapektohan nagpasilong sa Kasilak Gym isip temporaryo nga evacuation site.
Dayon nga mitubag ang City Government of Davao pinaagi sa City Social Welfare and Development Office (CSWDO) pinaagi sa mga serbisyo sama sa Psychosocial First Aid (PFA) sa mga naapektohan og Mobile Kitchen sa paghatag og hot meals. Kasamtangan, anaa sa area ang CSWDO Talomo A Direct Service Implementers (DSIs) alang sa pag conduct og masterlisting ug validation sa mga pamilya ug indibidwal nga apektado. 
 Nagpabilin nga andam ug madasigon ang CSWDO sa paghatod og dali nga tabang ug serbisyo para sa mga Dabawenyong naapektohan sa sunog (CSWDO-PIRCS)
#CSWDODavao
#CSWDOcares
#weCSWDOwecareforDABAWENYOS
#CSWDOmaabtikon
#CSWDOmasaligan
#DabawenyoDCplinado
#DisasterResponse
#ParaSaDabawenyo 𝗖𝗦𝗪𝗗𝗢 𝗶𝗻 𝗔𝗰𝘁𝗶𝗼𝗻:  𝗦𝘂𝗻𝗼𝗴 𝘀𝗮 𝗕𝗿𝗴𝘆. 𝟳𝟲-𝗔, 𝗧𝗮𝗹𝗼𝗺𝗼 𝗔 𝗗𝗶𝘀𝘁𝗿𝗶𝗰𝘁
 Agosto 31, 2025 | Purok 12, St. John, Barangay 76-A, Talomo A District
Adlaw sa Domingo, alas 7:10 sa buntag, miulbo ang  sunog sa St.John Bucana, nga nakaapekto sa gibana-banaan nga 25 ka mga pamilya ug 49 ka mga indibidwal.
Kasamtangan, ang mga naapektohan nagpasilong sa Kasilak Gym isip temporaryo nga evacuation site.
Dayon nga mitubag ang City Government of Davao pinaagi sa City Social Welfare and Development Office (CSWDO) pinaagi sa mga serbisyo sama sa Psychosocial First Aid (PFA) sa mga naapektohan og Mobile Kitchen sa paghatag og hot meals. Kasamtangan, anaa sa area ang CSWDO Talomo A Direct Service Implementers (DSIs) alang sa pag conduct og masterlisting ug validation sa mga pamilya ug indibidwal nga apektado. 
 Nagpabilin nga andam ug madasigon ang CSWDO sa paghatod og dali nga tabang ug serbisyo para sa mga Dabawenyong naapektohan sa sunog (CSWDO-PIRCS)
#CSWDODavao
#CSWDOcares
#weCSWDOwecareforDABAWENYOS
#CSWDOmaabtikon
#CSWDOmasaligan
#DabawenyoDCplinado
#DisasterResponse
#ParaSaDabawenyo 𝗖𝗦𝗪𝗗𝗢 𝗶𝗻 𝗔𝗰𝘁𝗶𝗼𝗻:  𝗦𝘂𝗻𝗼𝗴 𝘀𝗮 𝗕𝗿𝗴𝘆. 𝟳𝟲-𝗔, 𝗧𝗮𝗹𝗼𝗺𝗼 𝗔 𝗗𝗶𝘀𝘁𝗿𝗶𝗰𝘁 Agosto 31, 2025 | Purok 12, St. John, Barangay 76-A, Talomo A District Adlaw sa Domingo, alas 7:10 sa buntag, miulbo ang  sunog sa St.John Bucana, nga nakaapekto sa gibana-banaan nga 25 ka mga pamilya ug 49 ka mga indibidwal. Kasamtangan, ang mga naapektohan nagpasilong sa Kasilak Gym isip temporaryo nga evacuation site. Dayon nga mitubag ang City Government of Davao pinaagi sa City Social Welfare and Development Office (CSWDO) pinaagi sa mga serbisyo sama sa Psychosocial First Aid (PFA) sa mga naapektohan og Mobile Kitchen sa paghatag og hot meals. Kasamtangan, anaa sa area ang CSWDO Talomo A Direct Service Implementers (DSIs) alang sa pag conduct og masterlisting ug validation sa mga pamilya ug indibidwal nga apektado. Nagpabilin nga andam ug madasigon ang CSWDO sa paghatod og dali nga tabang ug serbisyo para sa mga Dabawenyong naapektohan sa sunog (CSWDO-PIRCS) #CSWDODavao #CSWDOcares #weCSWDOwecareforDABAWENYOS #CSWDOmaabtikon #CSWDOmasaligan #DabawenyoDCplinado #DisasterResponse #ParaSaDabawenyo",Unknown,2025-09-01 07:30,Unknown,https://www.facebook.com/davaocitydisasterradio/posts/pfbid02QskZ1Yq1WYekNaV9cz1cdi63uy772DjEr8WPAmeA1A1g8vCHyB51tZFtUDazDmipl?__cft__[0]=AZXGC5-H2WSoBDH8OLAP4CbzMHnhWAPhgRbZXD5VNWYDCG9LIkRsUIm5A_Sa5A7meyPHvYzQgmSNeIsJLe4AuqYOOPnwBUY64Vp_GoyaQj5zbr7IncXykJLkGZNDzTiMXapYHvlDnrnLHYWf-B0XNy7gCwl-KyuiuOP922jNpkZP9bkhjwE24Svp8A-6RoZiFsyaaHP3JwUXDW6j89elp22J&__tn__=%2CO%2CP-R
Facebook,inquirerdotnet,Floods hit villages near Kanlaon Volcano in Negros Occidental town Floods hit villages near Kanlaon Volcano in Negros Occidental town,Unknown,2025-09-01 07:30,Unknown,https://www.facebook.com/inquirerdotnet/posts/pfbid0qP83gVbwfsMDv8Di5F9PrQKi38zKb8hHyrojtbNvuKEF3mgpzmwUYyReRbKSHCmzl?__cft__[0]=AZX0WgY_3SjNnvZEL02fobjgBNsWD-Vewxt3fiWy9d3tK739tC0zTR9dVQFXiAIKRXy-gvUJPp0gewORG2DRQUiMtn9ltfmda_swfo1_5X-ySsECIcURBbTONj6z-ZElASzgQlrC6Z_raSL9WMBMmoo2sCb35n74bjFfRFRaXP6xMEtHwaBdwR7iVfAFHN4_WO8&__tn__=%2CO%2CP-R
Facebook,pagasa.dost.gov.ph,"Hydrological Forecast for Bicol River Basin
Issued at 6:00 AM, 01 September 2025 Hydrological Forecast for Bicol River Basin Issued at 6:00 AM, 01 September 2025 pakawala lng ng pakawala wag isabay s buhos ng mlakas n ulan pra di malala ang baha s low lying area",Unknown,2025-09-01 07:30,Unknown,https://www.facebook.com/PAGASA.DOST.GOV.PH/posts/pfbid02Waz7d1JMR3toQjfkXHkBY9zHyyjo4rbu8DYE2ThE36Y9DgXPpuj7pmkMqSRkzL17l?__cft__[0]=AZVo05Kcp27Byo5HA60ThjgFMjknbd3W1e0S7bTxF1P8kemlf-NTrG_jQj067kxpExGzXDpQTiVyCz0UNZEBrf5HKt-rd-lDJO0aiikTnGILtMx0MUctzexW8h49lUsqW7Na-ir47u1wnwnSSLWBm0fCup4B7c8n9Yucjp3puQ2_NwgVahgMspGIp5MuPiC7NA4&__tn__=%2CO%2CP-R
Facebook,pagasa.dost.gov.ph,pakawala lng ng pakawala wag isabay s buhos ng mlakas n ulan pra di malala ang baha s low lying area,Unknown,2025-09-01 07:30,Unknown,https://www.facebook.com/PAGASA.DOST.GOV.PH/posts/pfbid02Waz7d1JMR3toQjfkXHkBY9zHyyjo4rbu8DYE2ThE36Y9DgXPpuj7pmkMqSRkzL17l?comment_id=2562581020761251&__cft__[0]=AZVo05Kcp27Byo5HA60ThjgFMjknbd3W1e0S7bTxF1P8kemlf-NTrG_jQj067kxpExGzXDpQTiVyCz0UNZEBrf5HKt-rd-lDJO0aiikTnGILtMx0MUctzexW8h49lUsqW7Na-ir47u1wnwnSSLWBm0fCup4B7c8n9Yucjp3puQ2_NwgVahgMspGIp5MuPiC7NA4&__tn__=R-R
Facebook,stormchasersPH,"𝐌𝐄𝐑𝐑𝐘 𝐂𝐇𝐑𝐈𝐒𝐓𝐌𝐀𝐒! 𝐄𝐒𝐓𝐄, 𝐁𝐄𝐑 𝐌𝐎𝐍𝐓𝐇𝐒 𝐍𝐀! 
Alam n'yo ba na ang Pilipinas ang may pinakamahabang Christmas season sa buong mundo? Nagsisimula ito pagtungtong ng Setyembre at tumatagal hanggang sa Feast of the Three Kings (January 6).
115 araw na lang, PASKO NA! 
#BerMonths 𝐌𝐄𝐑𝐑𝐘 𝐂𝐇𝐑𝐈𝐒𝐓𝐌𝐀𝐒! 𝐄𝐒𝐓𝐄, 𝐁𝐄𝐑 𝐌𝐎𝐍𝐓𝐇𝐒 𝐍𝐀! Alam n'yo ba na ang Pilipinas ang may pinakamahabang Christmas season sa buong mundo? Nagsisimula ito pagtungtong ng Setyembre at tumatagal hanggang sa Feast of the Three Kings (January 6). 115 araw na lang, PASKO NA! #BerMonths september1 will be a rainy day",Unknown,2025-09-01 07:30,Unknown,https://www.facebook.com/stormchasersPH/posts/pfbid0LCoVjxEKezU9kzDi6dCRre3Be7WmbemUQrUE3mG49mBYg1dY2RrQeRrPnwfXS7sYl?__cft__[0]=AZVqRvjJu92EnU5Dc5sFXXGQh8v8D6Rn4UB_65en_RW9qGSmjttGrDHCCUPx6A-xQVR-Ckhk6PyndtAX0s7ZsQGrcwQXCGXzuJZdxdoxkMyKgZ1OyPpWHBLbKqLJpb3emXcMaPPb2MudwrL45sATj1w2OOyu5NpiunzEL2kQd6xzA9FXTyDnP8sA2s-xWMy3dDU&__tn__=%2CO%2CP-R
Facebook,#StreetFloodAlert,"WEATHER UPDATE PHILIPPINES
Advisory: Suspension of Classes and Government Work
The National Disaster Risk Reduction and Management Council (NDRRMC) has reported heavy rainfall across several areas of the country. According to the same report, flooding is possible in parts of NCR, Cavite, Laguna, and Bulacan.
In line with this, classes in all levels (public and private) and government work are suspended on Monday, September 1, 2025, in the following areas:
 1. National Capital Region (NCR)
 2. Albay
 3. Antique
 4. Bulacan
 5. Camarines Norte
 6. Camarines Sur
 7. Catanduanes
 8. Cavite
 9. Laguna
 10. Masbate
 11. Negros Occidental
 12. Northern Samar
 13. Occidental Mindoro
 14. Pampanga
 15. Quezon
 16. Rizal
 17. Sorsogon
Authorities are advising the public to remain vigilant, monitor official announcements, and prioritize safety at all times.
Stay safe and dry. 
#WeatherUpdatePH #UlanWatch #BahaPH #StreetFloodAlert #RealTimeUlan #TagUlanSeason #DILGNatin WEATHER UPDATE PHILIPPINES Advisory: Suspension of Classes and Government Work The National Disaster Risk Reduction and Management Council (NDRRMC) has reported heavy rainfall across several areas of the country. According to the same report, flooding is possible in parts of NCR, Cavite, Laguna, and Bulacan. In line with this, classes in all levels (public and private) and government work are suspended on Monday, September 1, 2025, in the following areas: 1. National Capital Region (NCR) 2. Albay 3. Antique 4. Bulacan 5. Camarines Norte 6. Camarines Sur 7. Catanduanes 8. Cavite 9. Laguna 10. Masbate 11. Negros Occidental 12. Northern Samar 13. Occidental Mindoro 14. Pampanga 15. Quezon 16. Rizal 17. Sorsogon Authorities are advising the public to remain vigilant, monitor official announcements, and prioritize safety at all times. Stay safe and dry. #WeatherUpdatePH #UlanWatch #BahaPH #StreetFloodAlert #RealTimeUlan #TagUlanSeason #DILGNatin",Unknown,2025-09-01 07:30,Unknown,https://www.facebook.com/hashtag/StreetFloodAlert
Facebook,abscbnNEWS,"Watch Karen Davila’s interviews with government officials and analysts on #ANCHeadstart (1 Septembe 2025) Watch Karen Davila’s interviews with government officials and analysts on #ANCHeadstart (1 Septembe 2025) Basa ang mga mata SA iyak dahil sa hirap habang ang iba, sobrang pasarap. Basa ang mga paa dahil sa baha, habang ang iba, bulsa ang tumataba. Hanggang kailan ka magtitiis? Hanggang kailan ka magtitimpi? Tapos gigising ka, bukas makalawa, Bigla mong malilimutan yung nagawa nila. Sa panahon ngayon, bawal pumikit. Sa panahon ngayon, bawal tumalikod. Hindi tatahimik, di na titiisin ang sakit, hindi na makakalimot. Huling lusong sa baha. Huling tulo ng luha. Hindi na pasisiil, Handa na tayong maningil. Let justice & mercy meet together Happy birthday",Unknown,2025-09-01 08:00,Unknown,https://www.facebook.com/abscbnNEWS/
Facebook,abscbnNEWS,"Basa ang mga mata SA iyak dahil sa hirap habang ang iba, sobrang pasarap. Basa ang mga paa dahil sa baha, habang ang iba, bulsa ang tumataba. Hanggang kailan ka magtitiis? Hanggang kailan ka magtitimpi? Tapos gigising ka, bukas makalawa, Bigla mong malilimutan yung nagawa nila. Sa panahon ngayon, bawal pumikit. Sa panahon ngayon, bawal tumalikod. Hindi tatahimik, di na titiisin ang sakit, hindi na makakalimot. Huling lusong sa baha. Huling tulo ng luha. Hindi na pasisiil, Handa na tayong maningil. Let justice & mercy meet together",Unknown,2025-09-01 08:00,Unknown,https://www.facebook.com/abscbnNEWS/
Facebook,davaocitydisasterradio,"LIVE | DCDR Morning Newscast
September 01, 2025 | 07:30AM
Anchored by James Galay
#DCDR
#DXQQ87_5FM
#AngRadyoSaMgaDabawenyo LIVE | DCDR Morning Newscast September 01, 2025 | 07:30AM Anchored by James Galay #DCDR #DXQQ87_5FM #AngRadyoSaMgaDabawenyo Aduna ba kamo'y gusto ipaabot nga pangutana o concern pinaagi sa atong mga programa? Text o Tawag sa… See more Aduna ba kamo'y gusto ipaabot nga pangutana o concern pinaagi sa mga programa sa Davao City Disaster Radio? I-text, tawag, o message sa: … See more",Unknown,2025-09-01 08:00,Unknown,https://www.facebook.com/davaocitydisasterradio/
Facebook,pagasa.dost.gov.ph,"Quezon City Flooding Event
Flooding Event in Quezon City (August 30, 2025)
● A severe thunderstorm affected the northern portions of Metro Manila on August 30, 2025, between 1:00 PM and 4:00 PM.
● The Science Garden Station recorded 134.2 mm of rainfall, which is nearly equivalent to one week’s worth of rain based on the monthly normal of 568.5 mm.
● This heavy downpour caused significant flooding in several areas of Quezon City.
https://pubfiles.pagasa.dost.gov.ph/.../QCFlooding.pdf Quezon City Flooding Event Flooding Event in Quezon City (August 30, 2025) ● A severe thunderstorm affected the northern portions of Metro Manila on August 30, 2025, between 1:00 PM and 4:00 PM. ● The Science Garden Station recorded 134.2 mm of rainfall, which is nearly equivalent to one week’s worth of rain based on the monthly normal of 568.5 mm. ● This heavy downpour caused significant flooding in several areas of Quezon City. https://pubfiles.pagasa.dost.gov.ph/.../QCFlooding.pdf kita mo yan Quezon City Government tapos bagal nyo pa mag suspend Amber Livaudais teh, radar imagery yan nung sabado",Unknown,2025-09-01 08:00,Unknown,https://www.facebook.com/PAGASA.DOST.GOV.PH/posts/pfbid0LHwCjUhjHf6rqspJNERidtcb8Dp7VWQyvtp3RUbtqi5eB7RJ1yPUDgS3pu1FgZJzl?__cft__[0]=AZUxv8y6ypfmrm3gpCglF5rJvtynPTg7NQvj4QpFRTyk8_k3kUaCAYyhJGlIviCSi4wCDqQi84gaD-ThbM6ypJTgdV3AFLedhAchYNK04Gl_3CoYXxoxihcgqLJzIXVpqJrzhMRYYh2rFt_nem8HB0zPcGe1NmFB495PDcsoDwokmF7ERyPsuoORPTonXtYe564&__tn__=%2CO%2CP-R
Facebook,PHIVOLCS,"#EarthquakePH #EarthquakeAgusanDelSur
Earthquake Information No.1
Date and Time: 01 September 2025 - 06:08 AM
Magnitude = 1.8
Depth = 023 km
Location = 08.10°N, 125.66°E - 024 km S 68° W of Loreto (Agusan Del Sur)
https://earthquake.phivolcs.dost.gov.ph/.../2025_0831... #EarthquakePH #EarthquakeAgusanDelSur Earthquake Information No.1 Date and Time: 01 September 2025 - 06:08 AM Magnitude = 1.8 Depth = 023 km Location = 08.10°N, 125.66°E - 024 km S 68° W of Loreto (Agusan Del Sur) https://earthquake.phivolcs.dost.gov.ph/.../2025_0831... Ingat kayo mga dds diyan",Unknown,2025-09-01 08:00,Unknown,https://www.facebook.com/PHIVOLCS/posts/pfbid0vQGzEoj6hsb3ynBjvdAtmax7XkKGqvqHGka13mZV9kZFZcqKh6PJrDj31AozpJW8l?__cft__[0]=AZX4fQx0n1K0hkDGvAZXRtEcLY6j5yxqgiiHvniBqNzDxEC65c1CAO6mmhVfZPse4e5kZ2NUAuGpOW7-UbABWwh9Mn9-Vdkwk6nsbJaGK60BYKfyb-fs3-yRwQ_Gb_iCDrbNErYw9LX73FNx4-JLOb2KmUhs0AVMgWueyYAbabaENTujX6in15HvW84SxM5uit0&__tn__=%2CO%2CP-R
Facebook,sunstardavaonews,"Davao City’s Lee Vann Corteza nearly added another major crown to his storied career but suffered a heartbreaking 13-12 defeat to Mandaluyong’s Paolo Gallito in the Efren “Bata” Reyes Yalin 10-Ball Championship final held Saturday, August 30, at Pacman’s Cue Club in Mandaluyong City. Davao City’s Lee Vann Corteza nearly added another major crown to his storied career but suffered a heartbreaking 13-12 defeat to Mandaluyong’s Paolo Gallito in the Efren “Bata” Reyes Yalin 10-Ball Championship final held Saturday, August 30, at Pacman’s Cue Club in Mandaluyong City.",Unknown,2025-09-01 08:00,Unknown,https://www.facebook.com/sunstardavaonews/posts/pfbid038JbKUeWMVgHb8irCno7mR7hLeJeGtpTwKuuhYwN1yGBRYfMesfgMVnT3w7zYJHVcl?__cft__[0]=AZVe7hsgCxfHNVEQeWTVhdmjEMTmogGYZxbyQuLBwwnmmJRK5itPPNBHfyZi6_RP0LMj-eo1iuaKCcFrLE8dUenpHCbtCH-hVHiYWibO1MIte9IrPVtOeDMuIy0X5YMpFwDp40ek_8Iysp1Y5ZuxZ5zzKDpjQz3Bf3O3lqdK1yPh03OOsl-l6W3w_3lWyH6509g&__tn__=%2CO%2CP-R
Facebook,stormchasersPH,"𝐈𝐍𝐆𝐀𝐓 𝐏𝐎 𝐒𝐀 𝐌𝐆𝐀 𝐌𝐀𝐘 𝐏𝐀𝐒𝐎𝐊! 
Maulap at maulang panahon ang bumungad ngayong unang araw ng ber months sa ating mga kababayan sa halos buong #Luzon at #Visayas dahil sa pinagsamang epekto ng LPA at #Habagat.
Pinag-iingat ang lahat sa banta ng mga biglaang pagbaha at mga pagguho ng lupa.
— PWS/PSU
#WeatherUpdate #LPA #HabagatPH 𝐈𝐍𝐆𝐀𝐓 𝐏𝐎 𝐒𝐀 𝐌𝐆𝐀 𝐌𝐀𝐘 𝐏𝐀𝐒𝐎𝐊! Maulap at maulang panahon ang bumungad ngayong unang araw ng ber months sa ating mga kababayan sa halos buong #Luzon at #Visayas dahil sa pinagsamang epekto ng LPA at #Habagat. Pinag-iingat ang lahat sa banta ng mga biglaang pagbaha at mga pagguho ng lupa. — PWS/PSU #WeatherUpdate #LPA #HabagatPH Umpisahan na yung ulan",Unknown,2025-09-01 08:00,Unknown,https://www.facebook.com/stormchasersPH/posts/pfbid02FuN9wqWuq1Yycw3hHU3vr3nybzWW2aAePGvBvioAimhY2xPvo2fxfpaDj8Y2wbRbl?__cft__[0]=AZUFFvTkUKXTtGo5MY76Ks6vOWw8ifXgVEgV1oqKJ65y5F8EM9V2NZLvA8HmLqUZCSxgrbI666zrsOxvnmrkKZ03SHp8NUGFskjHIjJNHf8V2jpzEyh_pUodb8Ln8oSQVmfUBz4UdeAMGctAVMP9amgGdZJTOpvpWMuMchMgUOEqdpKCudUJ44LxdExUQ60vDTQ&__tn__=%2CO%2CP-R
Facebook,#BahaPH,Ang lala! #BahaPH Ang lala! #BahaPH,Unknown,2025-09-01 08:00,Unknown,https://www.facebook.com/rodmagarushow/posts/pfbid02dtwRfmBTM1yyj2S15kigL9coNsYLPYSwoJ43o7DJKU8FMMZMxhDPmDNyuUWAUoWRl?__cft__[0]=AZWZI3DcyN1wTX9PXvSho7cxnzj_VTUVgoJhdtx-YuA1nqLy00jE80w_4RmD4maORwEjFon2L4kG1zfQZWMW4w1uxGvNFRNmf74FqYHnmw6_tsafdL7rznlZ_TphIrK-RxQhXzhxBgAZ-fk_uwbhpqpEKV4F09BVUzkfyD82Ebg8uK1FHOAEqNaWgAp2AI3ss3QRFVF42ZUROoYx68GeqdoacZrhNldHkKrZJyZ5FrnWkg&__tn__=%2CO%2CP-R
Facebook,atenews,"BREAKING: The Philippine Center for Investigative Journalism (PCIJ) has released a list of contractors involved in flood-control projects in the Philippines. 
As of August 2025, reports about ghost projects, substandard construction quality, and the alleged misuse of flood-control funds have been uncovered due to lack of visible implementation and the ineffectiveness of the flood-control measures during recent storms and floods across the nation.
To further investigate these allegations, the House of Representatives has formally invited the Department of Public Works and Highways (DPWH) and 15 contractors responsible for 20% of nearly 10,000 projects undertaken since 2022, for a hearing scheduled on September 2, 2025.
Read more here:
https://www.abs-cbn.com/.../dpwh-15-contractors-behind...
https://pcij.org/flood-control-records/... BREAKING: The Philippine Center for Investigative Journalism (PCIJ) has released a list of contractors involved in flood-control projects in the Philippines. As of August 2025, reports about ghost projects, substandard construction quality, and the alleged misuse of flood-control funds have been uncovered due to lack of visible implementation and the ineffectiveness of the flood-control measures during recent storms and floods across the nation. To further investigate these allegations, the House of Representatives has formally invited the Department of Public Works and Highways (DPWH) and 15 contractors responsible for 20% of nearly 10,000 projects undertaken since 2022, for a hearing scheduled on September 2, 2025. Read more here: https://www.abs-cbn.com/.../dpwh-15-contractors-behind... https://pcij.org/flood-control-records/...",Unknown,2025-09-01 08:30,Unknown,https://www.facebook.com/atenews/posts/pfbid0MnyYq1E7CRxsU7K4Lui12SSxnLUk2GaUprhi5NLGCybfvvhm9TTk4nK8r86UvRt3l?__cft__[0]=AZWLB7CGRwtfipWJoB6fcUIPT1xWEeahXBPKdBwPRUh-pxHNnqMfofRNH5prI7H0I4U5E60WNGRp_4Zl6dH_NiGzYbSuJvWI_P8A8QMp5XqBmYLOTGnqQXyMEDe4cIqc-8shKQ-DqEhM4_xxlnXhdi_OL0XAAXkv1oVAjiB1CXVvF_b0-arVyx3RUy16jWkvjNA&__tn__=%2CO%2CP-R
Facebook,BFPRHQ11,"BFP 11 ON PHYSICAL FITNESS
Bansalan Fire Station personnel recently held a tennis training session as part of their physical fitness activity.
Engaging in regular exercise is a key aspect of their commitment to public service, ensuring they maintain a physically, mentally, and emotionally healthy disposition. BFP 11 ON PHYSICAL FITNESS Bansalan Fire Station personnel recently held a tennis training session as part of their physical fitness activity. Engaging in regular exercise is a key aspect of their commitment to public service, ensuring they maintain a physically, mentally, and emotionally healthy disposition. 𝐁𝐀𝐍𝐒𝐀𝐋𝐀𝐍 𝐅𝐈𝐑𝐄 𝐒𝐓𝐀𝐓𝐈𝐎𝐍
 09498218200
 272-0364
IN PHOTOS l 𝗣𝗵𝘆𝘀𝗶𝗰𝗮𝗹 𝗙𝗶𝘁𝗻𝗲𝘀𝘀 𝗔𝗰𝘁𝗶𝘃𝗶𝘁𝘆| 28 August 2025
The Bansalan Fire Station personnel spearheaded by 𝐅𝐈𝐍𝐒𝐏 𝐃𝐀𝐕𝐈𝐃 𝐉 𝐌𝐈𝐑𝐀𝐋𝐋𝐄𝐒, Acting Municipal Fire Marshal with the supervision of 𝐅𝐒𝐔𝐏𝐓 𝐉𝐄𝐀𝐍𝐍𝐘 𝐒 𝐂𝐀𝐋𝐕𝐀𝐑𝐈𝐎, Provincial Fire Marshal of Davao del Sur and under the leadership of 𝐅𝐂𝐒𝐔𝐏𝐓 𝐉𝐔𝐍𝐈𝐓𝐎 𝐅 𝐌𝐀𝐒𝐋𝐀𝐍𝐆, 𝗗𝗦𝗖 Regional Director R11, on duty personnel conducted  physical fitness activity thru lawn tennis.   
                                                                                                                                           Physical fitness is a state of health and well-being that enables you to perform daily tasks, enjoy leisure activities, and meet unexpected demands.
#publicsafety 
#firefightersduty
#bfpdavsur
""𝙎𝙖 𝙋𝙖𝙜-𝙞𝙬𝙖𝙨 𝙨𝙖 𝙎𝙪𝙣𝙤𝙜, 𝙃𝙞𝙣𝙙𝙞 𝙠𝙖 𝙉𝙖𝙜-𝙞𝙞𝙨𝙖!""
𝗜𝗻 𝗰𝗮𝘀𝗲 𝗼𝗳 𝗲𝗺𝗲𝗿𝗴𝗲𝗻𝗰𝘆 𝗰𝗮𝗹𝗹 𝗼𝗿 𝗺𝗲𝘀𝘀𝗮𝗴𝗲:
   𝗕𝗙𝗣 𝗕𝗮𝗻𝘀𝗮𝗹𝗮𝗻 𝗛𝗼𝘁𝗹𝗶𝗻𝗲
             𝗧𝗡𝗧 - 𝟬𝟵𝟰𝟵𝟴𝟮𝟭𝟴𝟮𝟬𝟬
               𝗧𝗲𝗹.# - 𝟮𝟳𝟮-𝟬𝟯𝟲𝟰
BFP Rxi Bansalan Fire Station 𝐁𝐀𝐍𝐒𝐀𝐋𝐀𝐍 𝐅𝐈𝐑𝐄 𝐒𝐓𝐀𝐓𝐈𝐎𝐍
 09498218200
 272-0364
IN PHOTOS l 𝗣𝗵𝘆𝘀𝗶𝗰𝗮𝗹 𝗙𝗶𝘁𝗻𝗲𝘀𝘀 𝗔𝗰𝘁𝗶𝘃𝗶𝘁𝘆| 28 August 2025
The Bansalan Fire Station personnel spearheaded by 𝐅𝐈𝐍𝐒𝐏 𝐃𝐀𝐕𝐈𝐃 𝐉 𝐌𝐈𝐑𝐀𝐋𝐋𝐄𝐒, Acting Municipal Fire Marshal with the supervision of 𝐅𝐒𝐔𝐏𝐓 𝐉𝐄𝐀𝐍𝐍𝐘 𝐒 𝐂𝐀𝐋𝐕𝐀𝐑𝐈𝐎, Provincial Fire Marshal of Davao del Sur and under the leadership of 𝐅𝐂𝐒𝐔𝐏𝐓 𝐉𝐔𝐍𝐈𝐓𝐎 𝐅 𝐌𝐀𝐒𝐋𝐀𝐍𝐆, 𝗗𝗦𝗖 Regional Director R11, on duty personnel conducted  physical fitness activity thru lawn tennis.   
                                                                                                                                           Physical fitness is a state of health and well-being that enables you to perform daily tasks, enjoy leisure activities, and meet unexpected demands.
#publicsafety 
#firefightersduty
#bfpdavsur
""𝙎𝙖 𝙋𝙖𝙜-𝙞𝙬𝙖𝙨 𝙨𝙖 𝙎𝙪𝙣𝙤𝙜, 𝙃𝙞𝙣𝙙𝙞 𝙠𝙖 𝙉𝙖𝙜-𝙞𝙞𝙨𝙖!""
𝗜𝗻 𝗰𝗮𝘀𝗲 𝗼𝗳 𝗲𝗺𝗲𝗿𝗴𝗲𝗻𝗰𝘆 𝗰𝗮𝗹𝗹 𝗼𝗿 𝗺𝗲𝘀𝘀𝗮𝗴𝗲:
   𝗕𝗙𝗣 𝗕𝗮𝗻𝘀𝗮𝗹𝗮𝗻 𝗛𝗼𝘁𝗹𝗶𝗻𝗲
             𝗧𝗡𝗧 - 𝟬𝟵𝟰𝟵𝟴𝟮𝟭𝟴𝟮𝟬𝟬
               𝗧𝗲𝗹.# - 𝟮𝟳𝟮-𝟬𝟯𝟲𝟰
BFP Rxi Bansalan Fire Station 𝐁𝐀𝐍𝐒𝐀𝐋𝐀𝐍 𝐅𝐈𝐑𝐄 𝐒𝐓𝐀𝐓𝐈𝐎𝐍 09498218200 272-0364 IN PHOTOS l 𝗣𝗵𝘆𝘀𝗶𝗰𝗮𝗹 𝗙𝗶𝘁𝗻𝗲𝘀𝘀 𝗔𝗰𝘁𝗶𝘃𝗶𝘁𝘆| 28 August 2025 The Bansalan Fire Station personnel spearheaded by 𝐅𝐈𝐍𝐒𝐏 𝐃𝐀𝐕𝐈𝐃 𝐉 𝐌𝐈𝐑𝐀𝐋𝐋𝐄𝐒, Acting Municipal Fire Marshal with the supervision of 𝐅𝐒𝐔𝐏𝐓 𝐉𝐄𝐀𝐍𝐍𝐘 𝐒 𝐂𝐀𝐋𝐕𝐀𝐑𝐈𝐎, Provincial Fire Marshal of Davao del Sur and under the leadership of 𝐅𝐂𝐒𝐔𝐏𝐓 𝐉𝐔𝐍𝐈𝐓𝐎 𝐅 𝐌𝐀𝐒𝐋𝐀𝐍𝐆, 𝗗𝗦𝗖 Regional Director R11, on duty personnel conducted  physical fitness activity thru lawn tennis. Physical fitness is a state of health and well-being that enables you to perform daily tasks, enjoy leisure activities, and meet unexpected demands. #publicsafety #firefightersduty #bfpdavsur ""𝙎𝙖 𝙋𝙖𝙜-𝙞𝙬𝙖𝙨 𝙨𝙖 𝙎𝙪𝙣𝙤𝙜, 𝙃𝙞𝙣𝙙𝙞 𝙠𝙖 𝙉𝙖𝙜-𝙞𝙞𝙨𝙖!"" 𝗜𝗻 𝗰𝗮𝘀𝗲 𝗼𝗳 𝗲𝗺𝗲𝗿𝗴𝗲𝗻𝗰𝘆 𝗰𝗮𝗹𝗹 𝗼𝗿 𝗺𝗲𝘀𝘀𝗮𝗴𝗲: 𝗕𝗙𝗣 𝗕𝗮𝗻𝘀𝗮𝗹𝗮𝗻 𝗛𝗼𝘁𝗹𝗶𝗻𝗲 𝗧𝗡𝗧 - 𝟬𝟵𝟰𝟵𝟴𝟮𝟭𝟴𝟮𝟬𝟬 𝗧𝗲𝗹.# - 𝟮𝟳𝟮-𝟬𝟯𝟲𝟰 BFP Rxi Bansalan Fire Station",Unknown,2025-09-01 08:30,Unknown,https://www.facebook.com/BFPRHQ11/posts/pfbid037SgbY2bMERssiF77e1eUfSdVBkBTVNBCgZ26KAXBzHxdHXKajPN2e7cdZDxS5q6xl?__cft__[0]=AZXmopaDaUmFxQpQDd2sTp7LeA3oRgJVlLChCGqTBJakzWdOwThI7wEmqylmCV7JkDwcuonf7Ws7h11Zsf0GQe5EVurHPpUSG-H25PAZ-YCbUL-zelGgdYfh62iTgRqSeQCwRS_e5jc5OXYccbAzSDEogEU51-6GClsAVXxxe0ZIMG2sHZ6NkUqOGkiHCdyAqTMiywG8ShgHFww4aycxsAX6MeV0rQ5GOegw8tl-1PiHIQ&__tn__=%2CO%2CP-R
Facebook,NDRRMC,"WEATHER UPDATE | As of 2:00 AM today, 01 September 2025, the Low Pressure area (LPA 08i) is being monitored inside the Philippine Area of Responsibility (PAR) and has a ""LOW"" chance of development into a tropical depression within the next 24 hours.
All are advised to monitor updates from DOST-PAGASA.
#NDRRMC 
#BawatSegundoMahalaga WEATHER UPDATE | As of 2:00 AM today, 01 September 2025, the Low Pressure area (LPA 08i) is being monitored inside the Philippine Area of Responsibility (PAR) and has a ""LOW"" chance of development into a tropical depression within the next 24 hours. All are advised to monitor updates from DOST-PAGASA. #NDRRMC #BawatSegundoMahalaga Sabihin ninyo agad na walang pasok kawawa mga Bata. Magdamag ng ulan Ang tagal ninyo magdesisyon.",Unknown,2025-09-01 08:30,Unknown,https://www.facebook.com/NDRRMC/posts/pfbid02b2HTWVTNepvTAHhgEJpooboybL3gHhDV6qE65sZgobMGBLgKUNwRfoNmpFe7SA8Cl?__cft__[0]=AZXDW-Jsvew1aDeWo3RT3zL8FfatW7b3Z970cJ4uJjeB9_V3x9qmqsrmOC8-nFFtuydto0d4Fq7OgGyMLUGVDaXzwRjMUS5dtPrhPQYA0rA6aMQXCPxSk8juPO2Sr9cTT7_QmhLLEQ-FNKG_MtIB-qxfTXFbcU7yT9TJu-WWDo3iHC5rp0DPDkwbSL6NeGbMk9w&__tn__=%2CO%2CP-R
Facebook,PHIVOLCS,"#EarthquakePH #EarthquakeSurigaoDelSur
Earthquake Information No.1
Date and Time: 01 September 2025 - 08:15 AM
Magnitude = 1.8
Depth = 034 km
Location = 08.82°N, 126.23°E - 008 km N 77° W of Marihatag (Surigao Del Sur)
https://earthquake.phivolcs.dost.gov.ph/.../2025_0901... #EarthquakePH #EarthquakeSurigaoDelSur Earthquake Information No.1 Date and Time: 01 September 2025 - 08:15 AM Magnitude = 1.8 Depth = 034 km Location = 08.82°N, 126.23°E - 008 km N 77° W of Marihatag (Surigao Del Sur) https://earthquake.phivolcs.dost.gov.ph/.../2025_0901...",Unknown,2025-09-01 08:30,Unknown,https://www.facebook.com/PHIVOLCS/posts/pfbid02Z4huPiXm9fhQimusqYQZn9cHjkxqTmmfDXkiVwtTiW9WGh2NMBxRj7FDEJCft5vCl?__cft__[0]=AZV4W6R8iEqouYGHwJPjdElIyb43y1_EiJvz4I3gsVUOIbF9iyQ2RFdGF1pTx7IE3PXnUfdF-QgTWGdGALYh6gd0iDef5eghHxk7fCmaAfnxA10Fi2GLKaMl3jtH7-F8t5__egnNh0xe0uejd8Cg-npMJRimB6v2FzCnekFsA3Q-ag1o3lTuqoxDkq1dCgsrdsY&__tn__=%2CO%2CP-R
Facebook,stormchasersPH,"𝐈𝐍𝐆𝐀𝐓 𝐏𝐎 𝐒𝐀 𝐌𝐆𝐀 𝐌𝐀𝐘 𝐏𝐀𝐒𝐎𝐊! 
Maulap at maulang panahon ang bumungad ngayong unang araw ng ber months sa ating mga kababayan sa halos buong #Luzon at #Visayas dahil sa pinagsamang epekto ng LPA at #Habagat.
Pinag-iingat ang lahat sa banta ng mga biglaang pagbaha at mga pagguho ng lupa.
— PWS/PSU
#WeatherUpdate #LPA #HabagatPH 𝐈𝐍𝐆𝐀𝐓 𝐏𝐎 𝐒𝐀 𝐌𝐆𝐀 𝐌𝐀𝐘 𝐏𝐀𝐒𝐎𝐊! Maulap at maulang panahon ang bumungad ngayong unang araw ng ber months sa ating mga kababayan sa halos buong #Luzon at #Visayas dahil sa pinagsamang epekto ng LPA at #Habagat. Pinag-iingat ang lahat sa banta ng mga biglaang pagbaha at mga pagguho ng lupa. — PWS/PSU #WeatherUpdate #LPA #HabagatPH Jesus we trust on you amen",Unknown,2025-09-01 08:30,Unknown,https://www.facebook.com/stormchasersPH/posts/pfbid02FuN9wqWuq1Yycw3hHU3vr3nybzWW2aAePGvBvioAimhY2xPvo2fxfpaDj8Y2wbRbl?__cft__[0]=AZX4UqpNI580ch_9tmohb_0dizA6hmjb3tKCbzr18Zp3wHHRAEPxUPQQwBljwP8DyJ-vVpqjeZCAcd6iy8i219fqs0MVcnbcKVCuWAk39HiQ9amkPIQqKzzetWAFVMJ4K1BPqhq-Z1jnkCUU3r5LaL7G-Vn9jRKcxkmA5zWWwqFZ-q5baxMlLqrtpVGUWx14GRU&__tn__=%2CO%2CP-R
Facebook,weather.davao,"24 HR. LOCALIZED WEATHER FORECAST FOR DAVAO REGION
ISSUED AT 5:00 AM SEPTEMBER 01, 2025
Valid Until 5:00 AM TOMORROW
SYNOPSIS: 
At 3:00 AM today, the Low Pressure Area (LPA) was estimated based on all available at 570 km East Northeast of Virac, Catanduanes or 695 km East of Daet, Camarines Norte (14.6°N, 129.4°E). 
Southwest Monsoon affecting the western sections of Central and Southern Luzon, Visayas, and the northern section of Mindanao.
LOCALIZED THUNDERSTORMS affecting Davao Region.
FORECAST:
DAVAO REGION will experience partly cloudy to cloudy skies with isolated rainshowers and thunderstorms due LOCALIZED THUNDERSTORMS. Possible flashfloods or landslides during severe thunderstorms. 
Moderate winds coming from the Southwest to West will prevail and the coastal waters will be Moderate. 
(1.2 to 1.8 meters wave height)
KAUGALINGONG PINULUNGAN:
Ang Dakbayan sa DAVAO ug ubang dapit sa Davao Region makasinati  sa  panalagsa nga pagdag.um ngadto sa mapanganurun nga  kalangitan inubanan sa PAT-AK PAT-AK  nga  pag-ulan, kilat ug pagpanalugdug tungod  sa LOCALIZED THUNDERSTORMS. Posible ang mga pagbaha og landslides kung dunay kusog nga pag ulan. 
Kasarangan nga huyop sa hangin nga magagikan sa Habagatang Kasadpan ngadto sa Kasadpan nga  direksyon ang mupasulabi, ug ang kadagatan mahimong kasarangan ang balod. 
(1.2 to 1.8 meters wave height).
OVER DAVAO CITY:
Temperature Today:             25˚C to 30˚C
Sunrise (Sidlak)  Today:        5:34 AM 
Sunset  (Salop)  Today:         5:49 PM 
For more information and queries, please call telephone for local number (082)234-0890 and (088)555-0485 for regional or log on to  bagong.pagasa.dost.gov.ph…/regional…/Mindanao-PRSD or join our Facebook Group at Mindanao PRSD (Regional Office) or PAGASA Davao (Local). 24 HR. LOCALIZED WEATHER FORECAST FOR DAVAO REGION ISSUED AT 5:00 AM SEPTEMBER 01, 2025 Valid Until 5:00 AM TOMORROW SYNOPSIS: At 3:00 AM today, the Low Pressure Area (LPA) was estimated based on all available at 570 km East Northeast of Virac, Catanduanes or 695 km East of Daet, Camarines Norte (14.6°N, 129.4°E). Southwest Monsoon affecting the western sections of Central and Southern Luzon, Visayas, and the northern section of Mindanao. LOCALIZED THUNDERSTORMS affecting Davao Region. FORECAST: DAVAO REGION will experience partly cloudy to cloudy skies with isolated rainshowers and thunderstorms due LOCALIZED THUNDERSTORMS. Possible flashfloods or landslides during severe thunderstorms. Moderate winds coming from the Southwest to West will prevail and the coastal waters will be Moderate. (1.2 to 1.8 meters wave height) KAUGALINGONG PINULUNGAN: Ang Dakbayan sa DAVAO ug ubang dapit sa Davao Region makasinati  sa  panalagsa nga pagdag.um ngadto sa mapanganurun nga  kalangitan inubanan sa PAT-AK PAT-AK  nga  pag-ulan, kilat ug pagpanalugdug tungod  sa LOCALIZED THUNDERSTORMS. Posible ang mga pagbaha og landslides kung dunay kusog nga pag ulan. Kasarangan nga huyop sa hangin nga magagikan sa Habagatang Kasadpan ngadto sa Kasadpan nga  direksyon ang mupasulabi, ug ang kadagatan mahimong kasarangan ang balod. (1.2 to 1.8 meters wave height). OVER DAVAO CITY: Temperature Today:             25˚C to 30˚C Sunrise (Sidlak)  Today:        5:34 AM Sunset  (Salop)  Today:         5:49 PM For more information and queries, please call telephone for local number (082)234-0890 and (088)555-0485 for regional or log on to  bagong.pagasa.dost.gov.ph…/regional…/Mindanao-PRSD or join our Facebook Group at Mindanao PRSD (Regional Office) or PAGASA Davao (Local).",Unknown,2025-09-01 08:30,Unknown,https://www.facebook.com/weather.davao/posts/pfbid0TPz649KQ2WfG8n6P8mCaVc2osZoP8mXZyXjLgT8HJj4hMzhUhaczzat2G9uJ2Fz4l?__cft__[0]=AZVyauFTog4QMwK0F3oDHvrXIn2Nz5jT4OsX2cJMu6tQwjOTr7QoWibqe-LmaWgewmyPDDIdXYi6ErKkbNaMNWC4NnZ0RuUym_TIwfvCVduO4mx3_ekqtfXTxKgtCOqKO2MucwUp1B86VHLX89XWafZgCN4t6W_TYBwOFk7s16DS0XyGOoqFWa5i4BRsTapX-T4&__tn__=%2CO%2CP-R
Facebook,#FireAlert,"SUNOG SA BARANGAY LABANGON CEBU CITY
 FIRE ALERT: Fire hits a residential area at vicinity of Sitio Sta Ana Near Paseo Arcenas Barangay Labangon Cebu City This Monday Early Morning, September 01, 2025. Mabolo Smart Engine are now on scene.
STATUS UPDATE
•POSITIVE ALARM 
•1ST ALARM 
#FireAlert
#ResidentialFire 
#MaboloFireBrigade
#MaboloSmart SUNOG SA BARANGAY LABANGON CEBU CITY FIRE ALERT: Fire hits a residential area at vicinity of Sitio Sta Ana Near Paseo Arcenas Barangay Labangon Cebu City This Monday Early Morning, September 01, 2025. Mabolo Smart Engine are now on scene. STATUS UPDATE •POSITIVE ALARM •1ST ALARM #FireAlert #ResidentialFire #MaboloFireBrigade #MaboloSmart",Unknown,2025-09-01 08:30,Unknown,https://www.facebook.com/hashtag/FireAlert
Facebook,#FloodAlert,"Ingat po.. 
#santiago 
#santiagoCityIsabela 
#baha 
#FloodAlert 
#flood 
#OMG Ingat po.. #santiago #santiagoCityIsabela #baha #FloodAlert #flood #OMG",Unknown,2025-09-01 08:30,Unknown,https://www.facebook.com/hashtag/FloodAlert
Facebook,UNTVNewsRescue,"LIBRE! Medical Check-up, Dental Services, at Reading Glasses!
Abangan, mga Kasangbahay!
Darating ang MCGI Mobile Dental and Optical Clinic sa 267 Matimtiman St., Bgy. 28 Zone 2, District 1, Tondo, Manila.
 Martes, September 2, 2025
 Registration: 7:00 AM to 9:00 AM
Hatid namin ang libreng medical check-up, bunot at linis ng ngipin, reading glasses, at gamot. Walang bayad, serbisyong totoo!
 I-share na ito! Ipaabot sa inyong pamilya, kaibigan, at kapitbahay!
#SBPublicService #UNTVNewsAndRescue #LibrengSerbisyoParaSaLahat LIBRE! Medical Check-up, Dental Services, at Reading Glasses! Abangan, mga Kasangbahay! Darating ang MCGI Mobile Dental and Optical Clinic sa 267 Matimtiman St., Bgy. 28 Zone 2, District 1, Tondo, Manila. Martes, September 2, 2025 Registration: 7:00 AM to 9:00 AM Hatid namin ang libreng medical check-up, bunot at linis ng ngipin, reading glasses, at gamot. Walang bayad, serbisyong totoo! I-share na ito! Ipaabot sa inyong pamilya, kaibigan, at kapitbahay! #SBPublicService #UNTVNewsAndRescue #LibrengSerbisyoParaSaLahat LIBRE! Medical Check-up, Dental Services, at Reading Glasses!
Abangan, mga Kasangbahay!
Darating ang MCGI Mobile Dental and Optical Clinic sa 267 Matimtiman S… See more LIBRE! Medical Check-up, Dental Services, at Reading Glasses!
Abangan, mga Kasangbahay!
Darating ang MCGI Mobile Dental and Optical Clinic sa 267 Matimtiman S… See more LIBRE! Medical Check-up, Dental Services, at Reading Glasses! Abangan, mga Kasangbahay! Darating ang MCGI Mobile Dental and Optical Clinic sa 267 Matimtiman S… See more",Unknown,2025-09-01 12:00,Unknown,https://web.facebook.com/UNTVNewsRescue/posts/pfbid02dwZSrdJ3dFscVRFcPhEX7WeK2jGz2NRuZdbCgej3brCt7vBdrW8xAmkHXvftdAZwl?__cft__[0]=AZUSOiknhmmiqrMz7jekakjKsVsJ9zKjucca9KBQJ1U4g6gkPY81CoBeevaqEw2SRFvhXeXhTMHlegktY9agervIuHr7dVVYnoLsFDvv_mq8k59tMm55p5M7w2Vx7Kh9gt3RSVWDD6L-oU3ePEs9nvCJJUSsf8jtNuhX8Zu2yaWQBaTP-d65cTZxzENoyAY58DrsTDUDyUd699J-UMcKhYWA5Yb5X1k5gVG_engsrJmsJA&__tn__=%2CO%2CP-R
Facebook,#EarthquakePH,"#EarthquakePH #EarthquakeZambales
Earthquake Information No.1
Date and Time: 01 September 2025 - 11:18 AM
Magnitude = 2.8
Depth = 051 km
Location = 15.49°N, 119.93°E - 006 km S 28° W of Masinloc (Zambales)
https://earthquake.phivolcs.dost.gov.ph/.../2025_0901... #EarthquakePH #EarthquakeZambales Earthquake Information No.1 Date and Time: 01 September 2025 - 11:18 AM Magnitude = 2.8 Depth = 051 km Location = 15.49°N, 119.93°E - 006 km S 28° W of Masinloc (Zambales) https://earthquake.phivolcs.dost.gov.ph/.../2025_0901...",Unknown,2025-09-01 12:00,Unknown,https://web.facebook.com/PHIVOLCS/posts/pfbid02nFqEkqqu9U7EpoEvDd3Sua46AEnvEAnzcEmmWzJEFEQaLo17p2XgNvheiJe8yUeGl?__cft__[0]=AZXkqFJu4iPN68Z7sk09fyYlZmlDG5QZwfRPvhFwUZt_ASET9C0oj1-dK6Kg12E2Hepsqq4ZVL28qIO75mvNetERe7L7oBsGHmCa6LRuaSE7VIi4Dfsm9yIngXVBEw7-L84LTLzH0iBSg90_vwTG1p0cKK4e8oJo9TfXe32Dh935MQMh_HijnwIgEoxAfe6PTHc&__tn__=%2CO%2CP-R
Facebook,abscbnNEWS,LIVE: Senate Blue Ribbon Committee hearing on anomalous flood control projects | September 1 LIVE: Senate Blue Ribbon Committee hearing on anomalous flood control projects | September 1 Sino dapat sisihin ha Makunsensya kayo mga hayuf Kunin lahat ng cars ibenta para sa kababayan Eto pa isang boy drama,Unknown,2025-09-01 12:30,Unknown,https://web.facebook.com/abscbnNEWS/
Facebook,NDRRMC,"WEATHER UPDATE | As of 8:00 AM today, 01 September 2025, the Low Pressure area (LPA 08i) is still being monitored inside the Philippine Area of Responsibility (PAR) has a ""LOW"" potential of developing into a tropical depression within the next 24 hours.
Source: DOST-PAGASA
#BawatSegundoMahalaga  
#NDRRMC WEATHER UPDATE | As of 8:00 AM today, 01 September 2025, the Low Pressure area (LPA 08i) is still being monitored inside the Philippine Area of Responsibility (PAR) has a ""LOW"" potential of developing into a tropical depression within the next 24 hours. Source: DOST-PAGASA #BawatSegundoMahalaga #NDRRMC",Unknown,2025-09-01 12:30,Unknown,https://web.facebook.com/NDRRMC/posts/pfbid02fvfhmURby6xGBjTg6QjfSgDKkBtyes1fbaXhh2LWDUPvX64CP85fEVSDxh749MuTl?__cft__[0]=AZUYgIPlJW8Z638C6_yOsWY4X1TdvdJTRlN7ImzQRvn4L4KDvlE_6pOyXtzE78gttpo2IjLvPq-rAnqPtuLA2w8lB2p02atraSuCOWxdLFsFmJMdKNIAGu3Rc_Q1-9sTgLRbysbfiUiQ1B7HrKgosSxm67Wa9IhCuiZDxxqW6J2fCC3dRa5b_ufJb0SYuRoYB5E&__tn__=%2CO%2CP-R
Facebook,pagasa.dost.gov.ph,"Weather Advisory No. 9
For: Low Pressure Area (LPA) and Southwest Monsoon
Issued at: Sept. 1, 2025, 11 a.m.
Heavy rainfall outlook due to Low Pressure Area (LPA)
Today to tomorrow noon (September 2)
(50-100 mm):
Quezon, Camarines Norte
Heavy rainfall outlook due to Southwest Monsoon
Today to tomorrow noon (September 2)
Moderate to Heavy (50-100 mm):
Occidental Mindoro, Palawan
Tomorrow noon to Wednesday noon (September 3)
Moderate to Heavy (50-100 mm):
Occidental Mindoro
Forecast rainfall may be higher in mountainous and elevated areas. Moreover, impacts in some areas may be worsened by significant antecedent rainfall.
The public and disaster risk reduction and management offices concerned are advised to take all necessary measures to protect life and property. PAGASA Regional Services Divisions may issue Heavy Rainfall Warnings, Rainfall/Thunderstorm Advisories, and other severe weather information specific to their areas of responsibility as appropriate. 
Unless significant changes occur, the next Weather Advisory will be issued at 5:00 PM today.
𝐅𝐨𝐫 𝐀𝐝𝐝𝐢𝐭𝐢𝐨𝐧𝐚𝐥 𝐈𝐧𝐟𝐨𝐫𝐦𝐚𝐭𝐢𝐨𝐧: The key difference between a 𝐇𝐞𝐚𝐯𝐲 𝐑𝐚𝐢𝐧𝐟𝐚𝐥𝐥 𝐖𝐚𝐫𝐧𝐢𝐧𝐠 and a 𝐖𝐞𝐚𝐭𝐡𝐞𝐫 𝐀𝐝𝐯𝐢𝐬𝐨𝐫𝐲 lies in their forecast period, coverage areas, and accuracy. A 𝐇𝐞𝐚𝐯𝐲 𝐑𝐚𝐢𝐧𝐟𝐚𝐥𝐥 𝐖𝐚𝐫𝐧𝐢𝐧𝐠 provides forecasts for the next three hours and applies up to the municipal level. It is more precise as it utilizes Doppler radar technology to track real-time rainfall intensity, making it highly effective for immediate decision-making in flood-prone areas. A 𝐖𝐞𝐚𝐭𝐡𝐞𝐫 𝐀𝐝𝐯𝐢𝐬𝐨𝐫𝐲, on the other hand, covers a 24-hour period but is issued only at the provincial level. It provides a broader outlook on potential weather disturbances but lacks the short-term accuracy of 𝐇𝐞𝐚𝐯𝐲 𝐑𝐚𝐢𝐧𝐟𝐚𝐥𝐥 𝐖𝐚𝐫𝐧𝐢𝐧𝐠𝐬. Since a 𝐖𝐞𝐚𝐭𝐡𝐞𝐫 𝐀𝐝𝐯𝐢𝐬𝐨𝐫𝐲 is based on a 24-hour outlook, it should not be used as a basis for class suspensions or other official decisions.
For class suspensions or other official decisions, please refer to 𝐇𝐞𝐚𝐯𝐲 𝐑𝐚𝐢𝐧𝐟𝐚𝐥𝐥 𝐖𝐚𝐫𝐧𝐢𝐧𝐠𝐬 issued by the respective PAGASA Regional Services Divisions:
NORTHERN LUZON PRSD
PAGASA-National Capital Region PRSD
Pagasa Southern Luzon
PAGASA Visayas PRSD
MINDANAO PRSD Weather Advisory No. 9 For: Low Pressure Area (LPA) and Southwest Monsoon Issued at: Sept. 1, 2025, 11 a.m. Heavy rainfall outlook due to Low Pressure Area (LPA) Today to tomorrow noon (September 2) (50-100 mm): Quezon, Camarines Norte Heavy rainfall outlook due to Southwest Monsoon Today to tomorrow noon (September 2) Moderate to Heavy (50-100 mm): Occidental Mindoro, Palawan Tomorrow noon to Wednesday noon (September 3) Moderate to Heavy (50-100 mm): Occidental Mindoro Forecast rainfall may be higher in mountainous and elevated areas. Moreover, impacts in some areas may be worsened by significant antecedent rainfall. The public and disaster risk reduction and management offices concerned are advised to take all necessary measures to protect life and property. PAGASA Regional Services Divisions may issue Heavy Rainfall Warnings, Rainfall/Thunderstorm Advisories, and other severe weather information specific to their areas of responsibility as appropriate. Unless significant changes occur, the next Weather Advisory will be issued at 5:00 PM today. 𝐅𝐨𝐫 𝐀𝐝𝐝𝐢𝐭𝐢𝐨𝐧𝐚𝐥 𝐈𝐧𝐟𝐨𝐫𝐦𝐚𝐭𝐢𝐨𝐧: The key difference between a 𝐇𝐞𝐚𝐯𝐲 𝐑𝐚𝐢𝐧𝐟𝐚𝐥𝐥 𝐖𝐚𝐫𝐧𝐢𝐧𝐠 and a 𝐖𝐞𝐚𝐭𝐡𝐞𝐫 𝐀𝐝𝐯𝐢𝐬𝐨𝐫𝐲 lies in their forecast period, coverage areas, and accuracy. A 𝐇𝐞𝐚𝐯𝐲 𝐑𝐚𝐢𝐧𝐟𝐚𝐥𝐥 𝐖𝐚𝐫𝐧𝐢𝐧𝐠 provides forecasts for the next three hours and applies up to the municipal level. It is more precise as it utilizes Doppler radar technology to track real-time rainfall intensity, making it highly effective for immediate decision-making in flood-prone areas. A 𝐖𝐞𝐚𝐭𝐡𝐞𝐫 𝐀𝐝𝐯𝐢𝐬𝐨𝐫𝐲, on the other hand, covers a 24-hour period but is issued only at the provincial level. It provides a broader outlook on potential weather disturbances but lacks the short-term accuracy of 𝐇𝐞𝐚𝐯𝐲 𝐑𝐚𝐢𝐧𝐟𝐚𝐥𝐥 𝐖𝐚𝐫𝐧𝐢𝐧𝐠𝐬. Since a 𝐖𝐞𝐚𝐭𝐡𝐞𝐫 𝐀𝐝𝐯𝐢𝐬𝐨𝐫𝐲 is based on a 24-hour outlook, it should not be used as a basis for class suspensions or other official decisions. For class suspensions or other official decisions, please refer to 𝐇𝐞𝐚𝐯𝐲 𝐑𝐚𝐢𝐧𝐟𝐚𝐥𝐥 𝐖𝐚𝐫𝐧𝐢𝐧𝐠𝐬 issued by the respective PAGASA Regional Services Divisions: NORTHERN LUZON PRSD PAGASA-National Capital Region PRSD Pagasa Southern Luzon PAGASA Visayas PRSD MINDANAO PRSD",Unknown,2025-09-01 12:30,Unknown,https://web.facebook.com/PAGASA.DOST.GOV.PH/posts/pfbid09hJQJs48RcsP9FC9PpRdiHUU7i37yYHgL1SBj94yyRRetteK6b7cJuiJJaqabLfgl?__cft__[0]=AZVarDj-jxOHqOYrWorv5iodLxaUZrlNo6AVa8Osq9VJXEHb8cVzLfLNaqvFHdg_mJVATh977sRTQ6W-wXA7ZX2JHnI9V0SmfZsurbFW54-9zXpxRIMk-WNc_c_r8vnhrgkxKceXwuoMWSo6kzDYZLzzfwfrq3_EY-hfG4iaMrzfkUUv9A3t5rahYpzfQiCtEmA&__tn__=%2CO%2CP-R
Facebook,stormchasersPH,"𝐈𝐍𝐆𝐀𝐓 𝐏𝐎 𝐒𝐀 𝐌𝐆𝐀 𝐌𝐀𝐘 𝐏𝐀𝐒𝐎𝐊! 
Maulap at maulang panahon ang bumungad ngayong unang araw ng ber months sa ating mga kababayan sa halos buong #Luzon at #Visayas dahil sa pinagsamang epekto ng LPA at #Habagat.
Pinag-iingat ang lahat sa banta ng mga biglaang pagbaha at mga pagguho ng lupa.
— PWS/PSU
#WeatherUpdate #LPA #HabagatPH 𝐈𝐍𝐆𝐀𝐓 𝐏𝐎 𝐒𝐀 𝐌𝐆𝐀 𝐌𝐀𝐘 𝐏𝐀𝐒𝐎𝐊! Maulap at maulang panahon ang bumungad ngayong unang araw ng ber months sa ating mga kababayan sa halos buong #Luzon at #Visayas dahil sa pinagsamang epekto ng LPA at #Habagat. Pinag-iingat ang lahat sa banta ng mga biglaang pagbaha at mga pagguho ng lupa. — PWS/PSU #WeatherUpdate #LPA #HabagatPH Yung iba takot sa bagyo baka lalo bumaha,,yung contractor takot bumaha baka ma bisto",Unknown,2025-09-01 12:30,Unknown,https://web.facebook.com/stormchasersPH/posts/pfbid02FuN9wqWuq1Yycw3hHU3vr3nybzWW2aAePGvBvioAimhY2xPvo2fxfpaDj8Y2wbRbl?__cft__[0]=AZX81syIFzAX3Q4XI0vkY6Z8v7UP3ZhofdY7gPwLXorHVsWqKafPT-vooKFGVifymfkCBeYLdDgxDE2mxV1jF5lHnJfr_sbA_TasArlM01yGm3U5D8KdTvSYZO6b5EDs7LbvlYnYA0dX-NlPNmgiOJ6AiokullvPH_RgRbzFwOk2dBVkRDHtrU6wyfd1FTVpdV8&__tn__=%2CO%2CP-R
Facebook,mprsdcdo,"Rainfall Advisory No. 10  FINAL  #MINPRSD
Weather System: Southwest Monsoon (Habagat) 
Issued at 05:00 AM 01 September 2025
All Rainfall Advisories over forecast areas are now terminated.
The public and the Disaster Risk Reduction and Management Offices concerned are still advised to MONITOR the weather condition. Rainfall Advisory No. 10  FINAL  #MINPRSD Weather System: Southwest Monsoon (Habagat) Issued at 05:00 AM 01 September 2025 All Rainfall Advisories over forecast areas are now terminated. The public and the Disaster Risk Reduction and Management Offices concerned are still advised to MONITOR the weather condition.",Unknown,2025-09-01 12:30,Unknown,https://web.facebook.com/mprsdcdo/posts/pfbid035anRKnv219trd15U1FtJFifdBJZRksDc3WonEF42afk9ToGVe1THfDKbi4wy7Tvtl?__cft__[0]=AZUkRNpU5dZnIhB1XWdS8-h3jj0tccVrjo_iP2J49XC7Adt9Sa8xCW6kle3x8G5SHvf4ti-R5pIow2j8vSbM4CCSy5fQCkfEQmUjVaji19qv9ExmH_gV71r3-jUP5YR72VW5bAV0hxXdrtRKnEtovNEGmTwqru9WmnXCKgWkHymnPhoW0MfA5il6_PcWfNRGSrg&__tn__=%2CO%2CP-R
Facebook,#EarthquakePH,"#EarthquakePH #EarthquakeAgusanDelNorte
Earthquake Information No.1
Date and Time: 01 September 2025 - 12:13 PM
Magnitude = 2.0
Depth = 033 km
Location = 09.28°N, 125.68°E - 014 km N 85° E of Santiago (Agusan Del Norte)
https://earthquake.phivolcs.dost.gov.ph/.../2025_0901... #EarthquakePH #EarthquakeAgusanDelNorte Earthquake Information No.1 Date and Time: 01 September 2025 - 12:13 PM Magnitude = 2.0 Depth = 033 km Location = 09.28°N, 125.68°E - 014 km N 85° E of Santiago (Agusan Del Norte) https://earthquake.phivolcs.dost.gov.ph/.../2025_0901...",Unknown,2025-09-01 12:30,Unknown,https://web.facebook.com/PHIVOLCS/posts/pfbid0NxFQdr9H5RaQuEkWVFharHX1HxC9dk44mKiJvtdGqC67w4PEibwLQDwzM9QYnEN8l?__cft__[0]=AZUyY5y5Y01rJTiOCO9rQdeKOjjf5O8haznRYWUPaScsaF-YSYXi9lB24QGUtl8QiHkulMQNvN8JcDN4r1m7ttVDG4604zYtRhvojEoPwrW1kGD8Qg9_dy3bxuckUU9BdcDH8sAY3anDptcT_-uRwIjEsdTCKvfU3_2SCBGOVu2q0qfjkjMoRzqbHAzGh1UWy14&__tn__=%2CO%2CP-R
Facebook,#FireAlert,"FIRE ALERT| Reported House on Fire at Prk 3 Brgy Communal. (Near Aspen)
Update: Grass on fire
Firefighters proceeding.
#Firealert
#Sunog
#FCFF89
#FilipinoChineseFireFightersProceesing
#WeCommitToServeNotAbuse FIRE ALERT| Reported House on Fire at Prk 3 Brgy Communal. (Near Aspen) Update: Grass on fire Firefighters proceeding. #Firealert #Sunog #FCFF89 #FilipinoChineseFireFightersProceesing #WeCommitToServeNotAbuse",Unknown,2025-09-01 12:30,Unknown,https://web.facebook.com/FCFF89DragonBase/posts/pfbid0ob9uFZ6VrzEpS6CEE4kPjvYib7ZGughRG7VQVQUqarSnbSaWZc24vCWLm1SP7UUMl?__cft__[0]=AZUVVwnKIs14WMyvC8NgW_iwWBRZ9BFMs_V4Is5GoIrXi2PtKBNlxuLL-VTbkNJ8fkBVTuLStXZ3XM4wEiLgTbEXaronDJyKTR6QvYNAPPArhZbH8EShW6tmOV99uX7RjrvgMIY1KytFFO6r0SPDuBdhD_bRUiq8ge0-ykljnVUwvwpit6uIjcqo_zg9ZEU2d4AYin3Z5znJbZboTivjFzyk&__tn__=%2CO%2CP-R
Facebook,#FireandRescuePH,"FIRE ALARM 
SEPT 1  2025
LOCATION:  R Arcenas Street Sitio Sta Ana, Capaculan Brgy. Labangon,. Cebu City 
#zerothreetwobumbero 
#Txtfirephilippines 
#FireAlert 
#Firealarm 
#Residentialfire 
#Commercialfire
#FireAlertPH 
#Firealarmph 
#AlarmaPilipinas
#FireandRescuePH
#fyp
#farar FIRE ALARM 
SEPT 1  2025 LOCATION:  R Arcenas Street Sitio Sta Ana, Capaculan Brgy. Labangon,. Cebu City #zerothreetwobumbero #Txtfirephilippines #FireAlert #Firealarm #Residentialfire #Commercialfire #FireAlertPH #Firealarmph #AlarmaPilipinas #FireandRescuePH #fyp #farar",Unknown,2025-09-01 12:30,Unknown,https://web.facebook.com/hashtag/FireandRescuePH?_rdc=1&_rdr#
Facebook,civildefensedavao,"Thunderstorm Advisory No. 3  #MINPRSD
Issued at 05:00 PM 01 September 2025
Light to Moderate rainshowers with lightning and strong winds are expected over #MisamisOriental(Opol, Claveria, CityOfElSalvador, Alubijid, Balingasag, Salay, Lagonglong), #Bukidnon(ImpasugOng, Malitbog, Talakag, Sumilao, CityOfValencia, Lantapan), #DavaoOccidental(JoseAbadSantos), #MisamisOccidental(DonVictorianoChiongbian, Bonifacio), #AgusanDelNorte(LasNieves, CityOfCabadbaran, ButuanCity), #LanaoDelSur(Kapai, MarawiCity, Marantao, Picong, Marogong, Balabagan, Malabang), #LanaoDelNorte(Baloi, Pantar, SultanNagaDimaporo), #TawiTawi, #Sulu, #Sarangani(Glan, Malungon, Maitum, Kiamba), #SurigaoDelSur(CityOfTandag, Cortes, Lanuza, Carmen, Tagbina, Hinatuan), #SouthCotabato(T'Boli, GeneralSantosCity, Polomolok), #SultanKudarat(Sen.NinoyAquino, Bagumbayan, Lutayan, Isulan, CityOfTacurong, Columbio, Esperanza, PresidentQuirino, Lambayong), #DavaoDelSur, #ZamboangaDelSur(VincenzoA.Sagun, Margosatubig, Dinas, SanPablo, SanMiguel, Lapuyan, Guipos, Dumalinao), #ZamboangaSibugay(Malangas, Imelda, Siay, Titay, Naga, Kabasalan), #Basilan, #MaguindanaoDelNorte(Upi, DatuBlahT.Sinsuat), #MaguindanaoDelSur(Talayan, DatuHofferAmpatuan, DatuAbdullahSangki), #ZamboangaDelNorte(Baliguian, Tampilisan, Kalawit, Gutalac, Godod, Labason, Salug, Liloy, LeonB.Postigo, Siayan, SergioOsmeñaSr., Sindangan, Mutia, JoseDalman, Sibutad, Manukan, Pres.ManuelA.Roxas, Katipunan, DipologCity, Polanco, Piñan, DapitanCity, LaLibertad, Rizal), #AgusanDelSur(Rosario and LaPaz) within the next 1-2 hours.
Moderate to occasionally heavy rainshowers with lightning and strong winds are being experienced in #ZamboangaCity, #DavaoOccidental(Sarangani), #AgusanDelSur(SanLuis, Esperanza, Talacogon, CityOfBayugan, Prosperidad, SanFrancisco, Sibagat), #SurigaoDelSur(Lianga, SanAgustin, Marihatag, Cagwait, Barobo, Bayabas, Tago, SanMiguel), #Bukidnon(Libona, CityOfMalaybalay, Baungon, ManoloFortich), #LanaoDelNorte(IliganCity, Tagoloan), #LanaoDelSur(TagoloanII), #MisamisOriental(CagayanDeOroCity, Tagoloan, Villanueva, Jasaan, Lugait, Manticao), #SouthCotabato(LakeSebu, Surallah, Tupi, SantoNiño, Banga, Tampakan, CityOfKoronadal, Norala, Tantangan), #ZamboangaDelSur(Kumalarang, Tigbao, Labangan, PagadianCity, Tukuran, Lakewood, Bayog, Aurora, RamonMagsaysay, Sominot, Midsalip, Tambulig, Mahayag, Dumingag, Molave, Josefina), #ZamboangaSibugay(Talusan, Olutanga, Mabuhay, Alicia, Payao, Tungawan, RosellerLim, Buug, Ipil, Diplahan), #SultanKudarat(Lebak, Kalamansig, Palimbang), #MaguindanaoDelSur(SouthUpi, Ampatuan), #ZamboangaDelNorte(Sibuco, Sirawai and Siocon) which may persist within 1-2 hours and may affect nearby areas.
All are advised to take precautionary measures against the impacts associated with these hazards which include flash floods and landslides.
Source: Mindanao PRSD Thunderstorm Advisory No. 3  #MINPRSD Issued at 05:00 PM 01 September 2025 Light to Moderate rainshowers with lightning and strong winds are expected over #MisamisOriental(Opol, Claveria, CityOfElSalvador, Alubijid, Balingasag, Salay, Lagonglong), #Bukidnon(ImpasugOng, Malitbog, Talakag, Sumilao, CityOfValencia, Lantapan), #DavaoOccidental(JoseAbadSantos), #MisamisOccidental(DonVictorianoChiongbian, Bonifacio), #AgusanDelNorte(LasNieves, CityOfCabadbaran, ButuanCity), #LanaoDelSur(Kapai, MarawiCity, Marantao, Picong, Marogong, Balabagan, Malabang), #LanaoDelNorte(Baloi, Pantar, SultanNagaDimaporo), #TawiTawi, #Sulu, #Sarangani(Glan, Malungon, Maitum, Kiamba), #SurigaoDelSur(CityOfTandag, Cortes, Lanuza, Carmen, Tagbina, Hinatuan), #SouthCotabato(T'Boli, GeneralSantosCity, Polomolok), #SultanKudarat(Sen.NinoyAquino, Bagumbayan, Lutayan, Isulan, CityOfTacurong, Columbio, Esperanza, PresidentQuirino, Lambayong), #DavaoDelSur, #ZamboangaDelSur(VincenzoA.Sagun, Margosatubig, Dinas, SanPablo, SanMiguel, Lapuyan, Guipos, Dumalinao), #ZamboangaSibugay(Malangas, Imelda, Siay, Titay, Naga, Kabasalan), #Basilan, #MaguindanaoDelNorte(Upi, DatuBlahT.Sinsuat), #MaguindanaoDelSur(Talayan, DatuHofferAmpatuan, DatuAbdullahSangki), #ZamboangaDelNorte(Baliguian, Tampilisan, Kalawit, Gutalac, Godod, Labason, Salug, Liloy, LeonB.Postigo, Siayan, SergioOsmeñaSr., Sindangan, Mutia, JoseDalman, Sibutad, Manukan, Pres.ManuelA.Roxas, Katipunan, DipologCity, Polanco, Piñan, DapitanCity, LaLibertad, Rizal), #AgusanDelSur(Rosario and LaPaz) within the next 1-2 hours. Moderate to occasionally heavy rainshowers with lightning and strong winds are being experienced in #ZamboangaCity, #DavaoOccidental(Sarangani), #AgusanDelSur(SanLuis, Esperanza, Talacogon, CityOfBayugan, Prosperidad, SanFrancisco, Sibagat), #SurigaoDelSur(Lianga, SanAgustin, Marihatag, Cagwait, Barobo, Bayabas, Tago, SanMiguel), #Bukidnon(Libona, CityOfMalaybalay, Baungon, ManoloFortich), #LanaoDelNorte(IliganCity, Tagoloan), #LanaoDelSur(TagoloanII), #MisamisOriental(CagayanDeOroCity, Tagoloan, Villanueva, Jasaan, Lugait, Manticao), #SouthCotabato(LakeSebu, Surallah, Tup",Unknown,2025-09-01 18:01,Unknown,https://www.facebook.com/civildefensedavao/posts/pfbid026Eu8pyrdGwHfcmF37nmLcJd68YG5NPK5VCJSnLQbgYrAPuMHtQ3DaWLRSfQKBrUcl?__cft__[0]=AZUPemy0M-caOU1jp1pKszDVHjBq_7yCNjuWQLXVnKd-AOhOkGZ-AI555SJvY7Nk6ZlOD825VBoqGfzl_Q_MFbVKuSs3ecwpxEKieKfJegeU8SpgitwCzgroXovgN6Rr5qNJ6Ge84Q-dexRll5U3cRfBvYmyJT9n0VbId6snc3IWOc6piGIhxao_k0ZtuDtlcMQ&__tn__=%2CO%2CP-R
Facebook,PhilstarNews,"Itinanggi ni Sarah Discaya na siya ang chief operating officer (COO) ng Alpha & Omega Gen. Contractor & Development Corp. at St. Timothy Construction Corp., at iginiit na chief financial officer (CFO) na lamang ang kanyang posisyon.
Ang dalawang kumpanya ay kabilang sa limang pinakamalalaking kontratista na nakakuha ng flood control projects sa iba’t ibang rehiyon ng bansa.  
Dagdag pa ni Discaya, nag-divest na sila sa mga nasabing kompanya.
Sa kaso ng St. Timothy Construction, lumipat na raw ang pagmamay-ari kay Maria Roma na pamangkin ng kanyang asawa na si Curlee Discaya.
“Kamag-anak mo pa rin, kayo-kayo pa rin ‘yan,” sabi ni Estrada sa pagdinig ng Senate Blue Ribbon Committee nitong Lunes, September 1, tungkol sa  iregularidad sa flood control projects.
Video by the Senate of the Philippines Itinanggi ni Sarah Discaya na siya ang chief operating officer (COO) ng Alpha & Omega Gen. Contractor & Development Corp. at St. Timothy Construction Corp., at iginiit na chief financial officer (CFO) na lamang ang kanyang posisyon. Ang dalawang kumpanya ay kabilang sa limang pinakamalalaking kontratista na nakakuha ng flood control projects sa iba’t ibang rehiyon ng bansa. Dagdag pa ni Discaya, nag-divest na sila sa mga nasabing kompanya. Sa kaso ng St. Timothy Construction, lumipat na raw ang pagmamay-ari kay Maria Roma na pamangkin ng kanyang asawa na si Curlee Discaya. “Kamag-anak mo pa rin, kayo-kayo pa rin ‘yan,” sabi ni Estrada sa pagdinig ng Senate Blue Ribbon Committee nitong Lunes, September 1, tungkol sa  iregularidad sa flood control projects. Video by the Senate of the Philippines nuknukan ng sinungaling kapatid ng magnanakaw",Unknown,2025-09-01 18:01,Unknown,https://www.facebook.com/philstarnews/
Facebook,PHIVOLCS,"#EarthquakePH #EarthquakeMasbate
Earthquake Information No.1
Date and Time: 01 September 2025 - 04:14 PM
Magnitude = 1.5
Depth = 006 km
Location = 12.46°N, 123.66°E - 011 km N 21° E of City Of Masbate (Masbate)
https://earthquake.phivolcs.dost.gov.ph/.../2025_0901... #EarthquakePH #EarthquakeMasbate Earthquake Information No.1 Date and Time: 01 September 2025 - 04:14 PM Magnitude = 1.5 Depth = 006 km Location = 12.46°N, 123.66°E - 011 km N 21° E of City Of Masbate (Masbate) https://earthquake.phivolcs.dost.gov.ph/.../2025_0901... Why naman po,",Unknown,2025-09-01 18:01,Unknown,https://www.facebook.com/PHIVOLCS/posts/pfbid0316Y46qP5hWGqYF8hnF3g29akWChZ8N1T3keSSWZTtmEBw9HMkW7aSaZPe7pCvrSVl?__cft__[0]=AZWhPUDstsnWbgch-rDJEpraZ8ojtl730xF6MocMOPUx8atAqMqsvAH_bXEN_y_QsQ0OoNZ80ZWm-aBM9cPgi1i-zQ5_5OUh8tbSNu95TvLPEftV2NGA0sqLaikz-5YPyk3e3fHsxHlWL20U1MwSidQBkhSFErZw4Dy9Em95zomS8KSqPxjwLOMQ08D5L409ckk&__tn__=%2CO%2CP-R
Facebook,rapplerdotcom,Sarah Discaya attends the second Senate blue ribbon committee hearing on flood control projects Sarah Discaya attends the second Senate blue ribbon committee hearing on flood control projects Sabihin mona mga kasama na kawatan sa DPWH at sa kulungan kayo for life soon.,Unknown,2025-09-01 18:01,Unknown,https://www.facebook.com/rapplerdotcom/posts/pfbid02pzWoyKUS4hWdYChKZQCzt5ZtW2sVtYsN37p6UCjEP5fh1RHJoCWGyaSEj8oX1dN9l?__cft__[0]=AZWblEf86rvf1X-zvDJrJ5acAqmvBfkSP1Pw-J0Ye7U00ua_P_oybbLq88-c29MiporJompYVfT3O7KH2Bgs_wDSrk1fA0sbJC6BNhDPk5MqrcNRzwEV2LWu66kQHQNQkE4xouft1ZybDBSFXaCU-WDmfWs4XMLI7vx9GRk4-KwggP6GjtjvnrKIKlX28QDFqDo&__tn__=%2CO%2CP-R
Facebook,stormchasersPH,"𝐁𝐄 𝐑𝐄𝐀𝐃𝐘 𝐒𝐀 𝐁𝐀𝐍𝐓𝐀 𝐍𝐆 𝐁𝐀𝐆𝐘𝐎 𝐍𝐆𝐀𝐘𝐎𝐍𝐆 𝐒𝐄𝐓𝐘𝐄𝐌𝐁𝐑𝐄! 
Nasa 2-4 na bagyo ang posibleng mabuo o pumasok sa loob ng PAR ngayong Setyembre, ayon sa PAGASA.
Posible itong dumaan o tumama sa #Luzon at #EasternVisayas, ngunit maaari din namang mag-recurve o lumihis papalayo ng bansa.
Inaasahan pa rin ang pag-iral ng #Habagat sa buwan na ito na magdadala pa rin ng mga pag-ulan partikular sa kanlurang bahagi ng bansa.
— PWS/PSU
#HandaSaBagyo #HabagatPH 𝐁𝐄 𝐑𝐄𝐀𝐃𝐘 𝐒𝐀 𝐁𝐀𝐍𝐓𝐀 𝐍𝐆 𝐁𝐀𝐆𝐘𝐎 𝐍𝐆𝐀𝐘𝐎𝐍𝐆 𝐒𝐄𝐓𝐘𝐄𝐌𝐁𝐑𝐄! Nasa 2-4 na bagyo ang posibleng mabuo o pumasok sa loob ng PAR ngayong Setyembre, ayon sa PAGASA. Posible itong dumaan o tumama sa #Luzon at #EasternVisayas, ngunit maaari din namang mag-recurve o lumihis papalayo ng bansa. Inaasahan pa rin ang pag-iral ng #Habagat sa buwan na ito na magdadala pa rin ng mga pag-ulan partikular sa kanlurang bahagi ng bansa. — PWS/PSU #HandaSaBagyo #HabagatPH Most likely during northeastern windflows coming from the north and northeast, typhoons are commonly moving downward then slightly upward. In relation of this, the most likely affected of this scenario with high chance of probability will be Manila an… See more",Unknown,2025-09-01 18:01,Unknown,https://www.facebook.com/stormchasersPH/posts/pfbid02QHgHaKMKraj1vAxmaktanKVaZAZSLSDjBkWrRjDTrVi93Ws8YcPo4denLg2Vzp2Xl?__cft__[0]=AZUeieTpR7QVT0AG_HvfCSa-jXakdH0_LIFSFFzqM_PEFVC-2uuk6pEEELHvzEG1AV7be8m-CB4POJ7oO9OS0SUyOrstGA5k3gLHhjZUn8tahRiQG4qgXze5fbgrWvGREXRT1rberKz1x7e3sn1L9Y5M0SDAz50ylfaHDnMebD-vSbVf6Jtm4EmSNHJVjR1zDyQ&__tn__=%2CO%2CP-R
Facebook,stormchasersPH,"Most likely during northeastern windflows coming from the north and northeast, typhoons are commonly moving downward then slightly upward. In relation of this, the most likely affected of this scenario with high chance of probability will be Manila and its nearby cities within outskirt portions strategically because of possible direct hit of typhoon.",Unknown,2025-09-01 18:01,Unknown,https://www.facebook.com/stormchasersPH/posts/pfbid02QHgHaKMKraj1vAxmaktanKVaZAZSLSDjBkWrRjDTrVi93Ws8YcPo4denLg2Vzp2Xl?comment_id=1397433918410756&__cft__[0]=AZUeieTpR7QVT0AG_HvfCSa-jXakdH0_LIFSFFzqM_PEFVC-2uuk6pEEELHvzEG1AV7be8m-CB4POJ7oO9OS0SUyOrstGA5k3gLHhjZUn8tahRiQG4qgXze5fbgrWvGREXRT1rberKz1x7e3sn1L9Y5M0SDAz50ylfaHDnMebD-vSbVf6Jtm4EmSNHJVjR1zDyQ&__tn__=R-R
Facebook,mprsdcdo,"Thunderstorm Advisory No. 3  #MINPRSD
Issued at 05:00 PM 01 September 2025
Light to Moderate rainshowers with lightning and strong winds are expected over #MisamisOriental(Opol, Claveria, CityOfElSalvador, Alubijid, Balingasag, Salay, Lagonglong), #Bukidnon(ImpasugOng, Malitbog, Talakag, Sumilao, CityOfValencia, Lantapan), #DavaoOccidental(JoseAbadSantos), #MisamisOccidental(DonVictorianoChiongbian, Bonifacio), #AgusanDelNorte(LasNieves, CityOfCabadbaran, ButuanCity), #LanaoDelSur(Kapai, MarawiCity, Marantao, Picong, Marogong, Balabagan, Malabang), #LanaoDelNorte(Baloi, Pantar, SultanNagaDimaporo), #TawiTawi, #Sulu, #Sarangani(Glan, Malungon, Maitum, Kiamba), #SurigaoDelSur(CityOfTandag, Cortes, Lanuza, Carmen, Tagbina, Hinatuan), #SouthCotabato(T'Boli, GeneralSantosCity, Polomolok), #SultanKudarat(Sen.NinoyAquino, Bagumbayan, Lutayan, Isulan, CityOfTacurong, Columbio, Esperanza, PresidentQuirino, Lambayong), #DavaoDelSur, #ZamboangaDelSur(VincenzoA.Sagun, Margosatubig, Dinas, SanPablo, SanMiguel, Lapuyan, Guipos, Dumalinao), #ZamboangaSibugay(Malangas, Imelda, Siay, Titay, Naga, Kabasalan), #Basilan, #MaguindanaoDelNorte(Upi, DatuBlahT.Sinsuat), #MaguindanaoDelSur(Talayan, DatuHofferAmpatuan, DatuAbdullahSangki), #ZamboangaDelNorte(Baliguian, Tampilisan, Kalawit, Gutalac, Godod, Labason, Salug, Liloy, LeonB.Postigo, Siayan, SergioOsmeñaSr., Sindangan, Mutia, JoseDalman, Sibutad, Manukan, Pres.ManuelA.Roxas, Katipunan, DipologCity, Polanco, Piñan, DapitanCity, LaLibertad, Rizal), #AgusanDelSur(Rosario and LaPaz) within the next 1-2 hours.
Moderate to occasionally heavy rainshowers with lightning and strong winds are being experienced in #ZamboangaCity, #DavaoOccidental(Sarangani), #AgusanDelSur(SanLuis, Esperanza, Talacogon, CityOfBayugan, Prosperidad, SanFrancisco, Sibagat), #SurigaoDelSur(Lianga, SanAgustin, Marihatag, Cagwait, Barobo, Bayabas, Tago, SanMiguel), #Bukidnon(Libona, CityOfMalaybalay, Baungon, ManoloFortich), #LanaoDelNorte(IliganCity, Tagoloan), #LanaoDelSur(TagoloanII), #MisamisOriental(CagayanDeOroCity, Tagoloan, Villanueva, Jasaan, Lugait, Manticao), #SouthCotabato(LakeSebu, Surallah, Tupi, SantoNiño, Banga, Tampakan, CityOfKoronadal, Norala, Tantangan), #ZamboangaDelSur(Kumalarang, Tigbao, Labangan, PagadianCity, Tukuran, Lakewood, Bayog, Aurora, RamonMagsaysay, Sominot, Midsalip, Tambulig, Mahayag, Dumingag, Molave, Josefina), #ZamboangaSibugay(Talusan, Olutanga, Mabuhay, Alicia, Payao, Tungawan, RosellerLim, Buug, Ipil, Diplahan), #SultanKudarat(Lebak, Kalamansig, Palimbang), #MaguindanaoDelSur(SouthUpi, Ampatuan), #ZamboangaDelNorte(Sibuco, Sirawai and Siocon) which may persist within 1-2 hours and may affect nearby areas.
All are advised to take precautionary measures against the impacts associated with these hazards which include flash floods and landslides.
Keep monitoring for updates. Thunderstorm Advisory No. 3  #MINPRSD Issued at 05:00 PM 01 September 2025 Light to Moderate rainshowers with lightning and strong winds are expected over #MisamisOriental(Opol, Claveria, CityOfElSalvador, Alubijid, Balingasag, Salay, Lagonglong), #Bukidnon(ImpasugOng, Malitbog, Talakag, Sumilao, CityOfValencia, Lantapan), #DavaoOccidental(JoseAbadSantos), #MisamisOccidental(DonVictorianoChiongbian, Bonifacio), #AgusanDelNorte(LasNieves, CityOfCabadbaran, ButuanCity), #LanaoDelSur(Kapai, MarawiCity, Marantao, Picong, Marogong, Balabagan, Malabang), #LanaoDelNorte(Baloi, Pantar, SultanNagaDimaporo), #TawiTawi, #Sulu, #Sarangani(Glan, Malungon, Maitum, Kiamba), #SurigaoDelSur(CityOfTandag, Cortes, Lanuza, Carmen, Tagbina, Hinatuan), #SouthCotabato(T'Boli, GeneralSantosCity, Polomolok), #SultanKudarat(Sen.NinoyAquino, Bagumbayan, Lutayan, Isulan, CityOfTacurong, Columbio, Esperanza, PresidentQuirino, Lambayong), #DavaoDelSur, #ZamboangaDelSur(VincenzoA.Sagun, Margosatubig, Dinas, SanPablo, SanMiguel, Lapuyan, Guipos, Dumalinao), #ZamboangaSibugay(Malangas, Imelda, Siay, Titay, Naga, Kabasalan), #Basilan, #MaguindanaoDelNorte(Upi, DatuBlahT.Sinsuat), #MaguindanaoDelSur(Talayan, DatuHofferAmpatuan, DatuAbdullahSangki), #ZamboangaDelNorte(Baliguian, Tampilisan, Kalawit, Gutalac, Godod, Labason, Salug, Liloy, LeonB.Postigo, Siayan, SergioOsmeñaSr., Sindangan, Mutia, JoseDalman, Sibutad, Manukan, Pres.ManuelA.Roxas, Katipunan, DipologCity, Polanco, Piñan, DapitanCity, LaLibertad, Rizal), #AgusanDelSur(Rosario and LaPaz) within the next 1-2 hours. Moderate to occasionally heavy rainshowers with lightning and strong winds are being experienced in #ZamboangaCity, #DavaoOccidental(Sarangani), #AgusanDelSur(SanLuis, Esperanza, Talacogon, CityOfBayugan, Prosperidad, SanFrancisco, Sibagat), #SurigaoDelSur(Lianga, SanAgustin, Marihatag, Cagwait, Barobo, Bayabas, Tago, SanMiguel), #Bukidnon(Libona, CityOfMalaybalay, Baungon, ManoloFortich), #LanaoDelNorte(IliganCity, Tagoloan), #LanaoDelSur(TagoloanII), #MisamisOriental(CagayanDeOroCity, Tagoloan, Villanueva, Jasaan, Lugait, Manticao), #SouthCotabato(LakeSebu, Surall",Unknown,2025-09-01 18:01,Unknown,https://www.facebook.com/mprsdcdo/posts/pfbid02ssAn8bCWkqf5w7iTxc89H1CAFgkv7jYfVcssY5rZubfEMr2oud8phCVcL79e7nsWl?__cft__[0]=AZVtCfyy9cW3C22aISrLslGsW4dO4nsLTap-VFlK-JVLh3m96KCpZruAOMpOwhtP1TB8kiy3EhiLyZLFS4DW1aLHKOa17CR3_0CDZt4rOepg85fWm-3tCzqOcEkpXFDlRKmxDIxgfEMr8jM7r_EBtV7DazvtJg5acpU85Kdstr9lwmZsGlCUNV1_z19oLO9adqY&__tn__=%2CO%2CP-R
Facebook,#BahaPH,"Naitalang naging sanhi ng baha ang ulan na tumototal sa 141 millimeters (mm) na bumagsak sa Quezon City noong nakaraang Sabado, August 30.
“Hindi kinaya ng drainage system ng lungsod ang napakaraming tubig-ulan sa napakaikling oras kaya nagresulta ito ng malalang pagbaha, maging sa ilang lugar na hindi karaniwang binabaha,” ika ng Quezon City LGU. ""Umabot sa 121 millimeters sa loob lamang ng isang oras ang kasagsagan ng ulan kanina sa Quezon City, higit na mataas kaysa sa pinakamataas na lakas ng ulan sa loob ng isang oras noong panahon ng Bagyong Ondoy (~90 mm/oras).""
#BahaPH #BagyoPH #HabagatPH #QuezonCity #DitoSaPilipinas #DSP #FloodControlPH Naitalang naging sanhi ng baha ang ulan na tumototal sa 141 millimeters (mm) na bumagsak sa Quezon City noong nakaraang Sabado, August 30. “Hindi kinaya ng drainage system ng lungsod ang napakaraming tubig-ulan sa napakaikling oras kaya nagresulta ito ng malalang pagbaha, maging sa ilang lugar na hindi karaniwang binabaha,” ika ng Quezon City LGU. ""Umabot sa 121 millimeters sa loob lamang ng isang oras ang kasagsagan ng ulan kanina sa Quezon City, higit na mataas kaysa sa pinakamataas na lakas ng ulan sa loob ng isang oras noong panahon ng Bagyong Ondoy (~90 mm/oras)."" #BahaPH #BagyoPH #HabagatPH #QuezonCity #DitoSaPilipinas #DSP #FloodControlPH",Unknown,2025-09-01 18:01,Unknown,https://www.facebook.com/DitoSaPH/posts/pfbid02fh1vv95mvPGmp7FTYXUSDswgG8sDADpt1ht7ehMbjZFkQxjT14zy4xgKGSM6Q8Wrl?__cft__[0]=AZXuUzNcZdH5vBebV10kQ5moLrQcetwB7MuftxR8iTZ9Gf9qauR7xUjQg3tcfKiKsaEutvyKEjJYGwUL__HbceZtUhJ6jjSd_ZSp6egdDOX4LV4xv_7tOaoAn_JGOsDOQP7aAhq6aH_43dpaa2h5KmIXAihrVPi60Xc5aP9b-6QW_CiAipdrLmHzmvO3sbn7rX4&__tn__=%2CO%2CP-R
Facebook,#EarthquakePH,"Earthquake Update – Midsayap | Sept 1, 2025 
At around 2:01 PM today, a magnitude 3.0 earthquake was recorded near Malingao, Soccsksargen—just 7.5 km from Midsayap. The tremor was light (Intensity I–II) and no damage has been reported. Some may have felt a mild shake indoors.
 While today’s quake was minor, it’s always best to stay earthquake-ready. Here are quick #SafetyTips to keep in mind:
 DROP, COVER, and HOLD ON – Drop low, take cover under a sturdy desk or table, and hold on until shaking stops.
 Stay inside if you are indoors – Don’t rush outside; protect yourself from falling objects first.
 Move to open spaces if outdoors – Keep away from buildings, trees, or power lines.
 After the quake – Check for injuries, hazards, or damage. Stay alert for aftershocks.
 Stay informed – Follow PHIVOLCS and trusted sources for official updates.
 Today’s tremor was a small reminder, not a disaster, but preparedness is always a winning move. Let’s keep calm, stay safe, and look out for one another.
#EarthquakeUpdate #Midsayap #StaySafe Earthquake Update – Midsayap | Sept 1, 2025 At around 2:01 PM today, a magnitude 3.0 earthquake was recorded near Malingao, Soccsksargen—just 7.5 km from Midsayap. The tremor was light (Intensity I–II) and no damage has been reported. Some may have felt a mild shake indoors. While today’s quake was minor, it’s always best to stay earthquake-ready. Here are quick #SafetyTips to keep in mind: DROP, COVER, and HOLD ON – Drop low, take cover under a sturdy desk or table, and hold on until shaking stops. Stay inside if you are indoors – Don’t rush outside; protect yourself from falling objects first. Move to open spaces if outdoors – Keep away from buildings, trees, or power lines. After the quake – Check for injuries, hazards, or damage. Stay alert for aftershocks. Stay informed – Follow PHIVOLCS and trusted sources for official updates. Today’s tremor was a small reminder, not a disaster, but preparedness is always a winning move. Let’s keep calm, stay safe, and look out for one another. #EarthquakeUpdate #Midsayap #StaySafe #EarthquakePH #EarthquakeCotabato
#iFelt_CotabatoEarthquake
Earthquake Information No.1
Date and Time: 01 September 2025 - 02:01 PM
Magnitude = 3.0… See more #EarthquakePH #EarthquakeCotabato
#iFelt_CotabatoEarthquake
Earthquake Information No.1
Date and Time: 01 September 2025 - 02:01 PM
Magnitude = 3.0… See more #EarthquakePH #EarthquakeCotabato #iFelt_CotabatoEarthquake Earthquake Information No.1 Date and Time: 01 September 2025 - 02:01 PM Magnitude = 3.0… See more",Unknown,2025-09-01 18:01,Unknown,https://www.facebook.com/PHIVOLCS/posts/pfbid02ToMYWHw1GTGdFpUozRn58cmD9Zo8BjPUwW6iU4cVzkDYStLgQYEzd9d1MUrQrsCol?__cft__[0]=AZUDTncOxdM4VX4H-o0qcH0-5xipZexHCLqFeXgV1LBiFFCcpVDlk63CiBJRAmwHZyELixJa-2dZP9BhDvWaBSZ9tRtOT7USTPv-jp3vlsaWa0qA2EpW03xoaYnBrWypDDQcdgqcTNEeVheIWPC_4UP2uSt9Uf4btP5_fWzYjDf9jOa4MA9oZSLo56fIhwnUNJraL0JvgsVaBarRVs1mnkXHesP9mqQdTKCdEU56ATUr-w&__tn__=%2CO%2CP-y-R
Facebook,#FloodAlert,"ILANG MOTORSIKLO, NA-STRANDED DAHIL SA PAG-APAW NG ILOG SA BAGO CITY, NEGROS OCCIDENTAL 
PANOORIN: Sa kuha ng video ni Jessie Ayungon, makikita ang pag-apaw ng ilog sa overflow road na nagsisilbing daanan sa Barangay Binubuhan, #BagoCity, #NegrosOccidental nitong hapon ng Lunes, Setyembre 01. Dulot ito ng masamang panahon na dala ng #Habagat.
 Jessie Ayungon
Hazard Web Philippines
September 01, 2025
#FloodAlert #Habagat #Baha ILANG MOTORSIKLO, NA-STRANDED DAHIL SA PAG-APAW NG ILOG SA BAGO CITY, NEGROS OCCIDENTAL PANOORIN: Sa kuha ng video ni Jessie Ayungon, makikita ang pag-apaw ng ilog sa overflow road na nagsisilbing daanan sa Barangay Binubuhan, #BagoCity, #NegrosOccidental nitong hapon ng Lunes, Setyembre 01. Dulot ito ng masamang panahon na dala ng #Habagat. Jessie Ayungon Hazard Web Philippines September 01, 2025 #FloodAlert #Habagat #Baha",Unknown,2025-09-01 18:01,Unknown,https://www.facebook.com/hashtag/FloodAlert
Facebook,#RescuePH,"Update po... sana may makapasok na rescue sa street namin marami na po na trap na ibang kapitbahay namin na need po ng help...
Lucero St. Brgy. Kanluran
#PaengPH
#RescuePH Update po... sana may makapasok na rescue sa street namin marami na po na trap na ibang kapitbahay namin na need po ng help... Lucero St. Brgy. Kanluran #PaengPH #RescuePH",Unknown,2025-09-01 18:01,Unknown,https://www.facebook.com/hashtag/RescuePH
Facebook,#StreetFloodAlert,"WEATHER UPDATE PHILIPPINESAdvisory: Suspension of Classes and Government WorkThe National Disaster Risk Reduction and Management Council (NDRRMC) has reported heavy rainfall across several areas of the country. According to the same report, flooding is possible in parts of NCR, Cavite, Laguna, and Bulacan.In line with this, classes in all levels (public and private) and government work are suspended on Monday, September 1, 2025, in the following areas: 1. National Capital Region (NCR) 2. Albay 3. Antique 4. Bulacan 5. Camarines Norte 6. Camarines Sur 7. Catanduanes 8. Cavite 9. Laguna 10. Masbate 11. Negros Occidental 12. Northern Samar 13. Occidental Mindoro 14. Pampanga 15. Quezon 16. Rizal 17. SorsogonAuthorities are advising the public to remain vigilant, monitor official announcements, and prioritize safety at all times.Stay safe and dry. 
#WeatherUpdatePH #UlanWatch #BahaPH #StreetFloodAlert #RealTimeUlan #TagUlanSeason #DILGNatin WEATHER UPDATE PHILIPPINESAdvisory: Suspension of Classes and Government WorkThe National Disaster Risk Reduction and Management Council (NDRRMC) has reported heavy rainfall across several areas of the country. According to the same report, flooding is possible in parts of NCR, Cavite, Laguna, and Bulacan.In line with this, classes in all levels (public and private) and government work are suspended on Monday, September 1, 2025, in the following areas: 1. National Capital Region (NCR) 2. Albay 3. Antique 4. Bulacan 5. Camarines Norte 6. Camarines Sur 7. Catanduanes 8. Cavite 9. Laguna 10. Masbate 11. Negros Occidental 12. Northern Samar 13. Occidental Mindoro 14. Pampanga 15. Quezon 16. Rizal 17. SorsogonAuthorities are advising the public to remain vigilant, monitor official announcements, and prioritize safety at all times.Stay safe and dry. 
#WeatherUpdatePH #UlanWatch #BahaPH #StreetFloodAlert #RealTimeUlan #TagUlanSeason #DILGNatin",Unknown,2025-09-01 18:01,Unknown,https://www.facebook.com/hashtag/StreetFloodAlert
Facebook,#tsunamialert,#seabeachvibes #sunamiwarning #TsunamiAlert #flood2025 #reelschallengereelschallengereelschallengereelschallenge #viralreelschallenge2025viralreelschallengejaiviralreelschallengeviralreelschallenge #seabeachvibes #sunamiwarning #TsunamiAlert #flood2025 #reelschallengereelschallengereelschallengereelschallenge #viralreelschallenge2025viralreelschallengejaiviralreelschallengeviralreelschallenge,Unknown,2025-09-01 18:01,Unknown,https://www.facebook.com/hashtag/tsunamialert
Facebook,abscbnNEWS,"Inaasahan ang katamtaman hanggang sa malakas na pag-ulan na may kasamang kidlat at malakas na hangin sa Laguna, Cavite, Bulacan, at Pampanga sa susunod na dalawang oras, ayon sa inilabas na thunderstorm advisory ng PAGASA kaninang 7:40 p.m., Lunes, Setyembre 1. #WeatherPatrol Inaasahan ang katamtaman hanggang sa malakas na pag-ulan na may kasamang kidlat at malakas na hangin sa Laguna, Cavite, Bulacan, at Pampanga sa susunod na dalawang oras, ayon sa inilabas na thunderstorm advisory ng PAGASA kaninang 7:40 p.m., Lunes, Setyembre 1. #WeatherPatrol",Unknown,2025-09-01 20:00,Unknown,https://www.facebook.com/abscbnNEWS/posts/pfbid0FtPCyEd6uVxy8aissxRmDKPFFXu59o6mrxCn46YHKeznzzwcWJdcroAb3hYQu8yPl?__cft__[0]=AZVOkpIR1H5G6H1GUqLT8EmQdEGG4LiASaok9bOlmn4gu6w84NRU0frGv_2Q9eG47W5ayOyQI7A41bs3S69lFIQN2h_8Uqx44jj9E75jyEEsXdkKUAvjoRA0q8y_D-FMg_ou9rnOX85HINuNBHh0gp0FkPvv5V2o5codgcWhZc1AA45jifkRFT8d9celaHQ9QxE&__tn__=%2CO%2CP-R
Facebook,civildefensedavao,"Thunderstorm Advisory No. 4  #MINPRSD
Issued at 07:00 PM 01 September 2025
Light to Moderate rainshowers with lightning and strong winds are expected over #AgusanDelNorte(LasNieves, CityOfCabadbaran, ButuanCity), #Bukidnon(Libona, Malitbog, ManoloFortich, CityOfValencia, Lantapan, Sumilao, Cabanglasan, SanFernando), #TawiTawi, #MisamisOriental(CagayanDeOroCity, Balingasag, Salay, Lagonglong, GingoogCity, Laguindingan, Gitagum, Libertad, Initao, Naawan, Manticao, Lugait, Alubijid), #LanaoDelSur(Picong, Marogong, Balabagan, Malabang, Madamba), #LanaoDelNorte(Nunungan, Sapad, SultanNagaDimaporo, IliganCity, Bacolod, Maigo, Kauswagan, Linamon), #SurigaoDelSur(CityOfTandag, Carmen, Lanuza, Madrid, Cortes, Cantilan, Carrascal), #SurigaoDelNorte(SiargaoIsland, Socorro, Claver), #DavaoDelNorte(Kapalong, Talaingod), #DavaoDeOro(Laak, Monkayo), #DavaoOriental(Boston, Tarragona, Lupon, CityOfMati), #ZamboangaSibugay, #ZamboangaDelSur, #SouthCotabato(Surallah, SantoNiño, Banga, Norala, CityOfKoronadal), #SultanKudarat(Bagumbayan), #MisamisOccidental(Panaon, Aloran, OroquietaCity and OzamisCity) within the next 1-2 hours.
Moderate to occasionally heavy rainshowers with lightning and strong winds are being experienced in #DavaoOccidental(Sarangani), #MisamisOriental(Tagoloan, Villanueva, Claveria, Jasaan), #Bukidnon(CityOfMalaybalay, ImpasugOng), #SurigaoDelSur(Lingig, CityOfBislig, Tagbina, Lianga, SanAgustin, Marihatag, Cagwait, Bayabas, SanMiguel, Tago, Barobo, Hinatuan) and #AgusanDelSur which may persist within 1-2 hours and may affect nearby areas.
All are advised to take precautionary measures against the impacts associated with these hazards which include flash floods and landslides.
Source: Mindanao PRSD Thunderstorm Advisory No. 4  #MINPRSD Issued at 07:00 PM 01 September 2025 Light to Moderate rainshowers with lightning and strong winds are expected over #AgusanDelNorte(LasNieves, CityOfCabadbaran, ButuanCity), #Bukidnon(Libona, Malitbog, ManoloFortich, CityOfValencia, Lantapan, Sumilao, Cabanglasan, SanFernando), #TawiTawi, #MisamisOriental(CagayanDeOroCity, Balingasag, Salay, Lagonglong, GingoogCity, Laguindingan, Gitagum, Libertad, Initao, Naawan, Manticao, Lugait, Alubijid), #LanaoDelSur(Picong, Marogong, Balabagan, Malabang, Madamba), #LanaoDelNorte(Nunungan, Sapad, SultanNagaDimaporo, IliganCity, Bacolod, Maigo, Kauswagan, Linamon), #SurigaoDelSur(CityOfTandag, Carmen, Lanuza, Madrid, Cortes, Cantilan, Carrascal), #SurigaoDelNorte(SiargaoIsland, Socorro, Claver), #DavaoDelNorte(Kapalong, Talaingod), #DavaoDeOro(Laak, Monkayo), #DavaoOriental(Boston, Tarragona, Lupon, CityOfMati), #ZamboangaSibugay, #ZamboangaDelSur, #SouthCotabato(Surallah, SantoNiño, Banga, Norala, CityOfKoronadal), #SultanKudarat(Bagumbayan), #MisamisOccidental(Panaon, Aloran, OroquietaCity and OzamisCity) within the next 1-2 hours. Moderate to occasionally heavy rainshowers with lightning and strong winds are being experienced in #DavaoOccidental(Sarangani), #MisamisOriental(Tagoloan, Villanueva, Claveria, Jasaan), #Bukidnon(CityOfMalaybalay, ImpasugOng), #SurigaoDelSur(Lingig, CityOfBislig, Tagbina, Lianga, SanAgustin, Marihatag, Cagwait, Bayabas, SanMiguel, Tago, Barobo, Hinatuan) and #AgusanDelSur which may persist within 1-2 hours and may affect nearby areas. All are advised to take precautionary measures against the impacts associated with these hazards which include flash floods and landslides. Source: Mindanao PRSD",Unknown,2025-09-01 20:00,Unknown,https://www.facebook.com/civildefensedavao/posts/pfbid0r7H3Sivx2Aza5jxb8bf8ys1evYhdQJdM93F86mmVzfnwFPW9GhxMeBzaWuj2MYwsl?__cft__[0]=AZXjJWxiXArrGbKIxkblR2SrWXdFbFpV-UiRboMBw3wZIZVllvzbGM1nCLreX_IsTTQTQpG0l-8zNemuwuqR7rBsDw5LUS3yXaAou1Ui90tCigM8KtIuRrYrvU7HNEnwWEKxENpcoXS55mS7BgzBG2QOF09zaipyNAREO4Crf3yrAOdGFHtOxEv2fMw-RcJ9KHo&__tn__=%2CO%2CP-R
Facebook,DavaoDRRMO,"𝐂𝐃𝐑𝐑𝐌𝐎-𝐎𝐏𝐂𝐄𝐍 𝐖𝐄𝐀𝐓𝐇𝐄𝐑 𝐔𝐏𝐃𝐀𝐓𝐄:
As of 5:38 PM | September 01, 2025
𝐖𝐞𝐚𝐭𝐡𝐞𝐫 𝐒𝐲𝐬𝐭𝐞𝐦: 𝙇𝙤𝙘𝙖𝙡𝙞𝙯𝙚𝙙 𝙏𝙝𝙪𝙣𝙙𝙚𝙧𝙨𝙩𝙤𝙧𝙢𝙨
Light rains are being experienced in some areas of Toril and Talomo Districts.
Other areas within Davao City are experiencing partly cloudy to cloudy weather conditions.
All river channels are monitored at 𝐂𝐎𝐃𝐄 𝐆𝐑𝐄𝐄𝐍 (𝘚𝘢𝘧𝘦 𝘓𝘦𝘷𝘦𝘭).
𝐂𝐎𝐀𝐒𝐓𝐀𝐋 𝐒𝐓𝐀𝐓𝐔𝐒:
> Calm to slight seas
> Going high tide 
#𝗪𝗲𝗮𝘁𝗵𝗲𝗿𝗨𝗽𝗱𝗮𝘁𝗲
#𝗗𝗮𝘃𝗮𝗼𝗖𝗶𝘁𝘆𝗗𝗥𝗥𝗠𝗢 𝐂𝐃𝐑𝐑𝐌𝐎-𝐎𝐏𝐂𝐄𝐍 𝐖𝐄𝐀𝐓𝐇𝐄𝐑 𝐔𝐏𝐃𝐀𝐓𝐄: As of 5:38 PM | September 01, 2025 𝐖𝐞𝐚𝐭𝐡𝐞𝐫 𝐒𝐲𝐬𝐭𝐞𝐦: 𝙇𝙤𝙘𝙖𝙡𝙞𝙯𝙚𝙙 𝙏𝙝𝙪𝙣𝙙𝙚𝙧𝙨𝙩𝙤𝙧𝙢𝙨 Light rains are being experienced in some areas of Toril and Talomo Districts. Other areas within Davao City are experiencing partly cloudy to cloudy weather conditions. All river channels are monitored at 𝐂𝐎𝐃𝐄 𝐆𝐑𝐄𝐄𝐍 (𝘚𝘢𝘧𝘦 𝘓𝘦𝘷𝘦𝘭). 𝐂𝐎𝐀𝐒𝐓𝐀𝐋 𝐒𝐓𝐀𝐓𝐔𝐒: > Calm to slight seas > Going high tide #𝗪𝗲𝗮𝘁𝗵𝗲𝗿𝗨𝗽𝗱𝗮𝘁𝗲 #𝗗𝗮𝘃𝗮𝗼𝗖𝗶𝘁𝘆𝗗𝗥𝗥𝗠𝗢",Unknown,2025-09-01 20:00,Unknown,https://www.facebook.com/DavaoDRRMO/posts/pfbid0aQaHfuqSBtPep79fbgWQ22v4dyN3HKJzvv7fWPdTUSvbtaM1e45fAnX82uTXbMetl?__cft__[0]=AZV2SaZA6tFur5zh6CRCrOOqZJ9Ld42Pe46bsH_H4p3th8RocnLMWwwVia4uXET4krU9Phd3a5w2zgYlZJuiUocp44ORXYZ36Go2D686HcNf071hn70nGwxrB-m7n3uWZrZbhE60eAXtUiy4g31Aoqn-zwxS7uPSDPzJAxTZWMYn5DIsEtXr1rHpAq6-qqg9L6M&__tn__=%2CO%2CP-R
Facebook,manilabulletin,"#BALITAktakan: Pinuputakti ngayon sa social media ang mga anak ng mga politiko at contractor dahil sa kanilang ""lavish lifestyle"" habang nagpapatuloy ang imbestigasyon sa 'di umano'y maanomalyang flood control project.
Sa tingin mo, ka-Balita, dapat ba silang idamay sa isyu? #BALITAktakan: Pinuputakti ngayon sa social media ang mga anak ng mga politiko at contractor dahil sa kanilang ""lavish lifestyle"" habang nagpapatuloy ang imbestigasyon sa 'di umano'y maanomalyang flood control project.
Sa tingin mo, ka-Balita, dapat ba silang idamay sa isyu? #BALITAktakan: Pinuputakti ngayon sa social media ang mga anak ng mga politiko at contractor dahil sa kanilang ""lavish lifestyle"" habang nagpapatuloy ang imbestigasyon sa 'di umano'y maanomalyang flood control project. Sa tingin mo, ka-Balita, dapat ba silang idamay sa isyu? Sila pagawin ng flood control. As in literal na sila ang manpower. Nang malaman nila ang hirap ng mga taong ninakawan nila. At naka all glam outfit sila dapat.",Unknown,2025-09-01 20:00,Unknown,https://www.facebook.com/ManilaBulletin/posts/pfbid02zCSeWANas49dNZnrsEYndXLBTeEApYSW2NSPJKCMjR92z7U43tTPtEo84eYUkmkCl?__cft__[0]=AZWCULPTw2y-0jrjY6s2EF-oBsqx2IdECGQfxG-miPbvFaHiwtekv5EfUKmdiYeuTTv6GAhr7ysdKWGXDPysRUBaVWLr5GGgJhN5TVTKmKunjHpGBkyKN6oJrVFsSKa0V9Ah7zun-KTZBgvQCLct16CrtvzN7GtvS34i6pxgIm0whR1MzwXVKwRzyUzqcUVLg2QoCQ1cLB7iVfYqFZ8PS5E7NFJHWY8a8q-2aUDlwqNnRQ&__tn__=%2CO%2CP-R
Facebook,manilabulletin,Sila pagawin ng flood control. As in literal na sila ang manpower. Nang malaman nila ang hirap ng mga taong ninakawan nila. At naka all glam outfit sila dapat.,Unknown,2025-09-01 20:00,Unknown,https://www.facebook.com/ManilaBulletin/posts/pfbid02zCSeWANas49dNZnrsEYndXLBTeEApYSW2NSPJKCMjR92z7U43tTPtEo84eYUkmkCl?comment_id=733848499634582&__cft__[0]=AZWCULPTw2y-0jrjY6s2EF-oBsqx2IdECGQfxG-miPbvFaHiwtekv5EfUKmdiYeuTTv6GAhr7ysdKWGXDPysRUBaVWLr5GGgJhN5TVTKmKunjHpGBkyKN6oJrVFsSKa0V9Ah7zun-KTZBgvQCLct16CrtvzN7GtvS34i6pxgIm0whR1MzwXVKwRzyUzqcUVLg2QoCQ1cLB7iVfYqFZ8PS5E7NFJHWY8a8q-2aUDlwqNnRQ&__tn__=R-R
Facebook,mprsdcdo,"https://www.facebook.com/share/p/1BG8F4v6BK/ https://www.facebook.com/share/p/1BG8F4v6BK/ General Flood Advisories Issued @ 6PM, 01 September 2025
CAR(Cordillera Administrative Region) GFA#3
NCR (National Capital Region) GFA#4
Region 1 (Ilocos Region) GFA#1
Region 2 (Cagayan Valley) GFA#1
Region 3 (Central Luzon) GFA#4
Region 4A (CALABARZON) GFA#6
Region 4B (MIMAROPA) GFA#4
Region 5 (Bicol Region) GFA#6
Region 6 (Western Visayas) GFA#5
Region 7 (Central Visayas) GFA#6
Region 8 (Eastern Visayas) GFA#30
Region 9 (Zamboanga Peninsula) GFA#5
Region 10 (Northern Mindanao) GFA#6 Final
Region 11 (Davao Region) GFA#6 Final
Region 13 (CARAGA) GFA#7 Final General Flood Advisories Issued @ 6PM, 01 September 2025
CAR(Cordillera Administrative Region) GFA#3
NCR (National Capital Region) GFA#4
Region 1 (Ilocos Region) GFA#1
Region 2 (Cagayan Valley) GFA#1
Region 3 (Central Luzon) GFA#4
Region 4A (CALABARZON) GFA#6
Region 4B (MIMAROPA) GFA#4
Region 5 (Bicol Region) GFA#6
Region 6 (Western Visayas) GFA#5
Region 7 (Central Visayas) GFA#6
Region 8 (Eastern Visayas) GFA#30
Region 9 (Zamboanga Peninsula) GFA#5
Region 10 (Northern Mindanao) GFA#6 Final
Region 11 (Davao Region) GFA#6 Final
Region 13 (CARAGA) GFA#7 Final General Flood Advisories Issued @ 6PM, 01 September 2025 CAR(Cordillera Administrative Region) GFA#3 NCR (National Capital Region) GFA#4 Region 1 (Ilocos Region) GFA#1 Region 2 (Cagayan Valley) GFA#1 Region 3 (Central Luzon) GFA#4 Region 4A (CALABARZON) GFA#6 Region 4B (MIMAROPA) GFA#4 Region 5 (Bicol Region) GFA#6 Region 6 (Western Visayas) GFA#5 Region 7 (Central Visayas) GFA#6 Region 8 (Eastern Visayas) GFA#30 Region 9 (Zamboanga Peninsula) GFA#5 Region 10 (Northern Mindanao) GFA#6 Final Region 11 (Davao Region) GFA#6 Final Region 13 (CARAGA) GFA#7 Final",Unknown,2025-09-01 20:00,Unknown,https://www.facebook.com/mprsdcdo/posts/pfbid0ciuLXCAE5g1qT1jvUXCWRVgjj78uWofjCoM1W1URe4FyUGrZsrWPJ7t1KeEkMML4l?__cft__[0]=AZXmovqyDm_CMh4qdTXL-0e4fzQaO8qHdUbYqdfCiH-rR2gOsthTUz21ze-euTKTtyuWgAm6QF1YxiZdClkEEZ680FE27YbaEojEXzdEw-y0hOuMu-CGFTEd56ZfiZ2UDSNbZZD7iCDqXOTuhOVuao27PEaR8YTmdIO7_tQ_wC4DD2WbnOtdEuR6zARAUrmOEotVUbBqClO41p_lna1tEZYbmrrFqZ_mNjuqXZNgfXozLw&__tn__=%2CO%2CP-R
Facebook,pagasa.dost.gov.ph,"General Flood Advisories Issued @ 6PM, 01 September 2025
CAR(Cordillera Administrative Region) GFA#3
NCR (National Capital Region) GFA#4
Region 1 (Ilocos Region) GFA#1
Region 2 (Cagayan Valley) GFA#1
Region 3 (Central Luzon) GFA#4
Region 4A (CALABARZON) GFA#6
Region 4B (MIMAROPA) GFA#4
Region 5 (Bicol Region) GFA#6
Region 6 (Western Visayas) GFA#5
Region 7 (Central Visayas) GFA#6
Region 8 (Eastern Visayas) GFA#30
Region 9 (Zamboanga Peninsula) GFA#5
Region 10 (Northern Mindanao) GFA#6 Final
Region 11 (Davao Region) GFA#6 Final
Region 13 (CARAGA) GFA#7 Final General Flood Advisories Issued @ 6PM, 01 September 2025 CAR(Cordillera Administrative Region) GFA#3 NCR (National Capital Region) GFA#4 Region 1 (Ilocos Region) GFA#1 Region 2 (Cagayan Valley) GFA#1 Region 3 (Central Luzon) GFA#4 Region 4A (CALABARZON) GFA#6 Region 4B (MIMAROPA) GFA#4 Region 5 (Bicol Region) GFA#6 Region 6 (Western Visayas) GFA#5 Region 7 (Central Visayas) GFA#6 Region 8 (Eastern Visayas) GFA#30 Region 9 (Zamboanga Peninsula) GFA#5 Region 10 (Northern Mindanao) GFA#6 Final Region 11 (Davao Region) GFA#6 Final Region 13 (CARAGA) GFA#7 Final according to weather forecasts, the weather tomorrow will continue to be rainy and flooding in several areas is still possible and expected. paki suspend na po ng maaga if possible na the night before pa dahil super hassle kapag late na late na nagaann… See more",Unknown,2025-09-01 20:00,Unknown,https://www.facebook.com/PAGASA.DOST.GOV.PH/posts/pfbid02m5o3GaeJmcjcWUSWEEdSkmrq5zmg18scYArfNtsSrk8p1mgtFHKCtpH2LX63e3E5l?__cft__[0]=AZUPLC8aVHlQwscHNmmvu7Ipl5P75EQ_BzF9yufCmm4h8VTuWIn5-X9mHwVQeNweyWpBQhUd0MMtusz5qknOa6eFDpHvleeRqllSX3BzLf1ecmTw7Kg4iHgh0N5eNCpIN2yjFF_qy-2x8Kcsqne_RTV24Qpk4IY7B1nzQuVcCnEfL9B0vOVFi1bF8GHznfE-TRQ&__tn__=%2CO%2CP-R
Facebook,pagasa.dost.gov.ph,"according to weather forecasts, the weather tomorrow will continue to be rainy and flooding in several areas is still possible and expected. paki suspend na po ng maaga if possible na the night before pa dahil super hassle kapag late na late na nagaannounce especially sa mga malayo pa ang byahe na alas kwatro palang gising na. at risk din pati mga bata na magkasakit kapag naulanan lalo na ngayon usong uso yung sakit. thank you.",Unknown,2025-09-01 20:00,Unknown,https://www.facebook.com/PAGASA.DOST.GOV.PH/posts/pfbid02m5o3GaeJmcjcWUSWEEdSkmrq5zmg18scYArfNtsSrk8p1mgtFHKCtpH2LX63e3E5l?comment_id=1863468647717796&__cft__[0]=AZUPLC8aVHlQwscHNmmvu7Ipl5P75EQ_BzF9yufCmm4h8VTuWIn5-X9mHwVQeNweyWpBQhUd0MMtusz5qknOa6eFDpHvleeRqllSX3BzLf1ecmTw7Kg4iHgh0N5eNCpIN2yjFF_qy-2x8Kcsqne_RTV24Qpk4IY7B1nzQuVcCnEfL9B0vOVFi1bF8GHznfE-TRQ&__tn__=R-R
Facebook,PHIVOLCS,"#EarthquakePH #EarthquakeSurigaoDelSur
Earthquake Information No.1
Date and Time: 01 September 2025 - 08:17 PM
Magnitude = 1.9
Depth = 004 km
Location = 08.32°N, 126.75°E - 046 km S 84° E of Hinatuan (Surigao Del Sur)
https://earthquake.phivolcs.dost.gov.ph/.../2025_0901... #EarthquakePH #EarthquakeSurigaoDelSur Earthquake Information No.1 Date and Time: 01 September 2025 - 08:17 PM Magnitude = 1.9 Depth = 004 km Location = 08.32°N, 126.75°E - 046 km S 84° E of Hinatuan (Surigao Del Sur) https://earthquake.phivolcs.dost.gov.ph/.../2025_0901...",Unknown,2025-09-01 20:00,Unknown,https://www.facebook.com/PHIVOLCS/posts/pfbid0zZju495uAieyMApXWHYkpT4dvuceccWv2vQ3fiNXSSwFPHPggL3GC2i24vUir9ryl?__cft__[0]=AZVM3oHQofuHd61l_lt6Px6u-RM2Rs33AaaORtdt8UTuU9qqRM6Y6EFGnkEJnK6XTIfK3aeqOugueEkM_WlQhdvnPzobdgZmjhUsEGiZ3IvGJN_jpuRBvgxboRvstkTWaUrXjvLaxwvhIRCIyHeyCaM62QEoy7M7XESeL5DxUi-Y6trq9aQ01E_zb6KtAKP92Pg&__tn__=%2CO%2CP-R
Facebook,sunstardavaonews,"Senator Bong Go admitted that some individuals are using the alleged anomalies in flood control and infrastructure projects as a political tool to attack their enemies. 
During a Senate Blue Ribbon Committee hearing on Monday, September 1, 2025 about failed flood control projects in the Philippines, he warned about the spread of fake news and the distortion of facts on social media. 
Go emphasized that not all infrastructure projects are corrupt and that such projects are vital for national development, as long as they are implemented properly. He condemned failed and ""ghost"" projects being used for personal gain.
 Senate of the Philippines/Facebook
#AllYouNeedToKnow Senator Bong Go admitted that some individuals are using the alleged anomalies in flood control and infrastructure projects as a political tool to attack their enemies. During a Senate Blue Ribbon Committee hearing on Monday, September 1, 2025 about failed flood control projects in the Philippines, he warned about the spread of fake news and the distortion of facts on social media. Go emphasized that not all infrastructure projects are corrupt and that such projects are vital for national development, as long as they are implemented properly. He condemned failed and ""ghost"" projects being used for personal gain. Senate of the Philippines/Facebook #AllYouNeedToKnow Mayors Vico & Magalong are being attacked by people from the DDS camp. What are they afraid of? Vico cant even run for president yet. From: https://www.facebook.com/share/1BB6QzQFvb/",Unknown,2025-09-01 20:00,Unknown,https://www.facebook.com/KonserbatiboNGPILIPINAS/posts/pfbid035zvJMpMK1hHcZFCnyWTNCByEU2uEeyi5XtdqXQbLTQjp2t1TYQV4aMtaBF143PELl?__cft__[0]=AZUlmbXn35ziw_u7tj77a9FX_bsSncCn1YWrfpNwx25OnIy6MFSkenZy5wXuPgal32quBJMaP5Ct2zgdKyrDskzqSGkY9DXgIN2w3pSg5rXDW1CHGGFnymckaas66nh40xLvbMPMkwAzTYVF7CNpuCoxRDtffrLlF7T6wC9NLaWLGVFlF1n_mC8Kt81yEEODXA1BS7PMW54ksEM2D_xA5zVy&__tn__=R-R
Facebook,stormchasersPH,"𝐁𝐄 𝐑𝐄𝐀𝐃𝐘 𝐒𝐀 𝐁𝐀𝐍𝐓𝐀 𝐍𝐆 𝐁𝐀𝐆𝐘𝐎 𝐍𝐆𝐀𝐘𝐎𝐍𝐆 𝐒𝐄𝐓𝐘𝐄𝐌𝐁𝐑𝐄! 
Nasa 2-4 na bagyo ang posibleng mabuo o pumasok sa loob ng PAR ngayong Setyembre, ayon sa PAGASA.
Posible itong dumaan o tumama sa #Luzon at #EasternVisayas, ngunit maaari din namang mag-recurve o lumihis papalayo ng bansa.
Inaasahan pa rin ang pag-iral ng #Habagat sa buwan na ito na magdadala pa rin ng mga pag-ulan partikular sa kanlurang bahagi ng bansa.
— PWS/PSU
#HandaSaBagyo #HabagatPH 𝐁𝐄 𝐑𝐄𝐀𝐃𝐘 𝐒𝐀 𝐁𝐀𝐍𝐓𝐀 𝐍𝐆 𝐁𝐀𝐆𝐘𝐎 𝐍𝐆𝐀𝐘𝐎𝐍𝐆 𝐒𝐄𝐓𝐘𝐄𝐌𝐁𝐑𝐄! Nasa 2-4 na bagyo ang posibleng mabuo o pumasok sa loob ng PAR ngayong Setyembre, ayon sa PAGASA. Posible itong dumaan o tumama sa #Luzon at #EasternVisayas, ngunit maaari din namang mag-recurve o lumihis papalayo ng bansa. Inaasahan pa rin ang pag-iral ng #Habagat sa buwan na ito na magdadala pa rin ng mga pag-ulan partikular sa kanlurang bahagi ng bansa. — PWS/PSU #HandaSaBagyo #HabagatPH in jesus name the 4 LPA will not affect the Dwyane James Agoy Amen",Unknown,2025-09-01 20:00,Unknown,https://www.facebook.com/stormchasersPH/posts/pfbid02QHgHaKMKraj1vAxmaktanKVaZAZSLSDjBkWrRjDTrVi93Ws8YcPo4denLg2Vzp2Xl?__cft__[0]=AZXyLWJiZCv-QPrWqZyTBs_O_4J_MdmKd5wLkCj5U_oYB_gjVcF-H9upQDxzLoXIY0ZsmNuChSD8i1vyBJeM_kgg93NP7CXKlmLcumw9ZBtbmZTIx9vk2iP4xbLaCTMOQSnvK9ZytJ0WH1ftZ3RYHUIxZ7BPQe9FzdFLoRxa5Daec5aPwjrW2RHz2Opw0L3-gQ0&__tn__=%2CO%2CP-R
Facebook,UNTVNewsRescue,"Discaya, inaming may mga kumpanya silang nagsasabay sa bidding para sa isang kontrata Discaya, inaming may mga kumpanya silang nagsasabay sa bidding para sa isang kontrata 42 plunder cases, maaaring kaharapin ng Wawao Builders sa flood control anomaly",Unknown,2025-09-01 20:00,Unknown,https://www.facebook.com/UNTVNewsRescue/
Facebook,UNTVNewsRescue,"42 plunder cases, maaaring kaharapin ng Wawao Builders sa flood control anomaly",Unknown,2025-09-01 20:00,Unknown,https://www.facebook.com/UNTVNewsRescue/
Facebook,weather.davao,"24 HR. LOCALIZED WEATHER FORECAST FOR DAVAO REGION
ISSUED AT 5:00 PM SEPTEMBER 01, 2025
Valid Until 5:00 PM TOMORROW
SYNOPSIS:
At 3:00 PM today, the Low Pressure Area (LPA) was estimated based on all available at 865 km East of Northern Luzon (17.3°N, 129.9°E). 
Southwest Monsoon affecting the Southern Luzon, Visayas, and the northern section of Mindanao. 
LOCALIZED THUNDERSTORMS affecting Davao Region.
FORECAST:
DAVAO REGION will experience partly cloudy to cloudy skies with isolated rainshowers and thunderstorms due LOCALIZED THUNDERSTORMS. Possible flashfloods or landslides during severe thunderstorms. 
Light to Moderate winds coming from South to Southwest will prevail and the coastal waters will be Slight to Moderate. 
(0.6 to 1.8 meters wave height)
KAUGALINGONG PINULUNGAN:
Ang Dakbayan sa DAVAO ug ubang dapit sa Davao Region makasinati  sa  panalagsa nga pagdag.um ngadto sa mapanganurun nga  kalangitan inubanan sa PAT-AK PAT-AK  nga  pag-ulan, kilat ug pagpanalugdug tungod  sa LOCALIZED THUNDERSTORMS. Posible ang mga pagbaha og landslides kung dunay kusog nga pag ulan. 
Hinay ngadto sa Kasarangan nga huyop sa hangin nga magagikan sa Kasadpan ngadto sa Habagatang Kasadpan nga  direksyon ang mupasulabi, ug ang kadagatan mahimong hapsay ngadto sa  kasarangan ang balod. 
(0.6 to 1.8 meters wave height).
FORECAST OVER DAVAO CITY
Temperature Tomorrow:         25˚C to 30˚C 
Sunset  (Salop)    Today:         5: 49 PM
Sunrise  (Sidlak)  Tomorrow:   5: 34 AM      
For more information and queries, please call telephone for local number (082)234-0890 and (088)555-0485 for regional or log on to  bagong.pagasa.dost.gov.ph…/regional…/Mindanao-PRSD or join our Facebook Group at Mindanao PRSD (Regional Office) or PAGASA Davao (Local). 24 HR. LOCALIZED WEATHER FORECAST FOR DAVAO REGION ISSUED AT 5:00 PM SEPTEMBER 01, 2025 Valid Until 5:00 PM TOMORROW SYNOPSIS: At 3:00 PM today, the Low Pressure Area (LPA) was estimated based on all available at 865 km East of Northern Luzon (17.3°N, 129.9°E). Southwest Monsoon affecting the Southern Luzon, Visayas, and the northern section of Mindanao. LOCALIZED THUNDERSTORMS affecting Davao Region. FORECAST: DAVAO REGION will experience partly cloudy to cloudy skies with isolated rainshowers and thunderstorms due LOCALIZED THUNDERSTORMS. Possible flashfloods or landslides during severe thunderstorms. Light to Moderate winds coming from South to Southwest will prevail and the coastal waters will be Slight to Moderate. (0.6 to 1.8 meters wave height) KAUGALINGONG PINULUNGAN: Ang Dakbayan sa DAVAO ug ubang dapit sa Davao Region makasinati  sa  panalagsa nga pagdag.um ngadto sa mapanganurun nga  kalangitan inubanan sa PAT-AK PAT-AK  nga  pag-ulan, kilat ug pagpanalugdug tungod  sa LOCALIZED THUNDERSTORMS. Posible ang mga pagbaha og landslides kung dunay kusog nga pag ulan. Hinay ngadto sa Kasarangan nga huyop sa hangin nga magagikan sa Kasadpan ngadto sa Habagatang Kasadpan nga  direksyon ang mupasulabi, ug ang kadagatan mahimong hapsay ngadto sa  kasarangan ang balod. (0.6 to 1.8 meters wave height). FORECAST OVER DAVAO CITY Temperature Tomorrow:         25˚C to 30˚C Sunset  (Salop)    Today:         5: 49 PM Sunrise  (Sidlak)  Tomorrow:   5: 34 AM For more information and queries, please call telephone for local number (082)234-0890 and (088)555-0485 for regional or log on to  bagong.pagasa.dost.gov.ph…/regional…/Mindanao-PRSD or join our Facebook Group at Mindanao PRSD (Regional Office) or PAGASA Davao (Local).",Unknown,2025-09-01 20:00,Unknown,https://www.facebook.com/weather.davao/posts/pfbid02Xt84RgCPyFmUQv4F1pn11GSBic7tDUSyP2qyrZNbnXAV7KTFfikWKnHZq3a6am1Yl?__cft__[0]=AZUMKR2ig3e2jotAAt49KoATf_8lsczUl9FZVq3t-ow3CeBsvyLBoPrDYsVhKe3dPbVwioY3OL5x1c4_X0tBikbMgrokK7pht3B3raYkRNNUSGsarVarntXlfPmNdBHY4iGnHNE1eQDtcETVnTMqKhd_EWiVWAyLZRoqqQhL5Aehj8lHX3gUeC1Mo9y0VHkkzLA&__tn__=%2CO%2CP-R
Facebook,civildefensedavao,"Thunderstorm Advisory No. 6  #MINPRSD
Issued at 11:00 PM 01 September 2025
Light to Moderate rainshowers with lightning and strong winds are expected over #DavaoDelNorte(Kapalong, Talaingod, SanIsidro), #Bukidnon(SanFernando, Quezon, CityOfValencia, CityOfMalaybalay, Cabanglasan, Maramag, Lantapan), #AgusanDelSur(Loreto, Veruela, Bunawan, Trento, SantaJosefa, Rosario, LaPaz, SanLuis, Prosperidad, Talacogon, SanFrancisco), #DavaoDeOro(Laak), #SurigaoDelSur(CityOfBislig, Hinatuan, Tagbina, Barobo, Lianga, SanAgustin and Marihatag) within the next 1-2 hours.
All are advised to take precautionary measures against the impacts associated with these hazards which include flash floods and landslides.
Source: Mindanao PRSD Thunderstorm Advisory No. 6  #MINPRSD Issued at 11:00 PM 01 September 2025 Light to Moderate rainshowers with lightning and strong winds are expected over #DavaoDelNorte(Kapalong, Talaingod, SanIsidro), #Bukidnon(SanFernando, Quezon, CityOfValencia, CityOfMalaybalay, Cabanglasan, Maramag, Lantapan), #AgusanDelSur(Loreto, Veruela, Bunawan, Trento, SantaJosefa, Rosario, LaPaz, SanLuis, Prosperidad, Talacogon, SanFrancisco), #DavaoDeOro(Laak), #SurigaoDelSur(CityOfBislig, Hinatuan, Tagbina, Barobo, Lianga, SanAgustin and Marihatag) within the next 1-2 hours. All are advised to take precautionary measures against the impacts associated with these hazards which include flash floods and landslides. Source: Mindanao PRSD",Unknown,2025-09-01 23:30,Unknown,https://www.facebook.com/civildefensedavao/posts/pfbid06rq9Et4e9AkuVRsTLn41Bt8d7HaF5XEFSh8BfyXxtYu4hV5rZxFh3ifXhL2tujW2l?__cft__[0]=AZUoW2MBmnuBs4yHC6iLq_oujK6gsH9OJquv-zjgtSJDU7bOQp8zHdXW6fUHC8NpcaP1DVXQklmxN0EkpGWJlnV4jAT_EJgW1yehWLuKhephAJXEZY8bd3Vf5Ul5P9OUCpR1zQs1kkbsx1_X8fXgF3fFSg9CwCxT512DFjTUFuGAie9unCQ01qcltgWGgmbEtsU&__tn__=%2CO%2CP-R
Facebook,inquirerdotnet,Marcos orders `sweeping revamp’ of contractors’ board amid flood probe Marcos orders `sweeping revamp’ of contractors’ board amid flood probe,Unknown,2025-09-01 23:30,Unknown,https://www.facebook.com/inquirerdotnet/posts/pfbid033XR9vGzMJ1AGy4MTdEaN69tcKRzTXZFcYV4AyAgCn5LeoGQdTPnnY2o7FhRb37u8l?__cft__[0]=AZWfu7oTKlcr4CUxTuO-sb7HZPA52_fWi7WTk8u-9c_AJniCcgC9tNXhZGb880LhEUzSIBaM7JuneL4u5q553EEaTxXGXyPPDRJ53mTKxpYvgRfO2CDfjskn3QIFw3yonFnBLiXuBa9Sms3eIFbxVqeAJSLf0918oX-CAJTYEjzNe9n32IQFeAVW1_sflzirHU8&__tn__=%2CO%2CP-R
Facebook,NDRRMC,"Maging Alerto, lalawigan ng #Palawan!
NDRRMC(11:21PM,01Sep25) Orange Rainfall Warning sa Palawan (Kalayaan). Nagbabanta ang matinding pag-ulan, pagbaha at pagguho ng lupa.
#NDRRMC #HeavyRainfall
#BawatSegundoMahalaga Maging Alerto, lalawigan ng #Palawan! NDRRMC(11:21PM,01Sep25) Orange Rainfall Warning sa Palawan (Kalayaan). Nagbabanta ang matinding pag-ulan, pagbaha at pagguho ng lupa. #NDRRMC #HeavyRainfall #BawatSegundoMahalaga Ibahagi at ikomento ang kalagayan sa inyong lugar, mag ingat po tayong lahat!",Unknown,2025-09-01 23:30,Unknown,https://www.facebook.com/NDRRMC/posts/pfbid0xx9VzTH3ZFd6jizsQQrBNzJW9vGnbWzBWmWt6A8aggrnuKD9YLRgjEwP1UXD2bVbl?__cft__[0]=AZU4vmT2C_vvZIWY8MEl_x_GLsjMlPdPNNNZcpO4Ck-4IwRpIDfYrZwWrn-Wzm9Or3sWhK8xPeRETfHqvrpNLxTqWQ0Jcq08YPDsbrjjlbo0oamxw7CWEMzGPSTDgfkFi5aIGgejR8ZxtByKw_LL9j6U6GnCzdkOd2SLbna3cLZ9xJV21bgxzJw9iLiBOPz8UVU&__tn__=%2CO%2CP-R
Facebook,pagasa.dost.gov.ph,"Weather Advisory No. 11
For: Low Pressure Area (LPA) and Southwest Monsoon
Issued at: Sept. 1, 2025, 11 p.m.
Heavy rainfall outlook due to Low Pressure Area (LPA)
Tonight to tomorrow evening (September 2)
(50-100 mm):
Quezon
Heavy rainfall outlook due to Southwest Monsoon
Tonight to tomorrow evening (September 2)
Moderate to Heavy (50-100 mm):
Occidental Mindoro and Palawan
Forecast rainfall may be higher in mountainous and elevated areas. Moreover, impacts in some areas may be worsened by significant antecedent rainfall.
The public and disaster risk reduction and management offices concerned are advised to take all necessary measures to protect life and property. PAGASA Regional Services Divisions may issue Heavy Rainfall Warnings, Rainfall/Thunderstorm Advisories, and other severe weather information specific to their areas of responsibility as appropriate. 
Unless significant changes occur, the next Weather Advisory will be issued at 5:00 AM tomorrow.
𝐅𝐨𝐫 𝐀𝐝𝐝𝐢𝐭𝐢𝐨𝐧𝐚𝐥 𝐈𝐧𝐟𝐨𝐫𝐦𝐚𝐭𝐢𝐨𝐧: The key difference between a 𝐇𝐞𝐚𝐯𝐲 𝐑𝐚𝐢𝐧𝐟𝐚𝐥𝐥 𝐖𝐚𝐫𝐧𝐢𝐧𝐠 and a 𝐖𝐞𝐚𝐭𝐡𝐞𝐫 𝐀𝐝𝐯𝐢𝐬𝐨𝐫𝐲 lies in their forecast period, coverage areas, and accuracy. A 𝐇𝐞𝐚𝐯𝐲 𝐑𝐚𝐢𝐧𝐟𝐚𝐥𝐥 𝐖𝐚𝐫𝐧𝐢𝐧𝐠 provides forecasts for the next three hours and applies up to the municipal level. It is more precise as it utilizes Doppler radar technology to track real-time rainfall intensity, making it highly effective for immediate decision-making in flood-prone areas. A 𝐖𝐞𝐚𝐭𝐡𝐞𝐫 𝐀𝐝𝐯𝐢𝐬𝐨𝐫𝐲, on the other hand, covers a 24-hour period but is issued only at the provincial level. It provides a broader outlook on potential weather disturbances but lacks the short-term accuracy of 𝐇𝐞𝐚𝐯𝐲 𝐑𝐚𝐢𝐧𝐟𝐚𝐥𝐥 𝐖𝐚𝐫𝐧𝐢𝐧𝐠𝐬. Since a 𝐖𝐞𝐚𝐭𝐡𝐞𝐫 𝐀𝐝𝐯𝐢𝐬𝐨𝐫𝐲 is based on a 24-hour outlook, it should not be used as a basis for class suspensions or other official decisions.
For class suspensions or other official decisions, please refer to 𝐇𝐞𝐚𝐯𝐲 𝐑𝐚𝐢𝐧𝐟𝐚𝐥𝐥 𝐖𝐚𝐫𝐧𝐢𝐧𝐠𝐬 issued by the respective PAGASA Regional Services Divisions:
Northern Luzon Prsd
PAGASA-National Capital Region PRSD
Pagasa Southern Luzon
PAGASA Visayas PRSD
Mindanao Prsd Weather Advisory No. 11 For: Low Pressure Area (LPA) and Southwest Monsoon Issued at: Sept. 1, 2025, 11 p.m. Heavy rainfall outlook due to Low Pressure Area (LPA) Tonight to tomorrow evening (September 2) (50-100 mm): Quezon Heavy rainfall outlook due to Southwest Monsoon Tonight to tomorrow evening (September 2) Moderate to Heavy (50-100 mm): Occidental Mindoro and Palawan Forecast rainfall may be higher in mountainous and elevated areas. Moreover, impacts in some areas may be worsened by significant antecedent rainfall. The public and disaster risk reduction and management offices concerned are advised to take all necessary measures to protect life and property. PAGASA Regional Services Divisions may issue Heavy Rainfall Warnings, Rainfall/Thunderstorm Advisories, and other severe weather information specific to their areas of responsibility as appropriate. Unless significant changes occur, the next Weather Advisory will be issued at 5:00 AM tomorrow. 𝐅𝐨𝐫 𝐀𝐝𝐝𝐢𝐭𝐢𝐨𝐧𝐚𝐥 𝐈𝐧𝐟𝐨𝐫𝐦𝐚𝐭𝐢𝐨𝐧: The key difference between a 𝐇𝐞𝐚𝐯𝐲 𝐑𝐚𝐢𝐧𝐟𝐚𝐥𝐥 𝐖𝐚𝐫𝐧𝐢𝐧𝐠 and a 𝐖𝐞𝐚𝐭𝐡𝐞𝐫 𝐀𝐝𝐯𝐢𝐬𝐨𝐫𝐲 lies in their forecast period, coverage areas, and accuracy. A 𝐇𝐞𝐚𝐯𝐲 𝐑𝐚𝐢𝐧𝐟𝐚𝐥𝐥 𝐖𝐚𝐫𝐧𝐢𝐧𝐠 provides forecasts for the next three hours and applies up to the municipal level. It is more precise as it utilizes Doppler radar technology to track real-time rainfall intensity, making it highly effective for immediate decision-making in flood-prone areas. A 𝐖𝐞𝐚𝐭𝐡𝐞𝐫 𝐀𝐝𝐯𝐢𝐬𝐨𝐫𝐲, on the other hand, covers a 24-hour period but is issued only at the provincial level. It provides a broader outlook on potential weather disturbances but lacks the short-term accuracy of 𝐇𝐞𝐚𝐯𝐲 𝐑𝐚𝐢𝐧𝐟𝐚𝐥𝐥 𝐖𝐚𝐫𝐧𝐢𝐧𝐠𝐬. Since a 𝐖𝐞𝐚𝐭𝐡𝐞𝐫 𝐀𝐝𝐯𝐢𝐬𝐨𝐫𝐲 is based on a 24-hour outlook, it should not be used as a basis for class suspensions or other official decisions. For class suspensions or other official decisions, please refer to 𝐇𝐞𝐚𝐯𝐲 𝐑𝐚𝐢𝐧𝐟𝐚𝐥𝐥 𝐖𝐚𝐫𝐧𝐢𝐧𝐠𝐬 issued by the respective PAGASA Regional Services Divisions: Northern Luzon Prsd PAGASA-National Capital Region PRSD Pagasa Southern Luzon PAGASA Visayas PRSD Mindanao Prsd maulan po dito ngayon sa camsur",Unknown,2025-09-01 23:30,Unknown,https://www.facebook.com/PAGASA.DOST.GOV.PH/posts/pfbid0371261dsQuNaxcL3BE9jCAjRWVYuP4tzNP8qsM52C6ADZcdicYCWdanDffmM95rSHl?__cft__[0]=AZUMvUjobZPD4usKHws15LFuTu6k3h1TZ48rLfm2M1Zrlvj525nkR_IJPL8CWnN_HdSEIfo0-0YbJpj4WRMhGQU17WftPlhtmIpEq2Qiq3_QVZ2w_-4BEzxidM_fASjtjCEjX3zOb8n2fcyK9VXcv14USP9WQiElJ6kXVQP0-N9uO54cAQhXoPMiF65YJPSf8G8&__tn__=%2CO%2CP-R
Facebook,PHIVOLCS,"#EarthquakePH #EarthquakeSurigaoDelSur
Earthquake Information No.1
Date and Time: 01 September 2025 - 10:53 PM
Magnitude = 2.1
Depth = 031 km
Location = 08.79°N, 126.33°E - 003 km S 73° E of Marihatag (Surigao Del Sur)
https://earthquake.phivolcs.dost.gov.ph/.../2025_0901... #EarthquakePH #EarthquakeSurigaoDelSur Earthquake Information No.1 Date and Time: 01 September 2025 - 10:53 PM Magnitude = 2.1 Depth = 031 km Location = 08.79°N, 126.33°E - 003 km S 73° E of Marihatag (Surigao Del Sur) https://earthquake.phivolcs.dost.gov.ph/.../2025_0901...",Unknown,2025-09-01 23:30,Unknown,https://www.facebook.com/PHIVOLCS/posts/pfbid02FmPm13RN4DrnZW6AMiu8jqRYwSfRATTM5CgU8FSLXBAwq1265rzPeN2MsY6Mz3Pjl?__cft__[0]=AZV2HQ7p_aMyEE_0-vendrm5Hp0wvvgLgcnJ3wqDXvafaNbXoJhwcY56buMnfshqPY2cOo0U6bJr5Ta6vyvLfL0bbX9vCe-sIKjGWa34UMp9op6mkyihNVUV2UxiNPDMN_2X9nS8kk-9e65-h9xTNGNdtBSJWB5GDRvaKXfvPUxoqkrXw6P88vXFvYIk9POQyww&__tn__=%2CO%2CP-R
Facebook,stormchasersPH,"𝐇𝐄𝐀𝐃𝐒 𝐔𝐏, 𝐒𝐄𝐋𝐄𝐍𝐎𝐏𝐇𝐈𝐋𝐄𝐒! 
Masisilayan na simula sa Linggo ng gabi hanggang Lunes ng madaling araw (Sept. 7-8) ang magaganap na ‘Blood Moon’ o Total Lunar Eclipse na masasaksihan sa malaking bahagi ng mundo kabilang ang Pilipinas.
Huwag palagpasin ang pambihirang gabi na ito lalo na kung papalaring maging maaliwalas ang panahon sa inyong lugar.
— PWS/PSU
#PulangBuwan2025 
#TotalLunarEclipse #AstroPH 𝐇𝐄𝐀𝐃𝐒 𝐔𝐏, 𝐒𝐄𝐋𝐄𝐍𝐎𝐏𝐇𝐈𝐋𝐄𝐒! Masisilayan na simula sa Linggo ng gabi hanggang Lunes ng madaling araw (Sept. 7-8) ang magaganap na ‘Blood Moon’ o Total Lunar Eclipse na masasaksihan sa malaking bahagi ng mundo kabilang ang Pilipinas. Huwag palagpasin ang pambihirang gabi na ito lalo na kung papalaring maging maaliwalas ang panahon sa inyong lugar. — PWS/PSU #PulangBuwan2025 #TotalLunarEclipse #AstroPH Legit ba? Naksu Tanaka yup",Unknown,2025-09-01 23:30,Unknown,https://www.facebook.com/stormchasersPH/posts/pfbid02hArdEfwjTWC7vyTErS6hRmFXgTSuZVhDnp6AKhRYn2xAHsczC9kL8VZMUGAHicnql?__cft__[0]=AZUiFQV4CqL17LIgI_DrgzQjTP03dUE1x6jKmXyzFcxhSfWSLXepjNmlfbCVpdXaQ4ZcRivjljn2AN_2c2lkydEbqNNdy8Q3BnWIhin3nw8yPz_hTaQx0dWGzQEBqg0WjNGR0QIR43ygoHL2d2v_Dokuh0ta83ri0qGOq2GmM0oGQHh04s8v_wRDBzeBBt6lqQ0&__tn__=%2CO%2CP-R
Facebook,mprsdcdo,"Thunderstorm Advisory No. 6  #MINPRSD
Issued at 11:00 PM 01 September 2025
Light to Moderate rainshowers with lightning and strong winds are expected over #DavaoDelNorte(Kapalong, Talaingod, SanIsidro), #Bukidnon(SanFernando, Quezon, CityOfValencia, CityOfMalaybalay, Cabanglasan, Maramag, Lantapan), #AgusanDelSur(Loreto, Veruela, Bunawan, Trento, SantaJosefa, Rosario, LaPaz, SanLuis, Prosperidad, Talacogon, SanFrancisco), #DavaoDeOro(Laak), #SurigaoDelSur(CityOfBislig, Hinatuan, Tagbina, Barobo, Lianga, SanAgustin and Marihatag) within the next 1-2 hours.
All are advised to take precautionary measures against the impacts associated with these hazards which include flash floods and landslides.
Keep monitoring for updates. Thunderstorm Advisory No. 6  #MINPRSD Issued at 11:00 PM 01 September 2025 Light to Moderate rainshowers with lightning and strong winds are expected over #DavaoDelNorte(Kapalong, Talaingod, SanIsidro), #Bukidnon(SanFernando, Quezon, CityOfValencia, CityOfMalaybalay, Cabanglasan, Maramag, Lantapan), #AgusanDelSur(Loreto, Veruela, Bunawan, Trento, SantaJosefa, Rosario, LaPaz, SanLuis, Prosperidad, Talacogon, SanFrancisco), #DavaoDeOro(Laak), #SurigaoDelSur(CityOfBislig, Hinatuan, Tagbina, Barobo, Lianga, SanAgustin and Marihatag) within the next 1-2 hours. All are advised to take precautionary measures against the impacts associated with these hazards which include flash floods and landslides. Keep monitoring for updates.",Unknown,2025-09-01 23:30,Unknown,https://www.facebook.com/mprsdcdo/posts/pfbid02XUKCyVfXawAifHPBqs6yxd8VVfnmKswFyVgNQAA4wcfjD2qgU1KCwLNZacMnqEGQl?__cft__[0]=AZWaGXTZH6djVMgJfqhi9gfO3fxUdhbCKiqblY9fMzP7JAfKoKfiEBAOm9eQUoWcGAlq9QxozbnhWVceguAcCs85oDI9Ok1l4O8AriQJjV81xfZ2kWOhnHKWwn_2WvDI79wLocECrKH9U-dO3h4uiC_h-zbjbtKTuqksdbfYpVOapfNyhOcLSUzKX88eWBCuvTE&__tn__=%2CO%2CP-R
Facebook,#BahaPH,"Kasalukuyang natagpuang palutang-lutang ang bangkay ng isang 11-anyos na batang lalaki na nawawala matapos umano itong tangayin ng malakas na agos ng baha noong nakaraang Sabado, ika-30 ng Agosto.
Pasado alas-2 ng hapon nang matagpuan ang bangkay ng biktima sa Brgy. Santolan, Pasig City.
#DitoSaPilipinas #DSP #BahaPH #AksidentePH Kasalukuyang natagpuang palutang-lutang ang bangkay ng isang 11-anyos na batang lalaki na nawawala matapos umano itong tangayin ng malakas na agos ng baha noong nakaraang Sabado, ika-30 ng Agosto. Pasado alas-2 ng hapon nang matagpuan ang bangkay ng biktima sa Brgy. Santolan, Pasig City. #DitoSaPilipinas #DSP #BahaPH #AksidentePH",Unknown,2025-09-01 23:30,Unknown,https://www.facebook.com/DitoSaPH/posts/pfbid031UvZaP6t1fNRE5fiGtL3tGf7MgToGP7wynH6Hha9K9p1eTqdmJWuCffFYQrqWbs8l?__cft__[0]=AZXQ_WtTqlhZaJGtTojSea336kWR0ua7syXDOKVkrywhiqRAALTJuAab79QlHONiyEk2nsuF8tUOgYCBGVVQZVMpWojFq0sTUjXMqyIpDVaLayCpXrMK40o2iXXkvZlZKxyI2whg5BpHM9qCQ0m9op7K3Qu7Jh9gHB_FNcIiA6oVJqHszvCFExwHjdThsChSvmU&__tn__=%2CO%2CP-R
Facebook,abscbnNEWS,"Nakuwestiyon sa Senate hearing nitong Lunes, September 1, ang pagiging kontratista sa flood control projects ng mismong mga miyembro ng Philippine Contractors Accreditation Board. | via TV Patrol 
Nasa comments section ang buong ulat. Nakuwestiyon sa Senate hearing nitong Lunes, September 1, ang pagiging kontratista sa flood control projects ng mismong mga miyembro ng Philippine Contractors Accreditation Board. | via TV Patrol Nasa comments section ang buong ulat.",Unknown,2025-09-02 14:00,Unknown,https://www.facebook.com/abscbnNEWS/posts/pfbid09zLZTiS56CoSTje66Xqep7pQWcxEhWMGFBk4tTEfDugH2NCbt6mjUGtCsAPDXZVzl?__cft__[0]=AZXgh4pudT6Iz1cHLyBYUVqFV18UdEbVabnUBfjfqi_IAtBFWNXMZ-Q44cHhnEkJflD8hVwBK9GdZq_-7rclik8KLCpeXLZNXcOLlvI4EGP_15ozoil5unvIZ_2dh9zVkjS4_BUbafKCuyN4-AUE26P0v-r4jo213II2QMr47DBR-T-YqKJr9Q8mDM_qvqiIvmk&__tn__=%2CO%2CP-R
Facebook,PHIVOLCS,"#EarthquakePH #EarthquakeCamarinesSur
Earthquake Information No.1
Date and Time: 02 September 2025 - 01:11 PM
Magnitude = 1.7
Depth = 019 km
Location = 13.78°N, 123.85°E - 002 km West of Caramoan (Camarines Sur)
https://earthquake.phivolcs.dost.gov.ph/.../2025_0902... #EarthquakePH #EarthquakeCamarinesSur Earthquake Information No.1 Date and Time: 02 September 2025 - 01:11 PM Magnitude = 1.7 Depth = 019 km Location = 13.78°N, 123.85°E - 002 km West of Caramoan (Camarines Sur) https://earthquake.phivolcs.dost.gov.ph/.../2025_0902... Anyone can explain bat sunod sunod ang lindol sa bicol?",Unknown,2025-09-02 14:00,Unknown,https://www.facebook.com/PHIVOLCS/posts/pfbid02iC3kiX1adjzv2ic21zRjvtLNiFtbmKP3W6bS78qN44d8AeFrsvUXpvkMsqvSH2bgl?__cft__[0]=AZVzC2MO6pxEESRvN3tj0oxzWCuvEa3oXIPcEgSrQI9Rn1ENmEx28yj7GuMGOmPMXxlEJJ4jT7WmyqeZs-Zx3LAnbhSj7tOAflq3dkRDf6QKuCxbEE9wSomW-Zex5VvBHM_A5D26ExTcy8tx3K0ePr-3HoQpC5Ylp8zXGHEGR2BvnNYUTbiZxt4Q2sUem01OjwI&__tn__=%2CO%2CP-R
Facebook,rapplerdotcom,"""The real tragedy is that ordinary Filipinos pay first and hardest. Fortunately, history shows us that the patience of the people, like floodwater, eventually breaks through any barrier. When it does, no levees of money and influence will hold."" #ThoughtLeaders ""The real tragedy is that ordinary Filipinos pay first and hardest. Fortunately, history shows us that the patience of the people, like floodwater, eventually breaks through any barrier. When it does, no levees of money and influence will hold."" #ThoughtLeaders",Unknown,2025-09-02 14:00,Unknown,https://www.facebook.com/rapplerdotcom/posts/pfbid02NzKisiDw8683DBYFEsQEHKBLq77qLQzAYtQwNskSaXR1Tk3hQedhXh7WLHaZ5z9al?__cft__[0]=AZWyE0uOgTyKvJzbI7dAi1dkHRUulAWLbqe2So6nyV9CBhCbp2J0SMMV_mvO-Yu13BLvR4qCw7sVaBQyIemgBVM9qYDt8_ZH3K2CtIUSKekpwISdyivvSDGlOZqoivB5tnqwjrtvYWDEXpCEnh0K2p7ryHR4KVPS2q3D29SIByMuPVZFUUfNymIOu6ZcoSLTDx0&__tn__=%2CO%2CP-R
Facebook,civildefensedavao,"Thunderstorm Advisory No. 1 #MINPRSD
Issued at 02:00 PM 02 September 2025
Moderate to occasionally heavy rainshowers with lightning and strong winds are expected over #DavaoDelNorte(NewCorella, Asuncion, CityOfTagum, Carmen, BraulioE.Dujali, SantoTomas, CityOfPanabo, CityOfSamal), #DavaoDeOro(Montevista, Mawab, Monkayo, Laak), #DavaoCity, #AgusanDelNorte(ButuanCity, LasNieves, RemediosT.Romualdez, CityOfCabadbaran, Magallanes, Santiago, Jabonga, Tubay), #DavaoOriental(Boston, Cateel, GovernorGeneroso, CityOfMati, SanIsidro, Tarragona), #TawiTawi, #Bukidnon, #SultanKudarat, #SurigaoDelNorte, #NorthCotabato, #ZamboangaDelSur, #MisamisOccidental, #MaguindanaoDelNorte and #CotabatoCity within the next 1-2 hours.
The above conditions are being experienced in #DavaoDeOro(Maragusan, Maco, Pantukan, Mabini, NewBataan, Nabunturan, Compostela), #DavaoOriental(Banaybanay, Lupon, Manay, Caraga, Baganga), #AgusanDelSur, #Bukidnon(Pangantucan, Kalilangan, Talakag, CityOfValencia, Maramag), #ZamboangaDelNorte, #ZamboangaDelSur, #SurigaoDelSur and #MaguindanaoDelSur which may persist within 1-2 hours and may affect nearby areas.
All are advised to take precautionary measures against the impacts associated with these hazards which include flash floods and landslides.
Keep monitoring for updates.
Source: Mindanao PRSD Thunderstorm Advisory No. 1 #MINPRSD Issued at 02:00 PM 02 September 2025 Moderate to occasionally heavy rainshowers with lightning and strong winds are expected over #DavaoDelNorte(NewCorella, Asuncion, CityOfTagum, Carmen, BraulioE.Dujali, SantoTomas, CityOfPanabo, CityOfSamal), #DavaoDeOro(Montevista, Mawab, Monkayo, Laak), #DavaoCity, #AgusanDelNorte(ButuanCity, LasNieves, RemediosT.Romualdez, CityOfCabadbaran, Magallanes, Santiago, Jabonga, Tubay), #DavaoOriental(Boston, Cateel, GovernorGeneroso, CityOfMati, SanIsidro, Tarragona), #TawiTawi, #Bukidnon, #SultanKudarat, #SurigaoDelNorte, #NorthCotabato, #ZamboangaDelSur, #MisamisOccidental, #MaguindanaoDelNorte and #CotabatoCity within the next 1-2 hours. The above conditions are being experienced in #DavaoDeOro(Maragusan, Maco, Pantukan, Mabini, NewBataan, Nabunturan, Compostela), #DavaoOriental(Banaybanay, Lupon, Manay, Caraga, Baganga), #AgusanDelSur, #Bukidnon(Pangantucan, Kalilangan, Talakag, CityOfValencia, Maramag), #ZamboangaDelNorte, #ZamboangaDelSur, #SurigaoDelSur and #MaguindanaoDelSur which may persist within 1-2 hours and may affect nearby areas. All are advised to take precautionary measures against the impacts associated with these hazards which include flash floods and landslides. Keep monitoring for updates. Source: Mindanao PRSD",Unknown,2025-09-02 14:30,Unknown,https://www.facebook.com/civildefensedavao/posts/pfbid02cMPSe3aTkzWpRGEi3yUMFvEEKQaKJCXxLAvVcu5d5A7RmaRwF1kAspUehmdnBNYtl?__cft__[0]=AZX1J9zE88jf1VFLWcwMF-o-3OVvlUb1brKCBx6Lsdy2-qJmVy6IuU1xi2E7Tgacv0NKa0S6eBOwZgcMZU6tJFYl2ZSS475qzQ-sSRIHYa_h5ux9fXdVA2He3fR4RYCGyup9ifR_IadzrsFmtK8au_Anp-ivdaQLwwhExTO8lgG2qaATIKQkxZCMdjBL--T9TNU&__tn__=%2CO%2CP-R
Facebook,NDRRMC,"IN THE NEWS | Remain on alert for monsoon rains and local thunderstorms threat, RDRRMC reminds LGUs
The Regional Disaster Risk Reduction and Management Council (RDRRMC) reminds local government units to remain alert for the occurrence of monsoon rains and local thunderstorms that may cause rain-induced landslides or flooding.
Cordillera RDRRMC Chairperson and Office of Civil Defense Regional Director Albert Mogol,  in his memorandum to LGUs and local DRRM councils, tasked them  to continuously monitor and assess high risk areas in their locality, especially recent landslide and flooding sites. Always prioritize safety and conduct pre-emptive evacuation, if deemed necessary.
Source: Philippine Information Agency
Read more: https://pia.gov.ph/remain-on-alert-for-monsoon-rains-and.../
#BawatSegundoMahalaga   
#NDRRMC IN THE NEWS | Remain on alert for monsoon rains and local thunderstorms threat, RDRRMC reminds LGUs The Regional Disaster Risk Reduction and Management Council (RDRRMC) reminds local government units to remain alert for the occurrence of monsoon rains and local thunderstorms that may cause rain-induced landslides or flooding. Cordillera RDRRMC Chairperson and Office of Civil Defense Regional Director Albert Mogol,  in his memorandum to LGUs and local DRRM councils, tasked them  to continuously monitor and assess high risk areas in their locality, especially recent landslide and flooding sites. Always prioritize safety and conduct pre-emptive evacuation, if deemed necessary. Source: Philippine Information Agency Read more: https://pia.gov.ph/remain-on-alert-for-monsoon-rains-and.../ #BawatSegundoMahalaga #NDRRMC",Unknown,2025-09-02 14:30,Unknown,https://www.facebook.com/NDRRMC/posts/pfbid02vG5tVcrwV8Pihgtkgo6MTyekgHwNGWTe3abeAjAkDWLMMtq4G8Ur7rgbeTaincuJl?__cft__[0]=AZWmy2pqWQYhDZoMwTBrzAgJCwemuJp08Dr-C-6aHazMfXtrIgQjTj9xnWlnPJ_X5DYcj8vxXJzkO0VtdM-bdj5micftm45mdJpRUF6UJTFQ3CSkTmtCpCeBQ6GXwMCEY6Pn6EZvcGmKCIaJ9iJVH1uxqULi79cjb_dt9K57LfGKI1XichWEyom2jEmo5QSFqeg&__tn__=%2CO%2CP-R
Facebook,pagasa.dost.gov.ph,"HAPPENING NOW | The Training Workshop on Climate Information Services (CIS) and Development of the ENSO Response Matrix Tool (ERMaT) is currently being held on September 2–4, 2025 at Citadines Amigo Iloilo. This 3-day capacity-building workshop brings together participants from DOST-PAGASA, DOST, LGUs, and partner agencies with the common goal of strengthening preparedness against the impacts of El Niño.
The workshop aims to introduce the ENSO Alert and Warning System and its role in early action planning, build awareness and technical capacity on climate information and services, and develop a sector-specific ENSO Response Matrix Tool (ERMaT) to support drought preparedness and climate risk management. It also seeks to foster collaboration among stakeholders for more coordinated and proactive responses.
As the sessions progress, participants are gaining knowledge on climate drivers, ENSO dynamics, and DOST-PAGASA tools, developing and calibrating local response matrices tailored to their sectors and communities, and strengthening networks for anticipatory action and climate risk management. Together, we are building resilience and safeguarding our communities against climate challenges. 
#DOSTPAGASA #DOST #ClimateAction  #ERMAT #ClimateInformationServices HAPPENING NOW | The Training Workshop on Climate Information Services (CIS) and Development of the ENSO Response Matrix Tool (ERMaT) is currently being held on September 2–4, 2025 at Citadines Amigo Iloilo. This 3-day capacity-building workshop brings together participants from DOST-PAGASA, DOST, LGUs, and partner agencies with the common goal of strengthening preparedness against the impacts of El Niño. The workshop aims to introduce the ENSO Alert and Warning System and its role in early action planning, build awareness and technical capacity on climate information and services, and develop a sector-specific ENSO Response Matrix Tool (ERMaT) to support drought preparedness and climate risk management. It also seeks to foster collaboration among stakeholders for more coordinated and proactive responses. As the sessions progress, participants are gaining knowledge on climate drivers, ENSO dynamics, and DOST-PAGASA tools, developing and calibrating local response matrices tailored to their sectors and communities, and strengthening networks for anticipatory action and climate risk management. Together, we are building resilience and safeguarding our communities against climate challenges. #DOSTPAGASA #DOST #ClimateAction  #ERMAT #ClimateInformationServices",Unknown,2025-09-02 14:30,Unknown,https://www.facebook.com/PAGASA.DOST.GOV.PH/posts/pfbid0HLatYjASX1GiMTunfwYDum2wyNuJRdCNLqft434Pfvb2DtRafE6QHFfUhVfmMxsal?__cft__[0]=AZU97mw05OdcbW6e2cI5yzOr4rFSxpCTXokPderRu-p6_H_ZRBfguTvWHzny5LtBfFzpx0-p1fxTvIZQQkAsMlqsefrg42oJlSaFUQ5jDvq-ipKLU1lHwZ1QD5sROOyQdJzepYn2hE8IWg4HUjgZQN4T5tNgBPv0kUC8gIyeDT3mS0Ss1SDS9ElNfwl7jcK48HE&__tn__=%2CO%2CP-R
Facebook,PHIVOLCS,"#EarthquakePH #EarthquakeCamarinesSur
Earthquake Information No.1
Date and Time: 02 September 2025 - 01:11 PM
Magnitude = 1.7
Depth = 019 km
Location = 13.78°N, 123.85°E - 002 km West of Caramoan (Camarines Sur)
https://earthquake.phivolcs.dost.gov.ph/.../2025_0902... #EarthquakePH #EarthquakeCamarinesSur Earthquake Information No.1 Date and Time: 02 September 2025 - 01:11 PM Magnitude = 1.7 Depth = 019 km Location = 13.78°N, 123.85°E - 002 km West of Caramoan (Camarines Sur) https://earthquake.phivolcs.dost.gov.ph/.../2025_0902... Especially sa cam sur?",Unknown,2025-09-02 14:30,Unknown,https://www.facebook.com/PHIVOLCS/posts/pfbid02iC3kiX1adjzv2ic21zRjvtLNiFtbmKP3W6bS78qN44d8AeFrsvUXpvkMsqvSH2bgl?__cft__[0]=AZX6HDQShy5g4r8ena5J-FHSnqIzO1hRuJBFoVmATtvnrpCZoU-nMAoirAnSgrPaGgPGOrU0KXnmCwrqZHEzHh1CyhZb-B--lDGC7Jn8HxBc-p-EnIztLo3cja9c8Z3ysOXbCqWWAXwBRdZ-gZNjJe4Q5N5MWrhf_-7EfaTra66gBgZ7Fwmb_UEMjnRamiWmlp0&__tn__=%2CO%2CP-R
Facebook,UNTVNewsRescue,"Nagbabala ang PAGASA na magpapatuloy ang malalakas na pag-ulan ngayong Martes sa malaking bahagi ng bansa dahil sa Low Pressure Area na nasa loob ng Philippine Area of Responsibility at sa habagat.
Inaasahan ang maulap na kalangitan at malalakas na ulan sa Cagayan Valley, Central Luzon, Ifugao, at Benguet dahil sa LPA sa silangan ng Northern Luzon. Nagbabala ang PAGASA na magpapatuloy ang malalakas na pag-ulan ngayong Martes sa malaking bahagi ng bansa dahil sa Low Pressure Area na nasa loob ng Philippine Area of Responsibility at sa habagat. Inaasahan ang maulap na kalangitan at malalakas na ulan sa Cagayan Valley, Central Luzon, Ifugao, at Benguet dahil sa LPA sa silangan ng Northern Luzon.",Unknown,2025-09-02 14:30,Unknown,https://www.facebook.com/UNTVNewsRescue/posts/pfbid025jJbXHxoXWjNkVJHecT2EX8ENdVM6rD3m1FbYBTC3YYqCxX68CvGsGjjPNoQPMprl?__cft__[0]=AZViFi9k8Bo8gidK4W1LkPWvzb5GWvhCl-qSOOa886QqqhOQC2U7bYCp0DtsG6oojU1aGKtT_ELCKfsIOlPxpB7PK7GtqeZTclqQdQAhEk7Pf1xCCvJ1lkKf5TIng-vRZ9IPFQBeUy251p3-1rb12lY9F1GE3us2G1O4xZDBxQdNt0dj9Kz95vi28mX_2sIS2W8&__tn__=%2CO%2CP-R
Facebook,mprsdcdo,"Thunderstorm Advisory No. 1  #MINPRSD
Issued at 02:00 PM 02 September 2025
Moderate to occasionally heavy rainshowers with lightning and strong winds are expected over #DavaoDelNorte(NewCorella, Asuncion, CityOfTagum, Carmen, BraulioE.Dujali, SantoTomas, CityOfPanabo, CityOfSamal), #DavaoDeOro(Montevista, Mawab, Monkayo, Laak), #DavaoCity, #AgusanDelNorte(ButuanCity, LasNieves, RemediosT.Romualdez, CityOfCabadbaran, Magallanes, Santiago, Jabonga, Tubay), #DavaoOriental(Boston, Cateel, GovernorGeneroso, CityOfMati, SanIsidro, Tarragona), #TawiTawi, #Bukidnon(DonCarlos, Baungon, Lantapan, CityOfMalaybalay, Cabanglasan, SanFernando, Quezon, Kadingilan, Kitaotao), #SultanKudarat(Esperanza, Lambayong, PresidentQuirino, CityOfTacurong, Isulan), #SurigaoDelNorte(Claver), #NorthCotabato(Pikit, Midsayap), #ZamboangaDelSur(Sominot, Tambulig, RamonMagsaysay, Midsalip), #MisamisOccidental(DonVictorianoChiongbian, Bonifacio, Concepcion), #MaguindanaoDelNorte(Upi, DatuOdinSinsuat, Talitay, Kabuntalan) and #CotabatoCity within the next 1-2 hours.
The above conditions are being experienced in #DavaoDeOro(Maragusan, Maco, Pantukan, Mabini, NewBataan, Nabunturan, Compostela), #DavaoOriental(Banaybanay, Lupon, Manay, Caraga, Baganga), #AgusanDelSur(Sibagat, CityOfBayugan, Esperanza, Prosperidad), #Bukidnon(Pangantucan, Kalilangan, Talakag, CityOfValencia, Maramag), #ZamboangaDelNorte(SergioOsmeñaSr., Polanco, Piñan, Mutia), #ZamboangaDelSur(Dumingag, Molave, Mahayag, Josefina), #SurigaoDelSur(Carmen, Lanuza, Madrid, Cantilan, Carrascal) and #MaguindanaoDelSur which may persist within 1-2 hours and may affect nearby areas.
All are advised to take precautionary measures against the impacts associated with these hazards which include flash floods and landslides.
Keep monitoring for updates. Thunderstorm Advisory No. 1  #MINPRSD Issued at 02:00 PM 02 September 2025 Moderate to occasionally heavy rainshowers with lightning and strong winds are expected over #DavaoDelNorte(NewCorella, Asuncion, CityOfTagum, Carmen, BraulioE.Dujali, SantoTomas, CityOfPanabo, CityOfSamal), #DavaoDeOro(Montevista, Mawab, Monkayo, Laak), #DavaoCity, #AgusanDelNorte(ButuanCity, LasNieves, RemediosT.Romualdez, CityOfCabadbaran, Magallanes, Santiago, Jabonga, Tubay), #DavaoOriental(Boston, Cateel, GovernorGeneroso, CityOfMati, SanIsidro, Tarragona), #TawiTawi, #Bukidnon(DonCarlos, Baungon, Lantapan, CityOfMalaybalay, Cabanglasan, SanFernando, Quezon, Kadingilan, Kitaotao), #SultanKudarat(Esperanza, Lambayong, PresidentQuirino, CityOfTacurong, Isulan), #SurigaoDelNorte(Claver), #NorthCotabato(Pikit, Midsayap), #ZamboangaDelSur(Sominot, Tambulig, RamonMagsaysay, Midsalip), #MisamisOccidental(DonVictorianoChiongbian, Bonifacio, Concepcion), #MaguindanaoDelNorte(Upi, DatuOdinSinsuat, Talitay, Kabuntalan) and #CotabatoCity within the next 1-2 hours. The above conditions are being experienced in #DavaoDeOro(Maragusan, Maco, Pantukan, Mabini, NewBataan, Nabunturan, Compostela), #DavaoOriental(Banaybanay, Lupon, Manay, Caraga, Baganga), #AgusanDelSur(Sibagat, CityOfBayugan, Esperanza, Prosperidad), #Bukidnon(Pangantucan, Kalilangan, Talakag, CityOfValencia, Maramag), #ZamboangaDelNorte(SergioOsmeñaSr., Polanco, Piñan, Mutia), #ZamboangaDelSur(Dumingag, Molave, Mahayag, Josefina), #SurigaoDelSur(Carmen, Lanuza, Madrid, Cantilan, Carrascal) and #MaguindanaoDelSur which may persist within 1-2 hours and may affect nearby areas. All are advised to take precautionary measures against the impacts associated with these hazards which include flash floods and landslides. Keep monitoring for updates.",Unknown,2025-09-02 14:30,Unknown,https://www.facebook.com/mprsdcdo/posts/pfbid033V8AKFnBdsjohdW8oWRLnpvkz2zTmnAJJ5mfqY2aAHHiaTJXXx7PQGie2Tf1s4mLl?__cft__[0]=AZXpuskkKen-duv6ea4Hp7WNHlNf16BHqAqxeFRaeXZ0rAzWm3PfNhM_tZJVDM1f_sp8yER-2qSFY0_fACThD6cefRkmn1zxIvnSzcc1Pkg1GsrfwyH8WVo4Wu3hXEmWsTnher7PFwmbNC-wb74DYnKGnUmPdD9vgQlGvLj8Mf0IUQoA6DdKma59YRs9Vxx4MSU&__tn__=%2CO%2CP-R
Facebook,#BahaPH,"Mao ba Ning ginaingon nga swimming Olympics 
#bahakalang #bahaph #Olympics #swimming #bahakapalong #bahamas Mao ba Ning ginaingon nga swimming Olympics #bahakalang #bahaph #Olympics #swimming #bahakapalong #bahamas",Unknown,2025-09-02 14:30,Unknown,https://www.facebook.com/hashtag/BahaPH
Facebook,#EarthquakePH,"#EarthquakePH #EarthquakeCamarinesSur
Earthquake Information No.1
Date and Time: 02 September 2025 - 01:11 PM
Magnitude = 1.7
Depth = 019 km
Location = 13.78°N, 123.85°E - 002 km West of Caramoan (Camarines Sur)
https://earthquake.phivolcs.dost.gov.ph/.../2025_0902... #EarthquakePH #EarthquakeCamarinesSur Earthquake Information No.1 Date and Time: 02 September 2025 - 01:11 PM Magnitude = 1.7 Depth = 019 km Location = 13.78°N, 123.85°E - 002 km West of Caramoan (Camarines Sur) https://earthquake.phivolcs.dost.gov.ph/.../2025_0902...",Unknown,2025-09-02 14:30,Unknown,https://www.facebook.com/PHIVOLCS/posts/pfbid02iC3kiX1adjzv2ic21zRjvtLNiFtbmKP3W6bS78qN44d8AeFrsvUXpvkMsqvSH2bgl?__cft__[0]=AZVEaanoneFSOgWjVV1Ns2AUg9kVfqoordT2QTDrRqnWYFOkRk3UsXvrtt_U7ufTtyVmmv0s1EB2Slhme_Hy9nw28in1FDAju_QGKAkzXFiXJrrVDrLtqkQRX6Q0c4tZG0_5IUQ9oV7extGZ9ODQc6x0FPRnubhALPQZkARCyU9UtO1jEAITQMZ8WWICaywCa9E&__tn__=%2CO%2CP-R
Facebook,civildefensedavao,"Thunderstorm Advisory No. 5  #MINPRSD
Issued at 09:00 PM 02 September 2025
Light to Moderate rainshowers with lightning and strong winds are expected over #MisamisOriental, #SurigaoDelSur, #NorthCotabato, #DavaoDeOro(Pantukan, Maragusan, Mabini, NewBataan), #DavaoOriental(Caraga, Banaybanay, Lupon, Manay, Boston, Cateel, Baganga, Tarragona, SanIsidro, GovernorGeneroso), #AgusanDelNorte, #DavaoDelSur, #Bukidnon within the next 1-2 hours.
Moderate to occasionally heavy rainshowers with lightning and strong winds are being experienced in #SurigaoDelSur, #DavaoCity, #DavaoDeOro(Laak, Monkayo, Montevista, Compostela, Nabunturan, Mawab, Maco), #NorthCotabato, #DavaoDelNorte, #DavaoOriental(CityOfMati), #AgusanDelSur, #Bukidnon which may persist within 1-2 hours and may affect nearby areas.
All are advised to take precautionary measures against the impacts associated with these hazards which include flash floods and landslides.
Keep monitoring for updates. Source: Mindanao PRSD Thunderstorm Advisory No. 5  #MINPRSD Issued at 09:00 PM 02 September 2025 Light to Moderate rainshowers with lightning and strong winds are expected over #MisamisOriental, #SurigaoDelSur, #NorthCotabato, #DavaoDeOro(Pantukan, Maragusan, Mabini, NewBataan), #DavaoOriental(Caraga, Banaybanay, Lupon, Manay, Boston, Cateel, Baganga, Tarragona, SanIsidro, GovernorGeneroso), #AgusanDelNorte, #DavaoDelSur, #Bukidnon within the next 1-2 hours. Moderate to occasionally heavy rainshowers with lightning and strong winds are being experienced in #SurigaoDelSur, #DavaoCity, #DavaoDeOro(Laak, Monkayo, Montevista, Compostela, Nabunturan, Mawab, Maco), #NorthCotabato, #DavaoDelNorte, #DavaoOriental(CityOfMati), #AgusanDelSur, #Bukidnon which may persist within 1-2 hours and may affect nearby areas. All are advised to take precautionary measures against the impacts associated with these hazards which include flash floods and landslides. Keep monitoring for updates. Source: Mindanao PRSD",Unknown,2025-09-02 22:30,Unknown,https://www.facebook.com/civildefensedavao/posts/pfbid02qmwt66iswpoNUpp7JEbCMWe38JhGHWsC2LgmTDZgL5ZC1WUHr5kzihMBdF6xntxcl?__cft__[0]=AZViyGyplzYZepSj_sNbYYPtDxuA-fS4TyMft38oXNhm-3ZLi__VmtKOPYhkuHV9Jm8qReBqCAf5SF4OiI_sFcMmL4b6TWFu95kRXnZvSDKYx77EZRtWCQxRPtTbv__dEIwKsbpQ3R2xvmof1o4yKWFzoGoiunzTjEGqwrA0N_ysYsL7lDL0v9Sw_MwlNtnyRaE&__tn__=%2CO%2CP-R
Facebook,DavaoDRRMO,"𝐂𝐃𝐑𝐑𝐌𝐎-𝐎𝐏𝐂𝐄𝐍 𝐖𝐄𝐀𝐓𝐇𝐄𝐑 𝐔𝐏𝐃𝐀𝐓𝐄:
As of 10:35 PM | September 02, 2025
𝐖𝐞𝐚𝐭𝐡𝐞𝐫 𝐒𝐲𝐬𝐭𝐞𝐦: 𝙇𝙤𝙘𝙖𝙡𝙞𝙯𝙚𝙙 𝙏𝙝𝙪𝙣𝙙𝙚𝙧𝙨𝙩𝙤𝙧𝙢𝙨
Light to moderate rains are being experienced in some areas of Poblacion, Talomo, and Bunawan Districts, while light rains are being experienced in some areas of Agdao and Buhangin Districts.
Other areas of Davao City are experiencing cloudy weather conditions.
All river channels are monitored at 𝐂𝐎𝐃𝐄 𝐆𝐑𝐄𝐄𝐍 (𝘚𝘢𝘧𝘦 𝘓𝘦𝘷𝘦𝘭).
𝐂𝐎𝐀𝐒𝐓𝐀𝐋 𝐒𝐓𝐀𝐓𝐔𝐒:
> Slight seas
> High tide 
#𝗪𝗲𝗮𝘁𝗵𝗲𝗿𝗨𝗽𝗱𝗮𝘁𝗲
#𝗗𝗮𝘃𝗮𝗼𝗖𝗶𝘁𝘆𝗗𝗥𝗥𝗠𝗢 𝐂𝐃𝐑𝐑𝐌𝐎-𝐎𝐏𝐂𝐄𝐍 𝐖𝐄𝐀𝐓𝐇𝐄𝐑 𝐔𝐏𝐃𝐀𝐓𝐄: As of 10:35 PM | September 02, 2025 𝐖𝐞𝐚𝐭𝐡𝐞𝐫 𝐒𝐲𝐬𝐭𝐞𝐦: 𝙇𝙤𝙘𝙖𝙡𝙞𝙯𝙚𝙙 𝙏𝙝𝙪𝙣𝙙𝙚𝙧𝙨𝙩𝙤𝙧𝙢𝙨 Light to moderate rains are being experienced in some areas of Poblacion, Talomo, and Bunawan Districts, while light rains are being experienced in some areas of Agdao and Buhangin Districts. Other areas of Davao City are experiencing cloudy weather conditions. All river channels are monitored at 𝐂𝐎𝐃𝐄 𝐆𝐑𝐄𝐄𝐍 (𝘚𝘢𝘧𝘦 𝘓𝘦𝘷𝘦𝘭). 𝐂𝐎𝐀𝐒𝐓𝐀𝐋 𝐒𝐓𝐀𝐓𝐔𝐒: > Slight seas > High tide #𝗪𝗲𝗮𝘁𝗵𝗲𝗿𝗨𝗽𝗱𝗮𝘁𝗲 #𝗗𝗮𝘃𝗮𝗼𝗖𝗶𝘁𝘆𝗗𝗥𝗥𝗠𝗢",Unknown,2025-09-02 22:30,Unknown,https://www.facebook.com/DavaoDRRMO/posts/pfbid0mGHEMjH31ECPEDGTr3EuvvfwetGfaWDrbdRDx2ZSK68so45TWey8yJkYrNkHAoK5l?__cft__[0]=AZUvIOpFuxvFIc44CdeniPHp6q7nBKPhSvUjg9xRkAPXg5niSjqw5wFGaz2Hta_gwHFiPAszkZtlw6Gq4FFiokBvh7pRjXY69bLn9He7--Xitz9sjRoB3fzGN2_wCwlmEH9Cq2NmZ0PRv5PVGV_Dkl5bUVJDb0bd96Adz8qG7rGlnSlvzjgNOMQH1QOPnUSNjDs&__tn__=%2CO%2CP-R
Facebook,pagasa.dost.gov.ph,"As of 8:00 PM today, 02 September 2025, the Low Pressure area (LPA 08i) is being monitored inside the Philippine Area of Responsibility (PAR) and has a ""MEDIUM"" potential of developing into a tropical depression within the next 24 hours.
All are advised to monitor updates from DOST-PAGASA. As of 8:00 PM today, 02 September 2025, the Low Pressure area (LPA 08i) is being monitored inside the Philippine Area of Responsibility (PAR) and has a ""MEDIUM"" potential of developing into a tropical depression within the next 24 hours. All are advised to monitor updates from DOST-PAGASA. Thanks for the info",Unknown,2025-09-02 22:30,Unknown,https://www.facebook.com/PAGASA.DOST.GOV.PH/posts/pfbid02mYDxn6Zy7hsY45XZa9zPXLZvTiwvVGmB4E1Xw1KgvTCt6Lvuj5huJsD9PYYrxPFNl?__cft__[0]=AZW9LfmnMeMwtagTiyB0OMtrGT0bWVc1oo5ob4HPtvcK1qhRmRI9ed2jse_eJnrpuSYV1rK35m_VF0Yw2DVUeY-U8QoXc7JgvxqbC9E1s1Au6mzcMVLlDTwhLd7IkK1tJhkyDe-eCuqYjCX8vpOOh_qpWkflPgKsqrQZVBFalPWrVnkKprT0ZOOPGxE1cgMep1U&__tn__=%2CO%2CP-R
Facebook,PHIVOLCS,"#EarthquakePH #EarthquakeOccidentalMindoro
Earthquake Information No.1
Date and Time: 02 September 2025 - 11:07 PM
Magnitude = 1.8
Depth = 032 km
Location = 13.23°N, 120.73°E - 014 km N 90° E of Mamburao (Occidental Mindoro)
https://earthquake.phivolcs.dost.gov.ph/.../2025_0902... #EarthquakePH #EarthquakeOccidentalMindoro Earthquake Information No.1 Date and Time: 02 September 2025 - 11:07 PM Magnitude = 1.8 Depth = 032 km Location = 13.23°N, 120.73°E - 014 km N 90° E of Mamburao (Occidental Mindoro) https://earthquake.phivolcs.dost.gov.ph/.../2025_0902...",Unknown,2025-09-02 22:30,Unknown,https://www.facebook.com/PHIVOLCS/posts/pfbid02xP4Cy4LGfkR89wbpQHTER58Toe6y3mUpqCoxA11q5MxSrSSYGb3iJzDVES9cxjYkl?__cft__[0]=AZVdq_ZOiF3acVfC-nc36TjNAvSbcCxN6yqrQlmEwNz1NCZyTbkI7cou1tCcnmy8GNoYy7aBSwF4Bd9E-gOgY1Zy5BTwjs8jXYlxBcgVl3_9v1IbYqUPCi3IwPYgEU1_jNjBBAu3yGhFVk1Ju-RbG2Aw1z_Wt8tHv7zmkP4DFqZE1AZrW7c-9qClYVBbPsDa7r8&__tn__=%2CO%2CP-R
Facebook,stormchasersPH,"𝐈𝐍𝐆𝐀𝐓, 𝐍𝐎𝐑𝐓𝐇𝐄𝐑𝐍-𝐂𝐄𝐍𝐓𝐑𝐀𝐋 𝐋𝐔𝐙𝐎𝐍! 
Apektado ng maulang panahon dulot ng pamumuo ng thunderstorms na kaakibat ng #Habagat ang halos buong #NorthernLuzon at ilang bahagi ng #CentralLuzon ngayong Martes ng gabi, Setyembre 2.
Pinag-iingat ang lahat sa banta ng mga biglaang pagbaha at mga pagguho ng lupa.
— PWS/PSU
#WeatherUpdate #HabagatPH #Thunderstorms 𝐈𝐍𝐆𝐀𝐓, 𝐍𝐎𝐑𝐓𝐇𝐄𝐑𝐍-𝐂𝐄𝐍𝐓𝐑𝐀𝐋 𝐋𝐔𝐙𝐎𝐍! Apektado ng maulang panahon dulot ng pamumuo ng thunderstorms na kaakibat ng #Habagat ang halos buong #NorthernLuzon at ilang bahagi ng #CentralLuzon ngayong Martes ng gabi, Setyembre 2. Pinag-iingat ang lahat sa banta ng mga biglaang pagbaha at mga pagguho ng lupa. — PWS/PSU #WeatherUpdate #HabagatPH #Thunderstorms Kaya pla umuuln nnmn dto sa Piat Cagayan..ingat po tayong lahat",Unknown,2025-09-02 22:30,Unknown,https://www.facebook.com/stormchasersPH/posts/pfbid0F5kZPAdYAjXMXGuJSHTr71C2QMT7mpHA7dkHXUkgx5kWwKArTJwWRR1Wjyc7YPTHl?__cft__[0]=AZX_AJ1PloDk7IxL1o6Y2Y_Tm5Tg4V2WDC5j_DsNKBeaCh_UlK6uzuR8kQ4eI6LjirHq-GXkJMAWYVVnePRAJN5Si4nfoic8pWP2IzRDV4IRQPNMHRo_c3bds5UJmcsqql_TCYyD_7QHa-f29-eQoDT_96lwwLx8qzcE2ChNwxhm37dx94BNjoTwJu3m7Yx_C38&__tn__=%2CO%2CP-R
Facebook,weather.davao,"24-HOUR LOCALIZED WEATHER FORECAST FOR DAVAO REGION
Issued at:   4:00 PM SEPTEMBER 02, 2025 
Valid Until: 4:00 PM Tomorrow
SYNOPSIS: 
At 3:00 PM today, the Low Pressure Area (LPA) was estimated based on all available at 1,170 km East of Extreme Northern Luzon (20.2°N, 132.6°E). Southwest Monsoon affecting Southern Luzon and the western section of Visayas.
FORECAST:
DAVAO REGION will experience partly cloudy to cloudy skies with isolated rainshowers or thunderstorms due to Localized Thunderstorms. Possible flash floods or landslides during severe thunderstorms.  Light to moderate winds coming from  South to Southwest  will prevail and the coastal waters will be  slight to moderate (0.6  to 1.2 meters WAVE HEIGHT)
KAUGALINGONG PINULUNGAN:
Ang Dakbayan sa Davao ug ubang dapit sa Davao Region makasinati ug panalagsang pagdag-ug  ngadto sa madag-umon nga  kalangitan inubanan sa pat-ak pat-ak nga pag-ulan, kilat ug  dalugdog tungod sa Localized Thunderstorms. Posible ang pagbaha ug pagdahili sa yuta kung adunay masinati nga kusog nga mga pag-ulan. Hinay ngadto sa Kasarangan nga  huyop sa hangin nga magagikan sa Habagatan ngadto sa Habagatang Kasadpan nga direksyon ang mopasulabi, ug ang kadagatan hinay ngadto sa kasarangan and pagbalud (0.6 to 1.2 meters WAVE HEIGHT)
OVER DAVAO CITY:
Temperatura Ugma:        25˚C to 31˚C
Sunset (salop) Karon:     5:48 PM
Sunrise (Sidlak) Ugma:   5:34 AM
For more information and queries, please call telephone for local number (082)234-0890 and (088)555-0485 for regional or log on to  bagong.pagasa.dost.gov.ph…/regional…/Mindanao-prsd or join our Facebook Group at Mindanao PRSD (Regional Office) or PAGASA DAVAO 24-HOUR LOCALIZED WEATHER FORECAST FOR DAVAO REGION Issued at:   4:00 PM SEPTEMBER 02, 2025 Valid Until: 4:00 PM Tomorrow SYNOPSIS: At 3:00 PM today, the Low Pressure Area (LPA) was estimated based on all available at 1,170 km East of Extreme Northern Luzon (20.2°N, 132.6°E). Southwest Monsoon affecting Southern Luzon and the western section of Visayas. FORECAST: DAVAO REGION will experience partly cloudy to cloudy skies with isolated rainshowers or thunderstorms due to Localized Thunderstorms. Possible flash floods or landslides during severe thunderstorms.  Light to moderate winds coming from  South to Southwest  will prevail and the coastal waters will be  slight to moderate (0.6  to 1.2 meters WAVE HEIGHT) KAUGALINGONG PINULUNGAN: Ang Dakbayan sa Davao ug ubang dapit sa Davao Region makasinati ug panalagsang pagdag-ug  ngadto sa madag-umon nga  kalangitan inubanan sa pat-ak pat-ak nga pag-ulan, kilat ug  dalugdog tungod sa Localized Thunderstorms. Posible ang pagbaha ug pagdahili sa yuta kung adunay masinati nga kusog nga mga pag-ulan. Hinay ngadto sa Kasarangan nga  huyop sa hangin nga magagikan sa Habagatan ngadto sa Habagatang Kasadpan nga direksyon ang mopasulabi, ug ang kadagatan hinay ngadto sa kasarangan and pagbalud (0.6 to 1.2 meters WAVE HEIGHT) OVER DAVAO CITY: Temperatura Ugma:        25˚C to 31˚C Sunset (salop) Karon:     5:48 PM Sunrise (Sidlak) Ugma:   5:34 AM For more information and queries, please call telephone for local number (082)234-0890 and (088)555-0485 for regional or log on to  bagong.pagasa.dost.gov.ph…/regional…/Mindanao-prsd or join our Facebook Group at Mindanao PRSD (Regional Office) or PAGASA DAVAO",Unknown,2025-09-02 22:30,Unknown,https://www.facebook.com/weather.davao/posts/pfbid0sDVbQMzdanKHdVncFLq5tUKcQqBgb6FW4tFivD3QkEmCGU5CuNXxbicK7cAyTGznl?__cft__[0]=AZXrMUwyPUqAHlA3X6RI9eCEGPtk7nfamNfIDCEXMpkvOdmjmSHfKKXJA3rop1s6eOA5ghPjM6R8Gfxup5g_t01sBlo3aVEkNkwRnrAqwuqo94SfXjKOnmAzdv3hSzT9UmQk_Tu1mpSOHZ5U5I_faL-WN2r1To9PRDlJyBOUoVcxjIfsH23kAmkH5gpzaoYRpEA&__tn__=%2CO%2CP-R
Facebook,mprsdcdo,"Thunderstorm Advisory No. 6  #MINPRSD
Issued at 11:00 PM 02 September 2025
Light to Moderate rainshowers with lightning and strong winds are expected over #DavaoDeOro(Compostela, NewBataan, Maragusan, Nabunturan, Mawab, Maco, Mabini, Montevista), #NorthCotabato(Magpet, Arakan, PresidentRoxas, Antipas, Matalam, Kabacan, Carmen, Pigkawayan, Libungan, Aleosan, Pikit, Midsayap, Banisilan, Alamada), #MaguindanaoDelNorte(Parang, SultanMastura, SultanKudarat, NorthernKabuntalan, Buldon, Barira, Matanog), #CotabatoCity, #MaguindanaoDelSur(Pagagawan, Pagalungan), #Bukidnon, #DavaoDelNorte(Talaingod, SantoTomas, Asuncion, NewCorella, Kapalong, SanIsidro), #AgusanDelSur(Esperanza, SanLuis, LaPaz, Talacogon, Prosperidad, CityOfBayugan), #LanaoDelSur(Wao, TagoloanII, Kapai, Bubong, Maguing, Masiu, PoonaBayabao, LumbaBayabao, Tamparan, Taraka, Mulondo, BuadiposoBuntong, DitsaanRamain, MarawiCity, Marantao, Bumbaran, Saguiaran), #LanaoDelNorte(IliganCity, Tagoloan, Pantar, Baloi, Matungao, Linamon) and #MisamisOriental(CagayanDeOroCity) within the next 1-2 hours.
Moderate to occasionally heavy rainshowers with lightning and strong winds are being experienced in #DavaoDelNorte(CityOfSamal, CityOfPanabo, Carmen, CityOfTagum, BraulioE.Dujali), #DavaoCity, #DavaoDelSur(SantaCruz), #DavaoOriental(Baganga, Cateel and Caraga) which may persist within 1-2 hours and may affect nearby areas.
All are advised to take precautionary measures against the impacts associated with these hazards which include flash floods and landslides.
Keep monitoring for updates. Thunderstorm Advisory No. 6  #MINPRSD Issued at 11:00 PM 02 September 2025 Light to Moderate rainshowers with lightning and strong winds are expected over #DavaoDeOro(Compostela, NewBataan, Maragusan, Nabunturan, Mawab, Maco, Mabini, Montevista), #NorthCotabato(Magpet, Arakan, PresidentRoxas, Antipas, Matalam, Kabacan, Carmen, Pigkawayan, Libungan, Aleosan, Pikit, Midsayap, Banisilan, Alamada), #MaguindanaoDelNorte(Parang, SultanMastura, SultanKudarat, NorthernKabuntalan, Buldon, Barira, Matanog), #CotabatoCity, #MaguindanaoDelSur(Pagagawan, Pagalungan), #Bukidnon, #DavaoDelNorte(Talaingod, SantoTomas, Asuncion, NewCorella, Kapalong, SanIsidro), #AgusanDelSur(Esperanza, SanLuis, LaPaz, Talacogon, Prosperidad, CityOfBayugan), #LanaoDelSur(Wao, TagoloanII, Kapai, Bubong, Maguing, Masiu, PoonaBayabao, LumbaBayabao, Tamparan, Taraka, Mulondo, BuadiposoBuntong, DitsaanRamain, MarawiCity, Marantao, Bumbaran, Saguiaran), #LanaoDelNorte(IliganCity, Tagoloan, Pantar, Baloi, Matungao, Linamon) and #MisamisOriental(CagayanDeOroCity) within the next 1-2 hours. Moderate to occasionally heavy rainshowers with lightning and strong winds are being experienced in #DavaoDelNorte(CityOfSamal, CityOfPanabo, Carmen, CityOfTagum, BraulioE.Dujali), #DavaoCity, #DavaoDelSur(SantaCruz), #DavaoOriental(Baganga, Cateel and Caraga) which may persist within 1-2 hours and may affect nearby areas. All are advised to take precautionary measures against the impacts associated with these hazards which include flash floods and landslides. Keep monitoring for updates.",Unknown,2025-09-02 22:30,Unknown,https://www.facebook.com/mprsdcdo/posts/pfbid033VLq5fHjVkwzHjPHmGFaijXWsFgYKiwVEjpt1jVds9o4pn5SHh7Sib27kbNe67Lel?__cft__[0]=AZVTaCj2mYq1-_0HndXF7eYY0WuxMQ89IfEbpCQKErkLwU0EeLIOffRdKu2QxKdpNuph-skvO8NZOCT2kHw1J1FyhcJwshNbneEqDLqrH3epNPbEHoVEalyROwMy_ZMp2AQCMqJIx_rLEaEuotSoaZwsSdY0KLTDMv_voNWsRx0ThHPGhszg_V6Y7DxoFcnNafQ&__tn__=%2CO%2CP-R
Facebook,#BahaPH,"Malakas na ulan. Malalim na baha. Pero mas malalim ang hirap na dinaranas ng ilan nating kababayan sa Metro Manila.B #
Sana maisip natin — kung ginastos lang ng tama ang pera ng bayan, baka wala nang ganitong eksena. #bahaph #manilafloods  #Corruption Kyle Mondejar MGroup Real Estate Network   #floodcontrol  #FloodControlProjects Malakas na ulan. Malalim na baha. Pero mas malalim ang hirap na dinaranas ng ilan nating kababayan sa Metro Manila.B #
Sana maisip natin — kung ginastos lang ng tama ang pera ng bayan, baka wala nang ganitong eksena. #bahaph #manilafloods  #Corruption Kyle Mondejar MGroup Real Estate Network   #floodcontrol  #FloodControlProjects",Unknown,2025-09-02 22:30,Unknown,https://www.facebook.com/hashtag/BahaPH
Facebook,#EarthquakePH,"#EarthquakePH #EarthquakePangasinan
Earthquake Information No.1
Date and Time: 02 September 2025 - 11:51 PM
Magnitude = 2.4
Depth = 010 km
Location = 16.11°N, 120.10°E - 004 km N 5° E of Sual (Pangasinan)
https://earthquake.phivolcs.dost.gov.ph/.../2025_0902... #EarthquakePH #EarthquakePangasinan Earthquake Information No.1 Date and Time: 02 September 2025 - 11:51 PM Magnitude = 2.4 Depth = 010 km Location = 16.11°N, 120.10°E - 004 km N 5° E of Sual (Pangasinan) https://earthquake.phivolcs.dost.gov.ph/.../2025_0902...",Unknown,2025-09-02 22:30,Unknown,https://www.facebook.com/PHIVOLCS/posts/pfbid0rH7AmS8sFiDriQofyHxJGwjyJkcsKDqH7Ca1SZmWp6SxKwHvXCeu8QnrjUD5v5r9l?__cft__[0]=AZU9sq6ZOfQeGyc1Z6T4jUO_Ueu3V2HDIUWfcvzkL2q6H_2nOqlt7FcfUxdidmV-hFzWhBx67yvYBRBO4Px_--tpDXuFjwi40HzRXDzuXgt4Nu7pC2U-66uYeQ6yy13vhSLbxuECHQbvb6KSxeK16bxQ2HQD0xWBPmVsi7F6LyTAF-4MR5dkoSP0A0zxLXSMuQQ&__tn__=%2CO%2CP-R
Facebook,NDRRMC,"Summary of 24-Hour Observation of Active Volcanoes Mt. Taal, Mayon, Bulusan and Kanlaon
03 September 2025
Source: Philippine Institute of Volcanology and Seismology (PHIVOLCS-DOST)
#NDRRMC
#BawatSegundoMahalaga Summary of 24-Hour Observation of Active Volcanoes Mt. Taal, Mayon, Bulusan and Kanlaon 03 September 2025 Source: Philippine Institute of Volcanology and Seismology (PHIVOLCS-DOST) #NDRRMC #BawatSegundoMahalaga",Unknown,2025-09-03 08:00,Unknown,https://www.facebook.com/NDRRMC/posts/pfbid01QYMTdJSsnHRHNyNZZHcCdekmdhPvFV13Lpm46wP7aXnha33wMuha1cKU11pwDhl?__cft__[0]=AZVisQJ_DRmkBNS8po1WraN4_jIijxLvmb7B09JbSnRBhKApQQH0Gm2Gth1AiuC3HH0WIl65bJ5DimfvJRHBD9W7t5_1EUBb0lI2bPIDrxp0mF9344yip-fP2_6w89rnXVbLrODo0tX8ChkdnlY5VnnJnvBAFXEWwV0qgECjBvTNYxbehFCgLDOmgp6-Urze5-Y&__tn__=%2CO%2CP-R
Facebook,PHIVOLCS,"#EarthquakePH #EarthquakeAlbay
Earthquake Information No.1
Date and Time: 03 September 2025 - 07:11 AM
Magnitude = 3.0
Depth = 033 km
Location = 13.12°N, 123.99°E - 013 km S 88° E of Manito (Albay)
https://earthquake.phivolcs.dost.gov.ph/.../2025_0902... #EarthquakePH #EarthquakeAlbay Earthquake Information No.1 Date and Time: 03 September 2025 - 07:11 AM Magnitude = 3.0 Depth = 033 km Location = 13.12°N, 123.99°E - 013 km S 88° E of Manito (Albay) https://earthquake.phivolcs.dost.gov.ph/.../2025_0902...",Unknown,2025-09-03 08:00,Unknown,https://www.facebook.com/PHIVOLCS/posts/pfbid02MsLuYMo8amgGrkK6nsiBsdZiV7xUH7AUhqcc5AERv3XZGYdktzC14v58oucxmdNZl?__cft__[0]=AZWdCU7VTfXSRDF70V1A595qoe-alAuNqmHArot7gGc3DC3tGa8Z2nx5XgP_SrL5VKaE4A7X9IkpCvGr0HU-nDqujlbok2Xpz9AKuQ0MHGSOr3AdvXYRAH5GmY-qM7V_Vi76o2qAbi9WnIE3ZAEdyru5-v_Mf7Z7EDjSPD6l3rAN5uV-ihdbKtp0-90at3XzdsU&__tn__=%2CO%2CP-R
Facebook,sunstardavaonews,"Department of the Interior and Local Government–Davao Region (DILG–Davao) Regional Director Abdullah V. Matalam clarified that the agency has no jurisdiction to directly enforce legal restrictions or investigate officials and agencies involved in flood-control projects across local government units (LGUs).
Read more: https://www.sunstar.com.ph/.../dilg-no-power-to-probe... Department of the Interior and Local Government–Davao Region (DILG–Davao) Regional Director Abdullah V. Matalam clarified that the agency has no jurisdiction to directly enforce legal restrictions or investigate officials and agencies involved in flood-control projects across local government units (LGUs). Read more: https://www.sunstar.com.ph/.../dilg-no-power-to-probe...",Unknown,2025-09-03 08:00,Unknown,https://www.facebook.com/sunstardavaonews/posts/pfbid0BPotU973Vg8gd9HCMeBSP8vtS8zjJQVv269HiShJxYkGnxUX2MU5b5e7zSx9M89Gl?__cft__[0]=AZWUtptxhQivUE1-Z_SGsGnfNSlpQi3RJ7wCOeRz0QJHXiDzEBuETwZQclspsKIxeXS9vM_L4uCCGRARIzJjiCw6rl78N2dYrA8YxoIlEaeu3_vpyIDp-d3UpQtoPeNDM2OEq636j7gVPFeAGmiPJ7YlrVNTJERg_rUKAQG85slrCWxaI5rVAx2tXuJi0_qtJGU&__tn__=%2CO%2CP-R
Facebook,abscbnNEWS,"Pasig City Mayor Vico Sotto says on Wednesday morning that he has ""no additional comments"" on the recent Senate hearing, saying he will ""let the Senators do their job.""
The mayor emphasized the importance of accountability. 
""Ang importante dito, managot ang kailangan managot whether they’re government officials, contractors, suppliers, politicians, or career officials,"" he said.
He added that citizens should not allow the issue to fade away. 
""Wag tayong pumayag na magkalimutan tayo after two months, after two years for that matter.""
Sotto confirmed that the local government is conducting its own ""parallel investigations"" and assisting national agencies. | via Bea Cuadra, ABS-CBN News Pasig City Mayor Vico Sotto says on Wednesday morning that he has ""no additional comments"" on the recent Senate hearing, saying he will ""let the Senators do their job."" The mayor emphasized the importance of accountability. ""Ang importante dito, managot ang kailangan managot whether they’re government officials, contractors, suppliers, politicians, or career officials,"" he said. He added that citizens should not allow the issue to fade away. ""Wag tayong pumayag na magkalimutan tayo after two months, after two years for that matter."" Sotto confirmed that the local government is conducting its own ""parallel investigations"" and assisting national agencies. | via Bea Cuadra, ABS-CBN News Kaylan umpisahan pangalampag SA mga bahay Ng mga gahaman kagaya SA Indonesia",Unknown,2025-09-03 08:30,Unknown,https://www.facebook.com/abscbnNEWS/
Facebook,civildefensedavao,"Thunderstorm Advisory No. 10  #MINPRSD
Issued at 07:00 AM 03 September 2025
Light to Moderate rainshowers with lightning and strong winds are expected over #DavaoOriental(Tarragona, Manay, Caraga, Baganga), #DavaoDeOro(NewBataan, Nabunturan, Maco, Mawab, Compostela, Monkayo, Montevista, Laak), #DavaoDelNorte(NewCorella, CityOfTagum, Asuncion, SantoTomas, BraulioE.Dujali, Carmen, CityOfPanabo, Talaingod, Kapalong, SanIsidro), #DavaoCity, #SultanKudarat), #SouthCotabato, #AgusanDelSur, #MaguindanaoDelSur, #MaguindanaoDelNorte, #CotabatoCity, #NorthCotabato, #SurigaoDelSur within the next 1-2 hours.
Moderate to occasionally heavy rainshowers with lightning and strong winds are being experienced in #DavaoOriental(GovernorGeneroso, SanIsidro, CityOfMati, Banaybanay, Lupon, Cateel, Boston), #DavaoDeOro(Pantukan, Maragusan, Mabini), #DavaoDelNorte(CityOfSamal), #DavaoDelSur, #DavaoOccidental, #Sarangani, #SouthCotabato, #SurigaoDelSur which may persist within 1-2 hours and may affect nearby areas.
All are advised to take precautionary measures against the impacts associated with these hazards which include flash floods and landslides.
Keep monitoring for updates.
Source: Mindanao PRSD Thunderstorm Advisory No. 10  #MINPRSD Issued at 07:00 AM 03 September 2025 Light to Moderate rainshowers with lightning and strong winds are expected over #DavaoOriental(Tarragona, Manay, Caraga, Baganga), #DavaoDeOro(NewBataan, Nabunturan, Maco, Mawab, Compostela, Monkayo, Montevista, Laak), #DavaoDelNorte(NewCorella, CityOfTagum, Asuncion, SantoTomas, BraulioE.Dujali, Carmen, CityOfPanabo, Talaingod, Kapalong, SanIsidro), #DavaoCity, #SultanKudarat), #SouthCotabato, #AgusanDelSur, #MaguindanaoDelSur, #MaguindanaoDelNorte, #CotabatoCity, #NorthCotabato, #SurigaoDelSur within the next 1-2 hours. Moderate to occasionally heavy rainshowers with lightning and strong winds are being experienced in #DavaoOriental(GovernorGeneroso, SanIsidro, CityOfMati, Banaybanay, Lupon, Cateel, Boston), #DavaoDeOro(Pantukan, Maragusan, Mabini), #DavaoDelNorte(CityOfSamal), #DavaoDelSur, #DavaoOccidental, #Sarangani, #SouthCotabato, #SurigaoDelSur which may persist within 1-2 hours and may affect nearby areas. All are advised to take precautionary measures against the impacts associated with these hazards which include flash floods and landslides. Keep monitoring for updates. Source: Mindanao PRSD",Unknown,2025-09-03 08:30,Unknown,https://www.facebook.com/civildefensedavao/posts/pfbid02HL9YRAXP3wkSkFPwcwmoNFvenksPVgyBLwpwMZCjxbzGbKvvHMi6F8XMrscFJbDTl?__cft__[0]=AZWZS71g2Jx2I5rwpEpz1NDym3momDx6L3AnD1X15Aa4AyXjbty84Yddvj7NzCD7i8zA8U3GKNSFcr2iPJmuzMWtOxfcQ4s8qxdJDIh4kBtdeCIbZISTpD91ly6Ew3wocNXodQJA48cQYHnlEXWrwjosfNKeyVn0R43RcCAQXb7_8pMwQ0R5gvzphm19FYg4y3Q&__tn__=%2CO%2CP-R
Facebook,davaocitydisasterradio,"Duna ba kamo’y mga reklamo sa inyong barangay o komunidad? Isumbong ang inyong mga reklamo o inyong mga concerns pinaagi sa DCR ON AIR! Kauban ang Davao City Reports. Mas gipalapdan nato ang serbisyo sa Davao City Reports kauban ang Davao City Disaster Radio aron live natong mapaabot ug maaksyonaan ang inyong mga report. Ipaabot kini pinaagi sa pag tawag sa Davao City Reports: 0917-131-2333 0919-072-2222 Matag Miyerkules, alas 9:30am-10:00am sa 87.5FM Davao City Disaster Radio. Pinaagi sa inyong mga sumbong dali lang matumbok ang mga problema, dali usab kini nga maaksyonan. Busa, ayaw pag duha-duha! I-DCR ON AIR na! #DCDR #DXQQ87_5FM #AngRadyoSaMgaDabawenyo #DavaoCityDisasterRadio",Unknown,2025-09-03 08:30,Unknown,https://www.facebook.com/davaocitydisasterradio/
Facebook,NDRRMC,"𝐎𝐂𝐃 𝐚𝐧𝐝 𝐎𝐩𝐞𝐫𝐚𝐭𝐢𝐨𝐧 𝐁𝐥𝐞𝐬𝐬𝐢𝐧𝐠 𝐅𝐨𝐫𝐠𝐞 𝐏𝐚𝐫𝐭𝐧𝐞𝐫𝐬𝐡𝐢𝐩 𝐟𝐨𝐫 𝐒𝐭𝐫𝐨𝐧𝐠𝐞𝐫 𝐃𝐢𝐬𝐚𝐬𝐭𝐞𝐫 𝐑𝐞𝐬𝐩𝐨𝐧𝐬𝐞
The Office of Civil Defense (OCD) strengthened its commitment to building disaster resilience by signing a Memorandum of Understanding (MOU) with Operation Blessing Foundation Philippines Inc. (OBFPI) on September 2, 2025, at the National Disaster Risk Reduction and Management Operations Center (NDRRMOC) in Camp Aguinaldo, Quezon City. The partnership highlights the importance of public-private collaboration in enhancing disaster preparedness, response, and recovery efforts across the country.
Civil Defense Administrator Undersecretary Harold N. Cabreros led the signing on behalf of the OCD, alongside Asec Cesar M. Idio, Deputy Administrator for Operations, and Director Caesar N. Agnir Jr. of the Partnership, Collaboration, and Engagement Service. Representing OBFPI were President Peter Kairuz, Executive Director Gigilyn G. Endaya, and Programs Coordinator Mayla U. Malana. | via Civil Defense PH 
Read more: https://www.facebook.com/share/p/169viVaKSH/
#NDRRMC 
#BawatSegundoMahalaga 𝐎𝐂𝐃 𝐚𝐧𝐝 𝐎𝐩𝐞𝐫𝐚𝐭𝐢𝐨𝐧 𝐁𝐥𝐞𝐬𝐬𝐢𝐧𝐠 𝐅𝐨𝐫𝐠𝐞 𝐏𝐚𝐫𝐭𝐧𝐞𝐫𝐬𝐡𝐢𝐩 𝐟𝐨𝐫 𝐒𝐭𝐫𝐨𝐧𝐠𝐞𝐫 𝐃𝐢𝐬𝐚𝐬𝐭𝐞𝐫 𝐑𝐞𝐬𝐩𝐨𝐧𝐬𝐞 The Office of Civil Defense (OCD) strengthened its commitment to building disaster resilience by signing a Memorandum of Understanding (MOU) with Operation Blessing Foundation Philippines Inc. (OBFPI) on September 2, 2025, at the National Disaster Risk Reduction and Management Operations Center (NDRRMOC) in Camp Aguinaldo, Quezon City. The partnership highlights the importance of public-private collaboration in enhancing disaster preparedness, response, and recovery efforts across the country. Civil Defense Administrator Undersecretary Harold N. Cabreros led the signing on behalf of the OCD, alongside Asec Cesar M. Idio, Deputy Administrator for Operations, and Director Caesar N. Agnir Jr. of the Partnership, Collaboration, and Engagement Service. Representing OBFPI were President Peter Kairuz, Executive Director Gigilyn G. Endaya, and Programs Coordinator Mayla U. Malana. | via Civil Defense PH Read more: https://www.facebook.com/share/p/169viVaKSH/ #NDRRMC #BawatSegundoMahalaga",Unknown,2025-09-03 08:30,Unknown,https://www.facebook.com/NDRRMC/posts/pfbid024KBK683PEKnJGvamczWUKjR3D97GmU5UFtSucYakWkfetRG54fGrP9c2ATCYnUV3l?__cft__[0]=AZUhKqEsS1NGYNSkYnPvI7hwR2TAzNDunSn9ccBePSdTLa_KlyKr47203xKq-lPNihe3A-vO7o_7EJeYEd9LpYktbwnBFUuMlJ3wHrfJkEKtYQrNjbennkasiaFnPkQ2RXSJ6nQf2U_0AwLAs3Jp3rSLLgch1bbUQ4WP4cB1RX-qOVp_grD2RYFkSN5mdoW8grA&__tn__=%2CO%2CP-R
Facebook,PHIVOLCS,"#EarthquakePH #EarthquakeZamboangaDelNorte
Earthquake Information No.1
Date and Time: 03 September 2025 - 08:15 AM
Magnitude = 2.3
Depth = 017 km
Location = 07.75°N, 122.10°E - 006 km N 39° W of Siocon (Zamboanga Del Norte)
https://earthquake.phivolcs.dost.gov.ph/.../2025_0903... #EarthquakePH #EarthquakeZamboangaDelNorte Earthquake Information No.1 Date and Time: 03 September 2025 - 08:15 AM Magnitude = 2.3 Depth = 017 km Location = 07.75°N, 122.10°E - 006 km N 39° W of Siocon (Zamboanga Del Norte) https://earthquake.phivolcs.dost.gov.ph/.../2025_0903...",Unknown,2025-09-03 08:30,Unknown,https://www.facebook.com/PHIVOLCS/posts/pfbid0VvYe5q6FRJnyRRJQ9bTF5L4BHfxJr4CeieeffEFro72vZFMstU5LDtHZCqD92Yu1l?__cft__[0]=AZWbMMOImH9927jLp_xJ9fC7JrdhTSCuk8CrDIbt9aQFLdCMXyF5BRA-De1n6UesUAopcWx39q5C2XmpIz6JlKsjzTapuDNx6M2_n4X-yU3NSKrIlqfp0vybCSak7xIYdLU1htyyU1kSzVOQSExcw9Wo39xNsUL5yIEbjgqxPllPg9hmCsM7QrAArsLq1uZe6Bw&__tn__=%2CO%2CP-R
Facebook,stormchasersPH,"𝐈𝐍𝐆𝐀𝐓, 𝐍𝐎𝐑𝐓𝐇𝐄𝐑𝐍-𝐂𝐄𝐍𝐓𝐑𝐀𝐋 𝐋𝐔𝐙𝐎𝐍! 
Apektado ng maulang panahon dulot ng pamumuo ng thunderstorms na kaakibat ng #Habagat ang halos buong #NorthernLuzon at ilang bahagi ng #CentralLuzon ngayong Martes ng gabi, Setyembre 2.
Pinag-iingat ang lahat sa banta ng mga biglaang pagbaha at mga pagguho ng lupa.
— PWS/PSU
#WeatherUpdate #HabagatPH #Thunderstorms 𝐈𝐍𝐆𝐀𝐓, 𝐍𝐎𝐑𝐓𝐇𝐄𝐑𝐍-𝐂𝐄𝐍𝐓𝐑𝐀𝐋 𝐋𝐔𝐙𝐎𝐍! Apektado ng maulang panahon dulot ng pamumuo ng thunderstorms na kaakibat ng #Habagat ang halos buong #NorthernLuzon at ilang bahagi ng #CentralLuzon ngayong Martes ng gabi, Setyembre 2. Pinag-iingat ang lahat sa banta ng mga biglaang pagbaha at mga pagguho ng lupa. — PWS/PSU #WeatherUpdate #HabagatPH #Thunderstorms Praying to God Almighty that this weather disturbance that is causing damages to lives and properties may totally banished through God's Divine intervention. AMEN Risel Buan Amen",Unknown,2025-09-03 08:30,Unknown,https://www.facebook.com/stormchasersPH/posts/pfbid02JwCGZqZN28V1d5XbqKMNWhSktdrCpDgdBJU2i5H2GjubV2A6QJmMW3H3wNyWRBNXl?__cft__[0]=AZWeTj1Twtbf3kqcP_AkEL_J9_gHhbek7ou3hQyW9rovMnjb-gidGzww51CZnXWoJMcHPoAFCBqFN2hiAvEyY4VxS7xUWT45pG2vfKSnHrWrHR8D0LlyEpO325H-hx-Pf1pcsADCW_sz2wkTvVIUJd4Gl5E5QZ_yA4djb0mvE2eGJ0CUa1YpBxmIwOSMm4rLY_k&__tn__=%2CO%2CP-R
Facebook,weather.davao,"24 HR. LOCALIZED WEATHER FORECAST FOR DAVAO REGION
Issued at   4:00 AM  SEPTEMBER  03, 2025 
Valid Until 4:00 AM Tomorrow
SYNOPSIS: At 3:00 AM today, the Low Pressure Area (LPA) was estimated based on all available data at 1,190 km East of Extreme Northern Luzon (22.5 N- 133.2 E). Southwest Monsoon affecting the western sections of Luzon, Visayas. Localized Thunderstorms  affecting Davao Region.
FORECAST:
Davao Region will have partly cloudy to  cloudy skies with isolated rainshowers or thunderstorms due to Localized Thunderstorms. Possible flash floods or landslides during severe thunderstorms. Light to moderate wind coming from the South to Southwest  will prevail and the coastal waters will be slight to moderate.
KAUGALINGONG PINULUNGAN:
Ang Dakbayan sa Davao ug ubang dapit sa Davao Region makasinati ug panalagsang pagdag um sa kalangitan inubanan sa PAT AK PAT AK  nga pagulan, kilat ug pagpanalugdug tungod sa Localized Thunderstorms. Posible ang pagbaha ug pagdahili sa yuta kung adunay masinati nga severe thunderstorms. Hinay ngadto sa kasarangan nga huyop sa hangin nga magagikan sa Habagatan ngadto sa Habagatan Kasadpan nga direksyon ang mopasulabi, ug ang kadagatan hapsay ngadto sa kasarangan ang pagbalud (0.6 to 1.2 meters)
OVER DAVAO CITY:
Temperature  Today:   25˚C to 32˚C
Sunrise (Sidlak)  Today:    5:34 AM
Sunset  (Salop)   Today:   5:48 PM
(gvjr)
For more information and queries, please call telephone for local number (082)234-0890 and (088)555-0485 for regional or log on to  bagong.pagasa.dost.gov.ph…/regional…/Mindanao-prsd or join our Facebook Group at Mindanao PRSD (Regional Office) or PAGASA Davao 24 HR. LOCALIZED WEATHER FORECAST FOR DAVAO REGION Issued at   4:00 AM  SEPTEMBER  03, 2025 Valid Until 4:00 AM Tomorrow SYNOPSIS: At 3:00 AM today, the Low Pressure Area (LPA) was estimated based on all available data at 1,190 km East of Extreme Northern Luzon (22.5 N- 133.2 E). Southwest Monsoon affecting the western sections of Luzon, Visayas. Localized Thunderstorms  affecting Davao Region. FORECAST: Davao Region will have partly cloudy to  cloudy skies with isolated rainshowers or thunderstorms due to Localized Thunderstorms. Possible flash floods or landslides during severe thunderstorms. Light to moderate wind coming from the South to Southwest  will prevail and the coastal waters will be slight to moderate. KAUGALINGONG PINULUNGAN: Ang Dakbayan sa Davao ug ubang dapit sa Davao Region makasinati ug panalagsang pagdag um sa kalangitan inubanan sa PAT AK PAT AK  nga pagulan, kilat ug pagpanalugdug tungod sa Localized Thunderstorms. Posible ang pagbaha ug pagdahili sa yuta kung adunay masinati nga severe thunderstorms. Hinay ngadto sa kasarangan nga huyop sa hangin nga magagikan sa Habagatan ngadto sa Habagatan Kasadpan nga direksyon ang mopasulabi, ug ang kadagatan hapsay ngadto sa kasarangan ang pagbalud (0.6 to 1.2 meters) OVER DAVAO CITY: Temperature  Today:   25˚C to 32˚C Sunrise (Sidlak)  Today:    5:34 AM Sunset  (Salop)   Today:   5:48 PM (gvjr) For more information and queries, please call telephone for local number (082)234-0890 and (088)555-0485 for regional or log on to  bagong.pagasa.dost.gov.ph…/regional…/Mindanao-prsd or join our Facebook Group at Mindanao PRSD (Regional Office) or PAGASA Davao",Unknown,2025-09-03 08:30,Unknown,https://www.facebook.com/weather.davao/posts/pfbid032QDhFkh6jb5qG6cK47wo4iZ1tGv4YJhkfiksikfKukwFby1C4a95BcoL2uXwFEeBl?__cft__[0]=AZWxICdHQDuDiRy5lxVgg5A3YEk48cXOc8vS8qcEl-AuMTkHlHY4obsF6xxhcOEhnxZsmXkel-NCH4JmJD_YBpB7sOYb6svlxd0z-2DwRB6eHKpZF1ClwF89GfCCozFGrsgSJow28f65iMuRewzbOXbGy-dku6ESp2Rp_l2RuT6vOCRNIN7eGWufauVuRVBB3eE&__tn__=%2CO%2CP-R
Facebook,mprsdcdo,"Thunderstorm Advisory No. 10  #MINPRSD
Issued at 07:00 AM 03 September 2025
Light to Moderate rainshowers with lightning and strong winds are expected over #DavaoOriental(Tarragona, Manay, Caraga, Baganga), #DavaoDeOro(NewBataan, Nabunturan, Maco, Mawab, Compostela, Monkayo, Montevista, Laak), #DavaoDelNorte(NewCorella, CityOfTagum, Asuncion, SantoTomas, BraulioE.Dujali, Carmen, CityOfPanabo, Talaingod, Kapalong, SanIsidro), #DavaoCity, #SultanKudarat(Sen.NinoyAquino, Kalamansig, Bagumbayan, Lutayan, Isulan, Lebak, CityOfTacurong, Esperanza, PresidentQuirino, Lambayong), #SouthCotabato(Tantangan, Norala, SantoNiño), #AgusanDelSur(SanLuis, Talacogon, LaPaz, Loreto, Veruela, SantaJosefa, Trento, Bunawan, Rosario, SanFrancisco, Prosperidad, CityOfBayugan, Sibagat), #MaguindanaoDelSur, #MaguindanaoDelNorte, #CotabatoCity, #NorthCotabato, #SurigaoDelSur(Marihatag, Cagwait, Bayabas, SanMiguel, Tago, CityOfTandag, Carmen, Lanuza, Madrid, Cortes, Cantilan and Carrascal) within the next 1-2 hours.
Moderate to occasionally heavy rainshowers with lightning and strong winds are being experienced in #DavaoOriental(GovernorGeneroso, SanIsidro, CityOfMati, Banaybanay, Lupon, Cateel, Boston), #DavaoDeOro(Pantukan, Maragusan, Mabini), #DavaoDelNorte(CityOfSamal), #DavaoDelSur, #DavaoOccidental, #Sarangani, #SouthCotabato(GeneralSantosCity, Polomolok, T'Boli, Tupi, Tampakan, CityOfKoronadal, Banga, Surallah, LakeSebu), #SultanKudarat(Palimbang, Columbio), #SurigaoDelSur(Lingig, CityOfBislig, Tagbina, Lianga, SanAgustin, Barobo and Hinatuan) which may persist within 1-2 hours and may affect nearby areas.
All are advised to take precautionary measures against the impacts associated with these hazards which include flash floods and landslides.
Keep monitoring for updates. Thunderstorm Advisory No. 10  #MINPRSD Issued at 07:00 AM 03 September 2025 Light to Moderate rainshowers with lightning and strong winds are expected over #DavaoOriental(Tarragona, Manay, Caraga, Baganga), #DavaoDeOro(NewBataan, Nabunturan, Maco, Mawab, Compostela, Monkayo, Montevista, Laak), #DavaoDelNorte(NewCorella, CityOfTagum, Asuncion, SantoTomas, BraulioE.Dujali, Carmen, CityOfPanabo, Talaingod, Kapalong, SanIsidro), #DavaoCity, #SultanKudarat(Sen.NinoyAquino, Kalamansig, Bagumbayan, Lutayan, Isulan, Lebak, CityOfTacurong, Esperanza, PresidentQuirino, Lambayong), #SouthCotabato(Tantangan, Norala, SantoNiño), #AgusanDelSur(SanLuis, Talacogon, LaPaz, Loreto, Veruela, SantaJosefa, Trento, Bunawan, Rosario, SanFrancisco, Prosperidad, CityOfBayugan, Sibagat), #MaguindanaoDelSur, #MaguindanaoDelNorte, #CotabatoCity, #NorthCotabato, #SurigaoDelSur(Marihatag, Cagwait, Bayabas, SanMiguel, Tago, CityOfTandag, Carmen, Lanuza, Madrid, Cortes, Cantilan and Carrascal) within the next 1-2 hours. Moderate to occasionally heavy rainshowers with lightning and strong winds are being experienced in #DavaoOriental(GovernorGeneroso, SanIsidro, CityOfMati, Banaybanay, Lupon, Cateel, Boston), #DavaoDeOro(Pantukan, Maragusan, Mabini), #DavaoDelNorte(CityOfSamal), #DavaoDelSur, #DavaoOccidental, #Sarangani, #SouthCotabato(GeneralSantosCity, Polomolok, T'Boli, Tupi, Tampakan, CityOfKoronadal, Banga, Surallah, LakeSebu), #SultanKudarat(Palimbang, Columbio), #SurigaoDelSur(Lingig, CityOfBislig, Tagbina, Lianga, SanAgustin, Barobo and Hinatuan) which may persist within 1-2 hours and may affect nearby areas. All are advised to take precautionary measures against the impacts associated with these hazards which include flash floods and landslides. Keep monitoring for updates.",Unknown,2025-09-03 08:30,Unknown,https://www.facebook.com/mprsdcdo/posts/pfbid02s7hr5djWnWp9p5NPyMZ25AC3DEy5iFduQsrLth69tYMw5SvkgnPihLd8Lu4L9WC4l?__cft__[0]=AZUrkanWcJ05lZpykQgMDcVaarok-AIrh4Y9IY6jkQf3niPpbKHlkBLHMEqs_pAA3LN4a5vat5jsQD8EpF5C7SnjPO4qb3HhhuSxQl9cyaueFRJBHJtMbF0gcwEsDNYmlHeFzx02rltxf0YDLB7hNqTitDD-lolqAaNuTUKRoEASM-SSJ1yLSxNilrzQDbNApvM&__tn__=%2CO%2CP-R
Facebook,#BahaPH,"Ulat Panahon Ngayon Umaga - September 3 2025 | Lagay Ng Panahon Today | Weather Update Today 
Stay updated with the latest Philippines weather forecast! 
 We provide accurate and timely updates on rainfall, typhoons, temperature, and severe weather alerts across the country.
 Today's Forecast:
 Temperature updates 
 Rainfall and storm warnings 
 Habagat, Amihan, and seasonal effects 
 PAGASA updates and advisories 
 Subscribe now for daily weather updates! Stay safe and prepared. #WeatherUpdate #WeatherPH
#PanahonPH #WeatherUpdatePH #UlatPanahon #BalitaPanahon #PHToday #BagyongUpdate #UlanPH #LPAAlert #BahaPH #StormUpdatePH
#InitPH #TagInit #ArawVibes #MainitAlertPH
#SummerNaPH #IwasBaha
#LagingHanda #PHTrafficUpdate
#BreakingNewsPH #PanahonNgayon
#PAGASA #PAGASAUpdate
#PAGASAWeather #PAGASAAlert
#PAGASAForecast #LagayNgPanahon
#LagayNgPanahonPH #DailyLagayNgPanahon
#ulatpanahontoday #lagayngpanahontoday #weatherupdatetoday #weatherforecasttoday #WeatherUpdate #WeatherPH #PAGASAUpdate #TyphoonUpdate #RainySeason #BagyoAlert #StormUpdate #ClimatePH
#WeatherNews #DailyWeather #WeatherForecast #Amihan #Habagat #ElNino #LaNina #BagyoPH #TyphoonWatch
#PHWeather #PAGASA #LuzonWeather #VisayasWeather #MindanaoWeather #UlanPH #TagUlan #MainitPH #InitFactor
#PhilippinesWeather #WeatherToday #WeatherNow #StormWarning #RainfallUpdate #WeatherAlert #BagyongPaparating
#LatestWeather #MahalagangImpormasyon #DisasterPreparedness #StaySafePH #ClimateChangePH #LiveWeather
Philippines weather update
PAGASA weather forecast
Weather report Philippines
Philippine weather news
Latest weather update Philippines
Bagyo update
Tropical storm Philippines
Rainfall advisory Philippines
Typhoon update Philippines
PAGASA bulletin
Metro Manila weather
Cebu weather update
Davao weather forecast
Luzon weather report
Visayas weather update
Weather update 2025 Philippines
Weather forecast today Philippines
Weekly weather outlook Philippines Ulat Panahon Ngayon Umaga - September 3 2025 | Lagay Ng Panahon Today | Weather Update Today Stay updated with the latest Philippines weather forecast! 
 We provide accurate and timely updates on rainfall, typhoons, temperature, and severe weather alerts across the country. Today's Forecast: Temperature updates Rainfall and storm warnings Habagat, Amihan, and seasonal effects PAGASA updates and advisories Subscribe now for daily weather updates! Stay safe and prepared. #WeatherUpdate #WeatherPH #PanahonPH #WeatherUpdatePH #UlatPanahon #BalitaPanahon #PHToday #BagyongUpdate #UlanPH #LPAAlert #BahaPH #StormUpdatePH #InitPH #TagInit #ArawVibes #MainitAlertPH #SummerNaPH #IwasBaha #LagingHanda #PHTrafficUpdate #BreakingNewsPH #PanahonNgayon #PAGASA #PAGASAUpdate #PAGASAWeather #PAGASAAlert #PAGASAForecast #LagayNgPanahon #LagayNgPanahonPH #DailyLagayNgPanahon #ulatpanahontoday #lagayngpanahontoday #weatherupdatetoday #weatherforecasttoday #WeatherUpdate #WeatherPH #PAGASAUpdate #TyphoonUpdate #RainySeason #BagyoAlert #StormUpdate #ClimatePH #WeatherNews #DailyWeather #WeatherForecast #Amihan #Habagat #ElNino #LaNina #BagyoPH #TyphoonWatch #PHWeather #PAGASA #LuzonWeather #VisayasWeather #MindanaoWeather #UlanPH #TagUlan #MainitPH #InitFactor #PhilippinesWeather #WeatherToday #WeatherNow #StormWarning #RainfallUpdate #WeatherAlert #BagyongPaparating #LatestWeather #MahalagangImpormasyon #DisasterPreparedness #StaySafePH #ClimateChangePH #LiveWeather Philippines weather update PAGASA weather forecast Weather report Philippines Philippine weather news Latest weather update Philippines Bagyo update Tropical storm Philippines Rainfall advisory Philippines Typhoon update Philippines PAGASA bulletin Metro Manila weather Cebu weather update Davao weather forecast Luzon weather report Visayas weather update Weather update 2025 Philippines Weather forecast today Philippines Weekly weather outlook Philippines",Unknown,2025-09-03 08:30,Unknown,https://www.facebook.com/hashtag/BahaPH
Facebook,#EarthquakePH,"#EarthquakePH #EarthquakeAntique
#iFelt_AntiqueEarthquake
Earthquake Information No.3
Date and Time: 02 September 2025 - 10:20 AM
Magnitude = 4.0
Depth = 025 km
Location = 10.02°N, 121.73°E - 050 km S 26° W of Anini-y (Antique)
Reported Intensities:
Instrumental Intensity:
Intensity III- Anini-y, ANTIQUE
https://earthquake.phivolcs.dost.gov.ph/.../2025_0902... #EarthquakePH #EarthquakeAntique #iFelt_AntiqueEarthquake Earthquake Information No.3 Date and Time: 02 September 2025 - 10:20 AM Magnitude = 4.0 Depth = 025 km Location = 10.02°N, 121.73°E - 050 km S 26° W of Anini-y (Antique) Reported Intensities: Instrumental Intensity: Intensity III- Anini-y, ANTIQUE https://earthquake.phivolcs.dost.gov.ph/.../2025_0902...",Unknown,2025-09-03 08:30,Unknown,https://www.facebook.com/PHIVOLCS/posts/pfbid02y9cZ9kGKSeXTYTkGTpbjLuz2Aa6Dk38JKvt3hTWjWZLouwQSygyKpfogAaZYvgqpl?__cft__[0]=AZUy1VpXEHb-6JAznr2RmiQ45eZm42C9nEn8gLF0KwDLYvTR_bW5DHh8plyyxbfWddRFV7XvcQG02E_Xvk-zQm8suVuxLv4aFdCV88wgv6GvYV0YoZ14T3-6WqYJ2OEgZEEBYtEPgCNeMBlD-D3-vRQGDkLbq3DHRRsOLU27JECpOmU-fdLgeiO3KClxhfuqGEc&__tn__=%2CO%2CP-R
Facebook,#LandslideAlert,"सुंदरनगर हादसे में 2 की मौत, 2 मलबे में दबे मां और बेटे सोनू सहित दूसरे घर की एक बुजुर्ग महिला की तलाश जारी
 घायल अवस्था में अस्पताल पहुंचे अढाई वर्ष की बेटी और उसकी मां भारती की दुःखद मृत्यु। सिख परिवार पर कहर बनकर आया भूस्खलन। 
#sundenagar #LandslideAlert #StaySafeStayAlert सुंदरनगर हादसे में 2 की मौत, 2 मलबे में दबे मां और बेटे सोनू सहित दूसरे घर की एक बुजुर्ग महिला की तलाश जारी घायल अवस्था में अस्पताल पहुंचे अढाई वर्ष की बेटी और उसकी मां भारती की दुःखद मृत्यु। सिख परिवार पर कहर बनकर आया भूस्खलन। #sundenagar #LandslideAlert #StaySafeStayAlert",Unknown,2025-09-03 08:30,Unknown,https://www.facebook.com/hashtag/LandslideAlert
Facebook,abscbnNEWS,"Nasa kustodiya na ng Bureau of Customs ang 12 luxury cars ng mag-asawang Curlee at Sarah Discaya na sakop ng search warrant ng ahensiya.
Samantala, inamin ng isang dating engineer ng DPWH na nagkaroon ng kapabayaan kaya nabayaran ang mga contractor ng umano'y ghost o substandard flood control projects sa Bulacan. #NewsPatrol Nasa kustodiya na ng Bureau of Customs ang 12 luxury cars ng mag-asawang Curlee at Sarah Discaya na sakop ng search warrant ng ahensiya. Samantala, inamin ng isang dating engineer ng DPWH na nagkaroon ng kapabayaan kaya nabayaran ang mga contractor ng umano'y ghost o substandard flood control projects sa Bulacan. #NewsPatrol dapat imbistigahan din ang mga contactor sa mga city hall .. ang yayaman ng tao samin.. mga contractor sila sa manila city hall... yorme pako check naman ..",Unknown,2025-09-03 11:00,Unknown,https://web.facebook.com/abscbnNEWS/
Facebook,civildefensedavao,"Thunderstorm Advisory No. 11  #MINPRSD
Issued at 09:00 AM 03 September 2025
Light to Moderate rainshowers with lightning and strong winds are expected over #DavaoDelNorte(NewCorella, CityOfTagum, Asuncion, SantoTomas, BraulioE.Dujali, Carmen, CityOfPanabo, Talaingod, Kapalong, SanIsidro), #DavaoCity, #DavaoDelSur(Matanao, CityOfDigos, SantaCruz, Bansalan, Magsaysay), #DavaoDeOro, #DavaoOriental(SanIsidro, Tarragona, Banaybanay, Lupon, Manay, Caraga, Baganga, Cateel, Boston) within the next 1-2 hours.
Moderate to occasionally heavy rainshowers with lightning and strong winds are being experienced in #DavaoDelSur(Malalag, Sulop, Kiblawan, Padada, Hagonoy), #DavaoOccidental, #DavaoOriental(GovernorGeneroso, CityOfMati), which may persist within 1-2 hours and may affect nearby areas.
All are advised to take precautionary measures against the impacts associated with these hazards which include flash floods and landslides.
Source: Mindanao Prsd Thunderstorm Advisory No. 11  #MINPRSD Issued at 09:00 AM 03 September 2025 Light to Moderate rainshowers with lightning and strong winds are expected over #DavaoDelNorte(NewCorella, CityOfTagum, Asuncion, SantoTomas, BraulioE.Dujali, Carmen, CityOfPanabo, Talaingod, Kapalong, SanIsidro), #DavaoCity, #DavaoDelSur(Matanao, CityOfDigos, SantaCruz, Bansalan, Magsaysay), #DavaoDeOro, #DavaoOriental(SanIsidro, Tarragona, Banaybanay, Lupon, Manay, Caraga, Baganga, Cateel, Boston) within the next 1-2 hours. Moderate to occasionally heavy rainshowers with lightning and strong winds are being experienced in #DavaoDelSur(Malalag, Sulop, Kiblawan, Padada, Hagonoy), #DavaoOccidental, #DavaoOriental(GovernorGeneroso, CityOfMati), which may persist within 1-2 hours and may affect nearby areas. All are advised to take precautionary measures against the impacts associated with these hazards which include flash floods and landslides. Source: Mindanao Prsd",Unknown,2025-09-03 11:00,Unknown,https://web.facebook.com/civildefensedavao/posts/pfbid02TkBuGtKk2PoxeHxDDeJ28U6JT73LJ6v1TGmwXDx3wPg6K3vYgUeGE1rwupCopWPYl?__cft__[0]=AZW0XN9ig6_eIzldqqCcVQ-JlWziCZBqbNA4n9Ytorf3kjQYW_S96sS6wH5mwZ1mG8y2EuJuKfZaPnhdQDhGDQqBmDF_VzrXtVAF-gkqEieVaeyHZhwlORVpQLAUH5F12xBJ9ctkDbdZmJJRgjOO_2SgYNOSbJOLpRmSkeyHyrep8ydJCWp9kxWA4hqpNdTWVtQ&__tn__=%2CO%2CP-R
Facebook,NDRRMC,"WEATHER UPDATE | As of 8:00 AM today, 03 September 2025, the Low Pressure area (LPA 08i) developed into a Tropical Depression and was named ""KIKO"" and is being monitored inside the Philippine Area of Responsibility (PAR).
Source: DOST-PAGASA
#NDRRMC
#BawatSegundoMahalaga WEATHER UPDATE | As of 8:00 AM today, 03 September 2025, the Low Pressure area (LPA 08i) developed into a Tropical Depression and was named ""KIKO"" and is being monitored inside the Philippine Area of Responsibility (PAR). Source: DOST-PAGASA #NDRRMC #BawatSegundoMahalaga Attention DILG: Meron na daw ulan!! Oh, ano pa ang hinihintay nyo, mag suspend na agad kayo ng klase para BIDA!!",Unknown,2025-09-03 11:00,Unknown,https://web.facebook.com/NDRRMC/posts/pfbid0hKbSmLry12WARFxJSbtWu8T9htGjDJhMQ3VPrNQVU3Brtoe5m4fQWfpLvxAqgMe1l?__cft__[0]=AZUvBvjW3E7Z18oO3FXULXOpHC0zc0aieAU1AStcRCvDwc02XcqwlnIwrrAM1EZ00RYpocv_qGtueUu_sm7FiIxuCJW0W1nrgqdChoi5HcemEIPggNO23vF5PuNffsECl8fEy5UTBKuTcMcffhuOq1BXo6AXmIaN6H3MS_Mn6QHQCYLqWbaFonzW8by9GGytkRQ&__tn__=%2CO%2CP-R
Facebook,pagasa.dost.gov.ph,"As of 8:00 AM today, 03 September 2025, the Low Pressure area (LPA 08i) developed into a Tropical Depression and was named ""KIKO"" and is being monitored inside the Philippine Area of Responsibility (PAR).
All are advised to monitor updates from DOST-PAGASA. As of 8:00 AM today, 03 September 2025, the Low Pressure area (LPA 08i) developed into a Tropical Depression and was named ""KIKO"" and is being monitored inside the Philippine Area of Responsibility (PAR). All are advised to monitor updates from DOST-PAGASA.",Unknown,2025-09-03 11:00,Unknown,https://web.facebook.com/PAGASA.DOST.GOV.PH/posts/pfbid0kRgYSn4RimVARBFCAvPfyUYErQLaccg41F2XM7JR87VwR2dEXwXtYMoeZy4xmtaol?__cft__[0]=AZU-edqS0vNrHRTi2PK9tBYCdG9joUfhqSAnndk3yVekwdsMJI_qTu1GvKtgjkrRkhPcWh9mOYUixokrJN8BE2ifIJra4dXBKCz0DmaobcH45LCXhh98CzsKUdUPbDpUBvENHTO7Xnrymqsw1cGrEo_J8G3duGr7KgSALr-WLCF1r_0fHrly4pplK3LeTOLZ_6A&__tn__=%2CO%2CP-R
Facebook,PHIVOLCS,"DOST-PHIVOLCS kicked off the 5-day training on “Mainstreaming Disaster Risk Reduction into Local Development, Contingency Planning, and Emergency Preparedness through the Use of REDAS Software” for the Provinces of Dinagat Islands and Surigao del Norte. 
The training is being held at Southville Hotel and Convention Center, Butuan City on September 1–5, 2025. The program features three modules, including the use of REDAS for near-real time monitoring of earthquakes, tsunami and rain, for calculation of impacts, and for development of a community’s exposure database. 
Mr. Rosario JRA. R. Alon of Dinagat Islands PDRRMO and Mr. Cicero Cosme P. Tripoli, Head of Surigao del Norte PDRRMO, delivered the opening remarks. DOST-PHIVOLCS Director Teresito C. Bacolcol welcomed the participants and highlighted the importance of REDAS Training in empowering the local government amidst disasters and climate change. Ms. Divina Gracia B. Bandola, Programme Associate of the World Food Programme, also sent her message of support to this initiative. 
Participants from the Province of Dinagat Islands include representatives from the PDRRMO, Provincial Planning and Development Office (PPDO), Provincial Engineering Office (PEO), Provincial Architect’s Office (PAO), Provincial Environment and Natural Resources Office (PENRO), and the Municipalities of Basilisa, San Jose, Tubajon, Cagdianao, Libjo, Dinagat, and Loreto. 
Meanwhile, participants from Surigao del Norte include representatives from the PDRRMO, PPDO, PEO, Sangguniang Panlalawigan, and the Municipality of San Isidro. Personnel from DPWH-Province of Dinagat Islands, DOST-Caraga, DILG-Caraga, DEPDev-Caraga, OCD-Caraga, Caraga State University, World Food Programme, as well as guest participants from Butuan City also joined.
#REDAS
#HandaAngMayAlam
#OneDOST4U DOST-PHIVOLCS kicked off the 5-day training on “Mainstreaming Disaster Risk Reduction into Local Development, Contingency Planning, and Emergency Preparedness through the Use of REDAS Software” for the Provinces of Dinagat Islands and Surigao del Norte. The training is being held at Southville Hotel and Convention Center, Butuan City on September 1–5, 2025. The program features three modules, including the use of REDAS for near-real time monitoring of earthquakes, tsunami and rain, for calculation of impacts, and for development of a community’s exposure database. Mr. Rosario JRA. R. Alon of Dinagat Islands PDRRMO and Mr. Cicero Cosme P. Tripoli, Head of Surigao del Norte PDRRMO, delivered the opening remarks. DOST-PHIVOLCS Director Teresito C. Bacolcol welcomed the participants and highlighted the importance of REDAS Training in empowering the local government amidst disasters and climate change. Ms. Divina Gracia B. Bandola, Programme Associate of the World Food Programme, also sent her message of support to this initiative. Participants from the Province of Dinagat Islands include representatives from the PDRRMO, Provincial Planning and Development Office (PPDO), Provincial Engineering Office (PEO), Provincial Architect’s Office (PAO), Provincial Environment and Natural Resources Office (PENRO), and the Municipalities of Basilisa, San Jose, Tubajon, Cagdianao, Libjo, Dinagat, and Loreto. Meanwhile, participants from Surigao del Norte include representatives from the PDRRMO, PPDO, PEO, Sangguniang Panlalawigan, and the Municipality of San Isidro. Personnel from DPWH-Province of Dinagat Islands, DOST-Caraga, DILG-Caraga, DEPDev-Caraga, OCD-Caraga, Caraga State University, World Food Programme, as well as guest participants from Butuan City also joined. #REDAS #HandaAngMayAlam #OneDOST4U",Unknown,2025-09-03 11:00,Unknown,https://web.facebook.com/PHIVOLCS/posts/pfbid02SvMZ3MPZEgZeAm7tqJvfVE8ogfq5vyNiVRU6caXgq2EnLgd4zGDfWDXZv71qgpeyl?__cft__[0]=AZWucFMVOkn7c-Ixw9j4r1c-n2gSADsMIU5etIS9OVjBoGQyCvpj0DUZocqDWeL9uj_sUs-_p-Vw5a3oyW--BewVlMg02ePECrJAbtvTPJbHJmZKtrAICbwh6z7pEvGXTq2_Z1Vj29Nz7WkH3y5pw-nDSf3xrHJcg4L-LXXpVyTrPQeOIdf6o7XtYWreGxgXrEw&__tn__=%2CO%2CP-R
Facebook,rapplerdotcom,"LOLO AT LOLA, HUWAG MAGPALOKO! 
Sa panahon ngayon, maraming scammers ang nambibiktima, lalo na ng mga nakatatanda. Pero huwag mag-alala, may mga paraan para manatiling ligtas.
Sali na sa “Lolo at Lola Laban sa Scam” ngayong Setyembre 16 sa Far Eastern University Manila. Makinig sa mga eksperto at makibahagi sa workshops na magtuturo kung paano protektahan ang iyong sarili at pamilya.
Mag-register na dito: rplr.co/LoloLolaLabanScam LOLO AT LOLA, HUWAG MAGPALOKO! Sa panahon ngayon, maraming scammers ang nambibiktima, lalo na ng mga nakatatanda. Pero huwag mag-alala, may mga paraan para manatiling ligtas. Sali na sa “Lolo at Lola Laban sa Scam” ngayong Setyembre 16 sa Far Eastern University Manila. Makinig sa mga eksperto at makibahagi sa workshops na magtuturo kung paano protektahan ang iyong sarili at pamilya. Mag-register na dito: rplr.co/LoloLolaLabanScam",Unknown,2025-09-03 11:00,Unknown,https://web.facebook.com/rapplerdotcom/posts/pfbid0yqFvaY8fsbCyppxqa8qyf5XXS9YSfhse2V8NqFuSzepYSsuvhtmNsPGFwwdXzR36l?__cft__[0]=AZULEk8gEa7R1dqAhYT2OTvYEL8vk4-v-wiWTuo8F3ASGgNMKkhoNkivE0Bmkgks6F-umDbxEzhmO35iPwSb0e0P_S0v_WGEI0-DcGjeX-xqWl4Tp-ICu-M5FgnUULPkSrhixWmogr6uIXkamthtDflMaQAfIFzvgiaWgF-kZV9Ku-2b-sGRw665qXaA6vE_ygg&__tn__=%2CO%2CP-R
Facebook,UNTVNewsRescue,"Tunghayan ang mga pinakabagong Balita sa oras na ito.
Subscribe to our official YouTube channel, https://bit.ly/2ImmXOi
Be the first to know about the latest updates on local and global issues, news and current affairs, 911-UNTV Rescue and public services.
We Serve the People. We Give Glory To God!
#UNTV #UNTVNewsandRescue 
For updates, visit: https://www.untvweb.com/news/
Check out our official social media accounts:
https://www.facebook.com/UNTVNewsRescue
https://www.twitter.com/untvnewsrescue
https://www.youtube.com/untvnewsandrescue
https://www.tiktok.com/@untvnewsandrescue/
Instagram account - @untvnewsrescue
Feel free to share but do not re-upload. Tunghayan ang mga pinakabagong Balita sa oras na ito. Subscribe to our official YouTube channel, https://bit.ly/2ImmXOi Be the first to know about the latest updates on local and global issues, news and current affairs, 911-UNTV Rescue and public services. We Serve the People. We Give Glory To God! #UNTV #UNTVNewsandRescue For updates, visit: https://www.untvweb.com/news/ Check out our official social media accounts: https://www.facebook.com/UNTVNewsRescue https://www.twitter.com/untvnewsrescue https://www.youtube.com/untvnewsandrescue https://www.tiktok.com/@untvnewsandrescue/ Instagram account - @untvnewsrescue Feel free to share but do not re-upload. Go",Unknown,2025-09-03 11:00,Unknown,https://web.facebook.com/UNTVNewsRescue/
Facebook,mprsdcdo,"Thunderstorm Advisory No. 12  #MINPRSD
Issued at 11:00 AM 03 September 2025
Light to Moderate rainshowers with lightning and strong winds are expected over #SouthCotabato, #Sarangani, #DavaoOccidental(JoseAbadSantos, DonMarcelino, Malita, SantaMaria), #DavaoDelSur, #SultanKudarat, #DavaoOriental(GovernorGeneroso, CityOfMati), #ZamboangaSibugay(Payao, Imelda, Siay, Diplahan, Buug, Malangas), #ZamboangaDelSur(Kumalarang, Dimataling, Pitogo, Tabina, Lapuyan, Dinas, Guipos, SanMiguel and SanPablo) within the next 1-2 hours.
Moderate to occasionally heavy rainshowers with lightning and strong winds are being experienced in #DavaoOccidental(Sarangani), #ZamboangaSibugay(Alicia, Mabuhay, Olutanga, Talusan), #ZamboangaDelSur(Margosatubig and VincenzoA.Sagun) which may persist within 1-2 hours and may affect nearby areas.
All are advised to take precautionary measures against the impacts associated with these hazards which include flash floods and landslides.
Keep monitoring for updates. Thunderstorm Advisory No. 12  #MINPRSD Issued at 11:00 AM 03 September 2025 Light to Moderate rainshowers with lightning and strong winds are expected over #SouthCotabato, #Sarangani, #DavaoOccidental(JoseAbadSantos, DonMarcelino, Malita, SantaMaria), #DavaoDelSur, #SultanKudarat, #DavaoOriental(GovernorGeneroso, CityOfMati), #ZamboangaSibugay(Payao, Imelda, Siay, Diplahan, Buug, Malangas), #ZamboangaDelSur(Kumalarang, Dimataling, Pitogo, Tabina, Lapuyan, Dinas, Guipos, SanMiguel and SanPablo) within the next 1-2 hours. Moderate to occasionally heavy rainshowers with lightning and strong winds are being experienced in #DavaoOccidental(Sarangani), #ZamboangaSibugay(Alicia, Mabuhay, Olutanga, Talusan), #ZamboangaDelSur(Margosatubig and VincenzoA.Sagun) which may persist within 1-2 hours and may affect nearby areas. All are advised to take precautionary measures against the impacts associated with these hazards which include flash floods and landslides. Keep monitoring for updates.",Unknown,2025-09-03 11:00,Unknown,https://web.facebook.com/mprsdcdo/posts/pfbid02s9tWJTBuWpW9EiYVP8cbphU95RNNnjUmMATbeWLqiVXLmCQcnjFnZvRSJ6RzsNGZl?__cft__[0]=AZVhmyAFaB1Kl7rbYLhsXY3aMUuUMra77TqIhlqDLF0cdCJHUVjHyZ6sqzcpN0xsPrInTCbT716ozJSeNKeE8sIcOzQCjHleYeQ8qdklOebMuzotnujiJY8qsBoGfzZxyNF7WfhbZvXrdGafiPm7nrZRlZ4THKO-sY06P5CkJ8ZRGORHby2OHADPYxGYV-ZH5Us&__tn__=%2CO%2CP-R
Facebook,#EarthquakePH,"#EarthquakePH #EarthquakeOccidentalMindoro
Earthquake Information No.1
Date and Time: 03 September 2025 - 10:23 AM
Magnitude = 3.0
Depth = 148 km
Location = 13.58°N, 120.71°E - 015 km N 05° W of Abra De Ilog (Occidental Mindoro)
https://earthquake.phivolcs.dost.gov.ph/.../2025_0903... #EarthquakePH #EarthquakeOccidentalMindoro Earthquake Information No.1 Date and Time: 03 September 2025 - 10:23 AM Magnitude = 3.0 Depth = 148 km Location = 13.58°N, 120.71°E - 015 km N 05° W of Abra De Ilog (Occidental Mindoro) https://earthquake.phivolcs.dost.gov.ph/.../2025_0903...",Unknown,2025-09-03 11:00,Unknown,https://web.facebook.com/PHIVOLCS/posts/pfbid08wj7SUCFgjZJAGaCShMq6Qn9nWpgapenFfyFBPQxEKGbzkR6iJZ73Y4nNPtdAVd6l?__cft__[0]=AZXARMRjWFwLN20H0M9pIMdOUGKoS7VsMkew7-PhTk9AvPsWRGUzi_-vCaUu_LjjegS5ixOJvGCjlnZMARvuIdOFSFDmtbp7KVlE0T8hIJqKbpBMuPDcMTGnEKDIhcWEpkojO6Lg0IJ81SxkGiRJ7kR_6u3AqTcYiwJDEvZFQ5tukz_4glsH8eC7M-I7ZQ4Fc84&__tn__=%2CO%2CP-R
Facebook,#FireAlert,"Fire Alert - Tuolumne & Calaveras Counties
Fast-moving fires have necessitated a mandatory evacuation. Please follow instructions to evacuate immediately.
Stay informed with real-time updates on the 2-7 Fire via the Watch Duty app or at WatchDuty.org.
Our deepest gratitude to the brave fire personnel on the front lines and those joining the effort. Stay safe, everyone. 
#Evacuate #FireAlert #StaySafe Fire Alert - Tuolumne & Calaveras Counties Fast-moving fires have necessitated a mandatory evacuation. Please follow instructions to evacuate immediately. Stay informed with real-time updates on the 2-7 Fire via the Watch Duty app or at WatchDuty.org. Our deepest gratitude to the brave fire personnel on the front lines and those joining the effort. Stay safe, everyone. #Evacuate #FireAlert #StaySafe",Unknown,2025-09-03 11:00,Unknown,https://web.facebook.com/hashtag/FireAlert?_rdc=1&_rdr#
Facebook,#tsunamialert,"Tsùnàmi in Hokkaido, Japan today July 30, 2025 #TsunamiAlert #tsunamiinjapan #TsunamiWarning #NewsUpdate #PHIVOLCS #highlighteveryone Tsùnàmi in Hokkaido, Japan today July 30, 2025 #TsunamiAlert #tsunamiinjapan #TsunamiWarning #NewsUpdate #PHIVOLCS #highlighteveryone",Unknown,2025-09-03 11:00,Unknown,https://web.facebook.com/hashtag/tsunamialert?_rdc=1&_rdr#
Facebook,civildefensedavao,"Thunderstorm Advisory No. 14  #MINPRSD
Issued at 01:35 PM 03 September 2025
Light to Moderate rainshowers with lightning and strong winds are expected over #Sarangani, #DavaoOccidental(JoseAbadSantos, DonMarcelino, Malita, SantaMaria), #DavaoOriental(GovernorGeneroso, CityOfMati, SanIsidro, Lupon, Banaybanay, Tarragona), #MisamisOriental(Claveria, Tagoloan, Villanueva, Jasaan, Balingasag, Lagonglong, Salay, Binuangan, Sugbongcogon, Kinoguitan, Balingoan, Talisayan, Medina, GingoogCity, CagayanDeOroCity, Magsaysay), #Bukidnon(Pangantucan, CityOfValencia, Kalilangan, Libona, ManoloFortich, CityOfMalaybalay), #ZamboangaDelNorte(Sibuco, Sirawai, Siocon, Baliguian, Gutalac, Godod, JoseDalman, Piñan, Manukan, Pres.ManuelA.Roxas, Katipunan, DipologCity, Polanco, DapitanCity, Sibutad, Rizal), #ZamboangaSibugay(Tungawan, Titay, RosellerLim, Ipil, Naga, Kabasalan, Siay, Diplahan, Buug, Malangas, Imelda, Payao, Alicia, Olutanga, Talusan), #DavaoDelSur(Sulop, Malalag), #SultanKudarat(Palimbang, Lebak, Kalamansig), #LanaoDelNorte, #ZamboangaDelSur(Tabina, Pitogo, VincenzoA.Sagun, Dimataling, Margosatubig, Dinas, SanPablo, SanMiguel, Lapuyan, Guipos, Kumalarang, Dumalinao, Tigbao, Labangan, PagadianCity, Tukuran, Lakewood, Bayog, Aurora, RamonMagsaysay, Sominot, Midsalip, Mahayag, Molave, Josefina, Tambulig), #MisamisOccidental(DonVictorianoChiongbian, OroquietaCity, Aloran, Clarin, Sinacaban, Panaon, Jimenez, Tudela, OzamisCity, TangubCity, Bonifacio), #MaguindanaoDelNorte(Upi, SultanKudarat, Talitay, Kabuntalan, SultanMastura), #CotabatoCity, #MaguindanaoDelSur(SouthUpi, Talayan, DatuAnggalMidtimbang), #SouthCotabato(Polomolok, GeneralSantosCity, T'Boli), #LanaoDelSur(Kapatagan, Balabagan, Marogong, Malabang, Wao, Picong, LumbacaUnayan, Calanogas, SultanDumalondong, Tubaran, Butig, Lumbatan, Lumbayanague, Bayang, Pagayawan, Binidayan, Ganassi, Masiu, Pualas, PoonaBayabao, LumbaBayabao, Bumbaran, Tamparan, Taraka, Madamba, BacolodKalawi, Mulondo, Tugaya, Balindong, Madalum, BuadiposoBuntong, Marantao, DitsaanRamain, Piagapo, MarawiCity, Saguiaran), #AgusanDelNorte(Buenavista, Carmen, Nasipit, Kitcharao, Jabonga, Santiago, Tubay, CityOfCabadbaran, RemediosT.Romualdez, Magallanes, ButuanCity), #SurigaoDelNorte(Alegria, Malimono, Tubod and Mainit) within the next 1-2 hours.
Moderate to occasionally heavy rainshowers with lightning and strong winds are being experienced in #DavaoOccidental(Sarangani), #Bukidnon(Malitbog, ImpasugOng, Talakag, Lantapan, Baungon, Sumilao), #ZamboangaCity, #ZamboangaDelNorte(Siayan, Sindangan, LeonB.Postigo, Labason, Kalawit, Liloy, Salug, Tampilisan, SergioOsmeñaSr., Mutia, LaLibertad), #ZamboangaDelSur(Dumingag), #MisamisOccidental(Concepcion, Calamba, SapangDalaga, LopezJaena, Baliangao, Plaridel), #MaguindanaoDelNorte(DatuOdinSinsuat, DatuBlahT.Sinsuat), #LanaoDelSur(Maguing, Bubong, Kapai and TagoloanII) which may persist within 1-2 hours and may affect nearby areas.
All are advised to take precautionary measures against the impacts associated with these hazards which include flash floods and landslides.
Keep monitoring for updates./ebz Thunderstorm Advisory No. 14  #MINPRSD Issued at 01:35 PM 03 September 2025 Light to Moderate rainshowers with lightning and strong winds are expected over #Sarangani, #DavaoOccidental(JoseAbadSantos, DonMarcelino, Malita, SantaMaria), #DavaoOriental(GovernorGeneroso, CityOfMati, SanIsidro, Lupon, Banaybanay, Tarragona), #MisamisOriental(Claveria, Tagoloan, Villanueva, Jasaan, Balingasag, Lagonglong, Salay, Binuangan, Sugbongcogon, Kinoguitan, Balingoan, Talisayan, Medina, GingoogCity, CagayanDeOroCity, Magsaysay), #Bukidnon(Pangantucan, CityOfValencia, Kalilangan, Libona, ManoloFortich, CityOfMalaybalay), #ZamboangaDelNorte(Sibuco, Sirawai, Siocon, Baliguian, Gutalac, Godod, JoseDalman, Piñan, Manukan, Pres.ManuelA.Roxas, Katipunan, DipologCity, Polanco, DapitanCity, Sibutad, Rizal), #ZamboangaSibugay(Tungawan, Titay, RosellerLim, Ipil, Naga, Kabasalan, Siay, Diplahan, Buug, Malangas, Imelda, Payao, Alicia, Olutanga, Talusan), #DavaoDelSur(Sulop, Malalag), #SultanKudarat(Palimbang, Lebak, Kalamansig), #LanaoDelNorte, #ZamboangaDelSur(Tabina, Pitogo, VincenzoA.Sagun, Dimataling, Margosatubig, Dinas, SanPablo, SanMiguel, Lapuyan, Guipos, Kumalarang, Dumalinao, Tigbao, Labangan, PagadianCity, Tukuran, Lakewood, Bayog, Aurora, RamonMagsaysay, Sominot, Midsalip, Mahayag, Molave, Josefina, Tambulig), #MisamisOccidental(DonVictorianoChiongbian, OroquietaCity, Aloran, Clarin, Sinacaban, Panaon, Jimenez, Tudela, OzamisCity, TangubCity, Bonifacio), #MaguindanaoDelNorte(Upi, SultanKudarat, Talitay, Kabuntalan, SultanMastura), #CotabatoCity, #MaguindanaoDelSur(SouthUpi, Talayan, DatuAnggalMidtimbang), #SouthCotabato(Polomolok, GeneralSantosCity, T'Boli), #LanaoDelSur(Kapatagan, Balabagan, Marogong, Malabang, Wao, Picong, LumbacaUnayan, Calanogas, SultanDumalondong, Tubaran, Butig, Lumbatan, Lumbayanague, Bayang, Pagayawan, Binidayan, Ganassi, Masiu, Pualas, PoonaBayab",Unknown,2025-09-03 14:00,Unknown,https://web.facebook.com/civildefensedavao/posts/pfbid05ckc2MaVFrzCfXEG9mGLz8JSA6kDPkzTneMM7iZg7WB8KJvNQpsaBrv3Kbat1NdBl?__cft__[0]=AZXw7zaUF1puTi8HfdjVzG77WEc8kP6Ml46fTnDtxDxnzYHFX1SlgfDZcqwNZVG8DbLFDS79MCJhBV8mRd8FcO1FSbKTOtkJ2O7K8w0d8Rd-7cnBcxIdFwDUglekMD2Fzn5zAajuZqYf0Tgyjai1tJWZjGD04Kqbwjo7iVfgNtFDuINzTd83c5UjVU8fkKf83rs&__tn__=%2CO%2CP-R
Facebook,NDRRMC,"Ano ang Storm Surge? #PanatagAngMayAlam 
BABALA: Mataas ang tyansang magka-STORM SURGE kapag may bagyo. 
Ano ba ang storm surge? Anong dapat gawin kapag may banta nito? Alamin mula kay @Dingdong Dantes sa video na ito. 
I-search ang #PanatagAngMayAlam sa Youtube at Facebook para sa ibang pang tips laban sa sakuna. Maging ligtas, maging #PanatagPilipinas 
#NDRRMC 
#BawatSegundoMahalaga Ano ang Storm Surge? #PanatagAngMayAlam BABALA: Mataas ang tyansang magka-STORM SURGE kapag may bagyo. Ano ba ang storm surge? Anong dapat gawin kapag may banta nito? Alamin mula kay @Dingdong Dantes sa video na ito. I-search ang #PanatagAngMayAlam sa Youtube at Facebook para sa ibang pang tips laban sa sakuna. Maging ligtas, maging #PanatagPilipinas #NDRRMC #BawatSegundoMahalaga Ano ang Storm Surge? #PanatagAngMayAlam
BABALA: Mataas ang tyansang magka-STORM SURGE kapag may bagyo. 
Ano ba ang storm surge? Anong dapat gawin kapag may ban… See more Ano ang Storm Surge? #PanatagAngMayAlam
BABALA: Mataas ang tyansang magka-STORM SURGE kapag may bagyo. 
Ano ba ang storm surge? Anong dapat gawin kapag may ban… See more Ano ang Storm Surge? #PanatagAngMayAlam BABALA: Mataas ang tyansang magka-STORM SURGE kapag may bagyo. Ano ba ang storm surge? Anong dapat gawin kapag may ban… See more",Unknown,2025-09-03 14:00,Unknown,https://web.facebook.com/NDRRMC/posts/pfbid0321PsgdbJYj2zFjfk8LxGnqp9xZUP8DZUbQop1dekq4QB1jAYAxz3FHw65LwDqpYEl?__cft__[0]=AZVfBjnlKAkoDPspUgn7LZcDUVpFEg9hkyonkvrcAqmQe6CyyuRA1ps6JMjf0r0-_p7CLMP_s3RyR78f0fDPL5OXNNYQ-xt_ZhJ3uozYNStR4NjvcpUlmqCPnMGKb8We0fGwiVL9j0BR4faDuHThWtG-2rIiI37ovHI3OkL7ABDpftVXmAm-0W0T8ESjlFMwd3rsfdHEPBRkvThrAmD17Zkskad6GLdXSMGOMXd03jb--uUcTniQ3Ejxmm4zR4p2_Vk&__tn__=%2CO%2CP-R
Facebook,pagasa.dost.gov.ph,"Press Briefing: Tropical Depression ""Kiko""  | 11am September 03, 2025 - Wednesday
DOST-PAGASA Weather Specialist: Leanne Loreto
#weatherreport  #dostpagasa Press Briefing: Tropical Depression ""Kiko""  | 11am September 03, 2025 - Wednesday DOST-PAGASA Weather Specialist: Leanne Loreto #weatherreport  #dostpagasa",Unknown,2025-09-03 14:00,Unknown,https://web.facebook.com/PAGASA.DOST.GOV.PH/
Facebook,PHIVOLCS,"#EarthquakePH #EarthquakeSurigaoDelSur
Earthquake Information No.1
Date and Time: 03 September 2025 - 12:44 PM
Magnitude = 1.5
Depth = 030 km
Location = 08.73°N, 126.43°E - 016 km S 62° E of Marihatag (Surigao Del Sur)
https://earthquake.phivolcs.dost.gov.ph/.../2025_0903... #EarthquakePH #EarthquakeSurigaoDelSur Earthquake Information No.1 Date and Time: 03 September 2025 - 12:44 PM Magnitude = 1.5 Depth = 030 km Location = 08.73°N, 126.43°E - 016 km S 62° E of Marihatag (Surigao Del Sur) https://earthquake.phivolcs.dost.gov.ph/.../2025_0903...",Unknown,2025-09-03 14:00,Unknown,https://web.facebook.com/PHIVOLCS/posts/pfbid031D6BNharvGR4zgLEgjjk8csBMPYfJLH8at34d46iiFHEhFQTUUCJH8g2hacYcbTRl?__cft__[0]=AZUOcv5ydmRS5Yxq7lUUjF6KaW61a26-IT-HNzMzDO-H-WQk9ddHuP_rhtiX2tFsN9spZ3Y2q9jYRcWgEvNglbww4X9MrjAe8zJr29dlPb1OjOnjDXXoE9BSrvme9LCqnAxV0xmIuTP8eq6CG4NbNiNJQ6vq4zk5i6QPArDAJs9IaJWgwHhPCJwcuE_KsAM_lzY&__tn__=%2CO%2CP-R
Facebook,sunstardavaonews,Vice President Sara Duterte said that issues of corruption in flood control projects are not limited to the current administration but also to the previous administrations. Vice President Sara Duterte said that issues of corruption in flood control projects are not limited to the current administration but also to the previous administrations.,Unknown,2025-09-03 14:00,Unknown,https://web.facebook.com/sunstardavaonews/posts/pfbid02P3P8TrdpnzWHVyMgRTUDdNJP6tuV9xgpMHdFfMRG7r3qapDzrJd7NmsH3ABzHLwQl?__cft__[0]=AZXt-FqqfEo7mWa20XGMvaNnq6-V_1vhMAuRyvS4_6geOQ0nKqfeWijquNHzvdNZERq6Eb5B4cDiTRaIxm3jWBdhNsfgVO83IRw_iiLAf_ILlJKNk70Cfg4LN7ND0zMvptQOnAC91p3wqdZWFg4p2cNMO4EvBHyAqHKAK9tG3e_zXSMpZ56--2TiB1tEeeERPF4&__tn__=%2CO%2CP-R
Facebook,UNTVNewsRescue,"Isa nang ganap na bagyo ang binabantayang Low Pressure Area sa loob ng Philippine Area of Responsibility.
Pinangalanan ito ng PAGASA na Bagyong Kiko. Gayunman, inaasahang agad rin itong lalabas ng PAR mamayang hapon. Isa nang ganap na bagyo ang binabantayang Low Pressure Area sa loob ng Philippine Area of Responsibility. Pinangalanan ito ng PAGASA na Bagyong Kiko. Gayunman, inaasahang agad rin itong lalabas ng PAR mamayang hapon.",Unknown,2025-09-03 14:00,Unknown,https://web.facebook.com/UNTVNewsRescue/posts/pfbid034vnCQyBkSucgrtXRb2AJtsTyX8Aq3gZ7FoyLFiUfWx9RfLptnxwQDkNaVtbkGyBrl?__cft__[0]=AZWUYQ4e7GQvWwAzJ9PTfJluAYGULzgeL2A7zOJaQ34TySOkWras6YkE3E6O1M1PDUXM12hchbWfYC2Qemz5v2B-YNPyleUQm2jMckCgybLq9dCMmeMxK7VgnJO_3R3iTg_Wqpo9NVzFB-dqAhFgxXpiV2v578cTi7U46wi7Gea1lR-5BwR9mZGs1UIz-z4YLrM&__tn__=%2CO%2CP-R
Facebook,mprsdcdo,"Thunderstorm Advisory No. 14  #MINPRSD
Issued at 01:35 PM 03 September 2025
Light to Moderate rainshowers with lightning and strong winds are expected over #Sarangani, #DavaoOccidental(JoseAbadSantos, DonMarcelino, Malita, SantaMaria), #DavaoOriental(GovernorGeneroso, CityOfMati, SanIsidro, Lupon, Banaybanay, Tarragona), #MisamisOriental(Claveria, Tagoloan, Villanueva, Jasaan, Balingasag, Lagonglong, Salay, Binuangan, Sugbongcogon, Kinoguitan, Balingoan, Talisayan, Medina, GingoogCity, CagayanDeOroCity, Magsaysay), #Bukidnon(Pangantucan, CityOfValencia, Kalilangan, Libona, ManoloFortich, CityOfMalaybalay), #ZamboangaDelNorte(Sibuco, Sirawai, Siocon, Baliguian, Gutalac, Godod, JoseDalman, Piñan, Manukan, Pres.ManuelA.Roxas, Katipunan, DipologCity, Polanco, DapitanCity, Sibutad, Rizal), #ZamboangaSibugay(Tungawan, Titay, RosellerLim, Ipil, Naga, Kabasalan, Siay, Diplahan, Buug, Malangas, Imelda, Payao, Alicia, Olutanga, Talusan), #DavaoDelSur(Sulop, Malalag), #SultanKudarat(Palimbang, Lebak, Kalamansig), #LanaoDelNorte, #ZamboangaDelSur(Tabina, Pitogo, VincenzoA.Sagun, Dimataling, Margosatubig, Dinas, SanPablo, SanMiguel, Lapuyan, Guipos, Kumalarang, Dumalinao, Tigbao, Labangan, PagadianCity, Tukuran, Lakewood, Bayog, Aurora, RamonMagsaysay, Sominot, Midsalip, Mahayag, Molave, Josefina, Tambulig), #MisamisOccidental(DonVictorianoChiongbian, OroquietaCity, Aloran, Clarin, Sinacaban, Panaon, Jimenez, Tudela, OzamisCity, TangubCity, Bonifacio), #MaguindanaoDelNorte(Upi, SultanKudarat, Talitay, Kabuntalan, SultanMastura), #CotabatoCity, #MaguindanaoDelSur(SouthUpi, Talayan, DatuAnggalMidtimbang), #SouthCotabato(Polomolok, GeneralSantosCity, T'Boli), #LanaoDelSur(Kapatagan, Balabagan, Marogong, Malabang, Wao, Picong, LumbacaUnayan, Calanogas, SultanDumalondong, Tubaran, Butig, Lumbatan, Lumbayanague, Bayang, Pagayawan, Binidayan, Ganassi, Masiu, Pualas, PoonaBayabao, LumbaBayabao, Bumbaran, Tamparan, Taraka, Madamba, BacolodKalawi, Mulondo, Tugaya, Balindong, Madalum, BuadiposoBuntong, Marantao, DitsaanRamain, Piagapo, MarawiCity, Saguiaran), #AgusanDelNorte(Buenavista, Carmen, Nasipit, Kitcharao, Jabonga, Santiago, Tubay, CityOfCabadbaran, RemediosT.Romualdez, Magallanes, ButuanCity), #SurigaoDelNorte(Alegria, Malimono, Tubod and Mainit) within the next 1-2 hours.
Moderate to occasionally heavy rainshowers with lightning and strong winds are being experienced in #DavaoOccidental(Sarangani), #Bukidnon(Malitbog, ImpasugOng, Talakag, Lantapan, Baungon, Sumilao), #ZamboangaCity, #ZamboangaDelNorte(Siayan, Sindangan, LeonB.Postigo, Labason, Kalawit, Liloy, Salug, Tampilisan, SergioOsmeñaSr., Mutia, LaLibertad), #ZamboangaDelSur(Dumingag), #MisamisOccidental(Concepcion, Calamba, SapangDalaga, LopezJaena, Baliangao, Plaridel), #MaguindanaoDelNorte(DatuOdinSinsuat, DatuBlahT.Sinsuat), #LanaoDelSur(Maguing, Bubong, Kapai and TagoloanII) which may persist within 1-2 hours and may affect nearby areas.
All are advised to take precautionary measures against the impacts associated with these hazards which include flash floods and landslides.
Keep monitoring for updates. Thunderstorm Advisory No. 14  #MINPRSD Issued at 01:35 PM 03 September 2025 Light to Moderate rainshowers with lightning and strong winds are expected over #Sarangani, #DavaoOccidental(JoseAbadSantos, DonMarcelino, Malita, SantaMaria), #DavaoOriental(GovernorGeneroso, CityOfMati, SanIsidro, Lupon, Banaybanay, Tarragona), #MisamisOriental(Claveria, Tagoloan, Villanueva, Jasaan, Balingasag, Lagonglong, Salay, Binuangan, Sugbongcogon, Kinoguitan, Balingoan, Talisayan, Medina, GingoogCity, CagayanDeOroCity, Magsaysay), #Bukidnon(Pangantucan, CityOfValencia, Kalilangan, Libona, ManoloFortich, CityOfMalaybalay), #ZamboangaDelNorte(Sibuco, Sirawai, Siocon, Baliguian, Gutalac, Godod, JoseDalman, Piñan, Manukan, Pres.ManuelA.Roxas, Katipunan, DipologCity, Polanco, DapitanCity, Sibutad, Rizal), #ZamboangaSibugay(Tungawan, Titay, RosellerLim, Ipil, Naga, Kabasalan, Siay, Diplahan, Buug, Malangas, Imelda, Payao, Alicia, Olutanga, Talusan), #DavaoDelSur(Sulop, Malalag), #SultanKudarat(Palimbang, Lebak, Kalamansig), #LanaoDelNorte, #ZamboangaDelSur(Tabina, Pitogo, VincenzoA.Sagun, Dimataling, Margosatubig, Dinas, SanPablo, SanMiguel, Lapuyan, Guipos, Kumalarang, Dumalinao, Tigbao, Labangan, PagadianCity, Tukuran, Lakewood, Bayog, Aurora, RamonMagsaysay, Sominot, Midsalip, Mahayag, Molave, Josefina, Tambulig), #MisamisOccidental(DonVictorianoChiongbian, OroquietaCity, Aloran, Clarin, Sinacaban, Panaon, Jimenez, Tudela, OzamisCity, TangubCity, Bonifacio), #MaguindanaoDelNorte(Upi, SultanKudarat, Talitay, Kabuntalan, SultanMastura), #CotabatoCity, #MaguindanaoDelSur(SouthUpi, Talayan, DatuAnggalMidtimbang), #SouthCotabato(Polomolok, GeneralSantosCity, T'Boli), #LanaoDelSur(Kapatagan, Balabagan, Marogong, Malabang, Wao, Picong, LumbacaUnayan, Calanogas, SultanDumalondong, Tubaran, Butig, Lumbatan, Lumbayanague, Bayang, Pagayawan, Binidayan, Ganassi, Masiu, Pualas, PoonaBayabao, ",Unknown,2025-09-03 14:00,Unknown,https://web.facebook.com/mprsdcdo/posts/pfbid0VqdaRUVHoPHbv4Rbq8zfoQQiUXNbPJWDRXtCaQgGFfN1Ax6eE8UM4RqP5migZbwdl?__cft__[0]=AZWG4QX0B4uv4ew8tZY8Y52SXNW-Fcr_XClpkplgRIFO3m9055Y0fzrWgqFHNH6v5Stt9FPdmxAoG9Jeq2wOVAA6yIO-N1BKWGMdoz5G0-PBjjPUEAGnqAd0UUDcLJ0Gmx9hws0pH8xNs-fAFspceRDZYTufn1P15UP_kk3znk1ssuKg1CP2HPdZtnwjp1Y6A3I&__tn__=%2CO%2CP-R
Facebook,#FireandRescuePH,"FIRE ALARM 
SEPT 1  2025
LOCATION:  Zone 7 Acacia, Carmen
Cagayan De Oro City 
#zerothreetwobumbero 
#Txtfirephilippines 
#FireAlert 
#Firealarm 
#Residentialfire 
#Commercialfire
#FireAlertPH 
#Firealarmph 
#AlarmaPilipinas
#FireandRescuePH
#fyp
#farar FIRE ALARM 
SEPT 1  2025 LOCATION:  Zone 7 Acacia, Carmen Cagayan De Oro City #zerothreetwobumbero #Txtfirephilippines #FireAlert #Firealarm #Residentialfire #Commercialfire #FireAlertPH #Firealarmph #AlarmaPilipinas #FireandRescuePH #fyp #farar",Unknown,2025-09-03 14:00,Unknown,https://web.facebook.com/hashtag/FireandRescuePH?_rdc=1&_rdr#
Facebook,#FloodAlert,Khudaya Raham Live visual from Awhatoo Kulgam. #viralvideoシ #flood #flood2025 #FloodAlert #FloodRelief— and Sehzadi Sehzadi Khudaya Raham Live visual from Awhatoo Kulgam. #viralvideoシ #flood #flood2025 #FloodAlert #FloodRelief— and Sehzadi Sehzadi,Unknown,2025-09-03 14:00,Unknown,https://web.facebook.com/hashtag/FloodAlert?_rdc=1&_rdr#
Facebook,DavaoDRRMO,"𝐂𝐃𝐑𝐑𝐌𝐎-𝐎𝐏𝐂𝐄𝐍 𝐖𝐄𝐀𝐓𝐇𝐄𝐑 𝐔𝐏𝐃𝐀𝐓𝐄:
As of 06:00 PM | September 03, 2025
𝐖𝐞𝐚𝐭𝐡𝐞𝐫 𝐒𝐲𝐬𝐭𝐞𝐦: 𝙇𝙤𝙘𝙖𝙡𝙞𝙯𝙚𝙙 𝙏𝙝𝙪𝙣𝙙𝙚𝙧𝙨𝙩𝙤𝙧𝙢𝙨
Light to moderate to at times heavy rainfall is experienced in some areas of Marilog District. 
Other areas within Davao City are experiencing cloudy weather conditions.
All river channels are monitored at 𝐂𝐎𝐃𝐄 𝐆𝐑𝐄𝐄𝐍 (𝘚𝘢𝘧𝘦 𝘓𝘦𝘷𝘦𝘭).
𝐂𝐎𝐀𝐒𝐓𝐀𝐋 𝐒𝐓𝐀𝐓𝐔𝐒:
> Calm seas
> Going low tide 
#𝗪𝗲𝗮𝘁𝗵𝗲𝗿𝗨𝗽𝗱𝗮𝘁𝗲
#𝗗𝗮𝘃𝗮𝗼𝗖𝗶𝘁𝘆𝗗𝗥𝗥𝗠𝗢 𝐂𝐃𝐑𝐑𝐌𝐎-𝐎𝐏𝐂𝐄𝐍 𝐖𝐄𝐀𝐓𝐇𝐄𝐑 𝐔𝐏𝐃𝐀𝐓𝐄: As of 06:00 PM | September 03, 2025 𝐖𝐞𝐚𝐭𝐡𝐞𝐫 𝐒𝐲𝐬𝐭𝐞𝐦: 𝙇𝙤𝙘𝙖𝙡𝙞𝙯𝙚𝙙 𝙏𝙝𝙪𝙣𝙙𝙚𝙧𝙨𝙩𝙤𝙧𝙢𝙨 Light to moderate to at times heavy rainfall is experienced in some areas of Marilog District. Other areas within Davao City are experiencing cloudy weather conditions. All river channels are monitored at 𝐂𝐎𝐃𝐄 𝐆𝐑𝐄𝐄𝐍 (𝘚𝘢𝘧𝘦 𝘓𝘦𝘷𝘦𝘭). 𝐂𝐎𝐀𝐒𝐓𝐀𝐋 𝐒𝐓𝐀𝐓𝐔𝐒: > Calm seas > Going low tide #𝗪𝗲𝗮𝘁𝗵𝗲𝗿𝗨𝗽𝗱𝗮𝘁𝗲 #𝗗𝗮𝘃𝗮𝗼𝗖𝗶𝘁𝘆𝗗𝗥𝗥𝗠𝗢",Unknown,2025-09-03 17:36,Unknown,https://www.facebook.com/DavaoDRRMO/posts/pfbid0Rsk946QoRXuvUUHE6uimLYQ5muVieoYvhYVWDq3j7kGoTwC51EZ6QseCNQmM1B3il?__cft__[0]=AZUG6jNgvw70priAOhQBUK9MneBfn32ZKVa8-8mSoeG9OJsB-LQIGuuYKm6s4wy21PZ6foja9tt_Yu7wOIbGdFjqeCIHwJ2La4BQ5WgcP-sVFvMtFV9526qfyWeg-DYY-inHidHGVZANSQBrpI9lkeOlw4XtA6HHI4sCblWvaezdBrO7pDaul7OTrYfqdCVK-t4&__tn__=%2CO%2CP-R
Facebook,rapplerdotcom,"Zamboangueños, ano ang inyong hinahangad para sa Zamboanga City?
Sumama sa #MakeZamboangaLiveable forum ng Rappler sa Setyembre 6, 2025, para makausap at mapakinggan ang inyong lokal na pamahalaan at mga community leader. Pag-usapan natin kung paano mapapataas ang antas ng pamumuhay sa Zamboanga City.
Ang forum na ito ay bahagi ng “Engage for Change” civic empowerment roadshow mula Setyembre 3 hanggang 6.
Libre ang registration hanggang Setyembre 5: https://www.rappler.com/.../civic-empowerment-forum.../ Zamboangueños, ano ang inyong hinahangad para sa Zamboanga City? Sumama sa #MakeZamboangaLiveable forum ng Rappler sa Setyembre 6, 2025, para makausap at mapakinggan ang inyong lokal na pamahalaan at mga community leader. Pag-usapan natin kung paano mapapataas ang antas ng pamumuhay sa Zamboanga City. Ang forum na ito ay bahagi ng “Engage for Change” civic empowerment roadshow mula Setyembre 3 hanggang 6. Libre ang registration hanggang Setyembre 5: https://www.rappler.com/.../civic-empowerment-forum.../",Unknown,2025-09-03 17:36,Unknown,https://www.facebook.com/rapplerdotcom/posts/pfbid02DpacsPhUZvM5BY1tDCkxwatjqzF4LAgmFeA7oLZ8rhw8Pn8T22kft2pSiUJsn1twl?__cft__[0]=AZXv8fCuJ2RY6f-WSWHDR7vMSwZX5N-inQjK9qglkPbGboSDxdU2ft8YGFDl2hwlpPHfv6RPLlFqPli-V9SPJe_WNCMQvoARJSV_KxGosyhOecKuGLEaqyWrrKEHs282uje3L-D47CR5y5KSO29nNwpU474SY9oMvA2P0yyi29ZWCsFeqaIRHzHzHX4k_a7lD8o&__tn__=%2CO%2CP-R
Facebook,stormchasersPH,"Bagong LPA, posibleng mabuo malapit sa #NorthernLuzon sa susunod na 2 araw. May posibilidad na maging bagyo at tatawaging #LanniePH. AMEN",Unknown,2025-09-03 18:35,Unknown,https://www.facebook.com/stormchasersPH/posts/pfbid0wccH52hG6PqByGN2Qu9LCXEc9d2pSGGAp13t37FYiNpQtDrbfqEFeraF5Q2aCDqal?__cft__[0]=AZXUD7uGDf1i5Usf-A8wtB4yHMT2nCjjxqG1vNJyyuIGgDDeeaNMA_SCkaFqlHxzguOAPxkEkT2pAo1tsP9yMdemxw7VTNiBPqa-jLpMVpnJ-EcBo6NUyhZ8v_HbLF0E5jk44beKIk4vEIshjxU106ww7ldTT70O7D0fl41Vkwj7bbnJkp1uVmcnN0QuOt-ItLk&__tn__=%2CO%2CP-R
Facebook,manilabulletin,"Heavy traffic is expected in parts of Quezon City during the 2025 Bar Examinations to be held at New Era University (NEU), prompting the local government to issue a traffic advisory for motorists during the exam days. Heavy traffic is expected in parts of Quezon City during the 2025 Bar Examinations to be held at New Era University (NEU), prompting the local government to issue a traffic advisory for motorists during the exam days.",Unknown,2025-09-03 19:00,Unknown,https://www.facebook.com/ManilaBulletin/posts/pfbid02EeXKvN2Y82zGnuEzkuhVGnbPMot2YqXgHbUh4VBmhnVsRA7U5MRiqKj7UYPU7Mi4l?__cft__[0]=AZXSPMhbFRr_BfMy3BLKg5QMr4mZOCO5S4C8BTn4NWKCuujnsJbduGmhCVyhD7cZaxuD8f5AaW6_S7hnYS1CQRI3ItUJ3EPXJBWx8okkI-eMdLwP3yyKYe3pFH-HHk3SI3wiyiIhuNHj-4X5XOf_ajBPem1bjHNIGrNTZ8Su28WVrDa94Zg1a-ixBuXG6wR9sec&__tn__=%2CO%2CP-R
Facebook,PHIVOLCS,"Free admission: RSTW-8 is happening at Summit Hotel, Tacloban City!
The Regional Science, Technology, and Innovation Week (RSTW) in Eastern Visayas commences today, September 3, 2025, steering smart and sustainable communities through S&T interventions and innovative products and services in the region. 
DOST-PHIVOLCS prepared interactive and informative displays of its technologies, particularly GeoRiskPH platforms, which serve as sources of information and tools for assessing natural hazards and risks. 
At the same time, DOST-PHIVOLCS introduced the GeoRiskPH Initiative to guide the participants of its platforms like HazardHunterPH, GeoMapperPH, GeoAnalyticsPH, and provided a demonstration to the participants during the opening ceremonies. They also had the signing of Memorandum of Agreement between DOST VIII and DOST-PHIVOLCS in the adoption of GeoRiskPH technologies in Region 8.
Come and see these highlights! Participants can try the earthquake simulator to experience a simulated ground shaking.
Tags:
DOST Regional Office VIII
DOST Philippines
#HandaAngMayAlam
#dostinnov8
#OneDOST4U
#SolutionsOpportunitiesForAll Free admission: RSTW-8 is happening at Summit Hotel, Tacloban City! The Regional Science, Technology, and Innovation Week (RSTW) in Eastern Visayas commences today, September 3, 2025, steering smart and sustainable communities through S&T interventions and innovative products and services in the region. DOST-PHIVOLCS prepared interactive and informative displays of its technologies, particularly GeoRiskPH platforms, which serve as sources of information and tools for assessing natural hazards and risks. At the same time, DOST-PHIVOLCS introduced the GeoRiskPH Initiative to guide the participants of its platforms like HazardHunterPH, GeoMapperPH, GeoAnalyticsPH, and provided a demonstration to the participants during the opening ceremonies. They also had the signing of Memorandum of Agreement between DOST VIII and DOST-PHIVOLCS in the adoption of GeoRiskPH technologies in Region 8. Come and see these highlights! Participants can try the earthquake simulator to experience a simulated ground shaking. Tags: DOST Regional Office VIII DOST Philippines #HandaAngMayAlam #dostinnov8 #OneDOST4U #SolutionsOpportunitiesForAll",Unknown,2025-09-03 19:00,Unknown,https://www.facebook.com/PHIVOLCS/posts/pfbid0Ymzubdsi4NfoY4wx3eC9AGLkT3s9sXzB51YEn4oEA3eF1avbBG4XX8A4spBArDg8l?__cft__[0]=AZVvZWqEx9_Q1_rQ6ZT4kjha15bpGbiOZJ_64BjDiyF8E6IC-MIElqgUz0IbrJPWGC5CJjtiJ9sOvufCFz_KGTq7BzIHqcxbEGcXaKIuWkXiHPVwE9LVBdrK7hG5uPe7aCLX-Jpe1ewhE7yMmG-U_vzmQtoyUPHWHUXlJTuRiQyAy5Luf0p3q-9NiPuFW8w5eNs&__tn__=%2CO%2CP-R
Facebook,#BahaPH,"Inanunsyo ng Bureau of Customs (BoC) noong nakaraang Martes ng gabi, ika-2 ng Setyembre na hawak na nito ang 12 sa ubog nang daming luxury cars na pagmamay-ari ng mga Discaya.
Ito'y matapos ilabas ang search warrant para sa mga nasabing sasakyan sa loob ng isang St. Gerrard Construction compound na matatagpuan sa Pasgi City.
Kabilang dito ang isang Rolls Royce Cullinan, Bentley Bentayga, Mercedes Benz G-500, Mercedes AMG G 63 AMG, Toyota Tundra, Toyota Sequoia, at Cadillac Escalade.
#DitoSaPilipinas #DSP #Discaya #StGerrard #Pasig #InfraPH #CorruptionPH #FloodControlPH #InfraPH #BahaPH Inanunsyo ng Bureau of Customs (BoC) noong nakaraang Martes ng gabi, ika-2 ng Setyembre na hawak na nito ang 12 sa ubog nang daming luxury cars na pagmamay-ari ng mga Discaya. Ito'y matapos ilabas ang search warrant para sa mga nasabing sasakyan sa loob ng isang St. Gerrard Construction compound na matatagpuan sa Pasgi City. Kabilang dito ang isang Rolls Royce Cullinan, Bentley Bentayga, Mercedes Benz G-500, Mercedes AMG G 63 AMG, Toyota Tundra, Toyota Sequoia, at Cadillac Escalade. #DitoSaPilipinas #DSP #Discaya #StGerrard #Pasig #InfraPH #CorruptionPH #FloodControlPH #InfraPH #BahaPH",Unknown,2025-09-03 19:00,Unknown,https://www.facebook.com/DitoSaPH/posts/pfbid02e65cTNisPtKKGhsn9oEXRxUir34NxMCe8aEiHoT1a2rXVKQ8jNRYtcpfNYHT1ESUl?__cft__[0]=AZW9T2uWvq54e2pEQRNQDpZA1wIEWkXaoaTcuaBhgKUw9Xclm1jWmCc6bxnSquHZ2RX-Fn3YR1mx39mN7fWu2KkwzRS4ki57O-qYaUIsivgcqJ0WdhYo8VyN_ebH04ilYDue23lUMWbIgBqGodNwcjEQ5nBMInjMEO7aC5pJzd6r35RINjYv4WGYZBrwTdc99SM&__tn__=%2CO%2CP-R
Facebook,NDRRMC,"TROPICAL CYCLONE BULLETIN NR. 2F
Tropical Depression 𝐊𝐈𝐊𝐎
Issued at  PM, 03 September 2025
𝐊𝐈𝐊𝐎 ACCELERATES AND IS NOW 𝐎𝐔𝐓𝐒𝐈𝐃𝐄 𝐓𝐇𝐄 𝐏𝐇𝐈𝐋𝐈𝐏𝐏𝐈𝐍𝐄 𝐀𝐑𝐄𝐀 𝐎𝐅 𝐑𝐄𝐒𝐏𝐎𝐍𝐒𝐈𝐁𝐈𝐋𝐈𝐓𝐘.
The center of Tropical Depression 𝐊𝐈𝐊𝐎 was estimated based on all available data at 1,115 km East Northeast of Extreme Northern Luzon. It is moving north northwestward at 30 km/h with Maximum sustained winds of 55 km/h near the center, gustiness of up to 70 km/h, and central pressure of 1004 hPa.
Source: DOST-PAGASA
#NDRRMC
#BawatSegundoMahalaga
#KikoPH TROPICAL CYCLONE BULLETIN NR. 2F Tropical Depression 𝐊𝐈𝐊𝐎 Issued at  PM, 03 September 2025 𝐊𝐈𝐊𝐎 ACCELERATES AND IS NOW 𝐎𝐔𝐓𝐒𝐈𝐃𝐄 𝐓𝐇𝐄 𝐏𝐇𝐈𝐋𝐈𝐏𝐏𝐈𝐍𝐄 𝐀𝐑𝐄𝐀 𝐎𝐅 𝐑𝐄𝐒𝐏𝐎𝐍𝐒𝐈𝐁𝐈𝐋𝐈𝐓𝐘. The center of Tropical Depression 𝐊𝐈𝐊𝐎 was estimated based on all available data at 1,115 km East Northeast of Extreme Northern Luzon. It is moving north northwestward at 30 km/h with Maximum sustained winds of 55 km/h near the center, gustiness of up to 70 km/h, and central pressure of 1004 hPa. Source: DOST-PAGASA #NDRRMC #BawatSegundoMahalaga #KikoPH Patay mananalasa na si KIKO sa PONDO ng GOBYERNO...",Unknown,2025-09-03 19:30,Unknown,https://www.facebook.com/NDRRMC/posts/pfbid06Zgj1XrE4hwhi2EbyA8KFNKwUmJrEgcaTqsAeuBLFzKZyTasRJbMzVXF1AJ4JLrfl?__cft__[0]=AZUDCcP6HBHmsDhXzEKIB2AwlI9XBi112inWiVrpUMFcqi9L0uriIq8krOpVUIQ6iIBh7tP765TKzYLEDBKKAkDAuRM1rpYgSE4Fx2wIuh6orK2a5_jYHQEDEgYJtBCVTX9K9u966SXpe3H27_MIxmhGcqLilDYAA_K6Z-kndSuZM_0TYbTKnvYKc0Zd4arP1Ak&__tn__=%2CO%2CP-R
Facebook,PHIVOLCS,"𝗧𝗜𝗡𝗚𝗡𝗔𝗡: 𝗣𝗿𝗲-𝗜𝗺𝗽𝗹𝗲𝗺𝗲𝗻𝘁𝗮𝘁𝗶𝗼𝗻 𝗦𝗶𝘁𝗲 𝗔𝘀𝘀𝗲𝘀𝘀𝗺𝗲𝗻𝘁 (𝗣𝗜𝗦𝗔) 𝘀𝗮 𝗦𝗶𝘁𝗶𝗼 𝗖𝗮𝗻𝗱𝗶𝗻𝘂𝘆𝗮𝗻, 𝗕𝗿𝗴𝘆. 𝗚𝗼𝗹𝗱𝗲𝗻 𝗩𝗮𝗹𝗹𝗲𝘆, 𝗠𝗮𝗯𝗶𝗻𝗶, 𝗗𝗮𝘃𝗮𝗼 𝗱𝗲 𝗢𝗿𝗼
Dynaslope Community, sabay-sabay nating i-welcome ang ating pinakabagong Dynaslope site — Sitio Candinuyan, Brgy. Golden Valley, Mabini, Davao de Oro!
Ito na ang 𝗶𝗸𝗮-𝟱𝟰 𝗻𝗮 𝘀𝗶𝘁𝗲 sa buong bansa at 𝗶𝗸𝗮𝗹𝗮𝘄𝗮 𝘀𝗮 𝗗𝗮𝘃𝗮𝗼 𝗱𝗲 𝗢𝗿𝗼 na pagtatatagan ng 𝗘𝗮𝗿𝗹𝘆 𝗪𝗮𝗿𝗻𝗶𝗻𝗴 𝗦𝘆𝘀𝘁𝗲𝗺 𝗳𝗼𝗿 𝗟𝗮𝗻𝗱𝘀𝗹𝗶𝗱𝗲𝘀 (𝗘𝗪𝗦-𝗟) sa ilalim ng Dynaslope Project. 
Noong August 11–13, 2025, isinagawa ang 𝗣𝗿𝗲-𝗜𝗺𝗽𝗹𝗲𝗺𝗲𝗻𝘁𝗮𝘁𝗶𝗼𝗻 𝗦𝗶𝘁𝗲 𝗔𝘀𝘀𝗲𝘀𝘀𝗺𝗲𝗻𝘁 (𝗣𝗜𝗦𝗔) bilang unang hakbang sa pagtatatag ng EWS-L. Layunin nitong buuhin ang pagkakaisa ng mga stakeholder upang epektibong aksyunan ang panganib ng landslide sa Sitio Candinuyan.
Mga naging aktibidad:
  𝘋𝘦𝘵𝘢𝘪𝘭𝘦𝘥 𝘭𝘢𝘯𝘥𝘴𝘭𝘪𝘥𝘦 𝘩𝘢𝘻𝘢𝘳𝘥 𝘴𝘶𝘳𝘷𝘦𝘺 & 𝘎𝘭𝘰𝘣𝘢𝘭 𝘚𝘺𝘴𝘵𝘦𝘮 𝘧𝘰𝘳 𝘔𝘰𝘣𝘪𝘭𝘦 𝘊𝘰𝘮𝘮𝘶𝘯𝘪𝘤𝘢𝘵𝘪𝘰𝘯𝘴 (𝘎𝘚𝘔) 𝘴𝘪𝘨𝘯𝘢𝘭 𝘴𝘶𝘳𝘷𝘦𝘺 – pagmamapa ng landslide area
  𝘙𝘢𝘱𝘪𝘥 𝘯𝘦𝘦𝘥𝘴 𝘢𝘯𝘥 𝘤𝘢𝘱𝘢𝘤𝘪𝘵𝘪𝘦𝘴 𝘢𝘴𝘴𝘦𝘴𝘴𝘮𝘦𝘯𝘵 – pakikipagkwentuhan at konsultasyon sa mga residente
  𝘊𝘰𝘮𝘮𝘶𝘯𝘪𝘵𝘺 𝘰𝘳𝘪𝘦𝘯𝘵𝘢𝘵𝘪𝘰𝘯 – pormal na pagpapakilala ng EWS-L sa komunidad
Nagkaroon din ng 𝗰𝗼𝘂𝗿𝘁𝗲𝘀𝘆 𝗰𝗮𝗹𝗹 sa LGU Mabini at sa pamunuan ng Brgy. Golden Valley, kung saan ipinahayag ng mga opisyal ang buong suporta sa proyektong ito.
 Abangan ang mga susunod na hakbang tungo sa kinabukasang #LigtasSaLandslide sa Sitio Candinuyan!
#Dynaslope #DynaFieldNotes #CBEWSL #IloiloReady #LigtasAtHanda #HandaAngMayAlam 𝗧𝗜𝗡𝗚𝗡𝗔𝗡: 𝗣𝗿𝗲-𝗜𝗺𝗽𝗹𝗲𝗺𝗲𝗻𝘁𝗮𝘁𝗶𝗼𝗻 𝗦𝗶𝘁𝗲 𝗔𝘀𝘀𝗲𝘀𝘀𝗺𝗲𝗻𝘁 (𝗣𝗜𝗦𝗔) 𝘀𝗮 𝗦𝗶𝘁𝗶𝗼 𝗖𝗮𝗻𝗱𝗶𝗻𝘂𝘆𝗮𝗻, 𝗕𝗿𝗴𝘆. 𝗚𝗼𝗹𝗱𝗲𝗻 𝗩𝗮𝗹𝗹𝗲𝘆, 𝗠𝗮𝗯𝗶𝗻𝗶, 𝗗𝗮𝘃𝗮𝗼 𝗱𝗲 𝗢𝗿𝗼 Dynaslope Community, sabay-sabay nating i-welcome ang ating pinakabagong Dynaslope site — Sitio Candinuyan, Brgy. Golden Valley, Mabini, Davao de Oro! Ito na ang 𝗶𝗸𝗮-𝟱𝟰 𝗻𝗮 𝘀𝗶𝘁𝗲 sa buong bansa at 𝗶𝗸𝗮𝗹𝗮𝘄𝗮 𝘀𝗮 𝗗𝗮𝘃𝗮𝗼 𝗱𝗲 𝗢𝗿𝗼 na pagtatatagan ng 𝗘𝗮𝗿𝗹𝘆 𝗪𝗮𝗿𝗻𝗶𝗻𝗴 𝗦𝘆𝘀𝘁𝗲𝗺 𝗳𝗼𝗿 𝗟𝗮𝗻𝗱𝘀𝗹𝗶𝗱𝗲𝘀 (𝗘𝗪𝗦-𝗟) sa ilalim ng Dynaslope Project. Noong August 11–13, 2025, isinagawa ang 𝗣𝗿𝗲-𝗜𝗺𝗽𝗹𝗲𝗺𝗲𝗻𝘁𝗮𝘁𝗶𝗼𝗻 𝗦𝗶𝘁𝗲 𝗔𝘀𝘀𝗲𝘀𝘀𝗺𝗲𝗻𝘁 (𝗣𝗜𝗦𝗔) bilang unang hakbang sa pagtatatag ng EWS-L. Layunin nitong buuhin ang pagkakaisa ng mga stakeholder upang epektibong aksyunan ang panganib ng landslide sa Sitio Candinuyan. Mga naging aktibidad: 𝘋𝘦𝘵𝘢𝘪𝘭𝘦𝘥 𝘭𝘢𝘯𝘥𝘴𝘭𝘪𝘥𝘦 𝘩𝘢𝘻𝘢𝘳𝘥 𝘴𝘶𝘳𝘷𝘦𝘺 & 𝘎𝘭𝘰𝘣𝘢𝘭 𝘚𝘺𝘴𝘵𝘦𝘮 𝘧𝘰𝘳 𝘔𝘰𝘣𝘪𝘭𝘦 𝘊𝘰𝘮𝘮𝘶𝘯𝘪𝘤𝘢𝘵𝘪𝘰𝘯𝘴 (𝘎𝘚𝘔) 𝘴𝘪𝘨𝘯𝘢𝘭 𝘴𝘶𝘳𝘷𝘦𝘺 – pagmamapa ng landslide area 𝘙𝘢𝘱𝘪𝘥 𝘯𝘦𝘦𝘥𝘴 𝘢𝘯𝘥 𝘤𝘢𝘱𝘢𝘤𝘪𝘵𝘪𝘦𝘴 𝘢𝘴𝘴𝘦𝘴𝘴𝘮𝘦𝘯𝘵 – pakikipagkwentuhan at konsultasyon sa mga residente 𝘊𝘰𝘮𝘮𝘶𝘯𝘪𝘵𝘺 𝘰𝘳𝘪𝘦𝘯𝘵𝘢𝘵𝘪𝘰𝘯 – pormal na pagpapakilala ng EWS-L sa komunidad Nagkaroon din ng 𝗰𝗼𝘂𝗿𝘁𝗲𝘀𝘆 𝗰𝗮𝗹𝗹 sa LGU Mabini at sa pamunuan ng Brgy. Golden Valley, kung saan ipinahayag ng mga opisyal ang buong suporta sa proyektong ito. Abangan ang mga susunod na hakbang tungo sa kinabukasang #LigtasSaLandslide sa Sitio Candinuyan! #Dynaslope #DynaFieldNotes #CBEWSL #IloiloReady #LigtasAtHanda #HandaAngMayAlam 𝗧𝗜𝗡𝗚𝗡𝗔𝗡: 𝗣𝗿𝗲-𝗜𝗺𝗽𝗹𝗲𝗺𝗲𝗻𝘁𝗮𝘁𝗶𝗼𝗻 𝗦𝗶𝘁𝗲 𝗔𝘀𝘀𝗲𝘀𝘀𝗺𝗲𝗻𝘁 (𝗣𝗜𝗦𝗔) 𝘀𝗮 𝗦𝗶𝘁𝗶𝗼 𝗖𝗮𝗻𝗱𝗶𝗻𝘂𝘆𝗮𝗻, 𝗕𝗿𝗴𝘆. 𝗚𝗼𝗹𝗱𝗲𝗻 𝗩𝗮𝗹𝗹𝗲𝘆, 𝗠𝗮𝗯𝗶𝗻𝗶, 𝗗𝗮𝘃𝗮𝗼 𝗱𝗲 𝗢𝗿𝗼
Dynaslope Community, sabay-sabay nating i-welc… See more 𝗧𝗜𝗡𝗚𝗡𝗔𝗡: 𝗣𝗿𝗲-𝗜𝗺𝗽𝗹𝗲𝗺𝗲𝗻𝘁𝗮𝘁𝗶𝗼𝗻 𝗦𝗶𝘁𝗲 𝗔𝘀𝘀𝗲𝘀𝘀𝗺𝗲𝗻𝘁 (𝗣𝗜𝗦𝗔) 𝘀𝗮 𝗦𝗶𝘁𝗶𝗼 𝗖𝗮𝗻𝗱𝗶𝗻𝘂𝘆𝗮𝗻, 𝗕𝗿𝗴𝘆. 𝗚𝗼𝗹𝗱𝗲𝗻 𝗩𝗮𝗹𝗹𝗲𝘆, 𝗠𝗮𝗯𝗶𝗻𝗶, 𝗗𝗮𝘃𝗮𝗼 𝗱𝗲 𝗢𝗿𝗼
Dynaslope Community, sabay-sabay nating i-welc… See more 𝗧𝗜𝗡𝗚𝗡𝗔𝗡: 𝗣𝗿𝗲-𝗜𝗺𝗽𝗹𝗲𝗺𝗲𝗻𝘁𝗮𝘁𝗶𝗼𝗻 𝗦𝗶𝘁𝗲 𝗔𝘀𝘀𝗲𝘀𝘀𝗺𝗲𝗻𝘁 (𝗣𝗜𝗦𝗔) 𝘀𝗮 𝗦𝗶𝘁𝗶𝗼 𝗖𝗮𝗻𝗱𝗶𝗻𝘂𝘆𝗮𝗻, 𝗕𝗿𝗴𝘆. 𝗚𝗼𝗹𝗱𝗲𝗻 𝗩𝗮𝗹𝗹𝗲𝘆, 𝗠𝗮𝗯𝗶𝗻𝗶, 𝗗𝗮𝘃𝗮𝗼 𝗱𝗲 𝗢𝗿𝗼 Dynaslope Community, sabay-sabay nating i-welc… See more",Unknown,2025-09-03 19:30,Unknown,https://www.facebook.com/PHIVOLCS/posts/pfbid02Ea3dE45n4XpwscgLyTt358sJsGB3GidY5E3h5R5tzuZ1iyV1dS1nKowNzFAfmS5El?__cft__[0]=AZXIyXhGb-a9ioHTo4DAobQeEVYFnY_zlyQnHgMv5jRiY4ncvmWSXsY42VoP-IfbvXdqLtt37O1fEUrmvFufIPCVKmZVMnLM0EVWaa210mt-9n0pjPOtt_rqvGZZxG2IIfJG5qM4giXkRtOmJyJfZOwEuGvqygK2EL2ln-UntQcyylrZb22XNI6beIRYwKGdYeaORss0uKNE2rxtilvIlDgY73GKsBJ3g1WDS5KIy0En2A&__tn__=%2CO%2CP-R
Facebook,sunstarphilippines,The Cebu Provincial Board authorized Governor Pamela Baricuatro to sign an agreement with DOH-7 to channel national funds through the province for the release of Health Emergency Allowance and other benefits to eligible health workers. The Cebu Provincial Board authorized Governor Pamela Baricuatro to sign an agreement with DOH-7 to channel national funds through the province for the release of Health Emergency Allowance and other benefits to eligible health workers.,Unknown,2025-09-03 19:30,Unknown,https://www.facebook.com/SunStarPhilippines/posts/pfbid02x264uP4eG1Fnh82LoMEJxEGK9Ge5gpg9MwoMQofAr5uLWn8H9xb4QSgxB5giDsYil?__cft__[0]=AZUtSzAtlP_E-C8-qUupKk9ifsxXRP05ylgdI5EAydN-L1AqGkN1YIOWzjdNDdDaXkuI-vOCD7ekpHYsvFSFcxUIk1x4er7azOvFTUplIcJ3z5CdwB3LC6sr7E9_o3ELiEbFCMLCxtHwr5TKE9A0WrxTSZnFPO70HLnjn-S9XvqNJe--_SEwCSdxVkNlbVb4FoE&__tn__=%2CO%2CP-R
Facebook,weather.davao,"Thunderstorm Advisory No. 12  #MINPRSD
Issued at 11:00 AM 03 September 2025
Light to Moderate rainshowers with lightning and strong winds are expected over #SouthCotabato, #Sarangani, #DavaoOccidental(JoseAbadSantos, DonMarcelino, Malita, SantaMaria), #DavaoDelSur, #SultanKudarat, #DavaoOriental(GovernorGeneroso, CityOfMati), #ZamboangaSibugay(Payao, Imelda, Siay, Diplahan, Buug, Malangas), #ZamboangaDelSur(Kumalarang, Dimataling, Pitogo, Tabina, Lapuyan, Dinas, Guipos, SanMiguel and SanPablo) within the next 1-2 hours.
Moderate to occasionally heavy rainshowers with lightning and strong winds are being experienced in #DavaoOccidental(Sarangani), #ZamboangaSibugay(Alicia, Mabuhay, Olutanga, Talusan), #ZamboangaDelSur(Margosatubig and VincenzoA.Sagun) which may persist within 1-2 hours and may affect nearby areas.
All are advised to take precautionary measures against the impacts associated with these hazards which include flash floods and landslides.
Keep monitoring for updates. Thunderstorm Advisory No. 12  #MINPRSD
Issued at 11:00 AM 03 September 2025
Light to Moderate rainshowers with lightning and strong winds are expected over #SouthCotabato, #Sarangani, #DavaoOccidental(JoseAbadSantos, DonMarcelino, Malita, SantaMaria), #DavaoDelSur, #SultanKudarat, #DavaoOriental(GovernorGeneroso, CityOfMati), #ZamboangaSibugay(Payao, Imelda, Siay, Diplahan, Buug, Malangas), #ZamboangaDelSur(Kumalarang, Dimataling, Pitogo, Tabina, Lapuyan, Dinas, Guipos, SanMiguel and SanPablo) within the next 1-2 hours.
Moderate to occasionally heavy rainshowers with lightning and strong winds are being experienced in #DavaoOccidental(Sarangani), #ZamboangaSibugay(Alicia, Mabuhay, Olutanga, Talusan), #ZamboangaDelSur(Margosatubig and VincenzoA.Sagun) which may persist within 1-2 hours and may affect nearby areas.
All are advised to take precautionary measures against the impacts associated with these hazards which include flash floods and landslides.
Keep monitoring for updates. Thunderstorm Advisory No. 12  #MINPRSD Issued at 11:00 AM 03 September 2025 Light to Moderate rainshowers with lightning and strong winds are expected over #SouthCotabato, #Sarangani, #DavaoOccidental(JoseAbadSantos, DonMarcelino, Malita, SantaMaria), #DavaoDelSur, #SultanKudarat, #DavaoOriental(GovernorGeneroso, CityOfMati), #ZamboangaSibugay(Payao, Imelda, Siay, Diplahan, Buug, Malangas), #ZamboangaDelSur(Kumalarang, Dimataling, Pitogo, Tabina, Lapuyan, Dinas, Guipos, SanMiguel and SanPablo) within the next 1-2 hours. Moderate to occasionally heavy rainshowers with lightning and strong winds are being experienced in #DavaoOccidental(Sarangani), #ZamboangaSibugay(Alicia, Mabuhay, Olutanga, Talusan), #ZamboangaDelSur(Margosatubig and VincenzoA.Sagun) which may persist within 1-2 hours and may affect nearby areas. All are advised to take precautionary measures against the impacts associated with these hazards which include flash floods and landslides. Keep monitoring for updates.",Unknown,2025-09-03 19:30,Unknown,https://www.facebook.com/weather.davao/posts/pfbid0sKVztk9LUvMFZvtu5EHkjpcq87SLCkSVFQ6bPnJ9QAG4LhnkpsinahhngDRtTYMul?__cft__[0]=AZU6ROR8ijyxVmfZwWIUYevTgTXNXfwanbWi9g2YdvzdVqSVv6nuqziOZFZSD9ts4OG3UZb9upLnLq2zcmAeQE8T-fCvwZZb281dpJol6XAaq3-Xytlmy3BNI2yj2PVCBOHjzFlUdPBkn1lGcEH3OF8Z83cqPilLYo3Ka-yM_aBCqzv5en6KjXtGnzAwR67ucRfjNVLYo8kynxnKl_4DX-wvNxoxF03SLfTNgWNZVzq9Vw&__tn__=%2CO%2CP-R
Facebook,mprsdcdo,"Thunderstorm Advisory No. 17  #MINPRSD
Issued at 05:35 PM 03 September 2025
Light to Moderate rainshowers with lightning and strong winds are expected over #Bukidnon(Maramag, DonCarlos, Quezon, Kitaotao, Dangcagan, CityOfValencia, Talakag, Kadingilan, Kibawe, Damulog, CityOfMalaybalay, Lantapan, Cabanglasan), #LanaoDelSur(Kapatagan, Balabagan, Marogong, Malabang, Picong, LumbacaUnayan, Calanogas, SultanDumalondong, Tubaran, Butig, Lumbatan, Lumbayanague, Bayang, Pagayawan, Binidayan, Ganassi, Masiu, Pualas, PoonaBayabao, LumbaBayabao, Tamparan, Taraka, Madamba, BacolodKalawi, Mulondo, Tugaya, Balindong, Madalum, BuadiposoBuntong, Marantao, Maguing, DitsaanRamain, Bubong, Piagapo, MarawiCity, Saguiaran, Kapai, TagoloanII), #LanaoDelNorte(Nunungan, SultanNagaDimaporo, Kapatagan, Sapad, Lala, Salvador), #MaguindanaoDelNorte(Matanog, Barira, Buldon, Parang, SultanMastura, SultanKudarat), #NorthCotabato(Alamada, Banisilan, Arakan, Pigkawayan, Libungan, Carmen, Matalam, Kabacan, PresidentRoxas, Antipas, Magpet), #CotabatoCity, #AgusanDelSur(Loreto, LaPaz), #DavaoDeOro(Laak), #DavaoDelNorte(SanIsidro, Asuncion, SantoTomas, BraulioE.Dujali, Carmen, CityOfPanabo), #ZamboangaDelNorte(Sirawai, Siocon, Baliguian, Gutalac, Labason, Kalawit, Liloy, Tampilisan, Salug, Godod, LeonB.Postigo), #ZamboangaSibugay, #ZamboangaDelSur(Bayog, Margosatubig, VincenzoA.Sagun, Lapuyan, Kumalarang, SanMiguel, Tigbao, Guipos, SanPablo, Dinas, Dimataling, Tabina, Pitogo, Lakewood, Dumalinao, PagadianCity, Labangan, Tukuran, Aurora) and #DavaoCity within the next 1-2 hours.
Moderate to occasionally heavy rainshowers with lightning and strong winds are being experienced in #Bukidnon(Kalilangan, Pangantucan, SanFernando), #DavaoDelNorte(Kapalong, Talaingod), #LanaoDelSur(Wao and Bumbaran) which may persist within 1-2 hours and may affect nearby areas.
All are advised to take precautionary measures against the impacts associated with these hazards which include flash floods and landslides.
Keep monitoring for updates. Thunderstorm Advisory No. 17  #MINPRSD Issued at 05:35 PM 03 September 2025 Light to Moderate rainshowers with lightning and strong winds are expected over #Bukidnon(Maramag, DonCarlos, Quezon, Kitaotao, Dangcagan, CityOfValencia, Talakag, Kadingilan, Kibawe, Damulog, CityOfMalaybalay, Lantapan, Cabanglasan), #LanaoDelSur(Kapatagan, Balabagan, Marogong, Malabang, Picong, LumbacaUnayan, Calanogas, SultanDumalondong, Tubaran, Butig, Lumbatan, Lumbayanague, Bayang, Pagayawan, Binidayan, Ganassi, Masiu, Pualas, PoonaBayabao, LumbaBayabao, Tamparan, Taraka, Madamba, BacolodKalawi, Mulondo, Tugaya, Balindong, Madalum, BuadiposoBuntong, Marantao, Maguing, DitsaanRamain, Bubong, Piagapo, MarawiCity, Saguiaran, Kapai, TagoloanII), #LanaoDelNorte(Nunungan, SultanNagaDimaporo, Kapatagan, Sapad, Lala, Salvador), #MaguindanaoDelNorte(Matanog, Barira, Buldon, Parang, SultanMastura, SultanKudarat), #NorthCotabato(Alamada, Banisilan, Arakan, Pigkawayan, Libungan, Carmen, Matalam, Kabacan, PresidentRoxas, Antipas, Magpet), #CotabatoCity, #AgusanDelSur(Loreto, LaPaz), #DavaoDeOro(Laak), #DavaoDelNorte(SanIsidro, Asuncion, SantoTomas, BraulioE.Dujali, Carmen, CityOfPanabo), #ZamboangaDelNorte(Sirawai, Siocon, Baliguian, Gutalac, Labason, Kalawit, Liloy, Tampilisan, Salug, Godod, LeonB.Postigo), #ZamboangaSibugay, #ZamboangaDelSur(Bayog, Margosatubig, VincenzoA.Sagun, Lapuyan, Kumalarang, SanMiguel, Tigbao, Guipos, SanPablo, Dinas, Dimataling, Tabina, Pitogo, Lakewood, Dumalinao, PagadianCity, Labangan, Tukuran, Aurora) and #DavaoCity within the next 1-2 hours. Moderate to occasionally heavy rainshowers with lightning and strong winds are being experienced in #Bukidnon(Kalilangan, Pangantucan, SanFernando), #DavaoDelNorte(Kapalong, Talaingod), #LanaoDelSur(Wao and Bumbaran) which may persist within 1-2 hours and may affect nearby areas. All are advised to take precautionary measures against the impacts associated with these hazards which include flash floods and landslides. Keep monitoring for updates.",Unknown,2025-09-03 19:30,Unknown,https://www.facebook.com/mprsdcdo/posts/pfbid0NyLpmacKssDdgvbXpTew1p8NCxedcoaTczjmQtr9HEJuugwDHwKUvtAeKekLEALjl?__cft__[0]=AZWL20qG33HbjlPnh49oqzGQms8YZZD7OvlPf1cHxRvWxpLeuhYfMbVheIQc-XfFoFiaXmUQdWgSlzL21zWBAiCS9MerF3xY7cJat9kgJVV4m3fu-UUCdiK_AF9QbRIfAoXIrZaPotKtc8ZjYzZ7VTdf8hJXWI8lir2k5apeImlYI1dliUnI7ChHK4d6DPYBj70&__tn__=%2CO%2CP-R
Facebook,#EarthquakePH,"#EarthquakePH #EarthquakeBatangas
Earthquake Information No.1
Date and Time: 03 September 2025 - 07:10 PM
Magnitude = 1.4
Depth = 066 km
Location = 13.68°N, 120.61°E - 017 km S 08° W of Calatagan (Batangas)
https://earthquake.phivolcs.dost.gov.ph/.../2025_0903... #EarthquakePH #EarthquakeBatangas Earthquake Information No.1 Date and Time: 03 September 2025 - 07:10 PM Magnitude = 1.4 Depth = 066 km Location = 13.68°N, 120.61°E - 017 km S 08° W of Calatagan (Batangas) https://earthquake.phivolcs.dost.gov.ph/.../2025_0903...",Unknown,2025-09-03 19:30,Unknown,https://www.facebook.com/PHIVOLCS/posts/pfbid06HJa9tzvyGxnURSNHeowCwiMmkSMx3iJ5Gb1WSTtwjtU5bX5mpVMrtK1N1SfuBaNl?__cft__[0]=AZXIldXpvZMZRytkNnsJ_7zau0jCfw2Sd9oVLrQpREArmN4DLKRtEptEVRuIjoUXGQO8J4NcK9ViYENd5alXweEwuFLIMOquwcykiqXSaqEbvcs_sKdmiP-jiE_-CAmTkXS_b3YKJPXO0vIZhbjyTwBgym56JX0f0G8r7d8WLLd_zG---_RSwfv34vI3L6xdID0&__tn__=%2CO%2CP-R
Facebook,#FireAlert,"FIRE ALERT| Reported House on Fire at Loyolq St. (back of Stella Maris).
Firefighters proceeding.
#Firealert
#Sunog
#FCFF89
#FilipinoChineseFireFightersProceesing
#WeCommitToServeNotAbuse FIRE ALERT| Reported House on Fire at Loyolq St. (back of Stella Maris). Firefighters proceeding. #Firealert #Sunog #FCFF89 #FilipinoChineseFireFightersProceesing #WeCommitToServeNotAbuse",Unknown,2025-09-03 19:30,Unknown,https://www.facebook.com/FCFF89DragonBase/posts/pfbid02mY7eq8TJ2avXBiAwWSrFg2249LArPvRmcnaXy7bFcdMLqUfcCL6ZAbFAEe8gmEtUl?__cft__[0]=AZVv_SyCaRTNbYr5fP0fe8zQEgIw4WuIgiKuhL0lqpPK9EfuFxiqGWYgSH-0JdGdUpVOwJakIxG2rr83LVs9BXcR_u7rGK4lLG_uoswyW2bzFPVxbGbG_MDzgCt7wWfh3EdeES6d2q3PJwo_VHo9ZbMTFWZJ4n74wg5VUypPelm-u17_xINDsD55me8obWF2LQrLdYWN6560Mqc7rYsinuzJ&__tn__=%2CO%2CP-R
Facebook,DavaoDRRMO,"𝐂𝐃𝐑𝐑𝐌𝐎-𝐎𝐏𝐂𝐄𝐍 𝐖𝐄𝐀𝐓𝐇𝐄𝐑 𝐔𝐏𝐃𝐀𝐓𝐄:
As of 06:35 PM | September 03, 2025
𝐖𝐞𝐚𝐭𝐡𝐞𝐫 𝐒𝐲𝐬𝐭𝐞𝐦: 𝙇𝙤𝙘𝙖𝙡𝙞𝙯𝙚𝙙 𝙏𝙝𝙪𝙣𝙙𝙚𝙧𝙨𝙩𝙤𝙧𝙢𝙨
Previously reported rainfall in some areas of Marilog District has stopped.
Areas within Davao City are experiencing cloudy weather conditions.
All river channels are monitored at 𝐂𝐎𝐃𝐄 𝐆𝐑𝐄𝐄𝐍 (𝘚𝘢𝘧𝘦 𝘓𝘦𝘷𝘦𝘭).
𝐂𝐎𝐀𝐒𝐓𝐀𝐋 𝐒𝐓𝐀𝐓𝐔𝐒:
> Calm seas
> Going low tide 
#𝗪𝗲𝗮𝘁𝗵𝗲𝗿𝗨𝗽𝗱𝗮𝘁𝗲
#𝗗𝗮𝘃𝗮𝗼𝗖𝗶𝘁𝘆𝗗𝗥𝗥𝗠𝗢 𝐂𝐃𝐑𝐑𝐌𝐎-𝐎𝐏𝐂𝐄𝐍 𝐖𝐄𝐀𝐓𝐇𝐄𝐑 𝐔𝐏𝐃𝐀𝐓𝐄: As of 06:35 PM | September 03, 2025 𝐖𝐞𝐚𝐭𝐡𝐞𝐫 𝐒𝐲𝐬𝐭𝐞𝐦: 𝙇𝙤𝙘𝙖𝙡𝙞𝙯𝙚𝙙 𝙏𝙝𝙪𝙣𝙙𝙚𝙧𝙨𝙩𝙤𝙧𝙢𝙨 Previously reported rainfall in some areas of Marilog District has stopped. Areas within Davao City are experiencing cloudy weather conditions. All river channels are monitored at 𝐂𝐎𝐃𝐄 𝐆𝐑𝐄𝐄𝐍 (𝘚𝘢𝘧𝘦 𝘓𝘦𝘷𝘦𝘭). 𝐂𝐎𝐀𝐒𝐓𝐀𝐋 𝐒𝐓𝐀𝐓𝐔𝐒: > Calm seas > Going low tide #𝗪𝗲𝗮𝘁𝗵𝗲𝗿𝗨𝗽𝗱𝗮𝘁𝗲 #𝗗𝗮𝘃𝗮𝗼𝗖𝗶𝘁𝘆𝗗𝗥𝗥𝗠𝗢",Unknown,2025-09-03 23:00,Unknown,https://www.facebook.com/DavaoDRRMO/posts/pfbid0X2YUQbNBSY7ZeY8moetzKutvuxPxbRa5ZV8mqW4snDcMM3EjPACdad5afubr34zml?__cft__[0]=AZXGhku86JBqntQGLniJNxqj17Ivg6RawOOK9fE5VsS6chS-izMFLbvM3sTNhhIT0wjAVp2yNJ1SQzA1Ow-mDG1oQ6fBpPfRbN3mf2zfvpfzAisjvX8yd-4G20pZFvqpAn_0l6xIgPV4Q8PoF5G-orBbcKh1LChcSseXB9HTJ9ZSmEpC50CobONr6kb3P6xApfI&__tn__=%2CO%2CP-R
Facebook,inquirerdotnet,"'I MADE IT CLEAR'
Baguio City Mayor Benjamin Magalong said he is willing to be part of the independent commission that will investigate flood control project anomalies.
It was Magalong who first alleged that at least 67 House of Representative members were involved in tapping contractors as “fronts” to bag infrastructure projects from the government.
READ MORE: https://inqnews.net/MagalongFloodControlProbe 'I MADE IT CLEAR' Baguio City Mayor Benjamin Magalong said he is willing to be part of the independent commission that will investigate flood control project anomalies. It was Magalong who first alleged that at least 67 House of Representative members were involved in tapping contractors as “fronts” to bag infrastructure projects from the government. READ MORE: https://inqnews.net/MagalongFloodControlProbe Still waiting for the invitation from Abante and the Congress?",Unknown,2025-09-03 23:00,Unknown,https://www.facebook.com/inquirerdotnet/posts/pfbid074qxDeN3wZiBjXGNnyd5xx83oywZqiwgPciVZnhxMXtXntRpKeYr6BUFYLjzFwjFl?__cft__[0]=AZUb3ZWF_Z8fFqxe-xAynDYHO-ZMNrSEy2HKV6CUTbYSVeTguH1FYSa69TACUJZdfrioj0wHQdCyRbwiSDg3eOCD5XtfNbVZjUNTH828jnMqaWXYitDJbH4YV6l-B53kd6KeU97RXOcpRJU8hEZ3yxunH_NWblAu8TCdpl7dyocnZaRtEeF89q0RefOcON_-0cI&__tn__=%2CO%2CP-R
Facebook,PHIVOLCS,"#EarthquakePH #EarthquakeDavaoOccidental
Earthquake Information No.1
Date and Time: 03 September 2025 - 08:38 PM
Magnitude = 2.0
Depth = 100 km
Location = 05.74°N, 125.83°E - 028 km S 48° E of Jose Abad Santos (Davao Occidental)
https://earthquake.phivolcs.dost.gov.ph/.../2025_0903... #EarthquakePH #EarthquakeDavaoOccidental Earthquake Information No.1 Date and Time: 03 September 2025 - 08:38 PM Magnitude = 2.0 Depth = 100 km Location = 05.74°N, 125.83°E - 028 km S 48° E of Jose Abad Santos (Davao Occidental) https://earthquake.phivolcs.dost.gov.ph/.../2025_0903...",Unknown,2025-09-03 23:00,Unknown,https://www.facebook.com/PHIVOLCS/posts/pfbid0hFSmespdZXqWcfeLViRcmLWEYBsP7ER7CZo1tG1gKVDW4DxotdNmDyGCq2YDg4RAl?__cft__[0]=AZWk9gOPGDwKv6zA_MjHDK8NzPvpkK2A7i6ow8Puz8LJl6ndx2VGdP8w1Z_7VeUqJ31H7qjYvObfM7A7gNKxGzi32lBejJmpA_r2RTlycV-MsM_2b33xBSawPYT7OASP0ETAa-4zaN_eWoz6QQLq_b5OqD2a6pCk3_n2036hF5WAOzYBraNU8EWMd8gELZszdR0&__tn__=%2CO%2CP-R
Facebook,#EarthquakePH,"#EarthquakePH #EarthquakeBohol
Earthquake Information No.1
Date and Time: 03 September 2025 - 07:57 PM
Magnitude = 2.5
Depth = 011 km
Location = 09.78°N, 123.84°E - 004 km N 08° W of Maribojoc (Bohol)
https://earthquake.phivolcs.dost.gov.ph/.../2025_0903... #EarthquakePH #EarthquakeBohol Earthquake Information No.1 Date and Time: 03 September 2025 - 07:57 PM Magnitude = 2.5 Depth = 011 km Location = 09.78°N, 123.84°E - 004 km N 08° W of Maribojoc (Bohol) https://earthquake.phivolcs.dost.gov.ph/.../2025_0903...",Unknown,2025-09-03 23:00,Unknown,https://www.facebook.com/PHIVOLCS/posts/pfbid0NW9cT7gSiPiHn373h9Zei5utPBh7PcSFbJcTTf2pzDsiFEYGaJkSQZAgsV4JoHuql?__cft__[0]=AZUpiFFn5nNLOUOlNpKmNzf_gqXJo0n5sE2mz2ghRGRRiGcpsdAtlC1gc6FHH0lH4uzhxVvUvyZ4gEiaDmFWeuN7bNbsLOFIwmEJpD-mljk_xgnmEy4H9xKrEYXQxQp1kYc6frZ2E02kN-vO3HZmWxQ8AqqGR9-971SqoQB1bnHNXxNyfUuApEhr8Zxgc6VdLkg&__tn__=%2CO%2CP-R
Facebook,PHIVOLCS,"#EarthquakePH #EarthquakeIlocosNorte
Earthquake Information No.1
Date and Time: 03 September 2025 - 11:16 PM
Magnitude = 2.9
Depth = 014 km
Location = 17.92°N, 120.44°E - 004 km S 77° W of Badoc (Ilocos Norte)
https://earthquake.phivolcs.dost.gov.ph/.../2025_0903... #EarthquakePH #EarthquakeIlocosNorte Earthquake Information No.1 Date and Time: 03 September 2025 - 11:16 PM Magnitude = 2.9 Depth = 014 km Location = 17.92°N, 120.44°E - 004 km S 77° W of Badoc (Ilocos Norte) https://earthquake.phivolcs.dost.gov.ph/.../2025_0903...",Unknown,2025-09-03 23:30,Unknown,https://www.facebook.com/PHIVOLCS/posts/pfbid02PXzgkxNn2YSkPEgTTb2z4fa7KtMK96sjJ63V5vGbMXAXVM6yi1SvRPSr1dLneiCVl?__cft__[0]=AZVQuC7y9MV3TeYLnHLx7kaoSHY_LxRK-YDP4gg7wSlMjWldg0Bco794fTayFJZQ2uBXRkjL9MWHU2ixMdP3nMEztohfdgez6iGZDfPfxM-EdAXCni61FfcDV4pD5nNjnAnoczG--cL5G2q8rR61la0e9XP-VoMhlXZ1mycknWzHShjHqD-NjwrGxvCDEaN6X4w&__tn__=%2CO%2CP-R
Facebook,PHIVOLCS,"#EarthquakePH #EarthquakeIloilo
#iFelt_IloiloEarthquake
Earthquake Information No.2
Date and Time: 03 September 2025 - 11:25 PM
Magnitude = 4.0
Depth = 026 km
Location = 11.18°N, 122.37°E - 018 km N 39° W of Lambunao (Iloilo)
Instrumental Intensities:
Intensity II - Culasi, ANTIQUE
Intensity I - Malinao, AKLAN; Sebaste, ANTIQUE; Tapaz, CAPIZ
https://earthquake.phivolcs.dost.gov.ph/.../2025_0903... #EarthquakePH #EarthquakeIloilo #iFelt_IloiloEarthquake Earthquake Information No.2 Date and Time: 03 September 2025 - 11:25 PM Magnitude = 4.0 Depth = 026 km Location = 11.18°N, 122.37°E - 018 km N 39° W of Lambunao (Iloilo) Instrumental Intensities: Intensity II - Culasi, ANTIQUE Intensity I - Malinao, AKLAN; Sebaste, ANTIQUE; Tapaz, CAPIZ https://earthquake.phivolcs.dost.gov.ph/.../2025_0903...",Unknown,2025-09-04 00:00,Unknown,https://www.facebook.com/PHIVOLCS/posts/pfbid0SRdiqGnzWKojG9U5Z5fABB7oPSYmFjxWBDayEjeVnum3xu9oCxnFqVs51SRj4pdHl?__cft__[0]=AZW4XK9h6X-jxowLYAVZO_tjWyMFmWNr0hUXzUFomFCB5Hqje0Xn51QKJRIEmMstt-1LH8oU8lT3ZUDhUeH2IQyQl_NCZK4EZe2QcVuKenwa15fzFOSg8ZFlvKziZvdq_QQaqzFiK_4LsTKYxGpiIRz8F8yuOEa6AaeUvAlairaOaJlbtTvEpRmqPxaJVsN_zlg&__tn__=%2CO%2CP-R
Facebook,#EarthquakePH,"#EarthquakePH #EarthquakeIloilo
Earthquake Information No.1
Date and Time: 03 September 2025 - 11:16 PM
Magnitude = 2.6
Depth = 030 km
Location = 11.14°N, 122.40°E - 013 km N 41° W of Lambunao (Iloilo)
https://earthquake.phivolcs.dost.gov.ph/.../2025_0903... #EarthquakePH #EarthquakeIloilo Earthquake Information No.1 Date and Time: 03 September 2025 - 11:16 PM Magnitude = 2.6 Depth = 030 km Location = 11.14°N, 122.40°E - 013 km N 41° W of Lambunao (Iloilo) https://earthquake.phivolcs.dost.gov.ph/.../2025_0903...",Unknown,2025-09-04 00:00,Unknown,https://www.facebook.com/PHIVOLCS/posts/pfbid02PGhuAaiL4E9BnDxxLvjrGF39JNBoza3iKY3XMDLLDCHyaw9v2qBvCKCjQdzDif2yl?__cft__[0]=AZXevfkB9K4ZGakacnmU9dJoHoDT6iWtdWOI_Gi_-XxvxTmDo6NB6AguAx3qxkKBiCq7hhqC6lfFPOeztk_VlZ7K_RAEbEBr8sVuhXk6mI7FZBAnVE1chk_le7wYH-qJtg45PQnvFxK2l4-Mo0T0HzwmMqClaCndFHxQeBd8ORagHQSoP5j28mzTnf8bwR7GbuE&__tn__=%2CO%2CP-R
Facebook,#FireAlert,"देहरादून के इंदिरा नगर स्थित गौतम इंटरनेशनल स्कूल में बुधवार दोपहर अचानक आग लग गई, जब स्कूल में छात्र-छात्राएं मौजूद थे। तेज़ धुएं और आग की लपटों के बीच अफरातफरी मच गई। अग्निशमन दल मौके पर पहुंच चुका है और राहत कार्य जारी हैं। अभी तक किसी के हताहत होने की सूचना नहीं है।
यह घटना स्कूलों में अग्नि सुरक्षा उपायों की गंभीरता को उजागर करती है। समय रहते सभी बच्चों को सुरक्षित बाहर निकाल लिया गया, लेकिन यह एक चेतावनी है कि सुरक्षा उपायों की अनदेखी कितनी खतरनाक हो सकती है।
 *स्थान: इंदिरा नगर, देहरादून  
 *तारीख:3 सितंबर 2025
 यदि आपके पास इस घटना से संबंधित कोई जानकारी या अनुभव है, तो कृपया कमेंट में साझा करें।
#GautamInternationalSchool #DehradunFire #SchoolSafety #FireAlert #DehradunNews #UttarakhandUpdates #EmergencyResponse #SchoolFireIncident #SafetyFirst #BreakingNewsIndia #ViralNews #DehradunLive #FireSafetyAwareness #EducationSafety #IndiaNews देहरादून के इंदिरा नगर स्थित गौतम इंटरनेशनल स्कूल में बुधवार दोपहर अचानक आग लग गई, जब स्कूल में छात्र-छात्राएं मौजूद थे। तेज़ धुएं और आग की लपटों के बीच अफरातफरी मच गई। अग्निशमन दल मौके पर पहुंच चुका है और राहत कार्य जारी हैं। अभी तक किसी के हताहत होने की सूचना नहीं है। यह घटना स्कूलों में अग्नि सुरक्षा उपायों की गंभीरता को उजागर करती है। समय रहते सभी बच्चों को सुरक्षित बाहर निकाल लिया गया, लेकिन यह एक चेतावनी है कि सुरक्षा उपायों की अनदेखी कितनी खतरनाक हो सकती है। *स्थान: इंदिरा नगर, देहरादून *तारीख:3 सितंबर 2025 यदि आपके पास इस घटना से संबंधित कोई जानकारी या अनुभव है, तो कृपया कमेंट में साझा करें। #GautamInternationalSchool #DehradunFire #SchoolSafety #FireAlert #DehradunNews #UttarakhandUpdates #EmergencyResponse #SchoolFireIncident #SafetyFirst #BreakingNewsIndia #ViralNews #DehradunLive #FireSafetyAwareness #EducationSafety #IndiaNews",Unknown,2025-09-04 00:00,Unknown,https://www.facebook.com/hashtag/FireAlert
Facebook,#tsunamialert,"#Tsunami #NatureIsPowerful #ViralVideo #TsunamiAlert #TagalogReels #TrendingPH #ForYou #FYP
: Credit to the rightful owner #Tsunami #NatureIsPowerful #ViralVideo #TsunamiAlert #TagalogReels #TrendingPH #ForYou #FYP : Credit to the rightful owner",Unknown,2025-09-04 00:00,Unknown,https://www.facebook.com/hashtag/tsunamialert
Facebook,PHIVOLCS,"#EarthquakePH #EarthquakeIloilo
Earthquake Information No.1
Date and Time: 04 September 2025 - 12:05 AM
Magnitude = 2.3
Depth = 024 km
Location = 11.15°N, 122.37°E - 016 km N 47° W of Lambunao (Iloilo)
https://earthquake.phivolcs.dost.gov.ph/.../2025_0903... #EarthquakePH #EarthquakeIloilo Earthquake Information No.1 Date and Time: 04 September 2025 - 12:05 AM Magnitude = 2.3 Depth = 024 km Location = 11.15°N, 122.37°E - 016 km N 47° W of Lambunao (Iloilo) https://earthquake.phivolcs.dost.gov.ph/.../2025_0903...",Unknown,2025-09-04 00:30,Unknown,https://www.facebook.com/PHIVOLCS/posts/pfbid02Z8ChP9ExDLosg3TZiHi6KdXFkCcbvEqcuC9nSn2DF4Cn8rpGb1jR43i7wSbJ7a8Pl?__cft__[0]=AZXudAPMy9F6XtEr52r48x60KemiEXXD16tcBcPYt_2dPLpFMJgO2NIM8K6S1thblrsMR80oejYjm-jJlacNud88YlTJMPS9yo_zvxsTeQjDdP6ZbZiQAhyUNpwplSfxm59Q8ePuXekbOjLtzp_fOYrvw1I6n8njhp-ed_zSeBzGGfh2WOEF5ZDP9Qa5uu8Wk04&__tn__=%2CO%2CP-R
Facebook,manilabulletin,"Finishing the investigation on the flood control mess in just a day is ""absolutely preposterous"" as President Marcos is not doing a tokhang-like probe, Malacanang said. Finishing the investigation on the flood control mess in just a day is ""absolutely preposterous"" as President Marcos is not doing a tokhang-like probe, Malacanang said.",Unknown,2025-09-04 03:00,Unknown,https://www.facebook.com/ManilaBulletin/posts/pfbid0PdEnbuW82B7VA9iXkXGfrRr87LNV3c6u15LJ3DnEVUPwKLEodjr6uzkg7TfhA7qYl?__cft__[0]=AZWqS42rmD5plB9lOuuWNhXqBZo5YALUL0WNzVFRq7hzxBuDBWLIOkz-ptz_WlcY7bJdlji8eQsadx2R30LSQyIqt24_rq3k7aiko98C74a_qseyq6kAiGo2RFOK0X-XM5uv8btpkv8Kw_Ops47wEnDoj9ZKxmVx-KmX3LjnAAmEkfKW6JXmBQKTiFH5FAn50rw&__tn__=%2CO%2CP-R
Facebook,PHIVOLCS,"#EarthquakePH #EarthquakeKalinga
Earthquake Information No.1
Date and Time: 04 September 2025 - 02:14 AM
Magnitude = 2.8
Depth = 019 km
Location = 17.38°N, 121.30°E - 013 km N 77° E of Lubuagan (Kalinga)
https://earthquake.phivolcs.dost.gov.ph/.../2025_0903... #EarthquakePH #EarthquakeKalinga Earthquake Information No.1 Date and Time: 04 September 2025 - 02:14 AM Magnitude = 2.8 Depth = 019 km Location = 17.38°N, 121.30°E - 013 km N 77° E of Lubuagan (Kalinga) https://earthquake.phivolcs.dost.gov.ph/.../2025_0903...",Unknown,2025-09-04 03:00,Unknown,https://www.facebook.com/PHIVOLCS/posts/pfbid0W3Y4232vfxHH7MkdJBFKCYBHCdBsqRuE3HohNg2XncdGxgo67RrNzuXfuemWZXoWl?__cft__[0]=AZXpCUbpjk73QQxyKFXtv0Dta0Vappz4acPw_omP9Ohe2AmDcNbvN-TlAok3V9wkQ6Lh65basS_g30Cz7p4MXsY9cMQVNJuYoA2l7O7BMRZ_p7W6lg5R67PxuAiFCwPOP5hAEjPD9j70ZDlN63fv6fdaMcghn5JNYXwkOqv-yLqn2JdEUYairgFdel-UZ0gJ6MA&__tn__=%2CO%2CP-R
Facebook,PHIVOLCS,"#EarthquakePH #EarthquakeNorthernSamar
Earthquake Information No.1
Date and Time: 04 September 2025 - 03:24 AM
Magnitude = 3.5
Depth = 028 km
Location = 12.81°N, 124.86°E - 028 km N 15° W of Pambujan (Northern Samar)
https://earthquake.phivolcs.dost.gov.ph/.../2025_0903... #EarthquakePH #EarthquakeNorthernSamar Earthquake Information No.1 Date and Time: 04 September 2025 - 03:24 AM Magnitude = 3.5 Depth = 028 km Location = 12.81°N, 124.86°E - 028 km N 15° W of Pambujan (Northern Samar) https://earthquake.phivolcs.dost.gov.ph/.../2025_0903...",Unknown,2025-09-04 03:30,Unknown,https://www.facebook.com/PHIVOLCS/posts/pfbid0uS2xQ8xU7W4tzT1XbuJYKksP1fB6iwe2f3176EDEs9RLKTSu14hwQ7YJks1YQ3Xdl?__cft__[0]=AZWS7Q6zTEbPmzR3Yyo5UzbYdGj5GAU1lSR7woLKSwryVy2km90kLF888NkshnInBUb3iBCxJPtNvDy9dpNui1NBN_sPLVg2mjj5l2r0PB6q5PvLeJZAw52XvC5Q_or2Zz68_suDdhk9_PdMkMIo-94tkpeA0L_k3bUZb41vMXcp5_7ZNlrn1IYz3nXGvIJcEoQ&__tn__=%2CO%2CP-R
Facebook,#EarthquakePH,"#EarthquakePH #EarthquakeZambales
Earthquake Information No.1
Date and Time: 04 September 2025 - 03:11 AM
Magnitude = 2.5
Depth = 048 km
Location = 15.10°N, 119.97°E - 011 km N 68° W of San Felipe (Zambales)
https://earthquake.phivolcs.dost.gov.ph/.../2025_0903... #EarthquakePH #EarthquakeZambales Earthquake Information No.1 Date and Time: 04 September 2025 - 03:11 AM Magnitude = 2.5 Depth = 048 km Location = 15.10°N, 119.97°E - 011 km N 68° W of San Felipe (Zambales) https://earthquake.phivolcs.dost.gov.ph/.../2025_0903...",Unknown,2025-09-04 03:30,Unknown,https://www.facebook.com/PHIVOLCS/posts/pfbid0SiLsqWucPSyo33Zh8BbryzBwLwqpT2KJm2KqmgV4m7nWmLBoxECUD7btj8nbPq6Cl?__cft__[0]=AZVJbilf_QYzhtzf-FhorOCWvDkzgauYwOmyUtMeVa55_jO0G5i_qDnaNeJ27jNaBGHukFqgJgC97-f6zOvzQgtqS_Qm11XEljlUN3QxHc4DJ9sF0EkODUqUOvCa8Lxtuh6wt2i558kGaR-GZGrPmqK0mpv7agToZKepyaS9jsgjcFzPGTfmDx-ix836staPtPc&__tn__=%2CO%2CP-R
Facebook,abscbnNEWS,"Inaasahan ang katamtaman hanggang sa malakas na pag-ulan na may kasamang kidlat at malakas na hangin sa Zambales, Tarlac, Pampanga, Bataan at Quezon sa susunod na tatlong oras, ayon sa inilabas na thunderstorm advisory ng PAGASA kaninang 2:55 a.m., Huwebes, September 4. #WeatherPatrol Inaasahan ang katamtaman hanggang sa malakas na pag-ulan na may kasamang kidlat at malakas na hangin sa Zambales, Tarlac, Pampanga, Bataan at Quezon sa susunod na tatlong oras, ayon sa inilabas na thunderstorm advisory ng PAGASA kaninang 2:55 a.m., Huwebes, September 4. #WeatherPatrol",Unknown,2025-09-04 04:00,Unknown,https://www.facebook.com/abscbnNEWS/posts/pfbid0QKD6i5jdogEwx1Ci3qAQvLkUKU1xBn3zPAzWGFctpbHcsNpcTUe66cezYWkyQLeRl?__cft__[0]=AZXXn3qxSmh4cmJfW5bDK1uUHaHqVmimRAkPKtDupEa1sr3q3z2r0CfdnzxrHa7UNwT2CHXf3iDz4KQR67uuoD1-V9Cgsmr1v3gEDYrzCBNpI5P6RnD5cZ29tnUtBEF1LJDxIAFr8F4FeGhLXbhqLg7RCT7eqeFmHtgVz_AtMb-Y_wXmmIBRBs6bnHQEKgbnC2w&__tn__=%2CO%2CP-R
Facebook,#EarthquakePH,"#EarthquakePH #EarthquakeSurigaoDelNorte
Earthquake Information No.1
Date and Time: 04 September 2025 - 03:55 AM
Magnitude = 4.3
Depth = 010 km
Location = 10.16°N, 126.20°E - 020 km N 41° E of Burgos (Surigao Del Norte)
https://earthquake.phivolcs.dost.gov.ph/.../2025_0903... #EarthquakePH #EarthquakeSurigaoDelNorte Earthquake Information No.1 Date and Time: 04 September 2025 - 03:55 AM Magnitude = 4.3 Depth = 010 km Location = 10.16°N, 126.20°E - 020 km N 41° E of Burgos (Surigao Del Norte) https://earthquake.phivolcs.dost.gov.ph/.../2025_0903...",Unknown,2025-09-04 04:00,Unknown,https://www.facebook.com/PHIVOLCS/posts/pfbid02vYgkz8Vz7ZhCn432GCVd6qFskJjwQtTJWJQ4qe2pp5MJB4ATZEVXsCRAKuYMXq33l?__cft__[0]=AZUOHLiAeSNhQdbpSvFwa_4Ps7fMQCYiNt3CsfcQh9cB-pxnIP6I68n1ZHM1TV9m2FPfGByJQV-Uf91DvTLJ-m761sBuxKt1_xuMlfGCyOPCC8cSW67Gs2EfsslDnQ9ytMrWvRz_-_6i4GC0ACr7pcxBv_0BnjzjSg8Hqx9TTE0AwLC3TdsE3IICMDbvYTdTJdM&__tn__=%2CO%2CP-R
Facebook,pagasa.dost.gov.ph,"24-HOUR PUBLIC WEATHER FORECAST
Issued at 4:00 AM, 04 September 2025
SYNOPSIS: Southwest Monsoon affecting Luzon and the western section of Visayas.
Forecast Weather Conditions
Area: Metro Manila, Central Luzon, Ilocos Region, Cordillera Administrative Region, Batanes, and Cagayan
Weather Condition: Cloudy skies with scattered rains and thunderstorms
Caused By: Southwest Monsoon
Impacts: Possible flash floods or landslides due to moderate to at times heavy rains
Area: Western Visayas and the rest of Luzon
Weather Condition: Partly cloudy to cloudy skies with isolated rainshowers or thunderstorms
Caused By: Southwest Monsoon
Impacts: Possible flash floods or landslides during severe thunderstorms
Area: The rest of the country
Weather Condition: Partly cloudy to cloudy skies with isolated rainshowers or thunderstorms
Caused By: Localized Thunderstorms
Impacts: Possible flash floods or landslides during severe thunderstorms
Forecast Wind and Coastal Water Conditions
Area: Northern Luzon
Wind Speed: Light to Moderate
Wind Direction: Southwest to Southeast
Coastal Waters: Slight to Moderate / (0.6 to 1.5 meters)
Area: The rest of the country
Wind Speed: Light to Moderate
Wind Direction: South to Southwest
Coastal Waters: Slight to Moderate / (0.6 to 1.5 meters)
Extremes of Temperature and Relative Humidity for The 24-hour Period Ending 8:00 PM YESTERDAY
Minimum Temperature: 25.2 °C ... 5:00 AM
Maximum Temperature: 31.7 °C... 3:00 PM
Minumum Relative Humidity: 64 % ... 12:00 PM
Maximum Relative Humidity: 95 % ... 5:00 AM
TIDES AND ASTRONOMICAL INFORMATION Over Metro Manila
sunrise today: 5:44AM
sunset today: 6:06PM
moonrise today: 3:35PM
moonset today: 2:08AM
illumination today: 88%
For other information about weather, please log on to pagasa.dost.gov.ph or bagong.pagasa.dost.gov.ph or call at (02)927-1335/(02)926-4258 24-HOUR PUBLIC WEATHER FORECAST Issued at 4:00 AM, 04 September 2025 SYNOPSIS: Southwest Monsoon affecting Luzon and the western section of Visayas. Forecast Weather Conditions Area: Metro Manila, Central Luzon, Ilocos Region, Cordillera Administrative Region, Batanes, and Cagayan Weather Condition: Cloudy skies with scattered rains and thunderstorms Caused By: Southwest Monsoon Impacts: Possible flash floods or landslides due to moderate to at times heavy rains Area: Western Visayas and the rest of Luzon Weather Condition: Partly cloudy to cloudy skies with isolated rainshowers or thunderstorms Caused By: Southwest Monsoon Impacts: Possible flash floods or landslides during severe thunderstorms Area: The rest of the country Weather Condition: Partly cloudy to cloudy skies with isolated rainshowers or thunderstorms Caused By: Localized Thunderstorms Impacts: Possible flash floods or landslides during severe thunderstorms Forecast Wind and Coastal Water Conditions Area: Northern Luzon Wind Speed: Light to Moderate Wind Direction: Southwest to Southeast Coastal Waters: Slight to Moderate / (0.6 to 1.5 meters) Area: The rest of the country Wind Speed: Light to Moderate Wind Direction: South to Southwest Coastal Waters: Slight to Moderate / (0.6 to 1.5 meters) Extremes of Temperature and Relative Humidity for The 24-hour Period Ending 8:00 PM YESTERDAY Minimum Temperature: 25.2 °C ... 5:00 AM Maximum Temperature: 31.7 °C... 3:00 PM Minumum Relative Humidity: 64 % ... 12:00 PM Maximum Relative Humidity: 95 % ... 5:00 AM TIDES AND ASTRONOMICAL INFORMATION Over Metro Manila sunrise today: 5:44AM sunset today: 6:06PM moonrise today: 3:35PM moonset today: 2:08AM illumination today: 88% For other information about weather, please log on to pagasa.dost.gov.ph or bagong.pagasa.dost.gov.ph or call at (02)927-1335/(02)926-4258 Magdamag ulan Dito Ilocos sur",Unknown,2025-09-04 04:30,Unknown,https://www.facebook.com/PAGASA.DOST.GOV.PH/posts/pfbid02VaEpbkambmi2r7Ypthkq37Kxq2fka1puictymibMiGhrcv5PAcWs2c57i8h7trGl?__cft__[0]=AZUkE36V8DvlPzSVM3zsQhDxBr09xHRs5LXYKVRyKjwUAA1h_qOmFWR8Qs45rMUwCtN60DBYd47EIWno1i7r5IH8HFep4FTvceJatY_ZyhqqZz67HCXaGbrAEVY_r6ulFckmrwZ58jAGv9aY71t6Zeo3-TnGTiA3WJD-XgrPLwkZXyPYhtnkJ42oasdpuVzgUWg&__tn__=%2CO%2CP-R
Facebook,#EarthquakePH,"#EarthquakePH #EarthquakePangasinan
Earthquake Information No.1
Date and Time: 04 September 2025 - 04:18 AM
Magnitude = 2.5
Depth = 009 km
Location = 15.73°N, 120.18°E - 014 km S 62° W of Mangatarem (Pangasinan)
https://earthquake.phivolcs.dost.gov.ph/.../2025_0903... #EarthquakePH #EarthquakePangasinan Earthquake Information No.1 Date and Time: 04 September 2025 - 04:18 AM Magnitude = 2.5 Depth = 009 km Location = 15.73°N, 120.18°E - 014 km S 62° W of Mangatarem (Pangasinan) https://earthquake.phivolcs.dost.gov.ph/.../2025_0903...",Unknown,2025-09-04 04:30,Unknown,https://www.facebook.com/PHIVOLCS/posts/pfbid0Cw9H3A7njwDyBHsuUtkaSbmkwNa4zAVvLM9tVqnTb4KtguhyYUuuNhbggvjHCK59l?__cft__[0]=AZUktSaiNMhUFLobfaZD3oOBcE4UsDO6I9UoTQ1CnCFTPLC9Kqu8Jfpw4ptbqDirbbbsmlMudm8vl60JZC0B3wWm__qKe2fOG3_MMEPPTgTHdCcvYC0ijJdiP40QowuJ8kLkCHCVWfNUqe_hzPIBQczKKec2bv7OAtcQNmdX30p1WTqNioHh7h_cSBKH0S2Gudw&__tn__=%2CO%2CP-R
Facebook,#FireAlert,"FIRE ALERT| Reported Factory on Fire at Matina Pangi (infront of hardware)
Firefighters proceeding.
#Firealert
#Sunog
#FCFF89
#FilipinoChineseFireFightersProceesing
#WeCommitToServeNotAbuse FIRE ALERT| Reported Factory on Fire at Matina Pangi (infront of hardware) Firefighters proceeding. #Firealert #Sunog #FCFF89 #FilipinoChineseFireFightersProceesing #WeCommitToServeNotAbuse",Unknown,2025-09-04 04:30,Unknown,https://www.facebook.com/FCFF89DragonBase/posts/pfbid02kWht27WzqLpEDBpin8jn9uhWNC3DcbteidAQRWkpFvVSPFej5c5ThQJUfCB5qkmZl?__cft__[0]=AZVnkv9ZRNcv6Gdmhle95oWP_fi3bKvqchPLFpwgAAjTYF8JzP0B3dRShzq1u8rkLDEcRhQ64Q8EaJECVWef1tqqkCh1xHfPr5lZMC1TyEQzdNgV4cReVkITWQOisae52KcTgHirhsB59q_IVDPnebpV6jVCmAu7vhas3KDwJhUnU-EyAtwAq1iWj-riJVx6vLLzK1pWaR7ohIvMp0C8adxQ&__tn__=%2CO%2CP-R
Facebook,mprsdcdo,"Thunderstorm Advisory No. 18  FINAL  #MINPRSD
Issued at 07:40 PM 03 September 2025
All Thunderstorm Advisories over forecast areas are now terminated. However, all are still advised to continue monitoring for updates.
All are advised to take precautionary measures against the impacts associated with these hazards which include flash floods and landslides.
Keep monitoring for updates. Thunderstorm Advisory No. 18  FINAL  #MINPRSD Issued at 07:40 PM 03 September 2025 All Thunderstorm Advisories over forecast areas are now terminated. However, all are still advised to continue monitoring for updates. All are advised to take precautionary measures against the impacts associated with these hazards which include flash floods and landslides. Keep monitoring for updates.",Unknown,2025-09-04 05:00,Unknown,https://www.facebook.com/mprsdcdo/posts/pfbid02NG4U2z4TMwFaYTxxyejtUWxMHwbdYcUdC9rkQqwaQgJmbNuzT9weyw5m3LVydm6Zl?__cft__[0]=AZWv_tFdmFn0-IVdBYloxkcGibvIUoJUqeo7KVxyILQPOM76arYfE-dx_itUt1yrQEHjUhpslYDKOp6NzPU4_IdyJedmjHK77jbWFpWZJ4MZjs1dmUwPoBX5ZS_jvFhLJyD9nR3iw8e5xtPp5GrG8pF_d1a8NNZl6LiM6ZV2y0B6nHXQT_g0ljyjwdx5eMpI4rY&__tn__=%2CO%2CP-R
Facebook,DavaoDRRMO,"𝐂𝐃𝐑𝐑𝐌𝐎-𝐎𝐏𝐂𝐄𝐍 𝐖𝐄𝐀𝐓𝐇𝐄𝐑 𝐅𝐎𝐑𝐄𝐂𝐀𝐒𝐓:
𝐈𝐒𝐒𝐔𝐄𝐃 𝐀𝐓: 𝟎𝟓:𝟎𝟎 𝐀𝐌, 𝟎𝟒 𝐒𝐞𝐩𝐭𝐞𝐦𝐛𝐞𝐫 𝟐𝟎𝟐𝟓
𝐕𝐀𝐋𝐈𝐃 𝐔𝐍𝐓𝐈𝐋: 𝟎𝟓:𝟎𝟎 𝐀𝐌 𝐓𝐨𝐦𝐨𝐫𝐫𝐨𝐰
𝐒𝐘𝐍𝐎𝐏𝐒𝐈𝐒:
Localized Thunderstorms affecting Mindanao.
𝐅𝐎𝐑𝐄𝐂𝐀𝐒𝐓:
Davao City will have partly cloudy to cloudy skies with isolated rain showers or thunderstorms due to the Localized Thunderstorm. Light to moderate winds from south to southwest with slight to moderate seas.
𝐒𝐨𝐮𝐫𝐜𝐞: 𝘿𝙊𝙎𝙏-𝙋𝘼𝙂𝘼𝙎𝘼
#𝐖𝐞𝐚𝐭𝐡𝐞𝐫𝐅𝐨𝐫𝐞𝐜𝐚𝐬𝐭
#𝐃𝐚𝐯𝐚𝐨𝐂𝐢𝐭𝐲𝐃𝐑𝐑𝐌𝐎 𝐂𝐃𝐑𝐑𝐌𝐎-𝐎𝐏𝐂𝐄𝐍 𝐖𝐄𝐀𝐓𝐇𝐄𝐑 𝐅𝐎𝐑𝐄𝐂𝐀𝐒𝐓: 𝐈𝐒𝐒𝐔𝐄𝐃 𝐀𝐓: 𝟎𝟓:𝟎𝟎 𝐀𝐌, 𝟎𝟒 𝐒𝐞𝐩𝐭𝐞𝐦𝐛𝐞𝐫 𝟐𝟎𝟐𝟓 𝐕𝐀𝐋𝐈𝐃 𝐔𝐍𝐓𝐈𝐋: 𝟎𝟓:𝟎𝟎 𝐀𝐌 𝐓𝐨𝐦𝐨𝐫𝐫𝐨𝐰 𝐒𝐘𝐍𝐎𝐏𝐒𝐈𝐒: Localized Thunderstorms affecting Mindanao. 𝐅𝐎𝐑𝐄𝐂𝐀𝐒𝐓: Davao City will have partly cloudy to cloudy skies with isolated rain showers or thunderstorms due to the Localized Thunderstorm. Light to moderate winds from south to southwest with slight to moderate seas. 𝐒𝐨𝐮𝐫𝐜𝐞: 𝘿𝙊𝙎𝙏-𝙋𝘼𝙂𝘼𝙎𝘼 #𝐖𝐞𝐚𝐭𝐡𝐞𝐫𝐅𝐨𝐫𝐞𝐜𝐚𝐬𝐭 #𝐃𝐚𝐯𝐚𝐨𝐂𝐢𝐭𝐲𝐃𝐑𝐑𝐌𝐎",Unknown,2025-09-04 05:30,Unknown,https://www.facebook.com/DavaoDRRMO/posts/pfbid02AfsYsZfdFHRYRakDRgi1e3BQr27uLPDHW6rSyyDahPohgP917ZJpjsv2Qo1d4bS3l?__cft__[0]=AZV_JzGbN1UBzFMP4n3dv7ei1rr42nHF2xmOUDKMrTYa94TO-62KHHRp0sGLtxPn4IPL8FkHNJAVms_mhcXIONqDtDH6p4IqmpKoCIOSNn2UA_34DbrbuXmAIoQbKFh0uyQWGBZN3NAFfxML9EbYJXVkl6v6cJHbKSJYcRFN0x3wH1YDLLB3ZaEZTVzxfXOkIrU&__tn__=%2CO%2CP-R
Facebook,pagasa.dost.gov.ph,"General Flood Advisories Issued @6AM, 
04 September 2025
CAR (Cordillera Administrative Region) GFA#8
Region 1 (Ilocos Region) GFA#6
Region 2 (Cagayan Valley) GFA#6
Region 3 (Central Luzon) GFA#9
Region 4A (CALABARZON) GFA#10 Final
Region 6 (Western Visayas) GFA#2 General Flood Advisories Issued @6AM, 04 September 2025 CAR (Cordillera Administrative Region) GFA#8 Region 1 (Ilocos Region) GFA#6 Region 2 (Cagayan Valley) GFA#6 Region 3 (Central Luzon) GFA#9 Region 4A (CALABARZON) GFA#10 Final Region 6 (Western Visayas) GFA#2",Unknown,2025-09-04 05:30,Unknown,https://www.facebook.com/PAGASA.DOST.GOV.PH/posts/pfbid02NJnpc3vpa867SarHH7h6Cevm51v7Bx31WjRw3HU62z9pWo4L12whffYGZ8F8q1uol?__cft__[0]=AZVepk6NRAmfCCsdiszNYSFASQH_QRsCm5P7FOxUWVQ9mqLbCD1DuvFrOFBRJOwtbcLdNw4MF_MqFkoQttBHL2asgOslAXWLs0RSQ4WhUUzlUzWsUc4tG1vcIHgF2r-6KUNXahVQg-lW41d-iBX3hXpI8rX_SuHwzM6kR-WTzWdttIGFRBpNB8PcDZVpHzFDPkA&__tn__=%2CO%2CP-R
Facebook,UNTVNewsRescue,"Mga balitang humahataw mula sa iba't ibang panig ng mundo, Hataw Balita Ngayon!
Subscribe to our official YouTube channel, https://bit.ly/2ImmXOi
Be the first to know about the latest updates on local and global issues, news and current affairs, 911-UNTV Rescue and public services.
We Serve the People. We Give Glory To God!
#UNTV #UNTVNewsandRescue 
For updates, visit: https://www.untvweb.com/news/
Check out our official social media accounts:
https://www.facebook.com/UNTVNewsRescue
https://www.twitter.com/untvnewsrescue
https://www.youtube.com/untvnewsandrescue
https://www.tiktok.com/@untvnewsandrescue/
Instagram account - @untvnewsrescue
Feel free to share but do not re-upload. Mga balitang humahataw mula sa iba't ibang panig ng mundo, Hataw Balita Ngayon! Subscribe to our official YouTube channel, https://bit.ly/2ImmXOi Be the first to know about the latest updates on local and global issues, news and current affairs, 911-UNTV Rescue and public services. We Serve the People. We Give Glory To God! #UNTV #UNTVNewsandRescue For updates, visit: https://www.untvweb.com/news/ Check out our official social media accounts: https://www.facebook.com/UNTVNewsRescue https://www.twitter.com/untvnewsrescue https://www.youtube.com/untvnewsandrescue https://www.tiktok.com/@untvnewsandrescue/ Instagram account - @untvnewsrescue Feel free to share but do not re-upload. Good morning to everyone! Salamat Po sa Diyos! Good morning UNTV Hataw Balita Ngayon Magandang umaga po sa lahat Good Morning Hataw Balita Ngayon",Unknown,2025-09-04 05:30,Unknown,https://www.facebook.com/UNTVNewsRescue/
Facebook,#EarthquakePH,"#EarthquakePH #EarthquakeIloilo
#iFelt_IloiloEarthquake
Earthquake Information No.1
Date and Time: 03 September 2025 - 11:25 PM
Magnitude = 3.9
Depth = 010 km
Location = 11.17°N, 122.38°E - 016 km N 39° W of Lambunao (Iloilo)
Instrumental Intensities: 
Intensity II - Culasi, ANTIQUE 
Intensity I - Malinao, AKLAN; Sebaste, ANTIQUE; Tapaz, CAPIZ
https://earthquake.phivolcs.dost.gov.ph/.../2025_0903... #EarthquakePH #EarthquakeIloilo #iFelt_IloiloEarthquake Earthquake Information No.1 Date and Time: 03 September 2025 - 11:25 PM Magnitude = 3.9 Depth = 010 km Location = 11.17°N, 122.38°E - 016 km N 39° W of Lambunao (Iloilo) Instrumental Intensities: Intensity II - Culasi, ANTIQUE Intensity I - Malinao, AKLAN; Sebaste, ANTIQUE; Tapaz, CAPIZ https://earthquake.phivolcs.dost.gov.ph/.../2025_0903...",Unknown,2025-09-04 05:30,Unknown,https://www.facebook.com/PHIVOLCS/posts/pfbid0rVEK8QC3yuN4gwU7kQvJ9g3qDkxtMoJLj2Lcu26pz8m8BjqNp15NLmr11V7nzu4Tl?__cft__[0]=AZUM2oqRm5QgEsAv0C2Jj5id_K-hQ8ZIkoBEERRMv4qqySPGTvz4wNBhj7eBhSA5Vmg6x85ZTg9UU5wJH67htEDmZveXEgESUxAS-osXQGSlS1-JK0cXrkJY1RcRWH4AemSb3FNTQS1Lj-xadiBKQD_VH0TxR40G8vdH_u94DkwD4WeO9fW8D3rqCl0zkj8_3tA&__tn__=%2CO%2CP-R
Facebook,civildefensedavao,"MINDANAO WEATHER FORECAST #MINPRSD
ISSUED AT: 5:00 AM 04 September 2025
VALID UNTIL: 5:00 AM Tomorrow
FORECAST:
Mindanao will have partly cloudy to cloudy skies with isolated rainshowers or thunderstorms due to the Localized Thunderstorm. Possible flash floods or landslides during severe thunderstorms. Light to moderate winds from south to southwest with slight to moderate seas (0.6 to 1.5 meters).
KAUGALINGONG DAYALEKTO:
Ang tibuok dapit sa Mindanao makasinati sa panalagsang pagdag-um ngadto sa mapanganuron nga kalangitan inubanan sa pat-ak pat-ak nga pag-ulan, kilat ug pagpanalugdog tungod sa Localized Thunderstorm. Possible pagbaha ug pagdahili sa yuta tungod sa severe thunderstorms. Hinay ngadto sa kasarangan nga hangin ang magagikan sa habagatan ngadto na sa habagatang kasadpang nga direksyon ug ang kadagatan hapsay ngadto sa kasarangan ang pagbalud (0.6 to 1.5 meters).
Source: Mindanao Prsd MINDANAO WEATHER FORECAST #MINPRSD ISSUED AT: 5:00 AM 04 September 2025 VALID UNTIL: 5:00 AM Tomorrow FORECAST: Mindanao will have partly cloudy to cloudy skies with isolated rainshowers or thunderstorms due to the Localized Thunderstorm. Possible flash floods or landslides during severe thunderstorms. Light to moderate winds from south to southwest with slight to moderate seas (0.6 to 1.5 meters). KAUGALINGONG DAYALEKTO: Ang tibuok dapit sa Mindanao makasinati sa panalagsang pagdag-um ngadto sa mapanganuron nga kalangitan inubanan sa pat-ak pat-ak nga pag-ulan, kilat ug pagpanalugdog tungod sa Localized Thunderstorm. Possible pagbaha ug pagdahili sa yuta tungod sa severe thunderstorms. Hinay ngadto sa kasarangan nga hangin ang magagikan sa habagatan ngadto na sa habagatang kasadpang nga direksyon ug ang kadagatan hapsay ngadto sa kasarangan ang pagbalud (0.6 to 1.5 meters). Source: Mindanao Prsd",Unknown,2025-09-04 06:00,Unknown,https://www.facebook.com/civildefensedavao/posts/pfbid02r141TevwC4LNu7pRjbH1owCm7Crj5XBmGdsSHHL86Z8pqjhrxjFzeABHsU9wPfPJl?__cft__[0]=AZUdooojPIF9TtyukpZk_2MEgkHnSwfOZajqkB3o6MqOWCp1jLfbYOe5H3pAU2s58191wX1sPJ2bl9B0-UvAFb2lTkNqWjgARPbjM1hMcT3QcJNMCbMcB7zJUExpEon8AFTApkPnStejfts6uUVPnkI2GQRQ1LlK7Jixqj_Q1HUzOweKUfTEqct5yd0SjJ-A4DA&__tn__=%2CO%2CP-R
Facebook,PHIVOLCS,"BULKANG KANLAON
Buod ng 24 oras na pagmamanman
04 Setyembre 2025 alas-12 ng umaga 
#KanlaonVolcano
Filipino: 
https://phivolcs.dost.gov.ph/.../32875-bulkang-kanlaon...
English: 
https://phivolcs.dost.gov.ph/.../32876-kanlaon-volcano...
Volcano: Kanlaon
Alert Level: 2
Status Alert Level: Pagtaas ng aktibidad 
Volcanic Earthquake: 0 volcanic earthquakes 
Sulfur Dioxide Flux(SO2): 762 tonelada / araw (03 Setyembre 2025) 
Plume (Steaming): 350 metrong taas; Katamtamang pagsingaw; napadpad sa hilagang-silangan 
Ground Deformation: Pamamaga ng bulkan BULKANG KANLAON Buod ng 24 oras na pagmamanman 04 Setyembre 2025 alas-12 ng umaga #KanlaonVolcano Filipino: https://phivolcs.dost.gov.ph/.../32875-bulkang-kanlaon... English: https://phivolcs.dost.gov.ph/.../32876-kanlaon-volcano... Volcano: Kanlaon Alert Level: 2 Status Alert Level: Pagtaas ng aktibidad Volcanic Earthquake: 0 volcanic earthquakes Sulfur Dioxide Flux(SO2): 762 tonelada / araw (03 Setyembre 2025) Plume (Steaming): 350 metrong taas; Katamtamang pagsingaw; napadpad sa hilagang-silangan Ground Deformation: Pamamaga ng bulkan",Unknown,2025-09-04 06:00,Unknown,https://www.facebook.com/PHIVOLCS/posts/pfbid0kEKndhZsAqmS94mw3pPFzQVVaAAZhMCBmRfrbFEp3QMEmdHPxRkzdLLQg44vqfFal?__cft__[0]=AZXJhOsZ8_r_bscdlDVdiuvGmDwGrGNKxCFIE59qkuyGP5nKw4KpkKXNm6UrGb9afd_V94dipWsF3IOaBunV3_wqBNfro3s67xLgj0kQZUsVSthDKpygr5YdzYYSczJ5RBmezoyPDcoSrtObMOI6HZBcKI4GsX4eJ3JQrvP20Bf9ekkySmE1nQmhV1xdrJ6L4wI&__tn__=%2CO%2CP-R
Facebook,stormchasersPH,"Bagong LPA, posibleng mabuo malapit sa #NorthernLuzon sa susunod na 2 araw. May posibilidad na maging bagyo at tatawaging #LanniePH. Total lunar eclipse on Monday will be affected.",Unknown,2025-09-04 06:00,Unknown,https://www.facebook.com/stormchasersPH/posts/pfbid031U3zFhd5whZUVYWVEn3bWWa1vNha9ugNSC1FB94TYjS7Bs9eWeMQij8zvDFXYbkNl?__cft__[0]=AZU9arASAmVEvtAj3qpOJeiYPhVonen6utKT26KcLKVZBS-_nogK-fBm_9OtFFKdyouAKcTLZv9FRb7HWBW9k1t7z8CfIdxTQLfPWk0K2k5m4qP6mtOj2gqFYFSxmIz-7DRNHRxt6vNV-_jGB7_0spve3-19SXjt8aXGQn48EwhGfBJo_yfV__EXoZucbp8LChQ&__tn__=%2CO%2CP-R
Facebook,mprsdcdo,"MINDANAO WEATHER FORECAST #MINPRSD
ISSUED AT: 5:00 AM 04 September 2025
VALID UNTIL: 5:00 AM Tomorrow
FORECAST:
Mindanao will have partly cloudy to cloudy skies with isolated rainshowers or thunderstorms due to the Localized Thunderstorm. Possible flash floods or landslides during severe thunderstorms. Light to moderate winds from south to southwest with slight to moderate seas (0.6 to 1.5 meters).
KAUGALINGONG DAYALEKTO:
Ang tibuok dapit sa Mindanao makasinati sa panalagsang pagdag-um ngadto sa mapanganuron nga kalangitan inubanan sa pat-ak pat-ak nga pag-ulan, kilat ug pagpanalugdog tungod sa Localized Thunderstorm. Possible pagbaha ug pagdahili sa yuta tungod sa severe thunderstorms. Hinay ngadto sa kasarangan nga hangin ang magagikan sa habagatan ngadto na sa habagatang kasadpang nga direksyon ug ang kadagatan hapsay ngadto sa kasarangan ang pagbalud (0.6 to 1.5 meters).
OVER LAGUINDINGAN UPPER AIR AND SYNOPTIC STATION, MISAMIS ORIENTAL
Maximum Temperature: 01:00 PM Yesterday --- 30.8 °C
Minimum Temperature: 02:00 AM Today --- 24.8 °C
Maximum Relative Humidity: 05:00 AM Yesterday --- 94 %
Minimum Relative Humidity: 04:00 PM Yesterday  --- 69 %
ASTRONOMICAL INFORMATION OVER EL SALVADOR CITY
Sunrise Today : 05:33 AM
Sunset Today : 05:48 PM
Moonset Today : 02:06 AM
Moonrise Today : 03:08 PM
For more information and queries, please call at telephone number (088) 555-0485 local 102
Mindanao PRSD Website: https://www.pagasa.dost.gov.ph/regional-forecast/minprsd
Mindanao PRSD Facebook Account: https://www.facebook.com/mprsdcdo
Facebook Group: https://www.facebook.com/groups/MINDANAO.PRSD
www.pagasa.dost.gov.ph MINDANAO WEATHER FORECAST #MINPRSD ISSUED AT: 5:00 AM 04 September 2025 VALID UNTIL: 5:00 AM Tomorrow FORECAST: Mindanao will have partly cloudy to cloudy skies with isolated rainshowers or thunderstorms due to the Localized Thunderstorm. Possible flash floods or landslides during severe thunderstorms. Light to moderate winds from south to southwest with slight to moderate seas (0.6 to 1.5 meters). KAUGALINGONG DAYALEKTO: Ang tibuok dapit sa Mindanao makasinati sa panalagsang pagdag-um ngadto sa mapanganuron nga kalangitan inubanan sa pat-ak pat-ak nga pag-ulan, kilat ug pagpanalugdog tungod sa Localized Thunderstorm. Possible pagbaha ug pagdahili sa yuta tungod sa severe thunderstorms. Hinay ngadto sa kasarangan nga hangin ang magagikan sa habagatan ngadto na sa habagatang kasadpang nga direksyon ug ang kadagatan hapsay ngadto sa kasarangan ang pagbalud (0.6 to 1.5 meters). OVER LAGUINDINGAN UPPER AIR AND SYNOPTIC STATION, MISAMIS ORIENTAL Maximum Temperature: 01:00 PM Yesterday --- 30.8 °C Minimum Temperature: 02:00 AM Today --- 24.8 °C Maximum Relative Humidity: 05:00 AM Yesterday --- 94 % Minimum Relative Humidity: 04:00 PM Yesterday  --- 69 % ASTRONOMICAL INFORMATION OVER EL SALVADOR CITY Sunrise Today : 05:33 AM Sunset Today : 05:48 PM Moonset Today : 02:06 AM Moonrise Today : 03:08 PM For more information and queries, please call at telephone number (088) 555-0485 local 102 Mindanao PRSD Website: https://www.pagasa.dost.gov.ph/regional-forecast/minprsd Mindanao PRSD Facebook Account: https://www.facebook.com/mprsdcdo Facebook Group: https://www.facebook.com/groups/MINDANAO.PRSD www.pagasa.dost.gov.ph",Unknown,2025-09-04 06:00,Unknown,https://www.facebook.com/mprsdcdo/posts/pfbid02nbP8aprrqie1eANxag75WQz1xvFFxcZSzWXUPWymCf5AMt4hzuyVHFLgDy7Ezn4Xl?__cft__[0]=AZVPUn7zHaGCRLfokJn7xet-naGWrZ1CVjQEvYXlnY7vrGAXt-oppPICyUoAzzy8MoLh2UsW1oqX8EkYEYLP0ka_TYr1vN7cJDuZsIpgVRwcE4Z8rTaRWMkiV42LrwEwFH3pkQRwUqIIg3QYIXwueVLoez3WVpf_uMZEozTNmN7GiHMlXD4Q2eISVjP3470gxM0&__tn__=%2CO%2CP-R
Facebook,#EarthquakePH,"#EarthquakePH #EarthquakeBatangas
Earthquake Information No.1
Date and Time: 04 September 2025 - 04:36 AM
Magnitude = 2.2
Depth = 098 km
Location = 13.71°N, 120.58°E - 014 km S 24° W of Calatagan (Batangas)
https://earthquake.phivolcs.dost.gov.ph/.../2025_0903... #EarthquakePH #EarthquakeBatangas Earthquake Information No.1 Date and Time: 04 September 2025 - 04:36 AM Magnitude = 2.2 Depth = 098 km Location = 13.71°N, 120.58°E - 014 km S 24° W of Calatagan (Batangas) https://earthquake.phivolcs.dost.gov.ph/.../2025_0903...",Unknown,2025-09-04 06:00,Unknown,https://www.facebook.com/PHIVOLCS/posts/pfbid0N7sSMmiRKx5dGWGJtt2wRmA1rTqCDqqXG1nQ4Tz55TwZjnr6cNrPhdpjAMQHLxAYl?__cft__[0]=AZXeXi2EWHwImTvJGY4Ez_QB_p6UT3b4jnT4GmLPEdRASaLby7GZ0Xv34QoquJzRkgwQPx3-7bCkjbbQGI-uQEoSKvFBqNkFdjezMrJJCoTrr9_D7j5SDfv0yjLFYro-Ull8CW2a93PxlJNEjE5T4aAfQbLmplZAe8LxYkEPxByh_bo9E5FSxpEzf4TuppsjAew&__tn__=%2CO%2CP-R
Facebook,atenews,"NH: Ateneans assemble at the 4F Martin Hall for a photo opportunity in solidarity with calls for accountability amid the national controversy on the Department of Public Works and Highways (DPWH) ""ghost projects.""
The gathering, organized by SAMAHAN in partnership with UCEAC-APILA, feature students carrying slogans demanding transparency and good governance, as billions of pesos in public funds were reported lost to anomalous flood control initiatives. NH: Ateneans assemble at the 4F Martin Hall for a photo opportunity in solidarity with calls for accountability amid the national controversy on the Department of Public Works and Highways (DPWH) ""ghost projects."" The gathering, organized by SAMAHAN in partnership with UCEAC-APILA, feature students carrying slogans demanding transparency and good governance, as billions of pesos in public funds were reported lost to anomalous flood control initiatives.",Unknown,2025-09-04 09:30,Unknown,https://www.facebook.com/atenews/posts/pfbid03kJomaQV4kRUojrUQbj9U1eCYok8HqcF1TgBZaraHrdLspidSf55jD1qcumwSNDrl?__cft__[0]=AZVTespxOwd3ZGnkFiKDiRS1Ay_x_HoV38gCKSg5aLkSlgN6POyJ38Ni4jkBz4dU019X7fiSF5yxZOQFmn3-TbDXW_V-vk9VQU5Z25bADHnN864hHLyoC67eknZaOVFpQOe7Bx-KY2HTy8FNHcxFGluvxvI_YlMRLEPoef5Z1LlE-4TvFnCiySk07aw9b9ILCyY&__tn__=%2CO%2CP-R
Facebook,civildefensedavao,"Thunderstorm Advisory No. 1 #MINPRSD
Issued at 07:40 AM 04 September 2025
Light to Moderate rainshowers with lightning and strong winds are expected over #Basilan, #DavaoOccidental(Sarangani, SantaMaria), #DavaoDelSur(Malalag, Sulop, Kiblawan, Padada), #Sarangani, #SouthCotabato, #DinagatIslands, #SurigaoDelNorte, #Sulu within the next 1-2 hours.
Moderate to occasionally heavy rainshowers with lightning and strong winds are being experienced in #SurigaoDelNorte which may persist within 1-2 hours and may affect nearby areas.
All are advised to take precautionary measures against the impacts associated with these hazards which include flash floods and landslides.
Keep monitoring for updates.
Source: Mindanao PRSD Thunderstorm Advisory No. 1 #MINPRSD Issued at 07:40 AM 04 September 2025 Light to Moderate rainshowers with lightning and strong winds are expected over #Basilan, #DavaoOccidental(Sarangani, SantaMaria), #DavaoDelSur(Malalag, Sulop, Kiblawan, Padada), #Sarangani, #SouthCotabato, #DinagatIslands, #SurigaoDelNorte, #Sulu within the next 1-2 hours. Moderate to occasionally heavy rainshowers with lightning and strong winds are being experienced in #SurigaoDelNorte which may persist within 1-2 hours and may affect nearby areas. All are advised to take precautionary measures against the impacts associated with these hazards which include flash floods and landslides. Keep monitoring for updates. Source: Mindanao PRSD",Unknown,2025-09-04 09:30,Unknown,https://www.facebook.com/civildefensedavao/posts/pfbid024qYEwhVqA6JJ5VoA7FuRYHK5sLTvjw7HB4v16Zx1mvTidTT5ZjWEt3fKuuRsC662l?__cft__[0]=AZVmF8dq9kFBN4l5iUb81O8hqUXPUzn5GcUEn19Go1P4x5SB5rFjQif8XXRerIXZuli8GbZrBUpilEUAxvikGgMjgz8C4pKV0_HphtBEl5KX9rtOFBV3IW95cHGJKgBep-B6kLLusHGDW3yLKNoss0w_3c25WV9BQVPc1xzXezv8QLM7ER8oSB1Lw65yBqMYg7Q&__tn__=%2CO%2CP-R
Facebook,manilabulletin,"WATCH: The Philippine Atmospheric, Geophysical and Astronomical Services Administration (PAGASA) on Thursday, Sept. 4 said the southwest monsoon or “habagat” may bring cloudy skies with scattered rains and thunderstorms over some parts of Luzon within the next 24 hours. WATCH: The Philippine Atmospheric, Geophysical and Astronomical Services Administration (PAGASA) on Thursday, Sept. 4 said the southwest monsoon or “habagat” may bring cloudy skies with scattered rains and thunderstorms over some parts of Luzon within the next 24 hours.",Unknown,2025-09-04 09:30,Unknown,https://www.facebook.com/ManilaBulletin/
Facebook,NDRRMC,"READ | Fast lanes are now being implemented in hospitals to immediately cater to suspected Leptospirosis patients due to the rise in cases, according to the Department of Health Ilocos Center for Health Development (DOH Ilocos CHD) on Monday, September 1, 2025. READ | Fast lanes are now being implemented in hospitals to immediately cater to suspected Leptospirosis patients due to the rise in cases, according to the Department of Health Ilocos Center for Health Development (DOH Ilocos CHD) on Monday, September 1, 2025. READ | Fast lanes are now being implemented in hospitals to immediately cater to suspected Leptospirosis patients due to the rise in cases, according to the Department of Health Ilocos Center for Health Development (DOH Ilocos CHD) on Monday, September 1, 2025.  
Public and DOH hospitals, including Ilocos Sur Medical Center (ISMC) in this province and Ilocos Training and Regional Medical Center (ITRMC) in La Union, are required to set up these lanes, while private hospitals are encouraged to do so at their discretion.
As of  DOH Ilocos CHD’s  latest monitoring on August 16, 2025, 324 cases have been recorded in the region, a significant increase from 97 cases during the same period last year.  
Doctor Rheuel C. Bobis, head of the DOH Ilocos CHD’s Infectious Diseases Cluster, said the fast lanes guarantee that patients with symptoms receive priority treatment and have quicker access to medical attention.
“The incubation period of Leptospirosis can range from three to 14 days, but the typical incubation period is as early as five to seven days,” Bobis explained.
He added that this means symptoms could appear within that timeframe after exposure.  
Bobis stressed that the longer a patient waits for treatment, the higher the risk of life-threatening complications.  By Aila T. Villanueva
#LeptospirosisFastLanes 
#Leptospirosis 
#IntegratedStateMedia
#BagongPilipinas
#ISM READ | Fast lanes are now being implemented in hospitals to immediately cater to suspected Leptospirosis patients due to the rise in cases, according to the Department of Health Ilocos Center for Health Development (DOH Ilocos CHD) on Monday, September 1, 2025.  
Public and DOH hospitals, including Ilocos Sur Medical Center (ISMC) in this province and Ilocos Training and Regional Medical Center (ITRMC) in La Union, are required to set up these lanes, while private hospitals are encouraged to do so at their discretion.
As of  DOH Ilocos CHD’s  latest monitoring on August 16, 2025, 324 cases have been recorded in the region, a significant increase from 97 cases during the same period last year.  
Doctor Rheuel C. Bobis, head of the DOH Ilocos CHD’s Infectious Diseases Cluster, said the fast lanes guarantee that patients with symptoms receive priority treatment and have quicker access to medical attention.
“The incubation period of Leptospirosis can range from three to 14 days, but the typical incubation period is as early as five to seven days,” Bobis explained.
He added that this means symptoms could appear within that timeframe after exposure.  
Bobis stressed that the longer a patient waits for treatment, the higher the risk of life-threatening complications.  By Aila T. Villanueva
#LeptospirosisFastLanes 
#Leptospirosis 
#IntegratedStateMedia
#BagongPilipinas
#ISM READ | Fast lanes are now being implemented in hospitals to immediately cater to suspected Leptospirosis patients due to the rise in cases, according to the Department of Health Ilocos Center for Health Development (DOH Ilocos CHD) on Monday, September 1, 2025. Public and DOH hospitals, including Ilocos Sur Medical Center (ISMC) in this province and Ilocos Training and Regional Medical Center (ITRMC) in La Union, are required to set up these lanes, while private hospitals are encouraged to do so at their discretion. As of  DOH Ilocos CHD’s  latest monitoring on August 16, 2025, 324 cases have been recorded in the region, a significant increase from 97 cases during the same period last year. Doctor Rheuel C. Bobis, head of the DOH Ilocos CHD’s Infectious Diseases Cluster, said the fast lanes guarantee that patients with symptoms receive priority treatment and have quicker access to medical attention. “The incubation period of Leptospirosis can range from three to 14 days, but the typical incubation period is as early as five to seven days,” Bobis explained. He added that this means symptoms could appear within that timeframe after exposure. Bobis stressed that the longer a patient waits for treatment, the higher the risk of life-threatening complications.  By Aila T. Villanueva #LeptospirosisFastLanes #Leptospirosis #IntegratedStateMedia #BagongPilipinas #ISM",Unknown,2025-09-04 09:30,Unknown,https://www.facebook.com/NDRRMC/posts/pfbid028AqkWRNvNccujiAJDZxvMQp7kBo1CcNhkNawPxHSa4W2AU16PJbkHi8f4Xi5o7CBl?__cft__[0]=AZUatEs5ihZt6KWFqmvETbgDoBkQLQRSYP2-qP8Mdj67cvINFGQw5eoq1jSKCgqj6lDsDEhIFLqlF4m4uF_5CTEN1rzKWIZs5RLXNtu4nvTp37agvaa-sJH-S7sfvfOj6lGxP6RrHL9OhomnNk_ziSEkfxY0i4TLJBQttes1-hO8Dp2Up88-fvvgGoBxBIk09xh_dUzxqf7O2eQejzz9vIkPgAae0U9n9PVboJY3ujesXQ&__tn__=%2CO%2CP-R
Facebook,PHIVOLCS,"#EarthquakePH #EarthquakeSouthernLeyte
#iFelt_SouthernLeyteEarthquake
Earthquake Information No.2
Date and Time: 04 September 2025 - 08:43 AM
Magnitude = 3.6
Depth = 007 km
Location = 10.02°N, 125.13°E - 004 km S 43° W of San Francisco (Southern Leyte)
Reported Intensities:
Instrumental Intensities:
Intensity II - Padre Burgos, SOUTHERN LEYTE
Intensity I - Malitbog, SOUTHERN LEYTE
https://earthquake.phivolcs.dost.gov.ph/.../2025_0904... #EarthquakePH #EarthquakeSouthernLeyte #iFelt_SouthernLeyteEarthquake Earthquake Information No.2 Date and Time: 04 September 2025 - 08:43 AM Magnitude = 3.6 Depth = 007 km Location = 10.02°N, 125.13°E - 004 km S 43° W of San Francisco (Southern Leyte) Reported Intensities: Instrumental Intensities: Intensity II - Padre Burgos, SOUTHERN LEYTE Intensity I - Malitbog, SOUTHERN LEYTE https://earthquake.phivolcs.dost.gov.ph/.../2025_0904...",Unknown,2025-09-04 09:30,Unknown,https://www.facebook.com/PHIVOLCS/posts/pfbid02KNyALuKGxPbUisqCm54WiPQ5v2zcHGtzQtbRPJzfJuuXVxzaYouK52ChYcTUyEvxl?__cft__[0]=AZWmjGxgz2KUHJzEwLDUr1PXFx0RWJfHcNoiMiscpfKg2KwGtO26bObtjtno4JfR6Ag9ag4rxd1VeOKw_BydpKQZchVezrFbDt_ObJALkffJw0RmbKpfDHrg0QTRjIPyDtRaNc8_9Fa0OEUGlqKe3qZXGQ3idjg420-98Qynx4SVdu8S9AYLMoT0VW1ebQJGiYI&__tn__=%2CO%2CP-R
Facebook,sunstardavaonews,"GET WELL SOONEST, ODDY 
Oddy, the 13-year-old dog rescued from the fire on Loyola Street, Obrero, Davao City, on September 3, 2025, remains in critical condition and continues to receive oxygen support.
According to the veterinarian overseeing the dog’s care, its vital signs and oxygen saturation are currently stable, but it remains under close monitoring and is being force-fed.
The vet noted that carbon monoxide poisoning is very dangerous but believes the treatment plan is on the right track.
 Ronald Lunar
#AllYouNeedToKnow GET WELL SOONEST, ODDY Oddy, the 13-year-old dog rescued from the fire on Loyola Street, Obrero, Davao City, on September 3, 2025, remains in critical condition and continues to receive oxygen support. According to the veterinarian overseeing the dog’s care, its vital signs and oxygen saturation are currently stable, but it remains under close monitoring and is being force-fed. The vet noted that carbon monoxide poisoning is very dangerous but believes the treatment plan is on the right track. Ronald Lunar #AllYouNeedToKnow",Unknown,2025-09-04 09:30,Unknown,https://www.facebook.com/sunstardavaonews/posts/pfbid032VMT7kSi3rAdfpqn55qbRysVYVdQQ217hjtRD6LUbsKbP2QY6RSBRxR2WvzvDHdHl?__cft__[0]=AZVIX2AaddJAKR6aGNZmwsY5IZnWx3oLwobIwUteOVkqjcvKShaLW9tJbhMWj9yOT4FW5l1kGKlOAhrF8xWW40HUJB0NJ8Sk9HnHK_s_QxgZQKw2pXhMTfis1MGP3Q7P-OX-oqyDA9amt_SdNMTYTATvUQ2pyZc4zk3L_JsMiDxYmg68RpEUxHjtL8s_S0xxkaw&__tn__=%2CO%2CP-R
Facebook,stormchasersPH,"𝐁𝐄 𝐑𝐄𝐀𝐃𝐘 𝐒𝐀 𝐌𝐀𝐔𝐋𝐀𝐍𝐆 𝐏𝐀𝐍𝐀𝐇𝐎𝐍, 𝐋𝐔𝐙𝐎𝐍! 
Dalawang namumuong sama ng panahon ngayon ang binabantayan sa silangan at kanlurang bahagi ng #NorthernLuzon at batay sa ipinapakita ng mga weather model, may tsansa ang mga itong maging mga bagyo ngayong weekend at inaasahang hahatak din ng #Habagat.
Ang susunod na dalawang pangalan ng mga bagyo ay #LanniePH at #MirasolPH.
Maging handa sa banta ng mga biglaang pagbaha at mga pagguho ng lupa.
Manatiling mag-monitor ng mga susunod pang update hinggil dito.
— PWS/PSU
#WeatherForecast #PotentialLPAs #HabagatPH 𝐁𝐄 𝐑𝐄𝐀𝐃𝐘 𝐒𝐀 𝐌𝐀𝐔𝐋𝐀𝐍𝐆 𝐏𝐀𝐍𝐀𝐇𝐎𝐍, 𝐋𝐔𝐙𝐎𝐍! Dalawang namumuong sama ng panahon ngayon ang binabantayan sa silangan at kanlurang bahagi ng #NorthernLuzon at batay sa ipinapakita ng mga weather model, may tsansa ang mga itong maging mga bagyo ngayong weekend at inaasahang hahatak din ng #Habagat. Ang susunod na dalawang pangalan ng mga bagyo ay #LanniePH at #MirasolPH. Maging handa sa banta ng mga biglaang pagbaha at mga pagguho ng lupa. Manatiling mag-monitor ng mga susunod pang update hinggil dito. — PWS/PSU #WeatherForecast #PotentialLPAs #HabagatPH Sana po Lord,hndi na matutuloy na dumating ung dalawang bagyo... Salamat Po, Amen",Unknown,2025-09-04 09:30,Unknown,https://www.facebook.com/stormchasersPH/posts/pfbid0PWU6JaMCJbR3cRQkCgrYURVDJdWssNGxAVrQJBii2wqsA2SmEnMzxsp7NLjusNf1l?__cft__[0]=AZUYRCVoz3tqz8-VDop5-UJWi-GUXpC-rm8PEpWGRUgk7o5Om1FP5ehdGAwWCohqT_rYRHQ9xk6OEXsKRAsHd1MS-OtazOQdldl-V-gAKlFeQjnbktXYt1f_0lfSk-oOePjei8ggiMT0vTxgi3YwymIKEVyKvYHz-NaQ7Y7K_ET006cwZh2uDZZOcKTidJsZLrM&__tn__=%2CO%2CP-R
Facebook,UNTVNewsRescue,"Tunghayan ang mga pinakabagong Balita sa oras na ito.
Subscribe to our official YouTube channel, https://bit.ly/2ImmXOi
Be the first to know about the latest updates on local and global issues, news and current affairs, 911-UNTV Rescue and public services.
We Serve the People. We Give Glory To God!
#UNTV #UNTVNewsandRescue 
For updates, visit: https://www.untvweb.com/news/
Check out our official social media accounts:
https://www.facebook.com/UNTVNewsRescue
https://www.twitter.com/untvnewsrescue
https://www.youtube.com/untvnewsandrescue
https://www.tiktok.com/@untvnewsandrescue/
Instagram account - @untvnewsrescue
Feel free to share but do not re-upload. Tunghayan ang mga pinakabagong Balita sa oras na ito. Subscribe to our official YouTube channel, https://bit.ly/2ImmXOi Be the first to know about the latest updates on local and global issues, news and current affairs, 911-UNTV Rescue and public services. We Serve the People. We Give Glory To God! #UNTV #UNTVNewsandRescue For updates, visit: https://www.untvweb.com/news/ Check out our official social media accounts: https://www.facebook.com/UNTVNewsRescue https://www.twitter.com/untvnewsrescue https://www.youtube.com/untvnewsandrescue https://www.tiktok.com/@untvnewsandrescue/ Instagram account - @untvnewsrescue Feel free to share but do not re-upload. Okay Hahaha Go",Unknown,2025-09-04 09:30,Unknown,https://www.facebook.com/UNTVNewsRescue/
Facebook,mprsdcdo,"Thunderstorm Advisory No. 1  #MINPRSD
Issued at 07:40 AM 04 September 2025
Light to Moderate rainshowers with lightning and strong winds are expected over #Basilan, #DavaoOccidental(Sarangani, SantaMaria), #DavaoDelSur(Malalag, Sulop, Kiblawan, Padada), #Sarangani(Malungon), #SouthCotabato(Tupi, Tampakan), #DinagatIslands, #SurigaoDelNorte(Socorro, SanFrancisco, SurigaoCity), #Sulu(Omar and Banguingui) within the next 1-2 hours.
Moderate to occasionally heavy rainshowers with lightning and strong winds are being experienced in #SurigaoDelNorte(SiargaoIsland) which may persist within 1-2 hours and may affect nearby areas.
All are advised to take precautionary measures against the impacts associated with these hazards which include flash floods and landslides.
Keep monitoring for updates. Thunderstorm Advisory No. 1  #MINPRSD Issued at 07:40 AM 04 September 2025 Light to Moderate rainshowers with lightning and strong winds are expected over #Basilan, #DavaoOccidental(Sarangani, SantaMaria), #DavaoDelSur(Malalag, Sulop, Kiblawan, Padada), #Sarangani(Malungon), #SouthCotabato(Tupi, Tampakan), #DinagatIslands, #SurigaoDelNorte(Socorro, SanFrancisco, SurigaoCity), #Sulu(Omar and Banguingui) within the next 1-2 hours. Moderate to occasionally heavy rainshowers with lightning and strong winds are being experienced in #SurigaoDelNorte(SiargaoIsland) which may persist within 1-2 hours and may affect nearby areas. All are advised to take precautionary measures against the impacts associated with these hazards which include flash floods and landslides. Keep monitoring for updates.",Unknown,2025-09-04 09:30,Unknown,https://www.facebook.com/mprsdcdo/posts/pfbid0CtdcfjQ5E4TcvwEa3LHpR5TkHWA9qzugFJVuvPjcDzVCSXiBT2d6ii3gi2h6C9b7l?__cft__[0]=AZUPF98gUjjsYMvAxOHDMSdxF4ZJkYHaWgZoayYEyPq-GLMTxr86P9CAZvSXVslYePRnT38aOQhREAZn03VZEyx93XyTiLwfcM03dcLivojjAai83vkGyVphFiKjjQ4zq_jmmqgLSzVFbEBJrzFdmgkb-oQgY1KLkpXs5viRqojp2uTKSLszyegE9cKxLtU8IzU&__tn__=%2CO%2CP-R
Facebook,#BahaPH,"Galit na Mga Estudyante: Hanggang Kailan Sila Lulusong sa Baha Papasok sa Paaralan?
#KabataanNgayon #BahaPH #SigawNgBayan
 Brief Description
Isang grupo ng estudyante na nakasuot ng uniporme ang napilitang lumusong sa baha hanggang bewang, puno ng basura at dumi. Habang papasok sa kanilang paaralan, isinisigaw nila ang galit at tanong kung hanggang kailan magtitiis sa paulit-ulit na pagbaha na hindi pa rin nalulutas ng gobyerno. Galit na Mga Estudyante: Hanggang Kailan Sila Lulusong sa Baha Papasok sa Paaralan? #KabataanNgayon #BahaPH #SigawNgBayan Brief Description Isang grupo ng estudyante na nakasuot ng uniporme ang napilitang lumusong sa baha hanggang bewang, puno ng basura at dumi. Habang papasok sa kanilang paaralan, isinisigaw nila ang galit at tanong kung hanggang kailan magtitiis sa paulit-ulit na pagbaha na hindi pa rin nalulutas ng gobyerno.",Unknown,2025-09-04 09:30,Unknown,https://www.facebook.com/hashtag/BahaPH
Facebook,#EarthquakeAlert,"EARTHQUAKE ALERT: Niyanig ng magnitude 3.8 na lindol ang San Francisco, Southern Leyte, alas-8:43 ng umaga ngayong Huwebes, Setyembre 4, ayon sa Philippine Institute of Volcanology and Seismology (PHIVOLCS). 
Iniulat din ng ahensya na may lalim na 10 kilometro ang nasabing lindol. 
Samantala, naitala ang instrumental intensity sa mga sumusunod na lugar: 
Intensity II - Padre Burgos, Southern Leyte
Intensity I - Malitbog, Southern Leyte
#PilipinasToday
#EarthquakeAlert
#Phivolcs
#SouthernLeyte 
#PeoplesTonight EARTHQUAKE ALERT: Niyanig ng magnitude 3.8 na lindol ang San Francisco, Southern Leyte, alas-8:43 ng umaga ngayong Huwebes, Setyembre 4, ayon sa Philippine Institute of Volcanology and Seismology (PHIVOLCS). Iniulat din ng ahensya na may lalim na 10 kilometro ang nasabing lindol. Samantala, naitala ang instrumental intensity sa mga sumusunod na lugar: Intensity II - Padre Burgos, Southern Leyte Intensity I - Malitbog, Southern Leyte #PilipinasToday #EarthquakeAlert #Phivolcs #SouthernLeyte #PeoplesTonight",Unknown,2025-09-04 09:30,Unknown,https://www.facebook.com/peoplestonight.org/posts/pfbid02QqZwfCepTc8hGmrGhaJCBCdwVzTjnsnzYX1gHYnz9xu8SP9UG1LTXH3CSnxggokSl?__cft__[0]=AZWpQynn1pyYWdU0-HERT0YcKkh5eylRpMUTwtQgBBe8tcJ-zlBTzUmspWEXt30BQtKsMkYl-H0IPs7xd-e96un-xM3ZzzfoDcwi19w_26IUDXrXeGyl8g8SVOnG_8sTxlk1FWDHrNxX5cPw_WMlFcypMmqeenI188jm1TEc3m25o5e_ZBu51JqXeATkwQEPEvA&__tn__=%2CO%2CP-R
Facebook,#EarthquakePH,"#EarthquakePH #EarthquakeSouthernLeyte
#iFelt_SouthernLeyteEarthquake
Earthquake Information No.1
Date and Time: 04 September 2025 - 08:43 AM
Magnitude = 3.8
Depth = 010 km
Location = 10.00°N, 125.15°E - 006 km S 7° W of San Francisco (Southern Leyte)
Reported Intensities:
Instrumental Intensities: 
Intensity II - Padre Burgos, SOUTHERN LEYTE 
Intensity I - Malitbog, SOUTHERN LEYTE
https://earthquake.phivolcs.dost.gov.ph/.../2025_0904... #EarthquakePH #EarthquakeSouthernLeyte #iFelt_SouthernLeyteEarthquake Earthquake Information No.1 Date and Time: 04 September 2025 - 08:43 AM Magnitude = 3.8 Depth = 010 km Location = 10.00°N, 125.15°E - 006 km S 7° W of San Francisco (Southern Leyte) Reported Intensities: Instrumental Intensities: Intensity II - Padre Burgos, SOUTHERN LEYTE Intensity I - Malitbog, SOUTHERN LEYTE https://earthquake.phivolcs.dost.gov.ph/.../2025_0904...",Unknown,2025-09-04 09:30,Unknown,https://www.facebook.com/PHIVOLCS/posts/pfbid02vChaVok8PGu6psxbBTM8S2BG8p1ivA2EE6WciqoGt1DiRWhCKKVF1J6X2cMc3owul?__cft__[0]=AZU0kzIRdMg9ew7D-BcnoTEgglQyyRkbS1BwW5sr-RU9_Z_VX41AOqbeISIxyvWnS3fdRgSV1Q2ixailTajhznI7fU-5ZYkHaIGXCKCB1ga0DowU5XXdHEBAkWYkSrcZFbHSdK9nxN4bfyLnP8S2PhuGvlXlSYKyAzy5zed1bzo9XBGe8GKRXGut4Ov9xuvrVBk&__tn__=%2CO%2CP-R
Facebook,#FireAlert,"#FireAlert: A fire broke out at a factory located in the Arroyo Compound, Matina Pangi, on Wednesday afternoon, September 3.
Initial reports indicate that firefighters are currently on the scene. #FireAlert: A fire broke out at a factory located in the Arroyo Compound, Matina Pangi, on Wednesday afternoon, September 3. Initial reports indicate that firefighters are currently on the scene.",Unknown,2025-09-04 09:30,Unknown,https://www.facebook.com/MindanaoTimes/posts/pfbid02B3c43trmzXM2vqygE3jAjJaVg6xYfvS3BPsnpX3JwE1waQB2AxgWp8Qn1a1ZgPSsl?__cft__[0]=AZWwsOj__bWluGLMlVItYiZnfUiR4gGqLb7Hgaqim5zeyeJmX5yvSqdp43Uv1YBGXb4A0rci0F2Xo3zdFMG5xfMfDVwSJxXoXtNBU1xgvOn6AN_EN0mk3wd0EAZK4fVxJQIXuab39mEI4QJA3RrnuzxvUbdzKLqibUjCITWXUbRZdHpi6myOoDUW7zN1i529v4E&__tn__=%2CO%2CP-R
Facebook,#StreetFloodAlert,"TRAFFIC ADVISORY 
 Location: Teofilo Road (from Diparo going to Liano Crossing)
 Date: September 4, 2025Expect heavy traffic in the area due to ongoing road repairs combined with the morning/evening rush hour flow. Vehicles passing through Liano Crossing are experiencing delays, especially with priority given to crossing vehicles.
 Plan your trip ahead and consider alternate routes to avoid being stuck.#TrafficUpdate #CommuteChronicles #RealTimeUlan #CebuUpdate #StreetFloodAlert #TagUlanSeason TRAFFIC ADVISORY 
 Location: Teofilo Road (from Diparo going to Liano Crossing)
 Date: September 4, 2025Expect heavy traffic in the area due to ongoing road repairs combined with the morning/evening rush hour flow. Vehicles passing through Liano Crossing are experiencing delays, especially with priority given to crossing vehicles.
 Plan your trip ahead and consider alternate routes to avoid being stuck.#TrafficUpdate #CommuteChronicles #RealTimeUlan #CebuUpdate #StreetFloodAlert #TagUlanSeason",Unknown,2025-09-04 09:30,Unknown,https://www.facebook.com/hashtag/StreetFloodAlert
Facebook,#tsunamialert,"Tatakbo ka ba o ma-freeze ka sa takot? 
#Tsunami #NatureIsPowerful #ViralVideo #TsunamiAlert #TagalogReels #TrendingPH #ForYou #FYP
: Credit to the rightful owner Tatakbo ka ba o ma-freeze ka sa takot? #Tsunami #NatureIsPowerful #ViralVideo #TsunamiAlert #TagalogReels #TrendingPH #ForYou #FYP : Credit to the rightful owner",Unknown,2025-09-04 09:30,Unknown,https://www.facebook.com/hashtag/tsunamialert
Facebook,abscbnNEWS,"HEAVY RAINFALL WARNING for Habagat 2 a.m., September 6, 2025
 Yellow Level 
• Bataan
• Zambales
 Flooding and landslides remain likely in these areas. HEAVY RAINFALL WARNING for Habagat 2 a.m., September 6, 2025 Yellow Level • Bataan • Zambales Flooding and landslides remain likely in these areas.",Unknown,2025-09-06 02:30,Unknown,https://www.facebook.com/abscbnNEWS/posts/pfbid0QzdpCx7aTrfkJNEYZmBmZk7XBsnyQ3CLzsFvMneTrDNDhyJUGHtyvJ9pjKcURYCQl?__cft__[0]=AZUNGRabbvio-AgMLNLMxsdB5tbnM1VnFoxLJJyKSgFf3y_PHD_FdyohcmMacqGxDFx_8l2N32NQplpQh-xT4GDsbv4brie9s_xkit_xpNjaqrtIsvkitCHgvRrmL2VfDNCzMk7M9DjoYXwWbxwZP8Du-aXIKka3teoGryIHc0VdM38NldEQkVJxDDq1-yBMA5o&__tn__=%2CO%2CP-R
Facebook,DavaoDRRMO,"𝐂𝐃𝐑𝐑𝐌𝐎-𝐎𝐏𝐂𝐄𝐍 𝐖𝐄𝐀𝐓𝐇𝐄𝐑 𝐔𝐏𝐃𝐀𝐓𝐄:
As of 10:38 PM | September 05, 2025
𝐖𝐞𝐚𝐭𝐡𝐞𝐫 𝐒𝐲𝐬𝐭𝐞𝐦: 𝙇𝙤𝙘𝙖𝙡𝙞𝙯𝙚𝙙 𝙏𝙝𝙪𝙣𝙙𝙚𝙧𝙨𝙩𝙤𝙧𝙢𝙨
Reported rainfall within the areas of Poblacion, Tugbok, and Calinan Districts has stopped.
Areas within Davao City are experiencing cloudy weather conditions.
All river channels are monitored at 𝐂𝐎𝐃𝐄 𝐆𝐑𝐄𝐄𝐍 (𝘚𝘢𝘧𝘦 𝘓𝘦𝘷𝘦𝘭).
𝐂𝐎𝐀𝐒𝐓𝐀𝐋 𝐒𝐓𝐀𝐓𝐔𝐒:
> Calm seas
> Going high tide 
#𝗪𝗲𝗮𝘁𝗵𝗲𝗿𝗨𝗽𝗱𝗮𝘁𝗲
#𝗗𝗮𝘃𝗮𝗼𝗖𝗶𝘁𝘆𝗗𝗥𝗥𝗠𝗢 𝐂𝐃𝐑𝐑𝐌𝐎-𝐎𝐏𝐂𝐄𝐍 𝐖𝐄𝐀𝐓𝐇𝐄𝐑 𝐔𝐏𝐃𝐀𝐓𝐄: As of 10:38 PM | September 05, 2025 𝐖𝐞𝐚𝐭𝐡𝐞𝐫 𝐒𝐲𝐬𝐭𝐞𝐦: 𝙇𝙤𝙘𝙖𝙡𝙞𝙯𝙚𝙙 𝙏𝙝𝙪𝙣𝙙𝙚𝙧𝙨𝙩𝙤𝙧𝙢𝙨 Reported rainfall within the areas of Poblacion, Tugbok, and Calinan Districts has stopped. Areas within Davao City are experiencing cloudy weather conditions. All river channels are monitored at 𝐂𝐎𝐃𝐄 𝐆𝐑𝐄𝐄𝐍 (𝘚𝘢𝘧𝘦 𝘓𝘦𝘷𝘦𝘭). 𝐂𝐎𝐀𝐒𝐓𝐀𝐋 𝐒𝐓𝐀𝐓𝐔𝐒: > Calm seas > Going high tide #𝗪𝗲𝗮𝘁𝗵𝗲𝗿𝗨𝗽𝗱𝗮𝘁𝗲 #𝗗𝗮𝘃𝗮𝗼𝗖𝗶𝘁𝘆𝗗𝗥𝗥𝗠𝗢",Unknown,2025-09-06 02:30,Unknown,https://www.facebook.com/DavaoDRRMO/posts/pfbid0ZmzSAxZLYS2rQe1ztnDRPHZWybuHnSibHyBAn24CRFzaH4rMdHdTrDyGRYbK83RMl?__cft__[0]=AZWpH2OyKc4nglFfi9ZOGyVrkK6o9ommjPX-HQQU-7qR_759d6meeqCiMOc-RPzk-o0_OHnSbepNnu1GeWLGe2SPmvdHkkdOBnw-uCmKx6IAeEI0S_xrDmkIHiw_nIPFxdaSQTK_1IG5p-E5VR7Gj7G-r__7_BiLDEqyReZH9m5YUPWpTOE0uWz8eA47sIy9-2w&__tn__=%2CO%2CP-R
Facebook,mprsdcdo,"Thunderstorm Advisory No. 23  #MINPRSD
Issued at 01:00 AM 06 September 2025
Light to Moderate rainshowers with lightning and strong winds are expected over #SouthCotabato(Surallah, Banga, T'Boli, Polomolok, GeneralSantosCity, LakeSebu, SantoNiño, Norala), #SultanKudarat(Bagumbayan, CityOfTacurong, Isulan), #DavaoOccidental(Malita), #Sarangani(Alabel), #NorthCotabato(Makilala, M'Lang, CityOfKidapawan, Magpet), #MaguindanaoDelSur(Pagalungan, Gen.S.K.Pendatun, Pagagawan), #ZamboangaCity, #ZamboangaSibugay(Tungawan, RosellerLim, Ipil, Naga, Kabasalan and Siay) within the next 1-2 hours.
Moderate to occasionally heavy rainshowers with lightning and strong winds are being experienced in #LanaoDelNorte(SultanNagaDimaporo, Kapatagan, Sapad), #ZamboangaDelSur(Tukuran, Labangan, PagadianCity, Dumalinao, SanPablo, Dinas, Dimataling, Pitogo, Tabina, VincenzoA.Sagun, Margosatubig), #ZamboangaSibugay(Alicia, Olutanga, Talusan, Mabuhay, Payao), #ZamboangaDelNorte(DapitanCity, DipologCity, Sibutad, Polanco, Rizal), #DavaoDelSur, #SultanKudarat(Columbio, Lutayan, PresidentQuirino), #NorthCotabato(Tulunan), #MaguindanaoDelSur(DatuPaglas, Buluan, Mangudadatu, Pandag, Paglat), #SouthCotabato(Tantangan, CityOfKoronadal, Tampakan, Tupi), #Sarangani(Malungon) and #DavaoOccidental(SantaMaria) which may persist within 1-2 hours and may affect nearby areas.
All are advised to take precautionary measures against the impacts associated with these hazards which include flash floods and landslides.
Keep monitoring for updates. Thunderstorm Advisory No. 23  #MINPRSD Issued at 01:00 AM 06 September 2025 Light to Moderate rainshowers with lightning and strong winds are expected over #SouthCotabato(Surallah, Banga, T'Boli, Polomolok, GeneralSantosCity, LakeSebu, SantoNiño, Norala), #SultanKudarat(Bagumbayan, CityOfTacurong, Isulan), #DavaoOccidental(Malita), #Sarangani(Alabel), #NorthCotabato(Makilala, M'Lang, CityOfKidapawan, Magpet), #MaguindanaoDelSur(Pagalungan, Gen.S.K.Pendatun, Pagagawan), #ZamboangaCity, #ZamboangaSibugay(Tungawan, RosellerLim, Ipil, Naga, Kabasalan and Siay) within the next 1-2 hours. Moderate to occasionally heavy rainshowers with lightning and strong winds are being experienced in #LanaoDelNorte(SultanNagaDimaporo, Kapatagan, Sapad), #ZamboangaDelSur(Tukuran, Labangan, PagadianCity, Dumalinao, SanPablo, Dinas, Dimataling, Pitogo, Tabina, VincenzoA.Sagun, Margosatubig), #ZamboangaSibugay(Alicia, Olutanga, Talusan, Mabuhay, Payao), #ZamboangaDelNorte(DapitanCity, DipologCity, Sibutad, Polanco, Rizal), #DavaoDelSur, #SultanKudarat(Columbio, Lutayan, PresidentQuirino), #NorthCotabato(Tulunan), #MaguindanaoDelSur(DatuPaglas, Buluan, Mangudadatu, Pandag, Paglat), #SouthCotabato(Tantangan, CityOfKoronadal, Tampakan, Tupi), #Sarangani(Malungon) and #DavaoOccidental(SantaMaria) which may persist within 1-2 hours and may affect nearby areas. All are advised to take precautionary measures against the impacts associated with these hazards which include flash floods and landslides. Keep monitoring for updates.",Unknown,2025-09-06 02:30,Unknown,https://www.facebook.com/mprsdcdo/posts/pfbid02BwNXofXFZFJcp6kSLxMuuNNzedxSMLMca2rxxFM54iRrgsg7h8xjaDQZaNLs3a6Xl?__cft__[0]=AZUGaKIkKtxHj8QOXKj8MzmzA_sQngwY9zHsigD-_XhLufkCnD1ounbjdWJKFgJ1lMfkOk9maZN2FqfEiAVsIuJxdbt2El3aSp5j61CmdUEOXTGWlZa_F2L9531a2jdqnZ-SdbQDJ1rTGQMWvMjtJjGjvTOAFo5DgxjjaRgFrZ57Q1EtS3h6VblMm843kHejO0M&__tn__=%2CO%2CP-R
Facebook,pagasa.dost.gov.ph,"Weather Advisory No. 7
For: Low Pressure Area (LPA) and Southwest Monsoon
Issued at: Sept. 5, 2025, 11 p.m.
Heavy rainfall outlook due to Low Pressure Area (LPA)
Tonight to tomorrow evening (September 6)
(50-100 mm):
Ilocos Sur, La Union, and Pangasinan
Heavy rainfall outlook due to Southwest Monsoon
Tonight to tomorrow evening (September 6)
Moderate to Heavy (50-100 mm):
Zambales
Forecast rainfall may be higher in mountainous and elevated areas. Moreover, impacts in some areas may be worsened by significant antecedent rainfall.
The public disaster risk reduction and management offices concerned are advised to take all necessary measures to protect life and property. PAGASA Regional Services Divisions may issue Heavy Rainfall Warnings/Thunderstorm Advisories, and other severe weather information specific to their areas of responsibility as appropriate.
Unless significant changes occur, the next Weather Advisory will be issued at 5:00 AM tomorrow.
𝐅𝐨𝐫 𝐀𝐝𝐝𝐢𝐭𝐢𝐨𝐧𝐚𝐥 𝐈𝐧𝐟𝐨𝐫𝐦𝐚𝐭𝐢𝐨𝐧: The key difference between a 𝐇𝐞𝐚𝐯𝐲 𝐑𝐚𝐢𝐧𝐟𝐚𝐥𝐥 𝐖𝐚𝐫𝐧𝐢𝐧𝐠 and a 𝐖𝐞𝐚𝐭𝐡𝐞𝐫 𝐀𝐝𝐯𝐢𝐬𝐨𝐫𝐲 lies in their forecast period, coverage areas, and accuracy. A 𝐇𝐞𝐚𝐯𝐲 𝐑𝐚𝐢𝐧𝐟𝐚𝐥𝐥 𝐖𝐚𝐫𝐧𝐢𝐧𝐠 provides forecasts for the next three hours and applies up to the municipal level. It is more precise as it utilizes Doppler radar technology to track real-time rainfall intensity, making it highly effective for immediate decision-making in flood-prone areas. A 𝐖𝐞𝐚𝐭𝐡𝐞𝐫 𝐀𝐝𝐯𝐢𝐬𝐨𝐫𝐲, on the other hand, covers a 24-hour period but is issued only at the provincial level. It provides a broader outlook on potential weather disturbances but lacks the short-term accuracy of 𝐇𝐞𝐚𝐯𝐲 𝐑𝐚𝐢𝐧𝐟𝐚𝐥𝐥 𝐖𝐚𝐫𝐧𝐢𝐧𝐠𝐬. Since a 𝐖𝐞𝐚𝐭𝐡𝐞𝐫 𝐀𝐝𝐯𝐢𝐬𝐨𝐫𝐲 is based on a 24-hour outlook, it should not be used as a basis for class suspensions or other official decisions.
Northern Luzon Prsd
PAGASA-National Capital Region PRSD
Pagasa Southern Luzon
PAGASA Visayas PRSD
Mindanao Prsd Weather Advisory No. 7 For: Low Pressure Area (LPA) and Southwest Monsoon Issued at: Sept. 5, 2025, 11 p.m. Heavy rainfall outlook due to Low Pressure Area (LPA) Tonight to tomorrow evening (September 6) (50-100 mm): Ilocos Sur, La Union, and Pangasinan Heavy rainfall outlook due to Southwest Monsoon Tonight to tomorrow evening (September 6) Moderate to Heavy (50-100 mm): Zambales Forecast rainfall may be higher in mountainous and elevated areas. Moreover, impacts in some areas may be worsened by significant antecedent rainfall. The public disaster risk reduction and management offices concerned are advised to take all necessary measures to protect life and property. PAGASA Regional Services Divisions may issue Heavy Rainfall Warnings/Thunderstorm Advisories, and other severe weather information specific to their areas of responsibility as appropriate. Unless significant changes occur, the next Weather Advisory will be issued at 5:00 AM tomorrow. 𝐅𝐨𝐫 𝐀𝐝𝐝𝐢𝐭𝐢𝐨𝐧𝐚𝐥 𝐈𝐧𝐟𝐨𝐫𝐦𝐚𝐭𝐢𝐨𝐧: The key difference between a 𝐇𝐞𝐚𝐯𝐲 𝐑𝐚𝐢𝐧𝐟𝐚𝐥𝐥 𝐖𝐚𝐫𝐧𝐢𝐧𝐠 and a 𝐖𝐞𝐚𝐭𝐡𝐞𝐫 𝐀𝐝𝐯𝐢𝐬𝐨𝐫𝐲 lies in their forecast period, coverage areas, and accuracy. A 𝐇𝐞𝐚𝐯𝐲 𝐑𝐚𝐢𝐧𝐟𝐚𝐥𝐥 𝐖𝐚𝐫𝐧𝐢𝐧𝐠 provides forecasts for the next three hours and applies up to the municipal level. It is more precise as it utilizes Doppler radar technology to track real-time rainfall intensity, making it highly effective for immediate decision-making in flood-prone areas. A 𝐖𝐞𝐚𝐭𝐡𝐞𝐫 𝐀𝐝𝐯𝐢𝐬𝐨𝐫𝐲, on the other hand, covers a 24-hour period but is issued only at the provincial level. It provides a broader outlook on potential weather disturbances but lacks the short-term accuracy of 𝐇𝐞𝐚𝐯𝐲 𝐑𝐚𝐢𝐧𝐟𝐚𝐥𝐥 𝐖𝐚𝐫𝐧𝐢𝐧𝐠𝐬. Since a 𝐖𝐞𝐚𝐭𝐡𝐞𝐫 𝐀𝐝𝐯𝐢𝐬𝐨𝐫𝐲 is based on a 24-hour outlook, it should not be used as a basis for class suspensions or other official decisions. Northern Luzon Prsd PAGASA-National Capital Region PRSD Pagasa Southern Luzon PAGASA Visayas PRSD Mindanao Prsd Halos walang tigil ang ulan dito sa Zambales binaha na",Unknown,2025-09-06 02:30,Unknown,https://www.facebook.com/PAGASA.DOST.GOV.PH/posts/pfbid02ikvU7hPFGkzmJ9WYMfWaTd6y6ymNrnqc6zTMDu48v433fENWKCa2AHvf7pWofEryl?__cft__[0]=AZWibsJzHGhL4Y8BMOoD-bGt32fOpjcuM3PV-Gd4npHhNj2hG5jC9HHNyppOnt8kuShX-Bo1VSiAfqny3q4y2L5miukKWE1kitkOAAL1cPm8Z8QlwaLGkoFNB3oT8Cm2IANh_rHMfSKzM1hHnoHoFUSdzjVg_CBMdG3FTiURAv_dZ0wXKaKgrkQEQug8hd4kbNU&__tn__=%2CO%2CP-R
Facebook,PHIVOLCS,"#EarthquakePH #EarthquakeZamboangaDelNorte
Earthquake Information No.1
Date and Time: 06 September 2025 - 02:45 AM
Magnitude = 2.2
Depth = 019 km
Location = 08.08°N, 122.95°E - 015 km N 53° E of Godod (Zamboanga Del Norte)
https://earthquake.phivolcs.dost.gov.ph/.../2025_0905... #EarthquakePH #EarthquakeZamboangaDelNorte Earthquake Information No.1 Date and Time: 06 September 2025 - 02:45 AM Magnitude = 2.2 Depth = 019 km Location = 08.08°N, 122.95°E - 015 km N 53° E of Godod (Zamboanga Del Norte) https://earthquake.phivolcs.dost.gov.ph/.../2025_0905...",Unknown,2025-09-06 02:30,Unknown,https://www.facebook.com/PHIVOLCS/posts/pfbid02ZJ9BXHqkDMSf9rEwLgP4WnEtTqLSENYcNdehq2U3WHoXsZKp3aTQNSdNAPrLaJzsl?__cft__[0]=AZU2nEXnYjWPZmvxxiqgyTk2ZPDrHZVixz1Yc7w3Viyvkg_O_zv8nO_k01aYjjuMWHV6sZFQa0UljHuhpaRMhmoylUjEXINn2tPNqMNFQympkAaoMBxgdo_Z-WEQpYGx_3JXE5udCHWffK1FfCq9ZeDdcLa-uK3szIDEpeOqhTtt_dUJgf27nGZKtVK0UqqIu14&__tn__=%2CO%2CP-R
Facebook,stormchasersPH,"LPA sa bahagi ng West Philippine Sea, nagbabadya nang maging bagyo sa loob ng 24 oras. Tatawagin itong #LanniePH sakaling mabuo habang nasa loob ng PAR. Keep safe everyone God bless us na naws malusaw na lang po ang bagyo huag na pong makapasok mahabag ka po sa mga snak mo na hanggang ngayon naka babad pa sa tubig ito po ang aming sama samang panalangin in Jesus name amen",Unknown,2025-09-06 02:30,Unknown,https://www.facebook.com/stormchasersPH/posts/pfbid08kv8HM2y8hnHwvsyae9xuAinrbuAVqnHrjeu4uzSJqXmcsGPPZAq6KhXw5MKioKRl?__cft__[0]=AZUyYD_2P86CfVXRZLGh2TtnWXQ17qqL0iKBj-Me11O1QizwwR-oQiPGYoKClnqqIgyv7n7-d1qz52T1JwjvcmsfkCisShZV7Ais6bNBmL4MEcyTB2OvgEpmgnoJSLEP2_tyy1hI9wiAssqNh49l5T8Hoehlu0sGBDsryI28fRSMFFECzX6OSp_jGwu65YnzfRQ&__tn__=%2CO%2CP-R
Facebook,mprsdcdo,"Thunderstorm Advisory No. 24  #MINPRSD
Issued at 03:00 AM 06 September 2025
Light to Moderate rainshowers with lightning and strong winds are expected over #Sulu, #Basilan, #Sarangani(Maitum, Kiamba, Maasim and Malungon) within the next 1-2 hours.
Moderate to occasionally heavy rainshowers with lightning and strong winds are being experienced in #TawiTawi, #ZamboangaCity, #ZamboangaSibugay(Alicia, Talusan, Mabuhay, Olutanga, Payao, Malangas, Buug, Imelda), #ZamboangaDelSur(Kumalarang, Lapuyan, Margosatubig, VincenzoA.Sagun, Dimataling, Pitogo, Tabina) and #SouthCotabato which may persist within 1-2 hours and may affect nearby areas.
All are advised to take precautionary measures against the impacts associated with these hazards which include flash floods and landslides.
Keep monitoring for updates. Thunderstorm Advisory No. 24  #MINPRSD Issued at 03:00 AM 06 September 2025 Light to Moderate rainshowers with lightning and strong winds are expected over #Sulu, #Basilan, #Sarangani(Maitum, Kiamba, Maasim and Malungon) within the next 1-2 hours. Moderate to occasionally heavy rainshowers with lightning and strong winds are being experienced in #TawiTawi, #ZamboangaCity, #ZamboangaSibugay(Alicia, Talusan, Mabuhay, Olutanga, Payao, Malangas, Buug, Imelda), #ZamboangaDelSur(Kumalarang, Lapuyan, Margosatubig, VincenzoA.Sagun, Dimataling, Pitogo, Tabina) and #SouthCotabato which may persist within 1-2 hours and may affect nearby areas. All are advised to take precautionary measures against the impacts associated with these hazards which include flash floods and landslides. Keep monitoring for updates.",Unknown,2025-09-06 02:30,Unknown,https://www.facebook.com/mprsdcdo/posts/pfbid0AnkiL2PnqwWkqrkKhhTMtfE5R6EwTScw72YR7qq7BHKWUJNg84vz11qhZD9HJQnAl?__cft__[0]=AZUtGrZ_PHYBh4JcD0aNwjBgDMlkTKafsJh5gape9vmVwsTQjbXsnGpmS34cp4Jg1d8KZ3weTZddO7aZwzepu89kyhSUGnqoISn3_MbIR8xwj5aPu8FA1nUkvorbrh3eVnXVp4HHpYIg3XRx15Dqdhz2Rv0bCjWAFzxuzZfoYlqoOMS_2xIOZNwjq6YkhbLFcRo&__tn__=%2CO%2CP-R
Facebook,#EarthquakePH,"#EarthquakePH #EarthquakeDinagatIslands
Earthquake Information No.1
Date and Time: 06 September 2025 - 03:28 AM
Magnitude = 3.0
Depth = 025 km
Location = 10.21°N, 125.81°E - 029 km N 55° E of Basilisa (Dinagat Islands)
https://earthquake.phivolcs.dost.gov.ph/.../2025_0905... #EarthquakePH #EarthquakeDinagatIslands Earthquake Information No.1 Date and Time: 06 September 2025 - 03:28 AM Magnitude = 3.0 Depth = 025 km Location = 10.21°N, 125.81°E - 029 km N 55° E of Basilisa (Dinagat Islands) https://earthquake.phivolcs.dost.gov.ph/.../2025_0905...",Unknown,2025-09-06 02:30,Unknown,https://www.facebook.com/PHIVOLCS/posts/pfbid02DHM7h8mEaMCj17nw2GMnEoCP6g2pY4svzSfv1MGNwYiBYopQadzJ8nuJySQ3APEYl?__cft__[0]=AZVMmE1bH3dNLqkiksa9xpZxbrTIn-vE80kSKKxO9z1krknWFYv4aEsfOdg6oCLQ8KdIzUeeAsf4s95lIXcVeqvqV2RHEUG1muOMrFj3RWtHnNSwOuEhq8mFke9Dgv-cCIYibk5r6ghxk4MpA5OrhcHzzMk847b8JqSwnUuVc5AzSPrIniyOuqsmBkNfcZqUEzQ&__tn__=%2CO%2CP-R
Facebook,#FireAlert,"𝗠𝗢𝗧𝗢𝗥𝗦𝗜𝗞𝗟𝗢, 𝗡𝗔𝗦𝗨𝗡𝗢𝗚 𝗦𝗔 𝗗𝗜𝗩𝗘𝗥𝗦𝗜𝗢𝗡 𝗥𝗢𝗔𝗗
LOOK: Usa ka motorsiklo ang misilaob sa C.P. Garcia Highway (Diversion Road), Davao City karong buntag, Setyembre 5, 2025.
Padayun pang ginapanubayan ang maong insidente. 
#FireAlert
#DiversionRoad #DavaoUpdates
| 
 screengrab from Cindy Vlog, Marc Go TV/Facebook 𝗠𝗢𝗧𝗢𝗥𝗦𝗜𝗞𝗟𝗢, 𝗡𝗔𝗦𝗨𝗡𝗢𝗚 𝗦𝗔 𝗗𝗜𝗩𝗘𝗥𝗦𝗜𝗢𝗡 𝗥𝗢𝗔𝗗 LOOK: Usa ka motorsiklo ang misilaob sa C.P. Garcia Highway (Diversion Road), Davao City karong buntag, Setyembre 5, 2025. Padayun pang ginapanubayan ang maong insidente. #FireAlert #DiversionRoad #DavaoUpdates | 
 screengrab from Cindy Vlog, Marc Go TV/Facebook",Unknown,2025-09-06 02:30,Unknown,https://www.facebook.com/DavaoDevUpdates/posts/pfbid02S2hZHCKTdys9Q65CBwW9NrBaNBRBs161GNZcHqkRKcdfucH4AvTbeJipWC95nZLRl?__cft__[0]=AZUvk6Ws2zcQbluUbDA4KV4mj-s-gPk4hrcjCbjbqevoLrPyz_tbF5Gmk3pyZx-SL83JMU_c9Aag8JRNShJhC5zUcnSL0lMEKZMAuHzE9f0W1hXEfByTmevpUW00MrAK4DNoG8glJct71J2ArR5brwFx51-wyaOV-olMpO7LmfiWaBIZoJ_oynhxzBMrDcN36fk&__tn__=%2CO%2CP-R
Facebook,#StreetFloodAlert,"BAHA UPDATE | BAGONG SILANGAN, QC
 Around 1PM | 68 Veterans, Barangay Bagong Silangan, Quezon City
Hanggang bewang na ang baha sa lugar kahit hindi malakas ang ulan.
Matagal na rin pero hindi pa rin humuhupa ang tubig.
 Walang mga batang naglalaro sa lansangan — tahimik pero lubog ang paligid.
 “Kahit hindi malakas ang ulan, baha pa rin. Sana maagapan.”
 Stay safe po sa mga residente ng Bagong Silangan.
I-monitor lagi ang lagay ng panahon at iwasan ang paglusong sa baha.
 Thank you for watching!
—
#BagongSilanganUpdate #QuezonCityFlood #BahaPH #RealTimeUlan #UlanWatch #StreetFloodAlert #CommuteChronicles #WeatherUpdatePH #TagUlanSeason #BasangBasaSaUlan BAHA UPDATE | BAGONG SILANGAN, QC Around 1PM | 68 Veterans, Barangay Bagong Silangan, Quezon City Hanggang bewang na ang baha sa lugar kahit hindi malakas ang ulan. Matagal na rin pero hindi pa rin humuhupa ang tubig. Walang mga batang naglalaro sa lansangan — tahimik pero lubog ang paligid. “Kahit hindi malakas ang ulan, baha pa rin. Sana maagapan.” Stay safe po sa mga residente ng Bagong Silangan. I-monitor lagi ang lagay ng panahon at iwasan ang paglusong sa baha. Thank you for watching! — #BagongSilanganUpdate #QuezonCityFlood #BahaPH #RealTimeUlan #UlanWatch #StreetFloodAlert #CommuteChronicles #WeatherUpdatePH #TagUlanSeason #BasangBasaSaUlan",Unknown,2025-09-06 02:30,Unknown,https://www.facebook.com/hashtag/StreetFloodAlert
Facebook,abscbnNEWS,"Phivolcs reported of an increased seismic activity in Mayon Volcano on Saturday, September 6, 2025.
A total of 26 volcanic earthquakes have been recorded in Mayon since 12 a.m., according to an advisory issued by the agency at 5:30 p.m.
Phivolcs also said the volcano has been exhibiting non-uniform inflation or swelling in its northeastern and south to southwestern sectors since October 2024 and March 2025, respectively.
""Increased seismicity today as well as longer-term swelling of the edifice could indicate deep magma intrusion may be taking place beneath the volcano, which could increase the chances of steam-driven or phreatic eruptions occurring at the crater,"" the advisory read.
Mayon Volcano remains at alert level 1. Phivolcs reported of an increased seismic activity in Mayon Volcano on Saturday, September 6, 2025. A total of 26 volcanic earthquakes have been recorded in Mayon since 12 a.m., according to an advisory issued by the agency at 5:30 p.m. Phivolcs also said the volcano has been exhibiting non-uniform inflation or swelling in its northeastern and south to southwestern sectors since October 2024 and March 2025, respectively. ""Increased seismicity today as well as longer-term swelling of the edifice could indicate deep magma intrusion may be taking place beneath the volcano, which could increase the chances of steam-driven or phreatic eruptions occurring at the crater,"" the advisory read. Mayon Volcano remains at alert level 1. Grabi malas nayon naging swimming pool na ang manila tas iba na nman Lindol galit na kalikasan sa vangag at kbaklaan mas dami bakla kysa puno",Unknown,2025-09-06 18:00,Unknown,https://www.facebook.com/abscbnNEWS/posts/pfbid0VhzJoTra1hmB5SGfwfxQWPANS76LCZbYrw7DCLLfyG4YyidyrKx82aDmQbQRmwP3l?__cft__[0]=AZUrl_5KaG9TOQsY6QLnelGjTrLVQ-E-ZlNFAolNRap_wzqV5bs_8AbaZtPEoHVWenVv0T9KD9MqR5Ro6xvXTsVw2Cw--vEqqMYbgpjW22rwsMSGpz5dzKNxbtp4zuo-i5Hoq0Vo2cxKf8vXTbDcNyyKhcdXzsR0L93O8GxOjybIHPwiw3YXL51Q6_uXiaKf-4k&__tn__=%2CO%2CP-R
Facebook,PHIVOLCS,"MAYON VOLCANO ADVISORY
06 September 2025
5:30 PM
This is a notice of increased seismic activity in Mayon Volcano.
Since 12:00 AM today, 6 September 2025, a total of 26 volcanic earthquakes have been recorded by the Mayon Volcano Network. These events registered at strengths of ML0.4-ML2.7 and most originated at depths of 5-10 kilometers beneath the northeast flank of the Mayon edifice.  Mayon has been exhibiting non-uniform inflation or swelling in its northeastern sector since October 2024 and its south to southwestern sectors since March 2025 based on continuous GPS, electronic tilt and EDM ground deformation data. Sulfur dioxide SO2 emissions have remained near background levels, averaging 430 tonnes/day this year with the latest measurements on 3 September 2025 averaging 609 tonnes/day. Increased seismicity today as well as longer-term swelling of the edifice could indicate that deep magma intrusion may be taking place beneath the volcano, which could increase the chances of steam-driven or phreatic eruptions occurring at the crater.  
DOST-PHIVOLCS would like to remind the public that Mayon Volcano is at Alert Level 1, which means that it is at an abnormal condition. Although this means that no magmatic eruption is imminent as of present, the public is strongly advised to refrain from entering the 6-kilometer radius Permanent Danger Zone (PDZ) due to life-threatening hazards such as rockfall, landslides/avalanches, ballistic projectiles and short pyroclastic density currents (PDCs) or “uson” that could be generated by a sudden phreatic eruption from the summit. Active stream/river channels and those identified as perennially lahar-prone areas on all sectors of the volcano should also be avoided especially during extreme weather conditions when there is heavy and prolonged rainfall. Civil aviation authorities must advise pilots to avoid flying close to the volcano’s summit as airborne ash and ballistic fragments from sudden explosions and PDCs may pose hazards to aircraft. 
DOST-PHIVOLCS maintains close monitoring of Mayon Volcano and any new development will be communicated to all concerned stakeholders.
DOST-PHIVOLCS MAYON VOLCANO ADVISORY 06 September 2025 5:30 PM This is a notice of increased seismic activity in Mayon Volcano. Since 12:00 AM today, 6 September 2025, a total of 26 volcanic earthquakes have been recorded by the Mayon Volcano Network. These events registered at strengths of ML0.4-ML2.7 and most originated at depths of 5-10 kilometers beneath the northeast flank of the Mayon edifice.  Mayon has been exhibiting non-uniform inflation or swelling in its northeastern sector since October 2024 and its south to southwestern sectors since March 2025 based on continuous GPS, electronic tilt and EDM ground deformation data. Sulfur dioxide SO2 emissions have remained near background levels, averaging 430 tonnes/day this year with the latest measurements on 3 September 2025 averaging 609 tonnes/day. Increased seismicity today as well as longer-term swelling of the edifice could indicate that deep magma intrusion may be taking place beneath the volcano, which could increase the chances of steam-driven or phreatic eruptions occurring at the crater. DOST-PHIVOLCS would like to remind the public that Mayon Volcano is at Alert Level 1, which means that it is at an abnormal condition. Although this means that no magmatic eruption is imminent as of present, the public is strongly advised to refrain from entering the 6-kilometer radius Permanent Danger Zone (PDZ) due to life-threatening hazards such as rockfall, landslides/avalanches, ballistic projectiles and short pyroclastic density currents (PDCs) or “uson” that could be generated by a sudden phreatic eruption from the summit. Active stream/river channels and those identified as perennially lahar-prone areas on all sectors of the volcano should also be avoided especially during extreme weather conditions when there is heavy and prolonged rainfall. Civil aviation authorities must advise pilots to avoid flying close to the volcano’s summit as airborne ash and ballistic fragments from sudden explosions and PDCs may pose hazards to aircraft. DOST-PHIVOLCS maintains close monitoring of Mayon Volcano and any new development will be communicated to all concerned stakeholders. DOST-PHIVOLCS",Unknown,2025-09-06 18:00,Unknown,https://www.facebook.com/PHIVOLCS/posts/pfbid0LgYZ25QnLUzpu99QucgMmpmFeCNKqjA6Lq6RdQuv7JdMonrdTa7Jb3w9aRq1QDcSl?__cft__[0]=AZVAZq4Qt7su0yaNSmeZ0L5tP9Pb5INhtNfZ-CEWSCWfdONz_vh9FfgDGssd4IUEfhrElhQ_wG7laWMcNWecp86-ZxcvkbqPGq91nl-KChk4rsgXRq9HZGOycEFzVkCUzWUCs4CHtNei3oV5yxFG8OyZnAU3RaGSep__VQB-d8V8tesfR-tw_v75212HW51afqU&__tn__=%2CO%2CP-R
Facebook,#EarthquakeAlert,"#EarthquakeAlert #RapuRapu #Albay  #earthquakeinformationno1
Niyanig ng Magnitude 2.3 na lindol kaninang 4:11 PM ang lalawigan ng Albay partikular na sa Silangang bahagi ng Rapu-Rapu.
Ayon pa sa Philippine Institute of Volcanology and Seismology (PHIVOLCS-DOST), ito ay may lalim na 021 km.
Source: https://earthquake.phivolcs.dost.gov.ph/.../2025_0906... #EarthquakeAlert #RapuRapu #Albay  #earthquakeinformationno1 Niyanig ng Magnitude 2.3 na lindol kaninang 4:11 PM ang lalawigan ng Albay partikular na sa Silangang bahagi ng Rapu-Rapu. Ayon pa sa Philippine Institute of Volcanology and Seismology (PHIVOLCS-DOST), ito ay may lalim na 021 km. Source: https://earthquake.phivolcs.dost.gov.ph/.../2025_0906...",Unknown,2025-09-06 18:00,Unknown,https://www.facebook.com/pioalbay2023/posts/pfbid029TsPN8AHqm4bXAzCYTCwafaiLyKt5Wn6ZQkg5ANFDZJkLiWZoLEb2F3CsTEyLG3zl?__cft__[0]=AZUyuFwIi8GzCe0ndaUa-1IPGpkNyyqh_QoQb7mL653f6Xp-SDP39T9Tht6DbjbY4X0ON7W37RbeR0MZeb9q27BkKEQAkODOqmbuERHC8sg_rJTB2vz0-fuE153VINyP-iRx9qAIcr2vpxJeElL7IrN8T_TEkL-iC5fPkJ6dz_78aY2Eo1cZJQqL3kbqWqlGztI&__tn__=%2CO%2CP-R
Facebook,#FireAlert,"#FireAlert
WATCH: (UPDATED)THE Bureau of Fire Protection (BFP) reported around P200,000 worth of damages due to the fire incident near Bolton Bridge along Quimpo Boulevard in Davao City on Saturday morning, January 15, 2022.
Read more: https://www.sunstar.com.ph/.../p200000-damages-due-to...
RJ Pañares
#AllYouNeedToKnow #FireAlert WATCH: (UPDATED)THE Bureau of Fire Protection (BFP) reported around P200,000 worth of damages due to the fire incident near Bolton Bridge along Quimpo Boulevard in Davao City on Saturday morning, January 15, 2022. Read more: https://www.sunstar.com.ph/.../p200000-damages-due-to... RJ Pañares #AllYouNeedToKnow",Unknown,2025-09-06 18:00,Unknown,https://www.facebook.com/hashtag/FireAlert
Facebook,DavaoDRRMO,"𝐂𝐃𝐑𝐑𝐌𝐎-𝐎𝐏𝐂𝐄𝐍 𝐖𝐄𝐀𝐓𝐇𝐄𝐑 𝐅𝐎𝐑𝐄𝐂𝐀𝐒𝐓:
𝐈𝐒𝐒𝐔𝐄𝐃 𝐀𝐓: 𝟎𝟓:𝟎𝟎 𝐏𝐌, 𝟎𝟔 𝐒𝐞𝐩𝐭𝐞𝐦𝐛𝐞𝐫 𝟐𝟎𝟐𝟓
𝐕𝐀𝐋𝐈𝐃 𝐔𝐍𝐓𝐈𝐋: 𝟎𝟓:𝟎𝟎 𝐏𝐌 𝐓𝐨𝐦𝐨𝐫𝐫𝐨𝐰
𝐒𝐘𝐍𝐎𝐏𝐒𝐈𝐒:
Localized Thunderstorms affecting Mindanao.
𝐅𝐎𝐑𝐄𝐂𝐀𝐒𝐓:
Davao City will have partly cloudy to cloudy skies with isolated rain showers or thunderstorms due to Localized Thunderstorms. Light to moderate winds from southeast to south with slight to moderate seas.
𝐒𝐨𝐮𝐫𝐜𝐞: 𝘿𝙊𝙎𝙏-𝙋𝘼𝙂𝘼𝙎𝘼
#𝐖𝐞𝐚𝐭𝐡𝐞𝐫𝐅𝐨𝐫𝐞𝐜𝐚𝐬𝐭
#𝐃𝐚𝐯𝐚𝐨𝐂𝐢𝐭𝐲𝐃𝐑𝐑𝐌𝐎 𝐂𝐃𝐑𝐑𝐌𝐎-𝐎𝐏𝐂𝐄𝐍 𝐖𝐄𝐀𝐓𝐇𝐄𝐑 𝐅𝐎𝐑𝐄𝐂𝐀𝐒𝐓: 𝐈𝐒𝐒𝐔𝐄𝐃 𝐀𝐓: 𝟎𝟓:𝟎𝟎 𝐏𝐌, 𝟎𝟔 𝐒𝐞𝐩𝐭𝐞𝐦𝐛𝐞𝐫 𝟐𝟎𝟐𝟓 𝐕𝐀𝐋𝐈𝐃 𝐔𝐍𝐓𝐈𝐋: 𝟎𝟓:𝟎𝟎 𝐏𝐌 𝐓𝐨𝐦𝐨𝐫𝐫𝐨𝐰 𝐒𝐘𝐍𝐎𝐏𝐒𝐈𝐒: Localized Thunderstorms affecting Mindanao. 𝐅𝐎𝐑𝐄𝐂𝐀𝐒𝐓: Davao City will have partly cloudy to cloudy skies with isolated rain showers or thunderstorms due to Localized Thunderstorms. Light to moderate winds from southeast to south with slight to moderate seas. 𝐒𝐨𝐮𝐫𝐜𝐞: 𝘿𝙊𝙎𝙏-𝙋𝘼𝙂𝘼𝙎𝘼 #𝐖𝐞𝐚𝐭𝐡𝐞𝐫𝐅𝐨𝐫𝐞𝐜𝐚𝐬𝐭 #𝐃𝐚𝐯𝐚𝐨𝐂𝐢𝐭𝐲𝐃𝐑𝐑𝐌𝐎",Unknown,2025-09-06 18:30,Unknown,https://www.facebook.com/DavaoDRRMO/posts/pfbid0225YjSVjJcejwJfbXRbcpAhhNGftBN5S8JEBp3m5XAX3JixW5UrHbB8WHpZCRCPDPl?__cft__[0]=AZXFTtxNv_1DlASz5qj-cmukh9h-A8B-zbZKcyHkHU4tZyyh3-ph60T9DaJSBv3QbZMVxbCxSvS577TkNqDp4xMuivZDRFvThI5N0UnP133M6yYwWgfaVKvud0vk_Ih-KZU4qBqFBptDvdhd27Rp47w8cPbcYH8fgWhvXKw4Xe4MkhZRzhggSt8eDFaI9zSORUc&__tn__=%2CO%2CP-R
Facebook,manilabulletin,"The Daily Rundown September 6 —
1. PBBM rallies support for Creative Industries Month
READ: https://mb.com.ph/.../pbbm-rallies-support-for-creative...
2. Sarah Discaya, 4 other contractors formally issued subpoenas in House inquiry
READ: https://mb.com.ph/.../sarah-discaya-4-other-contractors...
3. DND defends Teodoro after Chinese embassy's rant
READ: https://mb.com.ph/.../dnd-defends-teodoro-after-chinese...
* China warns PH officials anew: Provocations, troublemaking will 'backfire'
READ: https://mb.com.ph/.../china-warns-ph-officials-anew...
4. Tropical Depression Lannie forms west of Northern Luzon, seen to exit PAR today — PAGASA
READ: https://mb.com.ph/.../tropical-depression-lannie-forms...
5. Israel strikes high-rise building as it sets sights on taking over Gaza City
READ: https://mb.com.ph/.../israel-strikes-high-rise-building... The Daily Rundown September 6 — 1. PBBM rallies support for Creative Industries Month READ: https://mb.com.ph/.../pbbm-rallies-support-for-creative... 2. Sarah Discaya, 4 other contractors formally issued subpoenas in House inquiry READ: https://mb.com.ph/.../sarah-discaya-4-other-contractors... 3. DND defends Teodoro after Chinese embassy's rant READ: https://mb.com.ph/.../dnd-defends-teodoro-after-chinese... * China warns PH officials anew: Provocations, troublemaking will 'backfire' READ: https://mb.com.ph/.../china-warns-ph-officials-anew... 4. Tropical Depression Lannie forms west of Northern Luzon, seen to exit PAR today — PAGASA READ: https://mb.com.ph/.../tropical-depression-lannie-forms... 5. Israel strikes high-rise building as it sets sights on taking over Gaza City READ: https://mb.com.ph/.../israel-strikes-high-rise-building...",Unknown,2025-09-06 18:30,Unknown,https://www.facebook.com/ManilaBulletin/
Facebook,stormchasersPH,"BAHA SA CAMELLA HOMES 
Nakaranas ng pagbaha ang Camella Homes Phase IV-A sa Las Piñas City ngayong Sabado, September 6, matapos ang malakas na buhos ng ulan dulot ng nabuong thunderstorm.
 Camella Homes Phase IV-A Homeowners Association Inc. BAHA SA CAMELLA HOMES Nakaranas ng pagbaha ang Camella Homes Phase IV-A sa Las Piñas City ngayong Sabado, September 6, matapos ang malakas na buhos ng ulan dulot ng nabuong thunderstorm. Camella Homes Phase IV-A Homeowners Association Inc. God have mercy please save the people who were affected of floodings as it may bring them different kind of illness and damages to properties. Have mercy Father Almighty. I pray in Jesus name. AMEN",Unknown,2025-09-06 18:30,Unknown,https://www.facebook.com/stormchasersPH/posts/pfbid02BYf2BWY8TPtkNrjZTdyZYH7hV1Gjjey1Xy3Ftuuj8Rxy5LdZX94WQd4rQMS3hq9Bl?__cft__[0]=AZU55HQbERWYsTysD7PhlyfwapcyJBXAYGRz83NMS_DIuFdzTCL8fiyYZbKtMpbpkzMLx89FBTKzLCp0JkDnAIwo-BF_ab9-l_4eBW12H1cLYCGFsUxLwXbtGk4t1FQXOnL1HR3cNaoR6ZAx2pvrPFjrd67SedUXeCE69r9-2l9eHH9kMMkIyt9BoodpAJ7JOd4&__tn__=%2CO%2CP-R
Facebook,#FireAlert,"FIRE ALERT| Reported Establishment on Fire at Gmall Bajada (Bodega-3rd Flr)
Firefighters proceeding.
#Firealert
#Sunog
#FCFF89
#FilipinoChineseFireFightersProceesing
#WeCommitToServeNotAbuse FIRE ALERT| Reported Establishment on Fire at Gmall Bajada (Bodega-3rd Flr) Firefighters proceeding. #Firealert #Sunog #FCFF89 #FilipinoChineseFireFightersProceesing #WeCommitToServeNotAbuse",Unknown,2025-09-06 18:30,Unknown,https://www.facebook.com/FCFF89DragonBase/posts/pfbid0JAXkD7L77BdrBxKLe6SMdNyP3rVjXNVN2Ukx2ajpUCLcvQ3Nx6xXApr2CYdtZdX2l?__cft__[0]=AZXlJHWraHZQMXZrFgMNu_2XIPK5bZZ6HvU10DlAZUhtsxSDUxeIxO-lzcJ4ErlsKMuCPhNpy9f0MgZJO4fO7rjJEPmKd27EiV0uzAyWZ8C2suZSe1CG5fVJaXOFxg_zyODs-lo2p0YPchIlvYVJrvHNN-XDsb6ZHjAdex_GB7gicQwWOO8VohKImJ5D2u4jU95BJpwwGXtQgK8OkyiBJTQn&__tn__=%2CO%2CP-R
Facebook,stormchasersPH,"BAHA SA CAMELLA HOMES 
Nakaranas ng pagbaha ang Camella Homes Phase IV-A sa Las Piñas City ngayong Sabado, September 6, matapos ang malakas na buhos ng ulan dulot ng nabuong thunderstorm.
 Camella Homes Phase IV-A Homeowners Association Inc. BAHA SA CAMELLA HOMES Nakaranas ng pagbaha ang Camella Homes Phase IV-A sa Las Piñas City ngayong Sabado, September 6, matapos ang malakas na buhos ng ulan dulot ng nabuong thunderstorm. Camella Homes Phase IV-A Homeowners Association Inc. #TATAKVILLAR ganyan din po dito sa amin sa Camella Homes Fiorenza Apalit Pampanga #CamellaFiorenza pero ang tubig baha po dito mataas hanggang lampas tao sa ibang Phase at block, maitim, madumi, mabaho kagaya nila.",Unknown,2025-09-06 19:00,Unknown,https://www.facebook.com/stormchasersPH/posts/1745269859581269?__cft__[0]=AZW3lPqrPZNnn9XVmiB1o-DJQwnLV-F73UKZ_YXI_lHMwg1yfQA_GcdpsCqlz89z7kt4Wb1PR5w3b0DyjiDgz9ZSy6uTPgrFlITPWW_f_G1gsWYQZl4evnyBuRyimtdYzOa6Uh852VH-85HbTfDz_qDZkWQbrOmXiROHXEc2bB4CKDafFIfk2lx4HKtnbXa7SeU&__tn__=%2CO%2CP-R
Facebook,stormchasersPH,"#TATAKVILLAR ganyan din po dito sa amin sa Camella Homes Fiorenza Apalit Pampanga #CamellaFiorenza pero ang tubig baha po dito mataas hanggang lampas tao sa ibang Phase at block, maitim, madumi, mabaho kagaya nila.",Unknown,2025-09-06 19:00,Unknown,https://www.facebook.com/stormchasersPH/posts/1745269859581269?comment_id=1443680550180600&__cft__[0]=AZW3lPqrPZNnn9XVmiB1o-DJQwnLV-F73UKZ_YXI_lHMwg1yfQA_GcdpsCqlz89z7kt4Wb1PR5w3b0DyjiDgz9ZSy6uTPgrFlITPWW_f_G1gsWYQZl4evnyBuRyimtdYzOa6Uh852VH-85HbTfDz_qDZkWQbrOmXiROHXEc2bB4CKDafFIfk2lx4HKtnbXa7SeU&__tn__=R-R
Facebook,weather.davao,"24-HOUR LOCALIZED WEATHER FORECAST FOR DAVAO REGION
Issued at 5:00 PM SEPTEMBER 6, 2025
Valid Until 5:00 PM TOMORROW
SYNOPSIS:
Localized Thunderstorms affecting DAVAO REGION. 
TC Information:
TROPICAL CYCLONE OUTSIDE PAR AS OF 3:00 PM TODAY
TROPICAL DEPRESSION (FORMERLY ""LANNIE"")
LOCATION: 430 KM WEST OF SINAIT, ILOCOS SUR (18.2°N, 116.4°E)
MAXIMUM SUSTAINED WINDS: 55 KM/H
GUSTINESS: UP TO 70 KM/H
MOVEMENT: WEST NORTHWESTWARD AT 15 KM/H
FORECAST:  
DAVAO REGION will have partly cloudy to cloudy skies with isolated rainshowers or thunderstorms due to Localized Thunderstorms . Possible flash floods or landslides during severe thunderstorms. Light to moderate winds from southeast to south with slight to moderate seas (0.6 to 1.2 meters).
KAUGALINGONG PINULUNGAN: 
Ang syudad sa Dabaw ug ubang dapit sa REHIYON SA DABAW makasinati sa panalagsang pagdag-um ngadto sa mapanganuron nga kalangitan inubanan sa pat-ak pat-ak nga pag-ulan, kilat ug pagpanalugdog tungod sa Localized Thunderstorm. Possible pagbaha ug pagdahili sa yuta tungod sa severe thunderstorms. Hinay ngadto sa kasarangan nga hangin ang magagikan sa habagatang sidlakan ngadto na sa habagatang direksyon ug ang kadagatan hapsay ngadto sa kasarangan ang pagbalud (0.6 to 1.2 meters).
FORECAST OVER DAVAO CITY
Temperatura Ugma:         25˚C to 32˚C 
Sunset  (Salop)  Karon:     5:41 PM
Sunrise (Sidlak) Ugma:     5:29 AM      
For more information and queries, please call telephone for local number (082)234-0890 and (088)555-0485 for regional or log on to  bagong.pagasa.dost.gov.ph…/regional…/Mindanao-PRSD or join our Facebook Group at Mindanao PRSD (Regional Office) or PAGASA Davao (Local). 24-HOUR LOCALIZED WEATHER FORECAST FOR DAVAO REGION Issued at 5:00 PM SEPTEMBER 6, 2025 Valid Until 5:00 PM TOMORROW SYNOPSIS: Localized Thunderstorms affecting DAVAO REGION. TC Information: TROPICAL CYCLONE OUTSIDE PAR AS OF 3:00 PM TODAY TROPICAL DEPRESSION (FORMERLY ""LANNIE"") LOCATION: 430 KM WEST OF SINAIT, ILOCOS SUR (18.2°N, 116.4°E) MAXIMUM SUSTAINED WINDS: 55 KM/H GUSTINESS: UP TO 70 KM/H MOVEMENT: WEST NORTHWESTWARD AT 15 KM/H FORECAST: DAVAO REGION will have partly cloudy to cloudy skies with isolated rainshowers or thunderstorms due to Localized Thunderstorms . Possible flash floods or landslides during severe thunderstorms. Light to moderate winds from southeast to south with slight to moderate seas (0.6 to 1.2 meters). KAUGALINGONG PINULUNGAN: Ang syudad sa Dabaw ug ubang dapit sa REHIYON SA DABAW makasinati sa panalagsang pagdag-um ngadto sa mapanganuron nga kalangitan inubanan sa pat-ak pat-ak nga pag-ulan, kilat ug pagpanalugdog tungod sa Localized Thunderstorm. Possible pagbaha ug pagdahili sa yuta tungod sa severe thunderstorms. Hinay ngadto sa kasarangan nga hangin ang magagikan sa habagatang sidlakan ngadto na sa habagatang direksyon ug ang kadagatan hapsay ngadto sa kasarangan ang pagbalud (0.6 to 1.2 meters). FORECAST OVER DAVAO CITY Temperatura Ugma:         25˚C to 32˚C Sunset  (Salop)  Karon:     5:41 PM Sunrise (Sidlak) Ugma:     5:29 AM For more information and queries, please call telephone for local number (082)234-0890 and (088)555-0485 for regional or log on to  bagong.pagasa.dost.gov.ph…/regional…/Mindanao-PRSD or join our Facebook Group at Mindanao PRSD (Regional Office) or PAGASA Davao (Local).",Unknown,2025-09-06 19:00,Unknown,https://www.facebook.com/weather.davao/posts/1311063720529355?__cft__[0]=AZXoGqzFmhGNzozz3ZYFzluFc1fc_gA3UyxuckltiPKGEj63LkHnA5kT4UsxmGzU9_cFe69sj8mHJwPNG-yqqnwjN9dQzmUu9W0YX0LtQnxJC_wMdHXfqIhYfbC6RqBT7xn92co7-UAOf02knSzzu5Ch9U6IYtH0n1vMkzxV_siA2g40dbgWqV-nrD8zi6rT370&__tn__=%2CO%2CP-R
Facebook,mprsdcdo,"Thunderstorm Advisory No. 4  #MINPRSD
Issued at 06:50 PM 06 September 2025
Light to Moderate rainshowers with lightning and strong winds are expected over #Bukidnon(Malitbog, Pangantucan, Kalilangan, Lantapan, ImpasugOng), #MisamisOriental(Claveria, Tagoloan, Villanueva, Jasaan, Talisayan, Medina, Balingoan, Balingasag, Lagonglong, Salay, Binuangan, Sugbongcogon, Kinoguitan), #LanaoDelSur(Bumbaran, Wao, Lumbatan, Lumbayanague, Bayang, Tubaran, LumbacaUnayan, Balabagan, Marogong, Malabang, Kapatagan, Calanogas, Pagayawan, Binidayan, Piagapo, Marantao, Balindong, Tugaya, Madalum, BacolodKalawi), #AgusanDelSur(Esperanza, SanLuis), #MisamisOccidental(OzamisCity, TangubCity, Tudela, Clarin, Sinacaban, Jimenez, Aloran, Panaon, DonVictorianoChiongbian, Bonifacio), #ZamboangaDelSur(Josefina, Molave, Tambulig, Aurora, RamonMagsaysay, Labangan, Tukuran, PagadianCity, Dumalinao, SanPablo, Dinas, Dimataling, Pitogo, Tabina, Sominot, Mahayag), #LanaoDelNorte(Kapatagan, SultanNagaDimaporo, Lala, PoonaPiagapo, Bacolod, Kauswagan, Munai), #MaguindanaoDelNorte, #NorthCotabato(Pigkawayan, Libungan, Banisilan, Pikit, Carmen, Aleosan, Midsayap), #SultanKudarat(Palimbang, Sen.NinoyAquino, Isulan, Lebak, Kalamansig, Esperanza), #MaguindanaoDelSur(SultanSaBarongis, DatuAbdullahSangki, Ampatuan, ShariffSaydonaMustapha, RajahBuayan, Mamasapano, DatuUnsay, DatuHofferAmpatuan, ShariffAguak, DatuSalibo, DatuSaudiAmpatuan, DatuPiang, Talayan, Guindulungan, DatuAnggalMidtimbang, SouthUpi), #CotabatoCity, #ZamboangaSibugay(Olutanga, Naga, Titay, Ipil, RosellerLim, Tungawan), #ZamboangaDelNorte(Liloy, Tampilisan, Kalawit, Labason, Gutalac, Baliguian, Siocon, Sirawai, Sibuco, Manukan, JoseDalman, Pres.ManuelA.Roxas), #ZamboangaCity and #Sulu within the next 1-2 hours.
Moderate to heavy rainshowers with lightning and strong winds are being experienced in #MisamisOriental(Opol, CagayanDeOroCity, CityOfElSalvador, Alubijid, Laguindingan, GingoogCity, Lugait, Naawan, Gitagum, Libertad, Initao, Manticao), #Bukidnon(ManoloFortich, Libona, Sumilao, Baungon, Talakag), #LanaoDelNorte(Baloi, IliganCity, Linamon, Matungao, PantaoRagat, Tagoloan, Pantar), #LanaoDelSur(TagoloanII, Saguiaran, Kapai, Bubong, Maguing, DitsaanRamain, BuadiposoBuntong, MarawiCity, Mulondo, Taraka, LumbaBayabao, Tamparan, PoonaBayabao, Masiu, Butig, SultanDumalondong), #NorthCotabato(Alamada), #ZamboangaSibugay(Talusan, Mabuhay) and #Camiguin which may persist within 1-2 hours and may affect nearby areas.
All are advised to take precautionary measures against the impacts associated with these hazards which include flash floods and landslides.
Keep monitoring for updates. Thunderstorm Advisory No. 4  #MINPRSD Issued at 06:50 PM 06 September 2025 Light to Moderate rainshowers with lightning and strong winds are expected over #Bukidnon(Malitbog, Pangantucan, Kalilangan, Lantapan, ImpasugOng), #MisamisOriental(Claveria, Tagoloan, Villanueva, Jasaan, Talisayan, Medina, Balingoan, Balingasag, Lagonglong, Salay, Binuangan, Sugbongcogon, Kinoguitan), #LanaoDelSur(Bumbaran, Wao, Lumbatan, Lumbayanague, Bayang, Tubaran, LumbacaUnayan, Balabagan, Marogong, Malabang, Kapatagan, Calanogas, Pagayawan, Binidayan, Piagapo, Marantao, Balindong, Tugaya, Madalum, BacolodKalawi), #AgusanDelSur(Esperanza, SanLuis), #MisamisOccidental(OzamisCity, TangubCity, Tudela, Clarin, Sinacaban, Jimenez, Aloran, Panaon, DonVictorianoChiongbian, Bonifacio), #ZamboangaDelSur(Josefina, Molave, Tambulig, Aurora, RamonMagsaysay, Labangan, Tukuran, PagadianCity, Dumalinao, SanPablo, Dinas, Dimataling, Pitogo, Tabina, Sominot, Mahayag), #LanaoDelNorte(Kapatagan, SultanNagaDimaporo, Lala, PoonaPiagapo, Bacolod, Kauswagan, Munai), #MaguindanaoDelNorte, #NorthCotabato(Pigkawayan, Libungan, Banisilan, Pikit, Carmen, Aleosan, Midsayap), #SultanKudarat(Palimbang, Sen.NinoyAquino, Isulan, Lebak, Kalamansig, Esperanza), #MaguindanaoDelSur(SultanSaBarongis, DatuAbdullahSangki, Ampatuan, ShariffSaydonaMustapha, RajahBuayan, Mamasapano, DatuUnsay, DatuHofferAmpatuan, ShariffAguak, DatuSalibo, DatuSaudiAmpatuan, DatuPiang, Talayan, Guindulungan, DatuAnggalMidtimbang, SouthUpi), #CotabatoCity, #ZamboangaSibugay(Olutanga, Naga, Titay, Ipil, RosellerLim, Tungawan), #ZamboangaDelNorte(Liloy, Tampilisan, Kalawit, Labason, Gutalac, Baliguian, Siocon, Sirawai, Sibuco, Manukan, JoseDalman, Pres.ManuelA.Roxas), #ZamboangaCity and #Sulu within the next 1-2 hours. Moderate to heavy rainshowers with lightning and strong winds are being experienced in #MisamisOriental(Opol, CagayanDeOroCity, CityOfElSalvador, Alubijid, Laguindingan, GingoogCity, Lugait, Naawan, Gitagum, Libertad, Initao, Manticao), #Bukidnon(ManoloFortich, Libona, Sumilao, Baungon, Talakag), #LanaoDelNorte(Baloi, IliganCity, Linamon, Matungao, PantaoRagat, Tagoloan, Pantar), #LanaoDelSur(TagoloanII, Saguiaran, Kapai, Bubong, Maguing, DitsaanRamain, BuadiposoBuntong, MarawiCity, Mulondo, Taraka, LumbaBayabao, Tamparan, PoonaBayabao, Masiu, Butig, SultanDumalondong), #North",Unknown,2025-09-06 19:00,Unknown,https://www.facebook.com/mprsdcdo/posts/9923447051090490?__cft__[0]=AZXXkHufNQsqRtn_loEx8bIDrQzErNn6Y0ltjUHAGf5L2sjgvUG_1mvZGBihis2_rhjIlhMdTDtuEahPBQBt5O6Hx6X589_hBM35dKdM75EwBPjenpezPZw1-zvusFOfCGQSyPkAxTD7rBvMBJgkkMNhvZ0vfLV7tb8c8gJUNzbYPtPVnDL23KH98Qof16xccr0&__tn__=%2CO%2CP-R
Facebook,#EarthquakePH,"#EarthquakePH #EarthquakeIlocosSur
Earthquake Information No.1
Date and Time: 06 September 2025 - 06:14 PM
Magnitude = 1.6
Depth = 025 km
Location = 17.39°N, 120.33°E - 014 km N 61° W of San Esteban (Ilocos Sur)
https://earthquake.phivolcs.dost.gov.ph/.../2025_0906... #EarthquakePH #EarthquakeIlocosSur Earthquake Information No.1 Date and Time: 06 September 2025 - 06:14 PM Magnitude = 1.6 Depth = 025 km Location = 17.39°N, 120.33°E - 014 km N 61° W of San Esteban (Ilocos Sur) https://earthquake.phivolcs.dost.gov.ph/.../2025_0906...",Unknown,2025-09-06 19:00,Unknown,https://www.facebook.com/PHIVOLCS/posts/1100020812321882?__cft__[0]=AZWe_VbW714jB-sLlom_J8kTZnDofYw-SdePC3USsh8IHNrTvmDwubwFwPm6Nbxk3lxBKONK-TwlCWleYUuN-UHlq1-L4pu6aLN1ZQ-M7GAiAp4Du6v_75lDPWMerBJd_Fp1FxetZyx__dv9tntle2EfsoHaUmXQn7l5nuM-Pps-JTselyPnasXnsjlW7_LRUfA&__tn__=%2CO%2CP-R
Facebook,DavaoDRRMO,"𝐂𝐃𝐑𝐑𝐌𝐎-𝐎𝐏𝐂𝐄𝐍 𝐖𝐄𝐀𝐓𝐇𝐄𝐑 𝐔𝐏𝐃𝐀𝐓𝐄:
As of 10:10 PM | September 06, 2025
𝐖𝐞𝐚𝐭𝐡𝐞𝐫 𝐒𝐲𝐬𝐭𝐞𝐦: 𝙇𝙤𝙘𝙖𝙡𝙞𝙯𝙚𝙙 𝙏𝙝𝙪𝙣𝙙𝙚𝙧𝙨𝙩𝙤𝙧𝙢𝙨
Light rainfall is experienced in some areas of Talomo and Toril Districts.
Other areas of Davao City are experiencing partly cloudy to cloudy weather conditions.
All river channels are monitored at 𝐂𝐎𝐃𝐄 𝐆𝐑𝐄𝐄𝐍 (𝘚𝘢𝘧𝘦 𝘓𝘦𝘷𝘦𝘭).
𝐂𝐎𝐀𝐒𝐓𝐀𝐋 𝐒𝐓𝐀𝐓𝐔𝐒:
> Calm seas
> Going low tide 
#𝗪𝗲𝗮𝘁𝗵𝗲𝗿𝗨𝗽𝗱𝗮𝘁𝗲
#𝗗𝗮𝘃𝗮𝗼𝗖𝗶𝘁𝘆𝗗𝗥𝗥𝗠𝐎 𝐂𝐃𝐑𝐑𝐌𝐎-𝐎𝐏𝐂𝐄𝐍 𝐖𝐄𝐀𝐓𝐇𝐄𝐑 𝐔𝐏𝐃𝐀𝐓𝐄: As of 10:10 PM | September 06, 2025 𝐖𝐞𝐚𝐭𝐡𝐞𝐫 𝐒𝐲𝐬𝐭𝐞𝐦: 𝙇𝙤𝙘𝙖𝙡𝙞𝙯𝙚𝙙 𝙏𝙝𝙪𝙣𝙙𝙚𝙧𝙨𝙩𝙤𝙧𝙢𝙨 Light rainfall is experienced in some areas of Talomo and Toril Districts. Other areas of Davao City are experiencing partly cloudy to cloudy weather conditions. All river channels are monitored at 𝐂𝐎𝐃𝐄 𝐆𝐑𝐄𝐄𝐍 (𝘚𝘢𝘧𝘦 𝘓𝘦𝘷𝘦𝘭). 𝐂𝐎𝐀𝐒𝐓𝐀𝐋 𝐒𝐓𝐀𝐓𝐔𝐒: > Calm seas > Going low tide #𝗪𝗲𝗮𝘁𝗵𝗲𝗿𝗨𝗽𝗱𝗮𝘁𝗲 #𝗗𝗮𝘃𝗮𝗼𝗖𝗶𝘁𝘆𝗗𝗥𝗥𝗠𝐎 Di na sana po lumakas...LORD KEEP US SAFE.MEJO MALAKAS YUNG ULAN DITO MATINA APLAYA",Unknown,2025-09-06 22:30,Unknown,https://www.facebook.com/DavaoDRRMO/posts/1220941113403536?__cft__[0]=AZXXWE20bvQUNai80cu82_XHgWm-iwr-fqULxBlVVNXwE_jfOcCfPTkRpEhwiZApsoCcuXI4YCf55nJUOlmOwlJu47g5GoOqCgAYVMWiOIOdBP2AScVMFfOvNOWTov73IKyaZ_YM4pbSrQ0FGee9vyjXrU-UOAxNy-skag73HRGnKZWqaeM_8n074E45cMTJTp4&__tn__=%2CO%2CP-R
Facebook,#EarthquakePH,"#EarthquakePH #EarthquakeBatanes
Earthquake Information No.1
Date and Time: 06 September 2025 - 09:56 PM
Magnitude = 3.8
Depth = 030 km
Location = 20.71°N, 119.89°E - 203 km S 87° W of Itbayat (Batanes)
https://earthquake.phivolcs.dost.gov.ph/.../2025_0906... #EarthquakePH #EarthquakeBatanes Earthquake Information No.1 Date and Time: 06 September 2025 - 09:56 PM Magnitude = 3.8 Depth = 030 km Location = 20.71°N, 119.89°E - 203 km S 87° W of Itbayat (Batanes) https://earthquake.phivolcs.dost.gov.ph/.../2025_0906...",Unknown,2025-09-06 22:30,Unknown,https://www.facebook.com/PHIVOLCS/posts/1100147542309209?__cft__[0]=AZW0lF2cmL3A0B6yh0ebHobToqgcy9WL5vjCeRZ80QpaU1r5yw9h_Z2n7_XMz1h7IOG69Xme3lrPG0bOrgSx6S_iUlS0SG4dDCT-z9V-Lw-vkEBZwVdzTordeSLWOSsMUEHnlF5WU8wNlvOqXsNZ7aUox2DwFsykErrjH3b9EicXztw0fjAc5OJhbdvhZydHFeo&__tn__=%2CO%2CP-R
Facebook,#tsunamialert,"Tsunami update!! coast of Japan, Expected as high as 3meter. 
@highlight #TsunamiAlert #japan Tsunami update!! coast of Japan, Expected as high as 3meter. @highlight #TsunamiAlert #japan",Unknown,2025-09-06 22:30,Unknown,https://www.facebook.com/hashtag/tsunamialert
Facebook,abscbnNEWS,"Nasawi ang isang 4 anyos lalaki, habang sugatan naman ang kaniyang ina bunsod ng sunog na sumiklab sa Pasig City. Nasawi ang isang 4 anyos lalaki, habang sugatan naman ang kaniyang ina bunsod ng sunog na sumiklab sa Pasig City. San po sa pasig yan ? Anjie Ansky Cual pinagbuhatan.",Unknown,2025-09-06 23:00,Unknown,https://www.facebook.com/abscbnNEWS/
Facebook,civildefensedavao,"MINDANAO WEATHER FORECAST #MINPRSD
ISSUED AT: 5:00 PM 06 September 2025
VALID UNTIL: 5:00 PM Tomorrow
SYNOPSIS:  Localized Thunderstorms affecting Mindanao.
TC Information
TROPICAL CYCLONE OUTSIDE PAR AS OF 3:00 PM TODAY
TROPICAL DEPRESSION (FORMERLY ""LANNIE"")
LOCATION: 430 KM WEST OF SINAIT, ILOCOS SUR (18.2°N, 116.4°E)
MAXIMUM SUSTAINED WINDS: 55 KM/H
GUSTINESS: UP TO 70 KM/H
MOVEMENT: WEST NORTHWESTWARD AT 15 KM/H
FORECAST:
Mindanao will have partly cloudy to cloudy skies with isolated rainshowers or thunderstorms due to Localized Thunderstorms. Possible flash floods or landslides during severe thunderstorms. Light to moderate winds from southeast to south with slight to moderate seas (0.6 to 1.2 meters).
KAUGALINGONG DAYALEKTO:
Ang tibuok dapit sa Mindanao makasinati sa panalagsang pagdag-um ngadto sa mapanganuron nga kalangitan inubanan sa pat-ak pat-ak nga pag-ulan, kilat ug pagpanalugdog tungod sa Localized Thunderstorm. Possible pagbaha ug pagdahili sa yuta tungod sa severe thunderstorms. Hinay ngadto sa kasarangan nga hangin ang magagikan sa habagatang sidlakan ngadto na sa habagatang kasadpang nga direksyon ug ang kadagatan hapsay ngadto sa kasarangan ang pagbalud (0.6 to 1.5 meters).
OVER LAGUINDINGAN UPPER AIR AND SYNOPTIC STATION, MISAMIS ORIENTAL
Maximum Temperature: 02:00 PM Today --- 30.3 °C
Minimum Temperature: 06:00 AM Today --- 23.5 °C
Maximum Relative Humidity: 06:00 AM Today --- 93 %
Minimum Relative Humidity: 11:00 AM Today  --- 71 %
ASTRONOMICAL INFORMATION OVER EL SALVADOR CITY
Sunset Today : 05:47 PM
Sunrise Tomorrow: 05:33 AM
Moonset Tomorrow : 04:51 AM
Moonrise Tomorrow : 05:29 PM MINDANAO WEATHER FORECAST #MINPRSD ISSUED AT: 5:00 PM 06 September 2025 VALID UNTIL: 5:00 PM Tomorrow SYNOPSIS:  Localized Thunderstorms affecting Mindanao. TC Information TROPICAL CYCLONE OUTSIDE PAR AS OF 3:00 PM TODAY TROPICAL DEPRESSION (FORMERLY ""LANNIE"") LOCATION: 430 KM WEST OF SINAIT, ILOCOS SUR (18.2°N, 116.4°E) MAXIMUM SUSTAINED WINDS: 55 KM/H GUSTINESS: UP TO 70 KM/H MOVEMENT: WEST NORTHWESTWARD AT 15 KM/H FORECAST: Mindanao will have partly cloudy to cloudy skies with isolated rainshowers or thunderstorms due to Localized Thunderstorms. Possible flash floods or landslides during severe thunderstorms. Light to moderate winds from southeast to south with slight to moderate seas (0.6 to 1.2 meters). KAUGALINGONG DAYALEKTO: Ang tibuok dapit sa Mindanao makasinati sa panalagsang pagdag-um ngadto sa mapanganuron nga kalangitan inubanan sa pat-ak pat-ak nga pag-ulan, kilat ug pagpanalugdog tungod sa Localized Thunderstorm. Possible pagbaha ug pagdahili sa yuta tungod sa severe thunderstorms. Hinay ngadto sa kasarangan nga hangin ang magagikan sa habagatang sidlakan ngadto na sa habagatang kasadpang nga direksyon ug ang kadagatan hapsay ngadto sa kasarangan ang pagbalud (0.6 to 1.5 meters). OVER LAGUINDINGAN UPPER AIR AND SYNOPTIC STATION, MISAMIS ORIENTAL Maximum Temperature: 02:00 PM Today --- 30.3 °C Minimum Temperature: 06:00 AM Today --- 23.5 °C Maximum Relative Humidity: 06:00 AM Today --- 93 % Minimum Relative Humidity: 11:00 AM Today  --- 71 % ASTRONOMICAL INFORMATION OVER EL SALVADOR CITY Sunset Today : 05:47 PM Sunrise Tomorrow: 05:33 AM Moonset Tomorrow : 04:51 AM Moonrise Tomorrow : 05:29 PM",Unknown,2025-09-06 23:00,Unknown,https://www.facebook.com/civildefensedavao/posts/pfbid023m5AHUi3eazNyUvnkvpfyEiWdrpsybBoz6qGByy3APr78UZZC9hXj9n3snEyU1Qil?__cft__[0]=AZVdZzZyHodunGsq1dVO9zkre7QE8VG0oukvBwsZ5XAyuU1xFBCauL3_9CN_E-BfVDJ6bCaVu8m7emmT4bhyo6Fk82ngi6MeBfyQDIHWaJjGkTz8T4vRD-lWCluNHjTY29nA1FusWcTi7mbIpFB6MSeTblomabV26GkV9qkrT1zt41GXeyta700J31ZMoOUubM0&__tn__=%2CO%2CP-R
Facebook,DavaoDRRMO,"𝐂𝐃𝐑𝐑𝐌𝐎-𝐎𝐏𝐂𝐄𝐍 𝐖𝐄𝐀𝐓𝐇𝐄𝐑 𝐔𝐏𝐃𝐀𝐓𝐄:
As of 11:00 PM | September 06, 2025
𝐖𝐞𝐚𝐭𝐡𝐞𝐫 𝐒𝐲𝐬𝐭𝐞𝐦: 𝙇𝙤𝙘𝙖𝙡𝙞𝙯𝙚𝙙 𝙏𝙝𝙪𝙣𝙙𝙚𝙧𝙨𝙩𝙤𝙧𝙢𝙨
Light rainfall is experienced in some areas of Talomo, Toril, and Tugbok Districts.
Other areas of Davao City are experiencing partly cloudy to cloudy weather conditions.
All river channels are monitored at 𝐂𝐎𝐃𝐄 𝐆𝐑𝐄𝐄𝐍 (𝘚𝘢𝘧𝘦 𝘓𝘦𝘷𝘦𝘭).
𝐂𝐎𝐀𝐒𝐓𝐀𝐋 𝐒𝐓𝐀𝐓𝐔𝐒:
> Calm seas
> Going low tide 
#𝗪𝗲𝗮𝘁𝗵𝗲𝗿𝗨𝗽𝗱𝗮𝘁𝗲
#𝗗𝗮𝘃𝗮𝗼𝗖𝗶𝘁𝘆𝗗𝗥𝗥𝗠𝐎 𝐂𝐃𝐑𝐑𝐌𝐎-𝐎𝐏𝐂𝐄𝐍 𝐖𝐄𝐀𝐓𝐇𝐄𝐑 𝐔𝐏𝐃𝐀𝐓𝐄: As of 11:00 PM | September 06, 2025 𝐖𝐞𝐚𝐭𝐡𝐞𝐫 𝐒𝐲𝐬𝐭𝐞𝐦: 𝙇𝙤𝙘𝙖𝙡𝙞𝙯𝙚𝙙 𝙏𝙝𝙪𝙣𝙙𝙚𝙧𝙨𝙩𝙤𝙧𝙢𝙨 Light rainfall is experienced in some areas of Talomo, Toril, and Tugbok Districts. Other areas of Davao City are experiencing partly cloudy to cloudy weather conditions. All river channels are monitored at 𝐂𝐎𝐃𝐄 𝐆𝐑𝐄𝐄𝐍 (𝘚𝘢𝘧𝘦 𝘓𝘦𝘷𝘦𝘭). 𝐂𝐎𝐀𝐒𝐓𝐀𝐋 𝐒𝐓𝐀𝐓𝐔𝐒: > Calm seas > Going low tide #𝗪𝗲𝗮𝘁𝗵𝗲𝗿𝗨𝗽𝗱𝗮𝘁𝗲 #𝗗𝗮𝘃𝗮𝗼𝗖𝗶𝘁𝘆𝗗𝗥𝗥𝗠𝐎",Unknown,2025-09-06 23:00,Unknown,https://www.facebook.com/DavaoDRRMO/posts/pfbid02TPzE4oY3K1SQokpSpDgTavxEJS6GWmjSSUwJQhJNEkFCF4md1ujBcB2g7SsrJU76l?__cft__[0]=AZUnNnW1sHdCUXMNR1xep02TCf-GhZnbfCIxmlod6qaCVYj6mRcqaxzOwMa_9oTvQ7iOoCucjXIoctjx6K4PDx6ZORBq58fSvysslgudEGrvPQrZzaJa4iMT5t-yfZkKfvFimd8NdDb373bM5OECSFCZwV8xMP4s1vZlAY85bo-FAnjBifIYwfHMk_8987UHaI4&__tn__=%2CO%2CP-R
Facebook,mprsdcdo,"Thunderstorm Advisory No. 6  #MINPRSD
Issued at 10:00 PM 06 September 2025
Light to Moderate rainshowers with lightning and strong winds are expected over #ZamboangaDelNorte, #ZamboangaSibugay, #ZamboangaCity, #ZamboangaDelSur(Bayog, Lakewood, Tigbao, Kumalarang, Lapuyan, SanMiguel, Guipos, Margosatubig, VincenzoA.Sagun, Midsalip, Sominot, Dumingag, Mahayag, RamonMagsaysay, Molave, Josefina), #MisamisOriental(Laguindingan, Alubijid, Gitagum, Libertad, Initao, Naawan, Lugait, Manticao), #LanaoDelNorte(IliganCity, Baloi, PoonaPiagapo, Matungao, Baroy, Salvador, Tubod, Kolambugan, Magsaysay, Tangcal, Munai, Maigo, Bacolod, Kauswagan, Linamon, Tagoloan, Pantar, PantaoRagat), #Bukidnon(Talakag), #LanaoDelSur(Kapatagan, Balabagan, Marogong, Malabang, Picong, LumbacaUnayan, Calanogas, SultanDumalondong, Tubaran, Butig, Lumbatan, Lumbayanague, Bayang, Pagayawan, Binidayan, Ganassi, Masiu, Pualas, PoonaBayabao, LumbaBayabao, Tamparan, Taraka, Madamba, BacolodKalawi, Mulondo, Tugaya, Balindong, Madalum, BuadiposoBuntong, Marantao, Maguing, DitsaanRamain, Bubong, Piagapo, MarawiCity, Saguiaran, Kapai, TagoloanII, Bumbaran), #MaguindanaoDelNorte(Buldon, Barira, Parang and Matanog) within the next 1-2 hours.
Moderate to heavy rainshowers with lightning and strong winds are being experienced in #MisamisOccidental, #LanaoDelNorte(SultanNagaDimaporo, Nunungan, Kapatagan, Sapad, Lala), #ZamboangaDelSur(SanPablo, Dumalinao, Dinas, Dimataling, Tabina, Pitogo, PagadianCity, Labangan, Tukuran, Aurora and Tambulig) which may persist within 1-2 hours and may affect nearby areas.
All are advised to take precautionary measures against the impacts associated with these hazards which include flash floods and landslides.
Keep monitoring for updates. Thunderstorm Advisory No. 6  #MINPRSD Issued at 10:00 PM 06 September 2025 Light to Moderate rainshowers with lightning and strong winds are expected over #ZamboangaDelNorte, #ZamboangaSibugay, #ZamboangaCity, #ZamboangaDelSur(Bayog, Lakewood, Tigbao, Kumalarang, Lapuyan, SanMiguel, Guipos, Margosatubig, VincenzoA.Sagun, Midsalip, Sominot, Dumingag, Mahayag, RamonMagsaysay, Molave, Josefina), #MisamisOriental(Laguindingan, Alubijid, Gitagum, Libertad, Initao, Naawan, Lugait, Manticao), #LanaoDelNorte(IliganCity, Baloi, PoonaPiagapo, Matungao, Baroy, Salvador, Tubod, Kolambugan, Magsaysay, Tangcal, Munai, Maigo, Bacolod, Kauswagan, Linamon, Tagoloan, Pantar, PantaoRagat), #Bukidnon(Talakag), #LanaoDelSur(Kapatagan, Balabagan, Marogong, Malabang, Picong, LumbacaUnayan, Calanogas, SultanDumalondong, Tubaran, Butig, Lumbatan, Lumbayanague, Bayang, Pagayawan, Binidayan, Ganassi, Masiu, Pualas, PoonaBayabao, LumbaBayabao, Tamparan, Taraka, Madamba, BacolodKalawi, Mulondo, Tugaya, Balindong, Madalum, BuadiposoBuntong, Marantao, Maguing, DitsaanRamain, Bubong, Piagapo, MarawiCity, Saguiaran, Kapai, TagoloanII, Bumbaran), #MaguindanaoDelNorte(Buldon, Barira, Parang and Matanog) within the next 1-2 hours. Moderate to heavy rainshowers with lightning and strong winds are being experienced in #MisamisOccidental, #LanaoDelNorte(SultanNagaDimaporo, Nunungan, Kapatagan, Sapad, Lala), #ZamboangaDelSur(SanPablo, Dumalinao, Dinas, Dimataling, Tabina, Pitogo, PagadianCity, Labangan, Tukuran, Aurora and Tambulig) which may persist within 1-2 hours and may affect nearby areas. All are advised to take precautionary measures against the impacts associated with these hazards which include flash floods and landslides. Keep monitoring for updates.",Unknown,2025-09-06 23:00,Unknown,https://www.facebook.com/mprsdcdo/posts/pfbid0WX4Lnp9S93HEaZxptGnmJHysU13mmYxwciYqd2nmFi2MyyNFcB3spXsrZVeSxWHzl?__cft__[0]=AZU7TvUCbo__DFQmMSvil9lJupzo2VpCBMIGGwMNtZmI_HHWMHBrmqbnAJNejtY6zUPW4T67vHf6gHSstenzgdH0pPH6CBHQiEY9Yy7mR8ItsmNqQismTMcK6QTI1hCiTwpK6BBywTxxcppzn8sAlnlLi-L0SpbhzJb19tVaW_yGzyX9W02bCylQimz2ZwBLtqc&__tn__=%2CO%2CP-R
Facebook,#BahaPH,"Bumabaha na naman… hindi lang abala, kundi panganib din lalo na sa mga bata at motorista.”
#SafetyFirst #BahaPH #KontingUlanBahaAgad #DisiplinaAtSolusyon Bumabaha na naman… hindi lang abala, kundi panganib din lalo na sa mga bata at motorista.” #SafetyFirst #BahaPH #KontingUlanBahaAgad #DisiplinaAtSolusyon",Unknown,2025-09-06 23:00,Unknown,https://www.facebook.com/hashtag/BahaPH
Facebook,pagasa.dost.gov.ph,"As of 8:00 PM today, 06 September 2025, Tropical Depression (formerly LANNIE) being monitored outside the Philippine Area of Responsibility (PAR) has developed into a Tropical Storm named ""TAPAH""
All are advised to monitor updates from DOST-PAGASA.
#LanniePH As of 8:00 PM today, 06 September 2025, Tropical Depression (formerly LANNIE) being monitored outside the Philippine Area of Responsibility (PAR) has developed into a Tropical Storm named ""TAPAH"" All are advised to monitor updates from DOST-PAGASA. #LanniePH",Unknown,2025-09-06 23:30,Unknown,https://www.facebook.com/PAGASA.DOST.GOV.PH/posts/pfbid02PYynwij9jv2hdmsszWPbWMuNSPok3Np56cJuwmNneQLk3UZqVuEWDM4xe38G7BCvl?__cft__[0]=AZW1FLmzYyt1mlc6ZeYlhOwVvNbox8VUx-OPKnX3cn-ePq6Wwp9gHE2Mh1hb86aoOZP5v1yUCEPy1aTzz7Q1hxSqJw36o8c2_Rc974kDBCQmVlYwXMK-zwCvhLyyviibn-e9woJK_oMuuZ8PQwNqj92Snc4oKJn0d7CsUAbJKHSDDgrNjE4ksBhMxD1oHrwl5eQ&__tn__=%2CO%2CP-R
Facebook,mprsdcdo,"Thunderstorm Advisory No. 7  #MINPRSD
Issued at 11:10 PM 06 September 2025
Light to Moderate rainshowers with lightning and strong winds are expected over #ZamboangaDelNorte(Sibuco, Sirawai, Siocon, Baliguian, Tampilisan, Kalawit, Gutalac, Godod, Labason, Salug, Liloy, LeonB.Postigo, Siayan, SergioOsmeñaSr., Sindangan, JoseDalman, Manukan, Pres.ManuelA.Roxas, Katipunan), #ZamboangaSibugay(Tungawan, Imelda, RosellerLim, Buug, Siay, Ipil, Diplahan, Titay, Naga, Kabasalan), #ZamboangaCity, #MisamisOccidental(Bonifacio, TangubCity, OzamisCity, Clarin), #ZamboangaDelSur(PagadianCity, Labangan, Tukuran, Aurora, Tambulig, Bayog, Lakewood, Tigbao, Kumalarang, Guipos, Midsalip, Sominot, Dumingag, Mahayag, RamonMagsaysay, Molave, Josefina), #Basilan, #MaguindanaoDelNorte(Barira, Matanog, Parang, SultanMastura, SultanKudarat, DatuOdinSinsuat, Upi, DatuBlahT.Sinsuat), #CotabatoCity, #Bukidnon(CityOfMalaybalay), #SurigaoDelSur(Cantilan, Carrascal, Madrid, Carmen, Lingig, CityOfBislig), #SurigaoDelNorte(Claver, Gigaquit, Alegria), #AgusanDelNorte(Santiago, Tubay, CityOfCabadbaran, Jabonga, Kitcharao), #DavaoDelSur(SantaCruz, CityOfDigos, Bansalan, Magsaysay), #NorthCotabato(Makilala), #DavaoOriental(Baganga, Cateel and Boston) within the next 1-2 hours.
Moderate to heavy rainshowers with lightning and strong winds are being experienced in #ZamboangaDelNorte(Mutia, Sibutad, DipologCity, Polanco, Piñan, DapitanCity, LaLibertad, Rizal), #ZamboangaSibugay(Talusan, Olutanga, Mabuhay, Alicia, Payao, Malangas), #MisamisOccidental(DonVictorianoChiongbian, Concepcion, Baliangao, Tudela, Sinacaban, Jimenez, Panaon, Aloran, OroquietaCity, SapangDalaga, Calamba, LopezJaena, Plaridel), #ZamboangaDelSur(SanPablo, Dumalinao, Dinas, Dimataling, Tabina, Pitogo, Lapuyan, SanMiguel, Margosatubig and VincenzoA.Sagun) which may persist within 1-2 hours and may affect nearby areas.
All are advised to take precautionary measures against the impacts associated with these hazards which include flash floods and landslides.
Keep monitoring for updates. Thunderstorm Advisory No. 7  #MINPRSD Issued at 11:10 PM 06 September 2025 Light to Moderate rainshowers with lightning and strong winds are expected over #ZamboangaDelNorte(Sibuco, Sirawai, Siocon, Baliguian, Tampilisan, Kalawit, Gutalac, Godod, Labason, Salug, Liloy, LeonB.Postigo, Siayan, SergioOsmeñaSr., Sindangan, JoseDalman, Manukan, Pres.ManuelA.Roxas, Katipunan), #ZamboangaSibugay(Tungawan, Imelda, RosellerLim, Buug, Siay, Ipil, Diplahan, Titay, Naga, Kabasalan), #ZamboangaCity, #MisamisOccidental(Bonifacio, TangubCity, OzamisCity, Clarin), #ZamboangaDelSur(PagadianCity, Labangan, Tukuran, Aurora, Tambulig, Bayog, Lakewood, Tigbao, Kumalarang, Guipos, Midsalip, Sominot, Dumingag, Mahayag, RamonMagsaysay, Molave, Josefina), #Basilan, #MaguindanaoDelNorte(Barira, Matanog, Parang, SultanMastura, SultanKudarat, DatuOdinSinsuat, Upi, DatuBlahT.Sinsuat), #CotabatoCity, #Bukidnon(CityOfMalaybalay), #SurigaoDelSur(Cantilan, Carrascal, Madrid, Carmen, Lingig, CityOfBislig), #SurigaoDelNorte(Claver, Gigaquit, Alegria), #AgusanDelNorte(Santiago, Tubay, CityOfCabadbaran, Jabonga, Kitcharao), #DavaoDelSur(SantaCruz, CityOfDigos, Bansalan, Magsaysay), #NorthCotabato(Makilala), #DavaoOriental(Baganga, Cateel and Boston) within the next 1-2 hours. Moderate to heavy rainshowers with lightning and strong winds are being experienced in #ZamboangaDelNorte(Mutia, Sibutad, DipologCity, Polanco, Piñan, DapitanCity, LaLibertad, Rizal), #ZamboangaSibugay(Talusan, Olutanga, Mabuhay, Alicia, Payao, Malangas), #MisamisOccidental(DonVictorianoChiongbian, Concepcion, Baliangao, Tudela, Sinacaban, Jimenez, Panaon, Aloran, OroquietaCity, SapangDalaga, Calamba, LopezJaena, Plaridel), #ZamboangaDelSur(SanPablo, Dumalinao, Dinas, Dimataling, Tabina, Pitogo, Lapuyan, SanMiguel, Margosatubig and VincenzoA.Sagun) which may persist within 1-2 hours and may affect nearby areas. All are advised to take precautionary measures against the impacts associated with these hazards which include flash floods and landslides. Keep monitoring for updates.",Unknown,2025-09-06 23:30,Unknown,https://www.facebook.com/mprsdcdo/posts/pfbid05bE3qhD9TQphRE9mZ5Nn1JT1ZfpDEfn4ohZsMTs5o9nE9zhHLnpsMd5gHHzTJgQCl?__cft__[0]=AZUdQFCMuZou7A53R1_CaXXUp_Aj89Jzjd1Pz2iVHhVUq75Nu-onLBgHQTnab5gXOHuuffqv2RULp4LEjNm1cUCDLQ_CTp9I0TBu6CQXo8YaOZ-XyxyIhdVHc5rCD7s8Q3JBN8ZiId9Vn3hfyCoWhTIpkb3rrBGl8w7NDLk4kr4FjeOebtELHVFtI00cD7zQ9W4&__tn__=%2CO%2CP-R
Facebook,#EarthquakePH,"#EarthquakePH #EarthquakeDavaoOriental
Earthquake Information No.1
Date and Time: 06 September 2025 - 10:48 PM
Magnitude = 2.3
Depth = 125 km
Location = 06.25°N, 126.17°E - 046 km S 13° E of Governor Generoso (Davao Oriental)
https://earthquake.phivolcs.dost.gov.ph/.../2025_0906... #EarthquakePH #EarthquakeDavaoOriental Earthquake Information No.1 Date and Time: 06 September 2025 - 10:48 PM Magnitude = 2.3 Depth = 125 km Location = 06.25°N, 126.17°E - 046 km S 13° E of Governor Generoso (Davao Oriental) https://earthquake.phivolcs.dost.gov.ph/.../2025_0906...",Unknown,2025-09-06 23:30,Unknown,https://www.facebook.com/PHIVOLCS/posts/pfbid02KFKqrRQMVHM3AfCP9DzFmrFpKVvQDpuKDXkCkGZJBXyH5dYiwRTTbGfa3RdSQJGJl?__cft__[0]=AZXpMGSfwYdJVduHMsCGNr06upPBHS50P1cBxzSnTH4tgb3LCwyy7NL5f0qwPK5_qeic8YErGw9JeFVl_rMKJLBLO6hnGfLh8_Wr24NcwdD5rVV_9MN11UHRQqk9oIjFo6xZEWin65AzcvjE1kVMwYA-H-Ss9gDaYSPmQ_X1YoerCaYI3bC5gsUi1vDz1nURX_U&__tn__=%2CO%2CP-R
Facebook,abscbnNEWS,"WATCH: Firefighters respond to a fire, which started around 9 p.m. at the Maharlika Livelihood Complex in Baguio City on September 6, 2025. (
: Chris Pagulayan) WATCH: Firefighters respond to a fire, which started around 9 p.m. at the Maharlika Livelihood Complex in Baguio City on September 6, 2025. (
: Chris Pagulayan) Awwww kawawa naman mga stall owners",Unknown,2025-09-07 00:00,Unknown,https://www.facebook.com/abscbnNEWS/
Facebook,civildefensedavao,"Thunderstorm Advisory No. 7  #MINPRSD
Issued at 11:10 PM 06 September 2025
Light to Moderate rainshowers with lightning and strong winds are expected over [...] #DavaoDelSur(SantaCruz, CityOfDigos, Bansalan, Magsaysay), #NorthCotabato(Makilala), #DavaoOriental(Baganga, Cateel and Boston) within the next 1-2 hours.
[...]
All are advised to take precautionary measures against the impacts associated with these hazards which include flash floods and landslides.
Keep monitoring for updates.
Source: Mindanao PAGASA Regional Services Division Thunderstorm Advisory No. 7  #MINPRSD Issued at 11:10 PM 06 September 2025 Light to Moderate rainshowers with lightning and strong winds are expected over [...] #DavaoDelSur(SantaCruz, CityOfDigos, Bansalan, Magsaysay), #NorthCotabato(Makilala), #DavaoOriental(Baganga, Cateel and Boston) within the next 1-2 hours. [...] All are advised to take precautionary measures against the impacts associated with these hazards which include flash floods and landslides. Keep monitoring for updates. Source: Mindanao PAGASA Regional Services Division",Unknown,2025-09-07 00:00,Unknown,https://www.facebook.com/civildefensedavao/posts/pfbid0KrPCdwDGmQJ1a2Zt8T1dvbsvFSwKXxMvRKdPTieKGUMo6MeHpcsj1hJgj9RmQFndl?__cft__[0]=AZX_Apy-zrGzC2uAphclkWk3iI3lW8uNR2GW3n-iLTOoptNCEmQ3fL4Zx8RVbWhrK3Fwwh2vkty9hY5vltlDqnQIHRL7bmerH_BM1rVGk8TIVsfa6vAOHdhV7yDvnEqma7GzzeNg0hXNjD1fgo9XGjXQ62hSpphspkeoyuKfV6bzsRPe87XrGJJNZ9i0kn4PzZs&__tn__=%2CO%2CP-R
Facebook,DavaoDRRMO,"𝐂𝐃𝐑𝐑𝐌𝐎-𝐎𝐏𝐂𝐄𝐍 𝐖𝐄𝐀𝐓𝐇𝐄𝐑 𝐔𝐏𝐃𝐀𝐓𝐄:
As of 11:30 PM | September 06, 2025
𝐖𝐞𝐚𝐭𝐡𝐞𝐫 𝐒𝐲𝐬𝐭𝐞𝐦: 𝙇𝙤𝙘𝙖𝙡𝙞𝙯𝙚𝙙 𝙏𝙝𝙪𝙣𝙙𝙚𝙧𝙨𝙩𝙤𝙧𝙢𝙨
Previously reported rainfall in some areas of Talomo, Toril, and Tugbok Districts has stopped.
Areas of Davao City are experiencing partly cloudy to cloudy weather conditions.
All river channels are monitored at 𝐂𝐎𝐃𝐄 𝐆𝐑𝐄𝐄𝐍 (𝘚𝘢𝘧𝘦 𝘓𝘦𝘷𝘦𝘭).
𝐂𝐎𝐀𝐒𝐓𝐀𝐋 𝐒𝐓𝐀𝐓𝐔𝐒:
> Calm seas
> Going low tide 
#𝗪𝗲𝗮𝘁𝗵𝗲𝗿𝗨𝗽𝗱𝗮𝘁𝗲
#𝗗𝗮𝘃𝗮𝗼𝗖𝗶𝘁𝘆𝗗𝗥𝗥𝗠𝐎 𝐂𝐃𝐑𝐑𝐌𝐎-𝐎𝐏𝐂𝐄𝐍 𝐖𝐄𝐀𝐓𝐇𝐄𝐑 𝐔𝐏𝐃𝐀𝐓𝐄: As of 11:30 PM | September 06, 2025 𝐖𝐞𝐚𝐭𝐡𝐞𝐫 𝐒𝐲𝐬𝐭𝐞𝐦: 𝙇𝙤𝙘𝙖𝙡𝙞𝙯𝙚𝙙 𝙏𝙝𝙪𝙣𝙙𝙚𝙧𝙨𝙩𝙤𝙧𝙢𝙨 Previously reported rainfall in some areas of Talomo, Toril, and Tugbok Districts has stopped. Areas of Davao City are experiencing partly cloudy to cloudy weather conditions. All river channels are monitored at 𝐂𝐎𝐃𝐄 𝐆𝐑𝐄𝐄𝐍 (𝘚𝘢𝘧𝘦 𝘓𝘦𝘷𝘦𝘭). 𝐂𝐎𝐀𝐒𝐓𝐀𝐋 𝐒𝐓𝐀𝐓𝐔𝐒: > Calm seas > Going low tide #𝗪𝗲𝗮𝘁𝗵𝗲𝗿𝗨𝗽𝗱𝗮𝘁𝗲 #𝗗𝗮𝘃𝗮𝗼𝗖𝗶𝘁𝘆𝗗𝗥𝗥𝗠𝐎",Unknown,2025-09-07 00:00,Unknown,https://www.facebook.com/DavaoDRRMO/posts/pfbid0k2kVEPmFxeb8vtCGWoSaj2o5ManjPoySoud5qKgpKdYPvEvzfPJkYk9posVaAjGLl?__cft__[0]=AZVUz4fBfuvFHHsant0vm9LNs51wSGrNUGC_regYFx90qwr39Bx7Tu54rdZewICQSwNM6XmfBNKXZsfxkNvi6lH-3607U6gav-My7E9r-dUfE3KaGVsMAPrjCdY7ccjGCVRfblZatuadwDwiS5xHE6TCr7VvqoJB3-gRsCZr4apbehyEwmv6ZAK4CbhpJH2J9hA&__tn__=%2CO%2CP-R
Facebook,NDRRMC,"WEATHER UPDATE| As of 8:00 PM today, 06 September 2025, Tropical Depression (formerly LANNIE) being monitored outside the Philippine Area of Responsibility (PAR) has developed into a Tropical Storm named ""TAPAH""
All are advised to monitor updates from DOST-PAGASA.
#NDRRMC 
#BawatSegundoMahalaga 
#LanniePH WEATHER UPDATE| As of 8:00 PM today, 06 September 2025, Tropical Depression (formerly LANNIE) being monitored outside the Philippine Area of Responsibility (PAR) has developed into a Tropical Storm named ""TAPAH"" All are advised to monitor updates from DOST-PAGASA. #NDRRMC #BawatSegundoMahalaga #LanniePH",Unknown,2025-09-07 00:00,Unknown,https://www.facebook.com/NDRRMC/posts/pfbid0MgyLpWCD1xyiGkmPx6uaYsugxEvi8cB4H5vf1mYX1Np43M4GVKwXi64spRwJSQmtl?__cft__[0]=AZWTX_dM0qZwE3a8GmB7z0GBY_f29TeLTn9MgDxG9hc49k3Ums7rUKQl-jIMvVsJGKjGFAFbcAzK1WsO_-jcpM_5YlVs1vEgoDqeB09AGGpjVi5HN1aVIvJ0JJ1cHb1MD-6DlY9k0iYV-u86GTb562fOF0toC2pxW1Dv2wp7-1kx9nmCGPCktgu-lifhvF-m_8g&__tn__=%2CO%2CP-R
Facebook,pagasa.dost.gov.ph,"As of 8:00 PM today, 06 September 2025, Tropical Depression (formerly LANNIE) being monitored outside the Philippine Area of Responsibility (PAR) has developed into a Tropical Storm named ""TAPAH""
All are advised to monitor updates from DOST-PAGASA.
#LanniePH As of 8:00 PM today, 06 September 2025, Tropical Depression (formerly LANNIE) being monitored outside the Philippine Area of Responsibility (PAR) has developed into a Tropical Storm named ""TAPAH"" All are advised to monitor updates from DOST-PAGASA. #LanniePH Lannie Intensified into Tropical Storm And Naming it: Tapah, Tapah Was Used Again Since 2019's Typhoon Nimfa/Tapah.",Unknown,2025-09-07 00:00,Unknown,https://www.facebook.com/PAGASA.DOST.GOV.PH/posts/pfbid02PYynwij9jv2hdmsszWPbWMuNSPok3Np56cJuwmNneQLk3UZqVuEWDM4xe38G7BCvl?__cft__[0]=AZVK2wsdGLqV-xYJxiV2FjSYZtv47Ke8PfboewSrbb3R0uqni61ZdX9IOVQICcROIjSldoK8AHypBQB5-BJtwCD-GUEMqHrQ7o6tRZmOEwmjt0cBi-yZgLqDwJOEg3vonUfgBUdUoeQG8RfL1fPAx2E21f_BDwyjt56dQFOxBYN1AvhASE7k80tBF-DFv0cYQbE&__tn__=%2CO%2CP-R
Facebook,pagasa.dost.gov.ph,"Lannie Intensified into Tropical Storm And Naming it: Tapah, Tapah Was Used Again Since 2019's Typhoon Nimfa/Tapah.",Unknown,2025-09-07 00:00,Unknown,https://www.facebook.com/PAGASA.DOST.GOV.PH/posts/pfbid02PYynwij9jv2hdmsszWPbWMuNSPok3Np56cJuwmNneQLk3UZqVuEWDM4xe38G7BCvl?comment_id=2208787562929941&__cft__[0]=AZVK2wsdGLqV-xYJxiV2FjSYZtv47Ke8PfboewSrbb3R0uqni61ZdX9IOVQICcROIjSldoK8AHypBQB5-BJtwCD-GUEMqHrQ7o6tRZmOEwmjt0cBi-yZgLqDwJOEg3vonUfgBUdUoeQG8RfL1fPAx2E21f_BDwyjt56dQFOxBYN1AvhASE7k80tBF-DFv0cYQbE&__tn__=R-R
Facebook,PHIVOLCS,"#EarthquakePH #EarthquakeSurigaoDelSur
Earthquake Information No.1
Date and Time: 06 September 2025 - 11:01 PM
Magnitude = 1.5
Depth = 028 km
Location = 09.12°N, 126.31°E - 014 km N 36° E of Tago (Surigao Del Sur)
https://earthquake.phivolcs.dost.gov.ph/.../2025_0906... #EarthquakePH #EarthquakeSurigaoDelSur Earthquake Information No.1 Date and Time: 06 September 2025 - 11:01 PM Magnitude = 1.5 Depth = 028 km Location = 09.12°N, 126.31°E - 014 km N 36° E of Tago (Surigao Del Sur) https://earthquake.phivolcs.dost.gov.ph/.../2025_0906...",Unknown,2025-09-07 00:00,Unknown,https://www.facebook.com/PHIVOLCS/posts/pfbid02YWGrBQVW95dFMrJpDwgYMPKukTehyzTEkuuRGZsHjeXFUaFVDQEx5od1VT7LL8w8l?__cft__[0]=AZXsXyD5whZBiEz46nrMKeoQhYLJ_hAG0S1VMq9z3DiVeDlI3ILIQNECIJlDEUUow786bERl9BskaX2mrbSkJemuD6-jeR0VRyQl0gwkj1_-uxNwX5U4eYN198Wk9DwFzaixqtuipCGMZ6xNTjtH8_CDtqWuyOQMRIc_dTiuYBDrjJWhCSq65--qQwUlSLcUwWk&__tn__=%2CO%2CP-R
Facebook,mprsdcdo,"As of 8:00 PM today, 06 September 2025, Tropical Depression (formerly LANNIE) being monitored outside the Philippine Area of Responsibility (PAR) has developed into a Tropical Storm named ""TAPAH""
All are advised to monitor updates from DOST-PAGASA.
#LanniePH As of 8:00 PM today, 06 September 2025, Tropical Depression (formerly LANNIE) being monitored outside the Philippine Area of Responsibility (PAR) has developed into a Tropical Storm named ""TAPAH""
All are advised to monitor updates from DOST-PAGASA.
#LanniePH As of 8:00 PM today, 06 September 2025, Tropical Depression (formerly LANNIE) being monitored outside the Philippine Area of Responsibility (PAR) has developed into a Tropical Storm named ""TAPAH"" All are advised to monitor updates from DOST-PAGASA. #LanniePH",Unknown,2025-09-07 00:00,Unknown,https://www.facebook.com/mprsdcdo/posts/pfbid0VRHBETP3ySvzAKe2r4TANQGWHMiL5vyqkiZ96xzfn6CbDH6FwVDAVTUA2n7t2PrLl?__cft__[0]=AZWZh5ianbmgisEXEEVrddbgvRNcdsxuWEVI4TKjtixWprq0V3X38a4x1NDlkhQk5BX_8qvx38jk5B-GeMOb2BmA_d_-3GOI3FxGDnZFwL9KIX4_M9FXB30dOc-yMbymcoHcelWXLdOoxTYtvVaBOK-j8NTtyjxniD1upakEHjFwp4jJi6qa-JspGHcWvquhiODnB28BSctPWHdwlO1qhn4YUy-VUtk4a7YGRLYprXcBOw&__tn__=%2CO%2CP-R
Facebook,#BahaPH,Baha na sa bundok #lowpressure #LPA #bahaph #flood #bahasagapo Baha na sa bundok #lowpressure #LPA #bahaph #flood #bahasagapo,Unknown,2025-09-07 00:00,Unknown,https://www.facebook.com/hashtag/BahaPH
Facebook,#EarthquakePH,"#EarthquakePH #EarthquakeEasternSamar
#iFelt_EasternSamarEarthquake
Earthquake Information No.1
Date and Time: 28 January 2023 - 04:25 AM
Magnitude = 5.2
Depth = 061 km
Location = 10.70°N, 125.55°E - 019 km S 76° W of Homonhon Island (Guiuan) (Eastern Samar)
Reported Intensities:
Instrumental Intensities: 
Intensity IV - Quinapondan, Eastern Samar; Baybay, Abuyog, Dulag, Leyte 
Intensity III - Alangalang, Albuera, Leyte; Surigao City, Surigao Del Norte 
Intensity II - Talibon, Bohol; Calubian, Palo, Ormoc City, Leyte; Marabut, Samar; Maasin, Southern Leyte 
Intensity I - Argao City, Bogo City, Cebu; Isabel, Leyte; Rosario, San Roque, Northern Samar
https://earthquake.phivolcs.dost.gov.ph/.../2023_0127... #EarthquakePH #EarthquakeEasternSamar #iFelt_EasternSamarEarthquake Earthquake Information No.1 Date and Time: 28 January 2023 - 04:25 AM Magnitude = 5.2 Depth = 061 km Location = 10.70°N, 125.55°E - 019 km S 76° W of Homonhon Island (Guiuan) (Eastern Samar) Reported Intensities: Instrumental Intensities: Intensity IV - Quinapondan, Eastern Samar; Baybay, Abuyog, Dulag, Leyte Intensity III - Alangalang, Albuera, Leyte; Surigao City, Surigao Del Norte Intensity II - Talibon, Bohol; Calubian, Palo, Ormoc City, Leyte; Marabut, Samar; Maasin, Southern Leyte Intensity I - Argao City, Bogo City, Cebu; Isabel, Leyte; Rosario, San Roque, Northern Samar https://earthquake.phivolcs.dost.gov.ph/.../2023_0127...",Unknown,2025-09-07 00:00,Unknown,https://www.facebook.com/PHIVOLCS/posts/pfbid02esjQD2m4p79fpCVMfzGYnjebjmMzxXbUgsE6whe2N4T9J7WZpZDBiKbbqSGUSDhtl?__cft__[0]=AZV-2Y0l8j9ROo519jWeb8eq8iozR7ZjlGMILYXNgD14fWCThiC9RtIbNXKagZlcZZ8udFzn7SdOADPDkqXQl__ftlEGQ0cKRkQhKLRGrEKNH9htyP09pGL59N6VDJu0_8ZeXSG7L5oUBQx0NSnuSBSlqArBkDCASrnQnjiGxQ_pgEJwTeTcY11OS0I9qFJ7hVs&__tn__=%2CO%2CP-R
Facebook,abscbnNEWS,"Sumiklab ang sunog sa isang residential area sa isang village sa Makati City, pasado alas-12 ng hapon nitong Linggo, September 7. | via Beatrice Cuadra, ABS-CBN News Sumiklab ang sunog sa isang residential area sa isang village sa Makati City, pasado alas-12 ng hapon nitong Linggo, September 7. | via Beatrice Cuadra, ABS-CBN News Saan po banda",Unknown,2025-09-07 13:00,Unknown,https://www.facebook.com/abscbnNEWS/posts/pfbid02jTsqYAgw64EuBXmLe8rYJHitnEJ9XyuJcABqwZLSopcMKVz2XopQ2usfjjGjgWyEl?__cft__[0]=AZXUBK1qipRgAYbYbTQtD4xWwPadz2xY3TGUN-dHCzkKd6BdE3M9NG6ZR1rhYyaZuk3grAcmZbEFbozkMAO409tEiaxshfNsKxel3tfFE3jm0koNaE2mlvlYjWGl31hrLlokCm_MvoE3mI6Lr5EO_IYjOGQ_722YCaX25MPRiiM2l__1kesAm6Mi0ZNcTEPPhpg&__tn__=%2CO%2CP-R
Facebook,civildefensedavao,"Thunderstorm Advisory No. 13  #MINPRSD
Issued at 09:09 AM 07 September 2025
Light to Moderate rainshowers with lightning and strong winds are expected over #SurigaoDelSur, #AgusanDelSur(Trento, SantaJosefa, Veruela, Loreto, Bunawan), #SurigaoDelNorte(Claver, Socorro, SiargaoIsland, SurigaoCity), #DinagatIslands, #DavaoOriental(Boston, Manay, Caraga, Baganga and Cateel) within the next 1-2 hours.
All are advised to take precautionary measures against the impacts associated with these hazards which include flash floods and landslides.
Keep monitoring for updates.
SOURCE: MINDANAO PRSD Thunderstorm Advisory No. 13  #MINPRSD Issued at 09:09 AM 07 September 2025 Light to Moderate rainshowers with lightning and strong winds are expected over #SurigaoDelSur, #AgusanDelSur(Trento, SantaJosefa, Veruela, Loreto, Bunawan), #SurigaoDelNorte(Claver, Socorro, SiargaoIsland, SurigaoCity), #DinagatIslands, #DavaoOriental(Boston, Manay, Caraga, Baganga and Cateel) within the next 1-2 hours. All are advised to take precautionary measures against the impacts associated with these hazards which include flash floods and landslides. Keep monitoring for updates. SOURCE: MINDANAO PRSD",Unknown,2025-09-07 13:00,Unknown,https://www.facebook.com/civildefensedavao/posts/pfbid0de6FzYCB5GF8qdndhpzZHwhFN5tmciTFAj2QniQykUy57ynRNCW6z1RYj3HB47GUl?__cft__[0]=AZXxtSaKfiLD8nNfTM4OuirZUR7QgLUTZrDvMDBuVN4dglHbSfJjV4XGV4sMCcWD2T5tC38-bz2lCyGT_zRf9laQEOg5TMEAUblelwPAeC5ZToYUq8X4plYdRlv0e-ZKoR0IAbenIAVcw15NFhHrBywWkLMRuWmvH3TooCgIShgzgH3kt6Yd6lsjeI7NICGkDuI&__tn__=%2CO%2CP-R
Facebook,DavaoDRRMO,"𝐂𝐃𝐑𝐑𝐌𝐎-𝐎𝐏𝐂𝐄𝐍 𝐖𝐄𝐀𝐓𝐇𝐄𝐑 𝐔𝐏𝐃𝐀𝐓𝐄:
As of 12:59 PM | September 07, 2025
𝐖𝐞𝐚𝐭𝐡𝐞𝐫 𝐒𝐲𝐬𝐭𝐞𝐦: 𝙀𝙖𝙨𝙩𝙚𝙧𝙡𝙞𝙚𝙨
Light rains are being experienced in some areas of Agdao, Buhangin, and Bunawan Districts.
Other areas within Davao City are experiencing sunny weather with partly cloudy to cloudy skies.
All river channels are monitored at 𝐂𝐎𝐃𝐄 𝐆𝐑𝐄𝐄𝐍 (𝘚𝘢𝘧𝘦 𝘓𝘦𝘷𝘦𝘭).
𝐂𝐎𝐀𝐒𝐓𝐀𝐋 𝐒𝐓𝐀𝐓𝐔𝐒:
> Calm seas
> Going high tide 
#𝗪𝗲𝗮𝘁𝗵𝗲𝗿𝗨𝗽𝗱𝗮𝘁𝗲
#𝗗𝗮𝘃𝗮𝗼𝗖𝗶𝘁𝘆𝗗𝗥𝗥𝗠𝗢 𝐂𝐃𝐑𝐑𝐌𝐎-𝐎𝐏𝐂𝐄𝐍 𝐖𝐄𝐀𝐓𝐇𝐄𝐑 𝐔𝐏𝐃𝐀𝐓𝐄: As of 12:59 PM | September 07, 2025 𝐖𝐞𝐚𝐭𝐡𝐞𝐫 𝐒𝐲𝐬𝐭𝐞𝐦: 𝙀𝙖𝙨𝙩𝙚𝙧𝙡𝙞𝙚𝙨 Light rains are being experienced in some areas of Agdao, Buhangin, and Bunawan Districts. Other areas within Davao City are experiencing sunny weather with partly cloudy to cloudy skies. All river channels are monitored at 𝐂𝐎𝐃𝐄 𝐆𝐑𝐄𝐄𝐍 (𝘚𝘢𝘧𝘦 𝘓𝘦𝘷𝘦𝘭). 𝐂𝐎𝐀𝐒𝐓𝐀𝐋 𝐒𝐓𝐀𝐓𝐔𝐒: > Calm seas > Going high tide #𝗪𝗲𝗮𝘁𝗵𝗲𝗿𝗨𝗽𝗱𝗮𝘁𝗲 #𝗗𝗮𝘃𝗮𝗼𝗖𝗶𝘁𝘆𝗗𝗥𝗥𝗠𝗢",Unknown,2025-09-07 13:00,Unknown,https://www.facebook.com/DavaoDRRMO/posts/pfbid0VU7tcxeHx5puvEe8JAWxnamJupPbVuWMSTNBejw1ntGUYZJ94YDDeGccGw12Euiwl?__cft__[0]=AZVWT7YNi06noCkD_28J0a-4ASa6GtndLxRRhAEu6_QHkDWUFu3_GrRQlPSd_SVt7J4HWg_6_dv_VZBCMZRLMHGAugsusEwEdimjUsNs2m6H6zICcL5UKHEzI6UPgl2oVWJOM_grJ_HkywfNI4o6oBL3NI6kXc2FvChOcLSh8hAMjrdT9q0aCuoX_zdjI6Xj_OA&__tn__=%2CO%2CP-R
Facebook,manilabulletin,"The Manila Bulletin is hosting its third MB Sustainability Focus Session, a platform for in-depth discussions and exploration of sustainability issues in an identified sector. This edition emphasizes financial literacy as a key to building a sustainable future.
Joining the conversation is Aboitiz-led Union Bank of the Philippines (UnionBank), which pursues digital transformation, invests in relevant social and environmental programs, and promotes equality and financial inclusion to power the future of banking.
Stay tuned for more updates by following the Manila Bulletin Sustainability Facebook Page.
#MBSustainability #SustainabilityFocusSession #FinLit #MBEvents The Manila Bulletin is hosting its third MB Sustainability Focus Session, a platform for in-depth discussions and exploration of sustainability issues in an identified sector. This edition emphasizes financial literacy as a key to building a sustainable future. Joining the conversation is Aboitiz-led Union Bank of the Philippines (UnionBank), which pursues digital transformation, invests in relevant social and environmental programs, and promotes equality and financial inclusion to power the future of banking. Stay tuned for more updates by following the Manila Bulletin Sustainability Facebook Page. #MBSustainability #SustainabilityFocusSession #FinLit #MBEvents",Unknown,2025-09-07 13:00,Unknown,https://www.facebook.com/ManilaBulletin/posts/pfbid02VD3iKmbEQK3na449Q3mzAdKRyFrT6RtbDMubUDD8Me7S7cts637TbeDqgiuTTQFdl?__cft__[0]=AZUT8jbfXXfLIww1UOBr6L5XQMG70uLpOFZ0yoLDXoMJh1mNY8acgP49NJLTt7wC6FE7Wg1qibgHW6Mqs4tKRR-elmefmaW-VSPDbPfrHmORYQHCbfjMS1P69svS-Cg0X6HE4X8WXqsRt7IrCS_wb_UOMnmF2p3rRelmkaZcZByKm1td3jVrn3iO-7IgLTPo-9M&__tn__=%2CO%2CP-R
Facebook,PHIVOLCS,"#EarthquakePH #EarthquakeCebu
Earthquake Information No.1
Date and Time: 07 September 2025 - 12:11 PM
Magnitude = 1.9
Depth = 026 km
Location = 10.26°N, 123.76°E - 004 km N 76° W of Minglanilla (Cebu)
https://earthquake.phivolcs.dost.gov.ph/.../2025_0907... #EarthquakePH #EarthquakeCebu Earthquake Information No.1 Date and Time: 07 September 2025 - 12:11 PM Magnitude = 1.9 Depth = 026 km Location = 10.26°N, 123.76°E - 004 km N 76° W of Minglanilla (Cebu) https://earthquake.phivolcs.dost.gov.ph/.../2025_0907...",Unknown,2025-09-07 13:00,Unknown,https://www.facebook.com/PHIVOLCS/posts/pfbid0jWwFj4inWtw96ksYnHxErWBAwGuvNT7zf6yqy39KimqQCjvjBBGuemC3fATDPN7gl?__cft__[0]=AZW-M3zpvrN6w0yWGceR8us15EPjeFHMyIHnyjbz3RjqM7kW1K0wTmbMSzje8AsOnUPgEPjKR6ZElDkJBIyolEyemLeJ7ULYzqAicsgxsBiJe7IDKMXu-eRYQaWdnPnbDWZjwRV_CM1_6C3JxTHcfbSMMxcjAGDHDHeuIB7mrNfXr4QW_xLx_ithLay0II5hAzk&__tn__=%2CO%2CP-R
Facebook,stormchasersPH,"FLOOD CONTROL PROJECT SA CAUAYAN CITY, ISABELA, BUMIGAY! 
Bumagsak ang bahagi ng ginagawang Flood Control Project sa Brgy. Alicaocao, Cauayan City, #Isabela ngayong Linggo, September 7.
Inaalam pa sa ngayon kung sino ang contractor at kung magkano ang halaga ng nasirang flood control project.
 Bombo Radyo Cauayan FLOOD CONTROL PROJECT SA CAUAYAN CITY, ISABELA, BUMIGAY! Bumagsak ang bahagi ng ginagawang Flood Control Project sa Brgy. Alicaocao, Cauayan City, #Isabela ngayong Linggo, September 7. Inaalam pa sa ngayon kung sino ang contractor at kung magkano ang halaga ng nasirang flood control project. Bombo Radyo Cauayan Manipis nga po",Unknown,2025-09-07 13:00,Unknown,https://www.facebook.com/stormchasersPH/
Facebook,mprsdcdo,"Thunderstorm Advisory No. 13  #MINPRSD
Issued at 09:09 AM 07 September 2025
Light to Moderate rainshowers with lightning and strong winds are expected over #SurigaoDelSur, #AgusanDelSur(Trento, SantaJosefa, Veruela, Loreto, Bunawan), #SurigaoDelNorte(Claver, Socorro, SiargaoIsland, SurigaoCity), #DinagatIslands, #DavaoOriental(Boston, Manay, Caraga, Baganga and Cateel) within the next 1-2 hours.
All are advised to take precautionary measures against the impacts associated with these hazards which include flash floods and landslides.
Keep monitoring for updates. Thunderstorm Advisory No. 13  #MINPRSD Issued at 09:09 AM 07 September 2025 Light to Moderate rainshowers with lightning and strong winds are expected over #SurigaoDelSur, #AgusanDelSur(Trento, SantaJosefa, Veruela, Loreto, Bunawan), #SurigaoDelNorte(Claver, Socorro, SiargaoIsland, SurigaoCity), #DinagatIslands, #DavaoOriental(Boston, Manay, Caraga, Baganga and Cateel) within the next 1-2 hours. All are advised to take precautionary measures against the impacts associated with these hazards which include flash floods and landslides. Keep monitoring for updates.",Unknown,2025-09-07 13:00,Unknown,https://www.facebook.com/mprsdcdo/posts/pfbid02wnz69EhC45hszJk9SyARLUtqQMMApRVmRUBwdGRbczLQcRRGGo9SWXAG6FG52Akxl?__cft__[0]=AZVCH0k4WT5hABJRAaWLaggbhp633nxEqSFM6DzVEISamkL4U4qS5PdwmvSM9bBoAf8EczQCtHKuIx_Qo1wo2m1DhPavc4EPNfE278q1cIx-97KV2odfuIieZ2S7eMDPUWPGZZhKgtBbwhkpXylmNFxH4I2O50NLoF-OSIosW9EOsUmkSBT-vhZDdegJZGflu0M&__tn__=%2CO%2CP-R
Facebook,stormchasersPH,"FLOOD CONTROL PROJECT SA CAUAYAN CITY, ISABELA, BUMIGAY! 
Bumagsak ang bahagi ng ginagawang Flood Control Project sa Brgy. Alicaocao, Cauayan City, #Isabela ngayong Linggo, September 7.
Inaalam pa sa ngayon kung sino ang contractor at kung magkano ang halaga ng nasirang flood control project.
 Bombo Radyo Cauayan FLOOD CONTROL PROJECT SA CAUAYAN CITY, ISABELA, BUMIGAY! Bumagsak ang bahagi ng ginagawang Flood Control Project sa Brgy. Alicaocao, Cauayan City, #Isabela ngayong Linggo, September 7. Inaalam pa sa ngayon kung sino ang contractor at kung magkano ang halaga ng nasirang flood control project. Bombo Radyo Cauayan isu nga adu mangayat agtakem ta dita iti pagbirukan iti billiones nga kalidad",Unknown,2025-09-07 13:30,Unknown,https://www.facebook.com/stormchasersPH/
Facebook,#FloodAlert,#FloodAlert #ChenabRiver #flood #phullanalla #naseerchadhar #mehmoodpuria #Chadhar #FloodAlert #ChenabRiver #flood #phullanalla #naseerchadhar #mehmoodpuria #Chadhar,Unknown,2025-09-07 13:30,Unknown,https://www.facebook.com/hashtag/FloodAlert
Facebook,#RescuePH,"My preselection for Pitikan Popping Battle! Battler#10
Judges:
Mendoza G. Mundov
Ian Villanueva
PJ Boogie
#KAPITikan #PitikPinoysPinays #RescuePH
#TyphoonUlysses My preselection for Pitikan Popping Battle! Battler#10 Judges: Mendoza G. Mundov Ian Villanueva PJ Boogie #KAPITikan #PitikPinoysPinays #RescuePH #TyphoonUlysses",Unknown,2025-09-07 13:30,Unknown,https://www.facebook.com/hashtag/RescuePH
Facebook,DavaoDRRMO,"𝐂𝐃𝐑𝐑𝐌𝐎-𝐎𝐏𝐂𝐄𝐍 𝐖𝐄𝐀𝐓𝐇𝐄𝐑 𝐔𝐏𝐃𝐀𝐓𝐄:
As of 1:29 PM | September 07, 2025
𝐖𝐞𝐚𝐭𝐡𝐞𝐫 𝐒𝐲𝐬𝐭𝐞𝐦: 𝙀𝙖𝙨𝙩𝙚𝙧𝙡𝙞𝙚𝙨
Reported rainfall within the areas of Poblacion, Agdao, Buhangin, and Bunawan Districts has stopped.
Areas within Davao City are experiencing sunny weather with partly cloudy to cloudy skies.
All river channels are monitored at 𝐂𝐎𝐃𝐄 𝐆𝐑𝐄𝐄𝐍 (𝘚𝘢𝘧𝘦 𝘓𝘦𝘷𝘦𝘭).
𝐂𝐎𝐀𝐒𝐓𝐀𝐋 𝐒𝐓𝐀𝐓𝐔𝐒:
> Calm to slight seas
> Going high tide 
#𝗪𝗲𝗮𝘁𝗵𝗲𝗿𝗨𝗽𝗱𝗮𝘁𝗲
#𝗗𝗮𝘃𝗮𝗼𝗖𝗶𝘁𝘆𝗗𝗥𝗥𝗠𝗢 𝐂𝐃𝐑𝐑𝐌𝐎-𝐎𝐏𝐂𝐄𝐍 𝐖𝐄𝐀𝐓𝐇𝐄𝐑 𝐔𝐏𝐃𝐀𝐓𝐄: As of 1:29 PM | September 07, 2025 𝐖𝐞𝐚𝐭𝐡𝐞𝐫 𝐒𝐲𝐬𝐭𝐞𝐦: 𝙀𝙖𝙨𝙩𝙚𝙧𝙡𝙞𝙚𝙨 Reported rainfall within the areas of Poblacion, Agdao, Buhangin, and Bunawan Districts has stopped. Areas within Davao City are experiencing sunny weather with partly cloudy to cloudy skies. All river channels are monitored at 𝐂𝐎𝐃𝐄 𝐆𝐑𝐄𝐄𝐍 (𝘚𝘢𝘧𝘦 𝘓𝘦𝘷𝘦𝘭). 𝐂𝐎𝐀𝐒𝐓𝐀𝐋 𝐒𝐓𝐀𝐓𝐔𝐒: > Calm to slight seas > Going high tide #𝗪𝗲𝗮𝘁𝗵𝗲𝗿𝗨𝗽𝗱𝗮𝘁𝗲 #𝗗𝗮𝘃𝗮𝗼𝗖𝗶𝘁𝘆𝗗𝗥𝗥𝗠𝗢",Unknown,2025-09-07 14:00,Unknown,https://www.facebook.com/DavaoDRRMO/posts/pfbid0Lc4sm1787YrjsCryXJ89Xpx5JjnAhL5Wz2o8BKzxRPrTdJJ73xym68Zh69ELma98l?__cft__[0]=AZXra3Cb2mGqSEQpakXJGBUdCXSCoMG2s392gk79soErbI_9-ARss-cgxHKBQEYMWNq2ed24eTyRNH3J-J2-a45RHLx5gp_WOAibPIKgfU8g7vahuFnLXOlvJJt4RSVobmSVX9QHWg7LyGzCNQSsOzzN5xu6BPtJix4QYhuYd2xRal1DrDHo-LptbJ_AHBGp0zk&__tn__=%2CO%2CP-R
Facebook,manilabulletin,"Today’s print edition of Property & Living:
◉ Living the good life: How SMDC’s new segments are taking shape
◉ Crowning Makati’s skyline: Laurean Residences by Ayala Land Premier
◉ MIDS 2025 champions human-centered creativity
◉ Dela Rosa Gardens: A district redefined
Read more:
◉ Genteel Home brings the Bigkis collection to Maison et Objet
◉ ICYMI: Boffi marked a decade of Italian craftsmanship in the country
◉ The advantages of owning an office space in Manila Chinatown
◉ ASDA 2026 launches as American Standard marks 150 years
Grab a copy today! #ManilaBulletinPropertyLiving Today’s print edition of Property & Living:
◉ Living the good life: How SMDC’s new segments are taking shape
◉ Crowning Makati’s skyline: Laurean Residences by Ayala Land Premier
◉ MIDS 2025 champions human-centered creativity
◉ Dela Rosa Gardens: A district redefined
Read more:
◉ Genteel Home brings the Bigkis collection to Maison et Objet
◉ ICYMI: Boffi marked a decade of Italian craftsmanship in the country
◉ The advantages of owning an office space in Manila Chinatown
◉ ASDA 2026 launches as American Standard marks 150 years
Grab a copy today! #ManilaBulletinPropertyLiving Today’s print edition of Property & Living: ◉ Living the good life: How SMDC’s new segments are taking shape ◉ Crowning Makati’s skyline: Laurean Residences by Ayala Land Premier ◉ MIDS 2025 champions human-centered creativity ◉ Dela Rosa Gardens: A district redefined Read more: ◉ Genteel Home brings the Bigkis collection to Maison et Objet ◉ ICYMI: Boffi marked a decade of Italian craftsmanship in the country ◉ The advantages of owning an office space in Manila Chinatown ◉ ASDA 2026 launches as American Standard marks 150 years Grab a copy today! #ManilaBulletinPropertyLiving",Unknown,2025-09-07 14:00,Unknown,https://www.facebook.com/ManilaBulletin/posts/pfbid0BtkbXFwvYjZzweTmz4Py9V25zuZQrcTvnvmT5tyedcBL1hmFethP1KwkDSASYkfAl?__cft__[0]=AZUcd4p5OZmwXsdPav6-XwPCl1KS8Xt5dwXqwes_t21fiAzayokcxkJKdh-v7MaUvp45ku0Aa6Dwabj68ngRV5p4CYkiDeOIgRFEGpUC-enf3YMLD5XkaiOa3sSzZz1peWCt6BTuVNDCqjkiawjxRHINGJqLON_YmDUp2ikJHsqNN7rD7sIEzEawY3uz5SCfbkUyZOCUBtmcKAI4caQ4dnGSDYhQNj5J4qxtbOjaSEqKbw&__tn__=%2CO%2CP-R
Facebook,#EarthquakePH,"#EarthquakePH #EarthquakeIlocosNorte
Earthquake Information No.1
Date and Time: 07 September 2025 - 01:09 PM
Magnitude = 2.5
Depth = 024 km
Location = 17.98°N, 120.35°E - 014 km N 67° W of Badoc (Ilocos Norte)
https://earthquake.phivolcs.dost.gov.ph/.../2025_0907... #EarthquakePH #EarthquakeIlocosNorte Earthquake Information No.1 Date and Time: 07 September 2025 - 01:09 PM Magnitude = 2.5 Depth = 024 km Location = 17.98°N, 120.35°E - 014 km N 67° W of Badoc (Ilocos Norte) https://earthquake.phivolcs.dost.gov.ph/.../2025_0907...",Unknown,2025-09-07 14:00,Unknown,https://www.facebook.com/PHIVOLCS/posts/pfbid03nAb1xo4CrLnq9cyRr3tSWkjZWqMx47YDjyUTqpvN5VaeJsAoyFfe2bxKvE3v2wsl?__cft__[0]=AZV_XplAxHwHEkKdH8XKB-LI8KWUWs1V2hdxYpdwA1ICsSyCbyB7ayf7NbLnQlJHILzGFCaC5Qi6N6ePuO4ZJTAMdPY0Dv0ADgLzsbj7rbb7UTmv02jTpnYavyruOMfwlErVVeFprT2Eh6U0KvU3-JeQFh_O0jPHn5kGS0cK8l1fDpIRMBwtqqHtFGC90FrnKGE&__tn__=%2CO%2CP-R
Facebook,abscbnNEWS,"As of 2:04 p.m., fire out na ang sunog na sumiklab sa San Lorenzo Village sa Makati City, ayon sa BFP. | via Bea Cuadra, ABS-CBN News
(Contributed photos) As of 2:04 p.m., fire out na ang sunog na sumiklab sa San Lorenzo Village sa Makati City, ayon sa BFP. | via Bea Cuadra, ABS-CBN News (Contributed photos)",Unknown,2025-09-07 14:30,Unknown,https://www.facebook.com/abscbnNEWS/posts/pfbid02cTwferLeLjZNsB3h5BBGWXfUk8siPhFpZistmJB84udAQDBaKcPofVtp3YTRwBAXl?__cft__[0]=AZUhalKeI7Kx86dxObycbN0pwDaFdCjTxgy7vFZv2pl885D-xlYDguy6F-TwwzwqN3K_7X6suyHYuTCC1aegS497QJLsGf6SEZ-1pYLE1TrNMNT1lKGeoSPhfRKiPylfdVc1PJwPDXRXWsW3mmkfeOnzebiVz0dzzuSWOqKdXlFNdp1v7WleX-Df1JMnY0NWdy8&__tn__=%2CO%2CP-R
Facebook,civildefensedavao,"Thunderstorm Advisory No. 14  #MINPRSD
Issued at 01:25 PM 07 September 2025
Light to Moderate rainshowers with lightning and strong winds are expected over #SurigaoDelSur(Tagbina, Lianga, SanAgustin, Marihatag, Cagwait, Bayabas, SanMiguel, Tago, CityOfTandag, Carmen, Lanuza, Madrid, Cortes, Cantilan, Carrascal, Barobo, Hinatuan), #AgusanDelSur, #DinagatIslands, #DavaoOriental(Manay, Caraga, Baganga, CityOfMati, GovernorGeneroso, SanIsidro, Tarragona), #SurigaoDelNorte, #AgusanDelNorte(Jabonga, Kitcharao, Santiago, Tubay, RemediosT.Romualdez, CityOfCabadbaran), #MisamisOriental(Magsaysay, GingoogCity, Claveria), #DavaoDeOro(Monkayo, Compostela, NewBataan), #DavaoDelNorte(CityOfSamal, SantoTomas, BraulioE.Dujali, CityOfPanabo, Carmen, CityOfTagum, Asuncion, NewCorella), #LanaoDelSur(Kapatagan, Balabagan, Marogong, Malabang, Wao, Picong, LumbacaUnayan, Calanogas, SultanDumalondong, Tubaran, Butig, Lumbatan, Lumbayanague, Bayang, Pagayawan, Binidayan, Ganassi, Masiu, Pualas, PoonaBayabao, LumbaBayabao, Bumbaran, Tamparan, Madamba, BacolodKalawi, Tugaya, Balindong, Madalum, Marantao, Piagapo, MarawiCity, Saguiaran), #LanaoDelNorte(Nunungan, SultanNagaDimaporo, Sapad, Salvador, Tubod, Kapatagan, Lala, Baroy, IliganCity), #ZamboangaDelNorte(Gutalac, Baliguian), #ZamboangaSibugay(Ipil, Titay, RosellerLim), #DavaoOccidental(JoseAbadSantos, Sarangani), #Sarangani(Glan), #Bukidnon(Talakag, Baungon, Libona, ManoloFortich, Malitbog, ImpasugOng and Sumilao) within the next 1-2 hours.
Moderate to occasionally heavy rainshowers with lightning and strong winds are being experienced in #SurigaoDelSur(Lingig, CityOfBislig), #DavaoOriental(Boston, Cateel), #AgusanDelNorte(Buenavista, Nasipit, Carmen, ButuanCity, LasNieves, Magallanes), #LanaoDelSur(Taraka, Mulondo, BuadiposoBuntong, Maguing, DitsaanRamain, Bubong, Kapai and TagoloanII) which may persist within 1-2 hours and may affect nearby areas.
All are advised to take precautionary measures against the impacts associated with these hazards which include flash floods and landslides.
Keep monitoring for updates.
SOURCE: MINDANAO PRSD Thunderstorm Advisory No. 14  #MINPRSD Issued at 01:25 PM 07 September 2025 Light to Moderate rainshowers with lightning and strong winds are expected over #SurigaoDelSur(Tagbina, Lianga, SanAgustin, Marihatag, Cagwait, Bayabas, SanMiguel, Tago, CityOfTandag, Carmen, Lanuza, Madrid, Cortes, Cantilan, Carrascal, Barobo, Hinatuan), #AgusanDelSur, #DinagatIslands, #DavaoOriental(Manay, Caraga, Baganga, CityOfMati, GovernorGeneroso, SanIsidro, Tarragona), #SurigaoDelNorte, #AgusanDelNorte(Jabonga, Kitcharao, Santiago, Tubay, RemediosT.Romualdez, CityOfCabadbaran), #MisamisOriental(Magsaysay, GingoogCity, Claveria), #DavaoDeOro(Monkayo, Compostela, NewBataan), #DavaoDelNorte(CityOfSamal, SantoTomas, BraulioE.Dujali, CityOfPanabo, Carmen, CityOfTagum, Asuncion, NewCorella), #LanaoDelSur(Kapatagan, Balabagan, Marogong, Malabang, Wao, Picong, LumbacaUnayan, Calanogas, SultanDumalondong, Tubaran, Butig, Lumbatan, Lumbayanague, Bayang, Pagayawan, Binidayan, Ganassi, Masiu, Pualas, PoonaBayabao, LumbaBayabao, Bumbaran, Tamparan, Madamba, BacolodKalawi, Tugaya, Balindong, Madalum, Marantao, Piagapo, MarawiCity, Saguiaran), #LanaoDelNorte(Nunungan, SultanNagaDimaporo, Sapad, Salvador, Tubod, Kapatagan, Lala, Baroy, IliganCity), #ZamboangaDelNorte(Gutalac, Baliguian), #ZamboangaSibugay(Ipil, Titay, RosellerLim), #DavaoOccidental(JoseAbadSantos, Sarangani), #Sarangani(Glan), #Bukidnon(Talakag, Baungon, Libona, ManoloFortich, Malitbog, ImpasugOng and Sumilao) within the next 1-2 hours. Moderate to occasionally heavy rainshowers with lightning and strong winds are being experienced in #SurigaoDelSur(Lingig, CityOfBislig), #DavaoOriental(Boston, Cateel), #AgusanDelNorte(Buenavista, Nasipit, Carmen, ButuanCity, LasNieves, Magallanes), #LanaoDelSur(Taraka, Mulondo, BuadiposoBuntong, Maguing, DitsaanRamain, Bubong, Kapai and TagoloanII) which may persist within 1-2 hours and may affect nearby areas. All are advised to take precautionary measures against the impacts associated with these hazards which include flash floods and landslides. Keep monitoring for updates. SOURCE: MINDANAO PRSD",Unknown,2025-09-07 14:30,Unknown,https://www.facebook.com/civildefensedavao/posts/pfbid02tPyDZd9mGt9oY9bAE5T4DhbrjF3ouSE1VKsENwSUHB4PuBjCiuEaqJJNtZ86Kz5Ql?__cft__[0]=AZXEokK9yL3LjSnpdmnFXBPhclNJ-Pj09q5DXEvXzPuCN7ZDm1Gkt5RuD2BWUtaihCyuKX7-kurOVqcga04F77LnjUM7LqSHH05l5WHj2Etz7j1FEzSWBDHnjPFuazfL5mL0vctEVck4dWcHxYgft5xV3PIjCpz2zj_ZQ3zugwJknDHe7nw4re7qIIjOz1hBrnY&__tn__=%2CO%2CP-R
Facebook,NDRRMC,"Summary of 24-Hour Observation of Active Volcanoes Mt. Taal, Mayon, Bulusan and Kanlaon
07 September 2025
Source: Philippine Institute of Volcanology and Seismology (PHIVOLCS-DOST)
#NDRRMC
#BawatSegundoMahalaga Summary of 24-Hour Observation of Active Volcanoes Mt. Taal, Mayon, Bulusan and Kanlaon 07 September 2025 Source: Philippine Institute of Volcanology and Seismology (PHIVOLCS-DOST) #NDRRMC #BawatSegundoMahalaga",Unknown,2025-09-07 14:30,Unknown,https://www.facebook.com/NDRRMC/posts/pfbid0edD3CXvJcU17XnxMgGpPu8PXjn5A2oyiTnzHBGsoRRAAdZwLpALznbi8oo2SL9rFl?__cft__[0]=AZU_n9O5PitjtS35brZa-xeegCdb1hopKCNBhPjVa9gH-h2Dt8scyUkHJLbKdNuf09DRsBtf1XMQNqswuhfZggNpBGmb8FCeaEXtYGfKPG9sPVYke1nFp58S3478FSqI_2X3bVIdl7jshoRFoxl4MGOP60HJDd72w7-pYPrR7cyWuIVi2xIJ4PymYik77bNqxD4&__tn__=%2CO%2CP-R
Facebook,PHIVOLCS,"#EarthquakePH #EarthquakeDavaoOriental
Earthquake Information No.1
Date and Time: 07 September 2025 - 01:35 PM
Magnitude = 2.5
Depth = 043 km
Location = 06.66°N, 126.59°E - 046 km S 21° E of Tarragona (Davao Oriental)
https://earthquake.phivolcs.dost.gov.ph/.../2025_0907... #EarthquakePH #EarthquakeDavaoOriental Earthquake Information No.1 Date and Time: 07 September 2025 - 01:35 PM Magnitude = 2.5 Depth = 043 km Location = 06.66°N, 126.59°E - 046 km S 21° E of Tarragona (Davao Oriental) https://earthquake.phivolcs.dost.gov.ph/.../2025_0907...",Unknown,2025-09-07 14:30,Unknown,https://www.facebook.com/PHIVOLCS/posts/pfbid02u4dX5NKyvCkzBz5ggqUWJtY6Wa727t4oyqU5WytNzYESojhPbTCjXeGvL1a9rPHcl?__cft__[0]=AZWVQVV88xh5JVmD0gvSVNTm6ZPjf-xaKt1XgIFHN1l7lht3pph5dncA00pE9FTxj_OJFbK5LF4Q7QQdxYzQ6PK3IPkxjZUP7iSsoxltOnaVQ6Ls2KJVvjq8---menPA2-bF3HOLEZq2YN6bFBXYcqUfzVEG7THx5GppP6ba7pmpLCNedwy0AIK1-lWIHxeB244&__tn__=%2CO%2CP-R
Facebook,sunstardavaonews,"RESCUE GROUP MOURNS LOSS OF FOSTER DOG ‘TIKTOK’
A local rescue group is mourning the loss of Tiktok, a dog who died in a tragic accident after slipping out while in foster care and being hit by a car.
Tiktok had been fostered to protect her from a distemper outbreak at the shelter. Rescuers said she was surrounded with love, but fate took a heartbreaking turn.
Once a victim of cruelty, Tiktok was previously shot five times with improvised arrows in Murcia, Negros Occidental. She was rescued by Bach Project PH on February 24, 2025, and made a full recovery.
A short viewing will be held on September 8, from 10 to 11 a.m. at Green Meadows Pet Aftercare in Negros, before her cremation. Attendance will be limited.
The group asks for understanding during this painful time and invites everyone to remember Tiktok with love and prayers.
BACH Project PH
#AllYouNeedToKnow RESCUE GROUP MOURNS LOSS OF FOSTER DOG ‘TIKTOK’ A local rescue group is mourning the loss of Tiktok, a dog who died in a tragic accident after slipping out while in foster care and being hit by a car. Tiktok had been fostered to protect her from a distemper outbreak at the shelter. Rescuers said she was surrounded with love, but fate took a heartbreaking turn. Once a victim of cruelty, Tiktok was previously shot five times with improvised arrows in Murcia, Negros Occidental. She was rescued by Bach Project PH on February 24, 2025, and made a full recovery. A short viewing will be held on September 8, from 10 to 11 a.m. at Green Meadows Pet Aftercare in Negros, before her cremation. Attendance will be limited. The group asks for understanding during this painful time and invites everyone to remember Tiktok with love and prayers. BACH Project PH #AllYouNeedToKnow",Unknown,2025-09-07 14:30,Unknown,https://www.facebook.com/sunstardavaonews/posts/pfbid02mEyJuVABUFG9evNBDxJA5PX8CbXfiZAU8i1dAUYNDqABz1nqrDW2ksD6WXm64WFkl?__cft__[0]=AZX1qSAgs7NMgH-w4Q5QvYiJfbkBvgxORI3R5pkAuW1Heyh6nCboylDuuBqdVRuJGoCaM3XX8SdLnGElS8UOndAFpPVNUmur3GlPM0gKjCcFpuqxadldFQZ1_a840TE8_-HxE2806kdpGt6Gubru-F_Ah5d9mvQkaGM_CAkb4QTOrVfgsCXG5YY0Iihwj6FnKzw&__tn__=%2CO%2CP-R
Facebook,stormchasersPH,"FLOOD CONTROL PROJECT SA CAUAYAN CITY, ISABELA, BUMIGAY! 
Bumagsak ang bahagi ng ginagawang Flood Control Project sa Brgy. Alicaocao, Cauayan City, #Isabela ngayong Linggo, September 7.
Inaalam pa sa ngayon kung sino ang contractor at kung magkano ang halaga ng nasirang flood control project.
 Bombo Radyo Cauayan FLOOD CONTROL PROJECT SA CAUAYAN CITY, ISABELA, BUMIGAY! Bumagsak ang bahagi ng ginagawang Flood Control Project sa Brgy. Alicaocao, Cauayan City, #Isabela ngayong Linggo, September 7. Inaalam pa sa ngayon kung sino ang contractor at kung magkano ang halaga ng nasirang flood control project. Bombo Radyo Cauayan Halatang bago pa Ang project na yan. Tapos isasabi na 2016 pa Ang project na yan. kahit anong pukol nyo sa mga Duterte kaming mga tao alam n namin mga galawan nnyo mga Buwaya kayo .",Unknown,2025-09-07 14:30,Unknown,https://www.facebook.com/stormchasersPH/
Facebook,mprsdcdo,"Thunderstorm Advisory No. 14  #MINPRSD
Issued at 01:25 PM 07 September 2025
Light to Moderate rainshowers with lightning and strong winds are expected over #SurigaoDelSur(Tagbina, Lianga, SanAgustin, Marihatag, Cagwait, Bayabas, SanMiguel, Tago, CityOfTandag, Carmen, Lanuza, Madrid, Cortes, Cantilan, Carrascal, Barobo, Hinatuan), #AgusanDelSur, #DinagatIslands, #DavaoOriental(Manay, Caraga, Baganga, CityOfMati, GovernorGeneroso, SanIsidro, Tarragona), #SurigaoDelNorte, #AgusanDelNorte(Jabonga, Kitcharao, Santiago, Tubay, RemediosT.Romualdez, CityOfCabadbaran), #MisamisOriental(Magsaysay, GingoogCity, Claveria), #DavaoDeOro(Monkayo, Compostela, NewBataan), #DavaoDelNorte(CityOfSamal, SantoTomas, BraulioE.Dujali, CityOfPanabo, Carmen, CityOfTagum, Asuncion, NewCorella), #LanaoDelSur(Kapatagan, Balabagan, Marogong, Malabang, Wao, Picong, LumbacaUnayan, Calanogas, SultanDumalondong, Tubaran, Butig, Lumbatan, Lumbayanague, Bayang, Pagayawan, Binidayan, Ganassi, Masiu, Pualas, PoonaBayabao, LumbaBayabao, Bumbaran, Tamparan, Madamba, BacolodKalawi, Tugaya, Balindong, Madalum, Marantao, Piagapo, MarawiCity, Saguiaran), #LanaoDelNorte(Nunungan, SultanNagaDimaporo, Sapad, Salvador, Tubod, Kapatagan, Lala, Baroy, IliganCity), #ZamboangaDelNorte(Gutalac, Baliguian), #ZamboangaSibugay(Ipil, Titay, RosellerLim), #DavaoOccidental(JoseAbadSantos, Sarangani), #Sarangani(Glan), #Bukidnon(Talakag, Baungon, Libona, ManoloFortich, Malitbog, ImpasugOng and Sumilao) within the next 1-2 hours.
Moderate to occasionally heavy rainshowers with lightning and strong winds are being experienced in #SurigaoDelSur(Lingig, CityOfBislig), #DavaoOriental(Boston, Cateel), #AgusanDelNorte(Buenavista, Nasipit, Carmen, ButuanCity, LasNieves, Magallanes), #LanaoDelSur(Taraka, Mulondo, BuadiposoBuntong, Maguing, DitsaanRamain, Bubong, Kapai and TagoloanII) which may persist within 1-2 hours and may affect nearby areas.
All are advised to take precautionary measures against the impacts associated with these hazards which include flash floods and landslides.
Keep monitoring for updates. Thunderstorm Advisory No. 14  #MINPRSD Issued at 01:25 PM 07 September 2025 Light to Moderate rainshowers with lightning and strong winds are expected over #SurigaoDelSur(Tagbina, Lianga, SanAgustin, Marihatag, Cagwait, Bayabas, SanMiguel, Tago, CityOfTandag, Carmen, Lanuza, Madrid, Cortes, Cantilan, Carrascal, Barobo, Hinatuan), #AgusanDelSur, #DinagatIslands, #DavaoOriental(Manay, Caraga, Baganga, CityOfMati, GovernorGeneroso, SanIsidro, Tarragona), #SurigaoDelNorte, #AgusanDelNorte(Jabonga, Kitcharao, Santiago, Tubay, RemediosT.Romualdez, CityOfCabadbaran), #MisamisOriental(Magsaysay, GingoogCity, Claveria), #DavaoDeOro(Monkayo, Compostela, NewBataan), #DavaoDelNorte(CityOfSamal, SantoTomas, BraulioE.Dujali, CityOfPanabo, Carmen, CityOfTagum, Asuncion, NewCorella), #LanaoDelSur(Kapatagan, Balabagan, Marogong, Malabang, Wao, Picong, LumbacaUnayan, Calanogas, SultanDumalondong, Tubaran, Butig, Lumbatan, Lumbayanague, Bayang, Pagayawan, Binidayan, Ganassi, Masiu, Pualas, PoonaBayabao, LumbaBayabao, Bumbaran, Tamparan, Madamba, BacolodKalawi, Tugaya, Balindong, Madalum, Marantao, Piagapo, MarawiCity, Saguiaran), #LanaoDelNorte(Nunungan, SultanNagaDimaporo, Sapad, Salvador, Tubod, Kapatagan, Lala, Baroy, IliganCity), #ZamboangaDelNorte(Gutalac, Baliguian), #ZamboangaSibugay(Ipil, Titay, RosellerLim), #DavaoOccidental(JoseAbadSantos, Sarangani), #Sarangani(Glan), #Bukidnon(Talakag, Baungon, Libona, ManoloFortich, Malitbog, ImpasugOng and Sumilao) within the next 1-2 hours. Moderate to occasionally heavy rainshowers with lightning and strong winds are being experienced in #SurigaoDelSur(Lingig, CityOfBislig), #DavaoOriental(Boston, Cateel), #AgusanDelNorte(Buenavista, Nasipit, Carmen, ButuanCity, LasNieves, Magallanes), #LanaoDelSur(Taraka, Mulondo, BuadiposoBuntong, Maguing, DitsaanRamain, Bubong, Kapai and TagoloanII) which may persist within 1-2 hours and may affect nearby areas. All are advised to take precautionary measures against the impacts associated with these hazards which include flash floods and landslides. Keep monitoring for updates.",Unknown,2025-09-07 14:30,Unknown,https://www.facebook.com/mprsdcdo/posts/pfbid0XfEZmtNoX92jC4tRwYUFrG87QQcSmxm2CuBmZXg8QLTk34LzpU2h1iYAMBvmN4dl?__cft__[0]=AZUPfyzs9PZwdk8DWb9twSToiW9uECyotWzVA0X2xuo0DpmgwN_anaR8WnrT9Mr-F2Vze0ylHO8ikNXN7Vp-AJZ4ves23HX6aXn4qXTZmlHKWQ7YJ5GyGFQuR2jl3NMZ8k0K2uYSPQgg8kkWzGbHUVSL_AKvSduLuOn1xVPC8oiPI-oEJDIUKLfn-JpcaggyK5Q&__tn__=%2CO%2CP-R
Facebook,#LandslidePH,"The ground may give way, but the Filipino spirit will never collapse. 
 Let’s stay alert, resilient, and united against landslide risks.
#LandslidePH #StaySafe #LagingHanda #disasterpreparedness #DRRM The ground may give way, but the Filipino spirit will never collapse. 
 Let’s stay alert, resilient, and united against landslide risks. #LandslidePH #StaySafe #LagingHanda #disasterpreparedness #DRRM",Unknown,2025-09-07 14:30,Unknown,https://www.facebook.com/hashtag/LandslidePH
Facebook,DavaoDRRMO,"𝐂𝐃𝐑𝐑𝐌𝐎-𝐎𝐏𝐂𝐄𝐍 𝐖𝐄𝐀𝐓𝐇𝐄𝐑 𝐔𝐏𝐃𝐀𝐓𝐄:
As of 3:54 PM | September 07, 2025
𝐖𝐞𝐚𝐭𝐡𝐞𝐫 𝐒𝐲𝐬𝐭𝐞𝐦: 𝙀𝙖𝙨𝙩𝙚𝙧𝙡𝙞𝙚𝙨
Light rains are being experienced in some areas of Toril, Calinan, Baguio, Marilog, Tugbok, Talomo, Poblacion, Agdao, Buhangin, Bunawan, and Paquibato Districts.
All river channels are monitored at 𝐂𝐎𝐃𝐄 𝐆𝐑𝐄𝐄𝐍 (𝘚𝘢𝘧𝘦 𝘓𝘦𝘷𝘦𝘭).
𝐂𝐎𝐀𝐒𝐓𝐀𝐋 𝐒𝐓𝐀𝐓𝐔𝐒:
> Calm to slight seas
> Going high tide 
#𝗪𝗲𝗮𝘁𝗵𝗲𝗿𝗨𝗽𝗱𝗮𝘁𝗲
#𝗗𝗮𝘃𝗮𝗼𝗖𝗶𝘁𝘆𝗗𝗥𝗥𝗠𝗢 𝐂𝐃𝐑𝐑𝐌𝐎-𝐎𝐏𝐂𝐄𝐍 𝐖𝐄𝐀𝐓𝐇𝐄𝐑 𝐔𝐏𝐃𝐀𝐓𝐄: As of 3:54 PM | September 07, 2025 𝐖𝐞𝐚𝐭𝐡𝐞𝐫 𝐒𝐲𝐬𝐭𝐞𝐦: 𝙀𝙖𝙨𝙩𝙚𝙧𝙡𝙞𝙚𝙨 Light rains are being experienced in some areas of Toril, Calinan, Baguio, Marilog, Tugbok, Talomo, Poblacion, Agdao, Buhangin, Bunawan, and Paquibato Districts. All river channels are monitored at 𝐂𝐎𝐃𝐄 𝐆𝐑𝐄𝐄𝐍 (𝘚𝘢𝘧𝘦 𝘓𝘦𝘷𝘦𝘭). 𝐂𝐎𝐀𝐒𝐓𝐀𝐋 𝐒𝐓𝐀𝐓𝐔𝐒: > Calm to slight seas > Going high tide #𝗪𝗲𝗮𝘁𝗵𝗲𝗿𝗨𝗽𝗱𝗮𝘁𝗲 #𝗗𝗮𝘃𝗮𝗼𝗖𝗶𝘁𝘆𝗗𝗥𝗥𝗠𝗢",Unknown,2025-09-07 16:00,Unknown,https://www.facebook.com/DavaoDRRMO/posts/pfbid02JYUt7rmk7mor2ttvLm8UxYe937Jqx4V7JBpyvDxeVRt3p99iaHJJFbfsNURViqUKl?__cft__[0]=AZU7_MeQBkVYrgoNsnMOBbE_TBSsGz8TRBLv875xiLzocJzIVmkfRFRbBDITInkeqYaoHx43fYl6ImWAKnPAp6Qnt8Y7edsC8LjpR3mmDsYTgXucQzt1vTSUFllXwhBikHq6OjzNGXBXUUdlbRj5REA2LtIqn3U5XvydilEwV8jKxhrY9Ycv-vBvdFRWlDZcMqk&__tn__=%2CO%2CP-R
Facebook,pagasa.dost.gov.ph,"Flood Advisory #2 (Final) for Pampanga River Basin
Issued at 12:00PM, 07 September 2025 Flood Advisory #2 (Final) for Pampanga River Basin Issued at 12:00PM, 07 September 2025",Unknown,2025-09-07 16:00,Unknown,https://www.facebook.com/PAGASA.DOST.GOV.PH/posts/pfbid02RHLwBCy8kbPWjYay36nDcGa3wG3qNYodeERo9bdhrgDgxCLhYBY6BUnGafXq735sl?__cft__[0]=AZUeNyvlKRyuqekL_XAvfgamC1gVJusBLtqZPTq74y4riZXakqbfbVIwyDBixWDUtQE5c7-FxiLLUIFRtER8b9yf3rl4L6ON0yZPhIiAa3f3uVEulJ3AAgoaUZLwTOayJccRazRHo9gNrkrml6WPhDNvM9XaASP1IXOqTecpr4-MIz-BHprUhwgvJeIWO9TMBe8&__tn__=%2CO%2CP-R
Facebook,mprsdcdo,"Thunderstorm Advisory No. 16  #MINPRSD
Issued at 04:00 PM 07 September 2025
Light to Moderate rainshowers with lightning and strong winds are expected over #MisamisOriental(Magsaysay, GingoogCity, Jasaan, Balingasag, CityOfElSalvador, Lagonglong, Salay, Medina, Libertad, Gitagum, Laguindingan), #ZamboangaDelNorte(Baliguian, Pres.ManuelA.Roxas, Katipunan, Polanco, Piñan, Siocon, Rizal, Liloy, Tampilisan, Labason, Kalawit, Gutalac, Sirawai, Sibuco, DipologCity), #DavaoDeOro(Maragusan, NewBataan, Monkayo), #Sarangani(Maasim, Alabel), #SultanKudarat(Palimbang, CityOfTacurong, Esperanza, Columbio, Lutayan, PresidentQuirino, Lambayong), #CotabatoCity, #MaguindanaoDelNorte(Talitay, Upi, DatuBlahT.Sinsuat, Kabuntalan, DatuOdinSinsuat, NorthernKabuntalan), #MisamisOccidental(DonVictorianoChiongbian, Bonifacio, TangubCity, OzamisCity), #ZamboangaSibugay(Talusan, Olutanga, Mabuhay, Alicia, Payao, Tungawan, Malangas, Imelda, RosellerLim, Ipil, Titay), #SurigaoDelNorte(SanFrancisco, Malimono, Sison, Mainit, Alegria, SurigaoCity, Socorro, SiargaoIsland, Claver), #AgusanDelSur(SantaJosefa, Veruela, Talacogon, Sibagat, Trento, Bunawan), #DavaoOriental(GovernorGeneroso, SanIsidro, CityOfMati, Tarragona, Manay), #MaguindanaoDelSur, #DavaoDelSur(Hagonoy, Matanao, Magsaysay), #AgusanDelNorte(Carmen, Nasipit, Buenavista, LasNieves, RemediosT.Romualdez, ButuanCity, Magallanes, Tubay, CityOfCabadbaran), #SouthCotabato, #SurigaoDelSur(Carrascal, CityOfBislig and Lingig) within the next 1-2 hours.
Moderate to occasionally heavy rainshowers with lightning and strong winds are being experienced in #MisamisOriental(Claveria, CagayanDeOroCity, Opol, Manticao, Lugait, Tagoloan, Villanueva, Alubijid, Naawan, Initao), #DavaoDeOro(Pantukan, Mabini, Maco, Mawab, Nabunturan, Compostela, Montevista, Laak), #DavaoCity, #LanaoDelSur, #Sarangani(Kiamba, Maitum), #SultanKudarat(Kalamansig, Lebak, Sen.NinoyAquino, Isulan, Bagumbayan), #MaguindanaoDelNorte(SultanMastura, SultanKudarat, Parang, Matanog, Barira, Buldon), #ZamboangaDelNorte(LaLibertad, SergioOsmeñaSr., Mutia, Siayan, Manukan, JoseDalman, Sindangan, LeonB.Postigo, Godod, Salug), #DavaoDelSur(CityOfDigos, SantaCruz, Bansalan), #DavaoDelNorte, #LanaoDelNorte, #NorthCotabato, #ZamboangaSibugay(Buug, Siay, Diplahan, Naga, Kabasalan), #AgusanDelSur(Loreto, LaPaz, Esperanza, SanLuis), #DavaoOriental(Banaybanay, Lupon), #ZamboangaDelSur and #Bukidnon which may persist within 1-2 hours and may affect nearby areas.
All are advised to take precautionary measures against the impacts associated with these hazards which include flash floods and landslides.
Keep monitoring for updates. Thunderstorm Advisory No. 16  #MINPRSD Issued at 04:00 PM 07 September 2025 Light to Moderate rainshowers with lightning and strong winds are expected over #MisamisOriental(Magsaysay, GingoogCity, Jasaan, Balingasag, CityOfElSalvador, Lagonglong, Salay, Medina, Libertad, Gitagum, Laguindingan), #ZamboangaDelNorte(Baliguian, Pres.ManuelA.Roxas, Katipunan, Polanco, Piñan, Siocon, Rizal, Liloy, Tampilisan, Labason, Kalawit, Gutalac, Sirawai, Sibuco, DipologCity), #DavaoDeOro(Maragusan, NewBataan, Monkayo), #Sarangani(Maasim, Alabel), #SultanKudarat(Palimbang, CityOfTacurong, Esperanza, Columbio, Lutayan, PresidentQuirino, Lambayong), #CotabatoCity, #MaguindanaoDelNorte(Talitay, Upi, DatuBlahT.Sinsuat, Kabuntalan, DatuOdinSinsuat, NorthernKabuntalan), #MisamisOccidental(DonVictorianoChiongbian, Bonifacio, TangubCity, OzamisCity), #ZamboangaSibugay(Talusan, Olutanga, Mabuhay, Alicia, Payao, Tungawan, Malangas, Imelda, RosellerLim, Ipil, Titay), #SurigaoDelNorte(SanFrancisco, Malimono, Sison, Mainit, Alegria, SurigaoCity, Socorro, SiargaoIsland, Claver), #AgusanDelSur(SantaJosefa, Veruela, Talacogon, Sibagat, Trento, Bunawan), #DavaoOriental(GovernorGeneroso, SanIsidro, CityOfMati, Tarragona, Manay), #MaguindanaoDelSur, #DavaoDelSur(Hagonoy, Matanao, Magsaysay), #AgusanDelNorte(Carmen, Nasipit, Buenavista, LasNieves, RemediosT.Romualdez, ButuanCity, Magallanes, Tubay, CityOfCabadbaran), #SouthCotabato, #SurigaoDelSur(Carrascal, CityOfBislig and Lingig) within the next 1-2 hours. Moderate to occasionally heavy rainshowers with lightning and strong winds are being experienced in #MisamisOriental(Claveria, CagayanDeOroCity, Opol, Manticao, Lugait, Tagoloan, Villanueva, Alubijid, Naawan, Initao), #DavaoDeOro(Pantukan, Mabini, Maco, Mawab, Nabunturan, Compostela, Montevista, Laak), #DavaoCity, #LanaoDelSur, #Sarangani(Kiamba, Maitum), #SultanKudarat(Kalamansig, Lebak, Sen.NinoyAquino, Isulan, Bagumbayan), #MaguindanaoDelNorte(SultanMastura, SultanKudarat, Parang, Matanog, Barira, Buldon), #ZamboangaDelNorte(LaLibertad, SergioOsmeñaSr., Mutia, Siayan, Manukan, JoseDalman, Sindangan, LeonB.Postigo, Godod, Salug), #DavaoDelSur(CityOfDigos, SantaCruz, Bansalan), #DavaoDelNorte, #LanaoDelNorte, #NorthCotabato, #ZamboangaSibugay(Buug, Siay, Diplahan, Naga, Kabasalan), #AgusanDelSur(Loreto, LaPaz, Esperanza, SanLuis), #DavaoOriental(Ba",Unknown,2025-09-07 16:00,Unknown,https://www.facebook.com/mprsdcdo/posts/pfbid0QLXEUgzS9NNtYg4kJp2rjPaNGnHkn9AwcHaF8BD82Fa9PXbD3e5n6AWXFGpTdepfl?__cft__[0]=AZUVb7vUr0qi7XtIEs75O07OTvndWDSCGJIG_GyMmwzYj2Hzqgwt8crkP4LkLDFxOE5irp9hTgpj8KNcOXBIlAqL5YhCaflD3VsxR_m3Hbzm7di_2-sNX2FLeFhCgfVc8OGcWRS8F7XdbiJkYfWsKqQ5d2WjU__9Rij0DFCCKN55geY4NnUGNlGybpSTxNM0hb0&__tn__=%2CO%2CP-R
Facebook,#EarthquakeAlert,"Agoy, amping mo taga Bayabas
#EarthquakeAlert #emergencyalert Agoy, amping mo taga Bayabas #EarthquakeAlert #emergencyalert",Unknown,2025-09-07 16:00,Unknown,https://www.facebook.com/loyellen2024/posts/pfbid0imFabzpwAm7DAdSayfmPPqKL7wJMx8gDTuLAzCjF6KGwprSnVdAYEfBabe1D5TWpl?__cft__[0]=AZV2UZwQMxjM5KqhfSmsiPNB51U_MY4L_f9s8IvD1lRVGH68sGvwT6vCyqffL8yYNRI3IbmrYcr0UYErvx8F5disOWbDHVjiEa73kHnUOdLnCB1hyTEBeLfAdgol-Kagck_NV-st8g7wKe6jdhThnd7Gr66iu1fkoFyp0uPG6lBJm4zdyl1DoathcbCZudUAV3I&__tn__=%2CO%2CP-R
Facebook,abscbnNEWS,"May your paws find peace on the road to heaven, Tiktok! 
Tiktok, the brave aspin who was rescued in Negros Occidental and was recently celebrated after finishing her fun run last August 2025, has died in a tragic accident while in foster care. Her sudden passing has left a heartbreak in the community that followed her journey from survival to recovery.
In a Facebook post, BACH Project said that Tiktok ""slipped out, ran, and was hit by a car."" They explained that she was placed in foster care as their shelter continues to battle a distemper outbreak, and they wanted to ensure her safety and well-being.
""As rescuers, we carry so much guilt when tragedies like this happen, even when we know we did our best. She was supposed to be safe. She was supposed to have more time. The “what ifs” are endless, and the pain of losing her is unbearable,"" they added.
BACH Project PH is asking for understanding from the community during this painful time and invites everyone to join them in remembering Tiktok's journey. (
: BACH Project PH/Facebook) May your paws find peace on the road to heaven, Tiktok! Tiktok, the brave aspin who was rescued in Negros Occidental and was recently celebrated after finishing her fun run last August 2025, has died in a tragic accident while in foster care. Her sudden passing has left a heartbreak in the community that followed her journey from survival to recovery. In a Facebook post, BACH Project said that Tiktok ""slipped out, ran, and was hit by a car."" They explained that she was placed in foster care as their shelter continues to battle a distemper outbreak, and they wanted to ensure her safety and well-being. ""As rescuers, we carry so much guilt when tragedies like this happen, even when we know we did our best. She was supposed to be safe. She was supposed to have more time. The “what ifs” are endless, and the pain of losing her is unbearable,"" they added. BACH Project PH is asking for understanding from the community during this painful time and invites everyone to join them in remembering Tiktok's journey. (
: BACH Project PH/Facebook) Rest in paradise Tiktok..",Unknown,2025-09-07 16:30,Unknown,https://www.facebook.com/abscbnNEWS/posts/pfbid02Gs4nf5Yn1dmyWrGuAsp6isLUbq3axHPdd6u7CRZBwJReYGRwMpNaWjDj4V4iN6V9l?__cft__[0]=AZWHSw4rELUguPQRaW9KD0exUp1RNm7XRuDo1T_cJXjgRIj__y3pPhxJ760mwqfYbx2Gsv_NFTcLZEyZNuXaayaL-6dqmSbuftphuLBF4Yca7xodj0M5WEAEcJKnhNba8cjV8MGZGTAg34muSJYi9hiOlTjyK9J-ccWh0TNFVoTOELqQ5ctEHwwvJ_yIoCqutMU&__tn__=%2CO%2CP-R
Facebook,BFPRHQ11,"[IN FRAME] | FCINSP JOEL A ELEFANTE, Acting Chief, Plans and Programs Division, FCINSP PAUL JORGE C BARROZO, Chief of the Logistics Division, FSINSP KENNEDY P TALINGTING, Chief of the Financial Management Division, and FO1 Michael P Bolaso, BAC Secretariat, participated in the 2-day seminar-workshop on the Project Procurement Management Plan (PPMP) for Calendar Year 2026.
Held at the BFP National Headquarters, the workshop focused on enhancing procurement planning across all regions. The seminar covered the new PPMP template, the CY 2026 budget allocation, and the standard procurement process.
This training ensures BFP 11's procurement plans are accurate, transparent, and efficient, which will further improve its operational readiness and service to the community. [IN FRAME] | FCINSP JOEL A ELEFANTE, Acting Chief, Plans and Programs Division, FCINSP PAUL JORGE C BARROZO, Chief of the Logistics Division, FSINSP KENNEDY P TALINGTING, Chief of the Financial Management Division, and FO1 Michael P Bolaso, BAC Secretariat, participated in the 2-day seminar-workshop on the Project Procurement Management Plan (PPMP) for Calendar Year 2026. Held at the BFP National Headquarters, the workshop focused on enhancing procurement planning across all regions. The seminar covered the new PPMP template, the CY 2026 budget allocation, and the standard procurement process. This training ensures BFP 11's procurement plans are accurate, transparent, and efficient, which will further improve its operational readiness and service to the community.",Unknown,2025-09-07 16:30,Unknown,https://www.facebook.com/BFPRHQ11/posts/pfbid02BuQYMFaQguZmtSbJvU9Q4hAs5pMupUohWAZz9QqB5XgkrrAuP95pYxBw2Cgw7jXtl?__cft__[0]=AZU2aGpxm7GK5ajTwrovVDsfL-iBTCvsfLtGuzCoDLMrZ7y2RZrvrs8oJDmoup0Gc7tGuQf8oegeMUpVeBGujX6p_z1-VFZ-y4GWoJ2Th6Jd2dMYn56ksxKVcc6K8wKbLiRBeNnJ_YtepAnQOptOGDESQkL7rCxQzkb-im80w5rLBspBW8MqAEDlB2jFoYvgU9tLG61HnqRLuUirhxpA_593&__tn__=%2CO%2CP-R
Facebook,civildefensedavao,"Thunderstorm Advisory No. 16  #MINPRSD
Issued at 04:00 PM 07 September 2025
Light to Moderate rainshowers with lightning and strong winds are expected over #MisamisOriental(Magsaysay, GingoogCity, Jasaan, Balingasag, CityOfElSalvador, Lagonglong, Salay, Medina, Libertad, Gitagum, Laguindingan), #ZamboangaDelNorte(Baliguian, Pres.ManuelA.Roxas, Katipunan, Polanco, Piñan, Siocon, Rizal, Liloy, Tampilisan, Labason, Kalawit, Gutalac, Sirawai, Sibuco, DipologCity), #DavaoDeOro(Maragusan, NewBataan, Monkayo), #Sarangani(Maasim, Alabel), #SultanKudarat(Palimbang, CityOfTacurong, Esperanza, Columbio, Lutayan, PresidentQuirino, Lambayong), #CotabatoCity, #MaguindanaoDelNorte(Talitay, Upi, DatuBlahT.Sinsuat, Kabuntalan, DatuOdinSinsuat, NorthernKabuntalan), #MisamisOccidental(DonVictorianoChiongbian, Bonifacio, TangubCity, OzamisCity), #ZamboangaSibugay(Talusan, Olutanga, Mabuhay, Alicia, Payao, Tungawan, Malangas, Imelda, RosellerLim, Ipil, Titay), #SurigaoDelNorte(SanFrancisco, Malimono, Sison, Mainit, Alegria, SurigaoCity, Socorro, SiargaoIsland, Claver), #AgusanDelSur(SantaJosefa, Veruela, Talacogon, Sibagat, Trento, Bunawan), #DavaoOriental(GovernorGeneroso, SanIsidro, CityOfMati, Tarragona, Manay), #MaguindanaoDelSur, #DavaoDelSur(Hagonoy, Matanao, Magsaysay), #AgusanDelNorte(Carmen, Nasipit, Buenavista, LasNieves, RemediosT.Romualdez, ButuanCity, Magallanes, Tubay, CityOfCabadbaran), #SouthCotabato, #SurigaoDelSur(Carrascal, CityOfBislig and Lingig) within the next 1-2 hours.
Moderate to occasionally heavy rainshowers with lightning and strong winds are being experienced in #MisamisOriental(Claveria, CagayanDeOroCity, Opol, Manticao, Lugait, Tagoloan, Villanueva, Alubijid, Naawan, Initao), #DavaoDeOro(Pantukan, Mabini, Maco, Mawab, Nabunturan, Compostela, Montevista, Laak), #DavaoCity, #LanaoDelSur, #Sarangani(Kiamba, Maitum), #SultanKudarat(Kalamansig, Lebak, Sen.NinoyAquino, Isulan, Bagumbayan), #MaguindanaoDelNorte(SultanMastura, SultanKudarat, Parang, Matanog, Barira, Buldon), #ZamboangaDelNorte(LaLibertad, SergioOsmeñaSr., Mutia, Siayan, Manukan, JoseDalman, Sindangan, LeonB.Postigo, Godod, Salug), #DavaoDelSur(CityOfDigos, SantaCruz, Bansalan), #DavaoDelNorte, #LanaoDelNorte, #NorthCotabato, #ZamboangaSibugay(Buug, Siay, Diplahan, Naga, Kabasalan), #AgusanDelSur(Loreto, LaPaz, Esperanza, SanLuis), #DavaoOriental(Banaybanay, Lupon), #ZamboangaDelSur and #Bukidnon which may persist within 1-2 hours and may affect nearby areas.
All are advised to take precautionary measures against the impacts associated with these hazards which include flash floods and landslides.
Keep monitoring for updates.
SOURCE: MINDANAO PRSD Thunderstorm Advisory No. 16  #MINPRSD Issued at 04:00 PM 07 September 2025 Light to Moderate rainshowers with lightning and strong winds are expected over #MisamisOriental(Magsaysay, GingoogCity, Jasaan, Balingasag, CityOfElSalvador, Lagonglong, Salay, Medina, Libertad, Gitagum, Laguindingan), #ZamboangaDelNorte(Baliguian, Pres.ManuelA.Roxas, Katipunan, Polanco, Piñan, Siocon, Rizal, Liloy, Tampilisan, Labason, Kalawit, Gutalac, Sirawai, Sibuco, DipologCity), #DavaoDeOro(Maragusan, NewBataan, Monkayo), #Sarangani(Maasim, Alabel), #SultanKudarat(Palimbang, CityOfTacurong, Esperanza, Columbio, Lutayan, PresidentQuirino, Lambayong), #CotabatoCity, #MaguindanaoDelNorte(Talitay, Upi, DatuBlahT.Sinsuat, Kabuntalan, DatuOdinSinsuat, NorthernKabuntalan), #MisamisOccidental(DonVictorianoChiongbian, Bonifacio, TangubCity, OzamisCity), #ZamboangaSibugay(Talusan, Olutanga, Mabuhay, Alicia, Payao, Tungawan, Malangas, Imelda, RosellerLim, Ipil, Titay), #SurigaoDelNorte(SanFrancisco, Malimono, Sison, Mainit, Alegria, SurigaoCity, Socorro, SiargaoIsland, Claver), #AgusanDelSur(SantaJosefa, Veruela, Talacogon, Sibagat, Trento, Bunawan), #DavaoOriental(GovernorGeneroso, SanIsidro, CityOfMati, Tarragona, Manay), #MaguindanaoDelSur, #DavaoDelSur(Hagonoy, Matanao, Magsaysay), #AgusanDelNorte(Carmen, Nasipit, Buenavista, LasNieves, RemediosT.Romualdez, ButuanCity, Magallanes, Tubay, CityOfCabadbaran), #SouthCotabato, #SurigaoDelSur(Carrascal, CityOfBislig and Lingig) within the next 1-2 hours. Moderate to occasionally heavy rainshowers with lightning and strong winds are being experienced in #MisamisOriental(Claveria, CagayanDeOroCity, Opol, Manticao, Lugait, Tagoloan, Villanueva, Alubijid, Naawan, Initao), #DavaoDeOro(Pantukan, Mabini, Maco, Mawab, Nabunturan, Compostela, Montevista, Laak), #DavaoCity, #LanaoDelSur, #Sarangani(Kiamba, Maitum), #SultanKudarat(Kalamansig, Lebak, Sen.NinoyAquino, Isulan, Bagumbayan), #MaguindanaoDelNorte(SultanMastura, SultanKudarat, Parang, Matanog, Barira, Buldon), #ZamboangaDelNorte(LaLibertad, SergioOsmeñaSr., Mutia, Siayan, Manukan, JoseDalman, Sindangan, LeonB.Postigo, Godod, Salug), #DavaoDelSur(CityOfDigos, SantaCruz, Bansalan), #DavaoDelNorte, #LanaoDelNorte, #NorthCotabato, #ZamboangaSibugay(Buug, Siay, Diplahan, Naga, Kabasalan), #AgusanDelSur(Loreto, LaPaz, Esperanza, SanLu",Unknown,2025-09-07 16:30,Unknown,https://www.facebook.com/civildefensedavao/posts/pfbid0BBgy2HomKh4QepFsZeCkhAvMpaPQ5uLqVEnyUyj6QcSpsXvz35hcA9QJJJwmpCtFl?__cft__[0]=AZV-4YxYiuqQtN3ROsNz_ikggwBrWFcW-0wj9n32M6RnPEZEk5pXmrudk2YjnTZkrVbkdyElD8amwtCP7VuN8Zp94X1JotsC7MFo_f1K2mzpnXvYvooFdAF9K0MaL1FgwWymqWZADcvXsUlkM-XKHNRbYqXokHnmu4XgfwsoX6muLlRsLKv1Eauno5YCGu2JMjI&__tn__=%2CO%2CP-R
Facebook,NDRRMC,"Maging Alerto, lalawigan ng #SurigaodelSur!
NDRRMC (3:45PM, 7Sept25) Isang Magnitude 5.2 na lindol ang naganap sa Bayabas, Surigao del Sur kaninang 03:29PM. Aftershocks ay inaasahan.
#BawatSegundoMahalaga
#NDRRMC
#EarthquakePH
#EarthquakeSurigaodelSur Maging Alerto, lalawigan ng #SurigaodelSur! NDRRMC (3:45PM, 7Sept25) Isang Magnitude 5.2 na lindol ang naganap sa Bayabas, Surigao del Sur kaninang 03:29PM. Aftershocks ay inaasahan. #BawatSegundoMahalaga #NDRRMC #EarthquakePH #EarthquakeSurigaodelSur Ibahagi at ikomento ang kalagayan sa inyong lugar, mag ingat po tayong lahat!",Unknown,2025-09-07 16:30,Unknown,https://www.facebook.com/NDRRMC/posts/pfbid0xjbF1nxffnztnstnbq3RDHT8WmgwtqjndPBDEn2d13kczXowxo2LU4GMwj57VtgTl?__cft__[0]=AZVHV2W88h9DZYFMictfz5YTexEw3a8tS5WH44UWRj0-7hivPtzkhFWs7Rs8hMUxjPOSXSzm-FaOdQFPRT3iBXsQKWhhy62B2GxKbYLOYRFVGvT70bW79AhK7R0owPUpMFYD1T8VPp2JEG8rKZZVzdWyvEhaxkLrKz87ELp4nmmKiVfoztZ4jhtAO_d4YVVNuNg&__tn__=%2CO%2CP-R
Facebook,NDRRMC,"Ibahagi at ikomento ang kalagayan sa inyong lugar, mag ingat po tayong lahat!",Unknown,2025-09-07 16:30,Unknown,https://www.facebook.com/NDRRMC/posts/pfbid0xjbF1nxffnztnstnbq3RDHT8WmgwtqjndPBDEn2d13kczXowxo2LU4GMwj57VtgTl?comment_id=1040588554648754&__cft__[0]=AZVHV2W88h9DZYFMictfz5YTexEw3a8tS5WH44UWRj0-7hivPtzkhFWs7Rs8hMUxjPOSXSzm-FaOdQFPRT3iBXsQKWhhy62B2GxKbYLOYRFVGvT70bW79AhK7R0owPUpMFYD1T8VPp2JEG8rKZZVzdWyvEhaxkLrKz87ELp4nmmKiVfoztZ4jhtAO_d4YVVNuNg&__tn__=R-R
Facebook,pagasa.dost.gov.ph,"24-HOUR PUBLIC WEATHER FORECAST
Issued at 4:00 PM, 07 September 2025
SYNOPSIS: Easterlies affecting Southern Luzon, Visayas and Mindanao.
TROPICAL CYCLONE OUTSIDE PAR AS OF 3:00 PM TODAY TROPICAL STORM TAPAH (FORMERLY ""LANNIE"") LOCATION: 750 KM WEST OF LAOAG CITY, ILOCOS NORTE (19.3°N, 113.5°E) MAXIMUM SUSTAINED WINDS: 85 KM/H NEAR THE CENTER GUSTINESS: UP TO 105 KM/H MOVEMENT: NORTHWESTWARD AT 15 KM/H
Forecast Weather Conditions
Area: Metro Manila, CALABARZON, MIMAROPA, Bicol Region, Visayas, and Mindanao
Weather Condition: Partly cloudy to cloudy skies with isolated rainshowers or thunderstorms
Caused By: Easterlies
Impacts: Possible flash floods or landslides during severe thunderstorms
Area: The rest of the country
Weather Condition: Partly cloudy to cloudy skies with isolated rainshowers or thunderstorms
Caused By: Localized Thunderstorm
Impacts: Possible flash floods or landslides during severe thunderstorms
Forecast Wind and Coastal Water Conditions
Area: The western section of Northern Luzon
Wind Speed: Moderate
Wind Direction: South
Coastal Waters: Moderate / (1.2 to 1.8 meters)
Area: The rest of Luzon
Wind Speed: Light to Moderate
Wind Direction: Southeast to South
Coastal Waters: Slight to Moderate / (0.6 to 1.5 meters)
Area: Visayas and Mindanao
Wind Speed: Light to Moderate
Wind Direction: East to Southeast
Coastal Waters: Slight to Moderate / (0.6 to 1.5 meters)
Extremes of Temperature and Relative Humidity for The 24-hour Period Ending 4:00 PM TODAY
Minimum Temperature: 23.5 °C ... 6:00 AM
Maximum Temperature: 33.3 °C... 3:00 PM
Minumum Relative Humidity: 57 % ... 2:00 PM
Maximum Relative Humidity: 95 % ... 5:00 AM
TIDES AND ASTRONOMICAL INFORMATION Over Metro Manila
sunrise tomorrow: 5:45AM
sunset today: 6:03PM
moonrise tomorrow: 6:28PM
moonset tomorrow: 5:56AM
illumination tomorrow: 99%
For other information about weather, please log on to pagasa.dost.gov.ph or bagong.pagasa.dost.gov.ph or call at (02)927-1335/(02)926-4258 24-HOUR PUBLIC WEATHER FORECAST Issued at 4:00 PM, 07 September 2025 SYNOPSIS: Easterlies affecting Southern Luzon, Visayas and Mindanao. TROPICAL CYCLONE OUTSIDE PAR AS OF 3:00 PM TODAY TROPICAL STORM TAPAH (FORMERLY ""LANNIE"") LOCATION: 750 KM WEST OF LAOAG CITY, ILOCOS NORTE (19.3°N, 113.5°E) MAXIMUM SUSTAINED WINDS: 85 KM/H NEAR THE CENTER GUSTINESS: UP TO 105 KM/H MOVEMENT: NORTHWESTWARD AT 15 KM/H Forecast Weather Conditions Area: Metro Manila, CALABARZON, MIMAROPA, Bicol Region, Visayas, and Mindanao Weather Condition: Partly cloudy to cloudy skies with isolated rainshowers or thunderstorms Caused By: Easterlies Impacts: Possible flash floods or landslides during severe thunderstorms Area: The rest of the country Weather Condition: Partly cloudy to cloudy skies with isolated rainshowers or thunderstorms Caused By: Localized Thunderstorm Impacts: Possible flash floods or landslides during severe thunderstorms Forecast Wind and Coastal Water Conditions Area: The western section of Northern Luzon Wind Speed: Moderate Wind Direction: South Coastal Waters: Moderate / (1.2 to 1.8 meters) Area: The rest of Luzon Wind Speed: Light to Moderate Wind Direction: Southeast to South Coastal Waters: Slight to Moderate / (0.6 to 1.5 meters) Area: Visayas and Mindanao Wind Speed: Light to Moderate Wind Direction: East to Southeast Coastal Waters: Slight to Moderate / (0.6 to 1.5 meters) Extremes of Temperature and Relative Humidity for The 24-hour Period Ending 4:00 PM TODAY Minimum Temperature: 23.5 °C ... 6:00 AM Maximum Temperature: 33.3 °C... 3:00 PM Minumum Relative Humidity: 57 % ... 2:00 PM Maximum Relative Humidity: 95 % ... 5:00 AM TIDES AND ASTRONOMICAL INFORMATION Over Metro Manila sunrise tomorrow: 5:45AM sunset today: 6:03PM moonrise tomorrow: 6:28PM moonset tomorrow: 5:56AM illumination tomorrow: 99% For other information about weather, please log on to pagasa.dost.gov.ph or bagong.pagasa.dost.gov.ph or call at (02)927-1335/(02)926-4258",Unknown,2025-09-07 16:30,Unknown,https://www.facebook.com/PAGASA.DOST.GOV.PH/posts/pfbid0E6RHTQsZeoMvk3fWSrQe9o5nzoUwC7nCm9SkjUEsFUZZqA2aWu8jXqVNKuxcSA6Pl?__cft__[0]=AZVN21PsO4yH1HaekgEpnqhYRm3rS3zxJVTpw2NoCq_l9tDd9n2oj_49uDM4aucErTaUnLtWveEneDOaIYMf_ozDRbV6iVU968jCu31GXxHCCJRlj9LUUxY2cb8n0t2Y_q6RWOXN9xapxF8Vv4ifswVRB_hgcBFVtC0FlrEJddMktHmlKeOlzVEFbElroXS7Qbg&__tn__=%2CO%2CP-R
Facebook,PhilstarNews,"MARCOS TEARY-EYED AS PUBLIC OUTRAGE GROWS OVER FLOOD CONTROL CORRUPTION
President Ferdinand “Bongbong” Marcos Jr. turned emotional in the latest trailer of his podcast when asked by journalist Vicky Morales if he was teary-eyed during the interview.
“Yes, because I’m very upset. I see people having a hard time and they don’t deserve it,” Marcos said, as he spoke about the struggles of ordinary Filipinos.
The remarks come as the government faces mounting criticism over alleged irregularities and corruption in multi-billion-peso flood control projects — scandals that have fueled public outrage and put the administration under pressure to deliver accountability.
Check comments for the story MARCOS TEARY-EYED AS PUBLIC OUTRAGE GROWS OVER FLOOD CONTROL CORRUPTION President Ferdinand “Bongbong” Marcos Jr. turned emotional in the latest trailer of his podcast when asked by journalist Vicky Morales if he was teary-eyed during the interview. “Yes, because I’m very upset. I see people having a hard time and they don’t deserve it,” Marcos said, as he spoke about the struggles of ordinary Filipinos. The remarks come as the government faces mounting criticism over alleged irregularities and corruption in multi-billion-peso flood control projects — scandals that have fueled public outrage and put the administration under pressure to deliver accountability. Check comments for the story",Unknown,2025-09-07 16:30,Unknown,https://www.facebook.com/philstarnews/posts/pfbid02jNR9qGbJWexMANVXnGnzkKxzM1HeA77wz9WzPsvKjWw2cmmzLt7KY2Y2gwDUx6Col?__cft__[0]=AZVWnguwvm83N3ISH0G5u_wLc2u6TPa1r1jNgtREPhd9KqLdKGoqAGokJHPIMnDryP0BpbCW1-L8EvZDWhSyK-2xCO4LvzkkPQA2DE5pDz4yVfgFE2Q92dwsJ22Ih3pnRGbTVDbrXBqqO3u7hrWDSdR2OOc6G1M68t6ZwYu2GgraZdXvv6jRLgaNzbwRBv1z-4o&__tn__=%2CO%2CP-R
Facebook,PHIVOLCS,"#EarthquakePH #EarthquakeSurigaoDelSur
Earthquake Information No.2
Date and Time: 07 September 2025 - 03:29 PM
Magnitude = 5.1
Depth = 022 km
Location = 09.20°N, 127.01°E - 084 km N 72° E of Bayabas (Surigao Del Sur)
https://earthquake.phivolcs.dost.gov.ph/.../2025_0907... #EarthquakePH #EarthquakeSurigaoDelSur Earthquake Information No.2 Date and Time: 07 September 2025 - 03:29 PM Magnitude = 5.1 Depth = 022 km Location = 09.20°N, 127.01°E - 084 km N 72° E of Bayabas (Surigao Del Sur) https://earthquake.phivolcs.dost.gov.ph/.../2025_0907...",Unknown,2025-09-07 16:30,Unknown,https://www.facebook.com/PHIVOLCS/posts/pfbid0oJEKqFsLX8RjbycuYmiY54ZD5W5vPf7kBtgDGVmDD7xugW1Y7dCqJsrwkWmzuUpPl?__cft__[0]=AZXQL6bGNxbUjBiq6BymRe19b2lZtfVsIQbbzJWBZIJCZZwCT3vXZ6e2O9FfrMvb2w52A8F4uhUa-YkCE6wzT25yf2FkAZbfMoy0Pt29qfF2vucRsWYD60R8S2Uf5v-zjmzVclBJ9P7Md7k40wr-A49zhYiPLOUlQwYKRQ-1tFnKp_PgdFajhMF-mrUWWK4VzWw&__tn__=%2CO%2CP-R
Facebook,stormchasersPH,"LOOK: Habang papalapit ang oras ng pagsisimula ng #TotalLunarEclipse2025 sa Pilipinas, patuloy ding nabubuo ang mga kaulapan dulot ng thunderstorms sa malaking bahagi ng bansa.
#PulangBuwan2025
#TotalLunarEclipse2025
#AstroPH LOOK: Habang papalapit ang oras ng pagsisimula ng #TotalLunarEclipse2025 sa Pilipinas, patuloy ding nabubuo ang mga kaulapan dulot ng thunderstorms sa malaking bahagi ng bansa. #PulangBuwan2025 #TotalLunarEclipse2025 #AstroPH Only Batanes can see the eclipse, but only the
can see earlier.",Unknown,2025-09-07 16:30,Unknown,https://www.facebook.com/stormchasersPH/posts/pfbid025dC2hMY2aJnoRaedVtpL5yCE4sxMyKdPWgd5wKA5CGW73TkfnHyPgRAo6fvYRJJBl?__cft__[0]=AZUu27cFGgLVdbo7xdmvalKPK7UpqOwN4Dm8JMZnV09VEN7MuVXhUaKn_1lJUsQary4IrQsYf5n5TaJCF6_wFUWPh65SFuar6294UFvSiT5g6pe0jZFK3nS1G4qcxRWk17omIFzn9TNnyAH4np_cylPbIycsF7Ba3ykWFlp-J2QgVwPJhDhpP3F2L5pj8hdQ9XA&__tn__=%2CO%2CP-R
Facebook,mprsdcdo,"MINDANAO WEATHER FORECAST #MINPRSD
ISSUED AT: 5:00 PM 07 September 2025
VALID UNTIL: 5:00 PM Tomorrow
SYNOPSIS: Easterlies affecting Mindanao.
TC Information
TROPICAL CYCLONE OUTSIDE PAR AS OF 3:00 PM TODAY
TROPICAL STORM TAPAH (FORMERLY ""LANNIE"")
LOCATION: 750 KM WEST OF LAOAG CITY, ILOCOS NORTE (19.3°N, 113.5°E)
MAXIMUM SUSTAINED WINDS: 85 KM/H NEAR THE CENTER
GUSTINESS: UP TO 105 KM/H
MOVEMENT: NORTHWESTWARD AT 15 KM/H
FORECAST:
Mindanao will have partly cloudy to cloudy skies with isolated rainshowers and/or thunderstorms due to Easterlies. Possible flash floods or landslides during severe thunderstorms. Light to moderate winds from east to southeast with slight to moderate seas (0.6 to 1.5 meters).
KAUGALINGONG DAYALEKTO:
Ang tibuok dapit sa Mindanao makasinati sa panalagsang pagdag-um ngadto sa mapanganuron nga kalangitan inubanan sa pat-ak pat-ak nga pag-ulan, kilat ug pagpanalugdog tungod sa Easterlies.  Possible pagbaha ug pagdahili sa yuta tungod sa severe thunderstorms. Hinay ngadto sa kasarangan nga hangin ang magagikan sa silangan ngadto na sa habagatang silangang direksyon ug ang kadagatan hapsay ngadto sa kasarangan ang pagbalud (0.6 to 1.5 meters).
OVER LAGUINDINGAN UPPER AIR AND SYNOPTIC STATION, MISAMIS ORIENTAL
Maximum Temperature: 03:00 PM Today --- 30.5 °C
Minimum Temperature: 05:00 AM Today --- 23.2 °C
Maximum Relative Humidity: 05:00 AM Today --- 93 %
Minimum Relative Humidity: 03:00 PM Today -- 76 %
ASTRONOMICAL INFORMATION OVER EL SALVADOR CITY
Sunset Today : 05:47 PM
Sunrise Tomorrow: 05:33 AM
Moonrise Today : 05:29 PM
Moonset Tomorrow : 05:43 AM
For more information and queries, please call at telephone number (088) 555-0485 local 102
Mindanao PRSD Website: https://www.pagasa.dost.gov.ph/regional-forecast/minprsd
Mindanao PRSD Facebook Account: https://www.facebook.com/mprsdcdo
Facebook Group: https://www.facebook.com/groups/MINDANAO.PRSD
www.pagasa.dost.gov.ph MINDANAO WEATHER FORECAST #MINPRSD ISSUED AT: 5:00 PM 07 September 2025 VALID UNTIL: 5:00 PM Tomorrow SYNOPSIS: Easterlies affecting Mindanao. TC Information TROPICAL CYCLONE OUTSIDE PAR AS OF 3:00 PM TODAY TROPICAL STORM TAPAH (FORMERLY ""LANNIE"") LOCATION: 750 KM WEST OF LAOAG CITY, ILOCOS NORTE (19.3°N, 113.5°E) MAXIMUM SUSTAINED WINDS: 85 KM/H NEAR THE CENTER GUSTINESS: UP TO 105 KM/H MOVEMENT: NORTHWESTWARD AT 15 KM/H FORECAST: Mindanao will have partly cloudy to cloudy skies with isolated rainshowers and/or thunderstorms due to Easterlies. Possible flash floods or landslides during severe thunderstorms. Light to moderate winds from east to southeast with slight to moderate seas (0.6 to 1.5 meters). KAUGALINGONG DAYALEKTO: Ang tibuok dapit sa Mindanao makasinati sa panalagsang pagdag-um ngadto sa mapanganuron nga kalangitan inubanan sa pat-ak pat-ak nga pag-ulan, kilat ug pagpanalugdog tungod sa Easterlies.  Possible pagbaha ug pagdahili sa yuta tungod sa severe thunderstorms. Hinay ngadto sa kasarangan nga hangin ang magagikan sa silangan ngadto na sa habagatang silangang direksyon ug ang kadagatan hapsay ngadto sa kasarangan ang pagbalud (0.6 to 1.5 meters). OVER LAGUINDINGAN UPPER AIR AND SYNOPTIC STATION, MISAMIS ORIENTAL Maximum Temperature: 03:00 PM Today --- 30.5 °C Minimum Temperature: 05:00 AM Today --- 23.2 °C Maximum Relative Humidity: 05:00 AM Today --- 93 % Minimum Relative Humidity: 03:00 PM Today -- 76 % ASTRONOMICAL INFORMATION OVER EL SALVADOR CITY Sunset Today : 05:47 PM Sunrise Tomorrow: 05:33 AM Moonrise Today : 05:29 PM Moonset Tomorrow : 05:43 AM For more information and queries, please call at telephone number (088) 555-0485 local 102 Mindanao PRSD Website: https://www.pagasa.dost.gov.ph/regional-forecast/minprsd Mindanao PRSD Facebook Account: https://www.facebook.com/mprsdcdo Facebook Group: https://www.facebook.com/groups/MINDANAO.PRSD www.pagasa.dost.gov.ph",Unknown,2025-09-07 16:30,Unknown,https://www.facebook.com/mprsdcdo/posts/pfbid02FQRpRFGYN7MxDprUfBaKB6sU5Vj7A3jA5UWmHvfY6DR8Mas2JocXykDREymGpxpcl?__cft__[0]=AZVUc5-9qU8iBOxMOVHTfGH-ohiCSGE0u85VIxhG4Pn14gxsROB_STCsypJJpkx6pxy1cf7VmrqwriWYHmngTNQuyyGgr0VwMj29cRLEYulv7AbucWekvArix2kBOaj7qq78qadduBpOpOsnsfdBC90GmwYWOwdCMo5ROCHpr8FehC7xDaFhtULM1ZkASAF5Woc&__tn__=%2CO%2CP-R
Facebook,#BahaPH,"Flood control project o bagong fishpond? Kasi puro tilapia ang masaya! 
 #BahaPh #FloodControlProject Flood control project o bagong fishpond? Kasi puro tilapia ang masaya! 
 #BahaPh #FloodControlProject",Unknown,2025-09-07 16:30,Unknown,https://www.facebook.com/HugotPatamaQuotesOfficial/posts/pfbid02rYW4TDiNcri85HxhnTv6mpZGWD6GuBUjWfx3Qv5mfTapX62HifXucNeucnkU8Qcl?__cft__[0]=AZXzKj3NBgkWeZa8aWWBUJjnTNPfMcnb1O0Q5-4Yw6-TdzvDTOZN7tUcB20PubTSA_Y9x4VPHXbcjx6GtjIaJ3UJ3K7v1leKdYrTBkl01asAKgJQCSCbZei6anu6oiMgCmw7YATjD1E66CimXsYo-9jV-shvwt4xxEmhvIy75o8pgWT2ybCUGjWQQ76vXQdqrSk&__tn__=%2CO%2CP-R
Facebook,#EarthquakePH,"Niyanig ng magnitude 5.2 na #lindol ang katubigang bahagi ng Bayabas, Surigao del Sur, bandang 03:29 p.m., Linggo, Setyembre 7, ayon sa Phivolcs.
Inaasahan ang aftershocks ngunit walang pinsala. #EarthquakePH #LindolPH Niyanig ng magnitude 5.2 na #lindol ang katubigang bahagi ng Bayabas, Surigao del Sur, bandang 03:29 p.m., Linggo, Setyembre 7, ayon sa Phivolcs. Inaasahan ang aftershocks ngunit walang pinsala. #EarthquakePH #LindolPH",Unknown,2025-09-07 16:30,Unknown,https://www.facebook.com/abscbnNEWS/posts/pfbid02hXcJ1ppciyNNqbA4ttEeDmF41RehLLwmQAxPM1umK8b3jFrj5NziRpNGj5nVXpG8l?__cft__[0]=AZWOYMZm2UEhjxp2bInxt1YmZ-fhn8OQRI_aF9LthSbm0oOG0oYlJg9joQqOv8T2KmgoSAiBR7oUOgECYq6eTUC3EFVUfLb7ZVCcUgHkpXOdHpUeca-bFZjTmBLRgAzlCDiCh2j-9U5Us3g6MMrD7A0oUKiFnha6wDFxdMkx1tn5MBJWS-fQncg7VPcZK3NAxhA&__tn__=%2CO%2CP-R
Facebook,#FloodAlert,"Purok2 Blanco Balingasag  as of 4:30pm 
Taas Napud ang Tubig Keep safe
#highlighteveryone #FloodAlert Purok2 Blanco Balingasag  as of 4:30pm Taas Napud ang Tubig Keep safe #highlighteveryone #FloodAlert",Unknown,2025-09-07 16:30,Unknown,https://www.facebook.com/evolydal.tagaro/posts/pfbid0PeYtwH7pX6sDXXiqMSmgdHTpfhFdCssRXFoomD4gZSewxpbeJP7gZShdDhCQ5cT4l?__cft__[0]=AZVxAv4El9jkj2cth3znVWpMeI1X1mKH-9XQL26nUKzQv_3YrV238cFwoZpX_MOyodoky9tMRtN9iWIPaQtgpYPQXrxBTg6pjptWsBPQ8WX0KJkJRYke_Ih9XLpIP2psm4ryDXO7hEidrJCuqD3b-IRR8U4TlJQHpAnb0KtbLPXIZiUs-fEr9T2GDnT4RMloBVw&__tn__=%2CO%2CP-R
Facebook,#LandslideAlert,"A landslide near Chela has blocked the Theog-Hatkoti route in Shimla, disrupting travel on NH-705. Authorities have commenced restoration work to clear the road and ensure safe passage for commuters. Travellers are advised to exercise caution and follow alternate routes until the road reopens.
#LandslideAlert #ShimlaNews #NH705 #RoadRestoration #TravelUpdate #HimachalPradesh #SafeTravels A landslide near Chela has blocked the Theog-Hatkoti route in Shimla, disrupting travel on NH-705. Authorities have commenced restoration work to clear the road and ensure safe passage for commuters. Travellers are advised to exercise caution and follow alternate routes until the road reopens. #LandslideAlert #ShimlaNews #NH705 #RoadRestoration #TravelUpdate #HimachalPradesh #SafeTravels",Unknown,2025-09-07 16:30,Unknown,https://www.facebook.com/hashtag/LandslideAlert
Facebook,DavaoDRRMO,"𝐂𝐃𝐑𝐑𝐌𝐎-𝐎𝐏𝐂𝐄𝐍 𝐖𝐄𝐀𝐓𝐇𝐄𝐑 𝐔𝐏𝐃𝐀𝐓𝐄:
As of 7:29 PM | September 07, 2025
𝐖𝐞𝐚𝐭𝐡𝐞𝐫 𝐒𝐲𝐬𝐭𝐞𝐦: 𝙀𝙖𝙨𝙩𝙚𝙧𝙡𝙞𝙚𝙨
Davao City is experiencing cloudy skies with scattered rains (mostly drizzling).
All river channels are monitored at 𝐂𝐎𝐃𝐄 𝐆𝐑𝐄𝐄𝐍 (𝘚𝘢𝘧𝘦 𝘓𝘦𝘷𝘦𝘭).
𝐂𝐎𝐀𝐒𝐓𝐀𝐋 𝐒𝐓𝐀𝐓𝐔𝐒:
> Calm seas
> Going low tide 
#𝗪𝗲𝗮𝘁𝗵𝗲𝗿𝗨𝗽𝗱𝗮𝘁𝗲
#𝗗𝗮𝘃𝗮𝗼𝗖𝗶𝘁𝘆𝗗𝗥𝗥𝗠𝗢 𝐂𝐃𝐑𝐑𝐌𝐎-𝐎𝐏𝐂𝐄𝐍 𝐖𝐄𝐀𝐓𝐇𝐄𝐑 𝐔𝐏𝐃𝐀𝐓𝐄: As of 7:29 PM | September 07, 2025 𝐖𝐞𝐚𝐭𝐡𝐞𝐫 𝐒𝐲𝐬𝐭𝐞𝐦: 𝙀𝙖𝙨𝙩𝙚𝙧𝙡𝙞𝙚𝙨 Davao City is experiencing cloudy skies with scattered rains (mostly drizzling). All river channels are monitored at 𝐂𝐎𝐃𝐄 𝐆𝐑𝐄𝐄𝐍 (𝘚𝘢𝘧𝘦 𝘓𝘦𝘷𝘦𝘭). 𝐂𝐎𝐀𝐒𝐓𝐀𝐋 𝐒𝐓𝐀𝐓𝐔𝐒: > Calm seas > Going low tide #𝗪𝗲𝗮𝘁𝗵𝗲𝗿𝗨𝗽𝗱𝗮𝘁𝗲 #𝗗𝗮𝘃𝗮𝗼𝗖𝗶𝘁𝘆𝗗𝗥𝗥𝗠𝗢 Thank you Lord",Unknown,2025-09-07 20:30,Unknown,https://www.facebook.com/DavaoDRRMO/posts/pfbid081TAo9vsKfQw1mm7Fthy9KRiLX2nHmmZXgJRwj7HT1zdkVLXPN8gssQXu9tKeMG4l?__cft__[0]=AZW2PqsheAPrU6QEVB7k48OjRpgeRoqXS_PtZwGnYytYm8fhZ8cB2xjV7ZjLWhffy1A04ucnzM0K5ZMA-Q2eUrXqoa4K7nDIOHOcwt5xNjUl48TNzv2aHOWfmNCzsSqdKWipmiDIwq1hLFTTAYogR7x_-VCH2DSPmRZtRCYsXOTEH0XiLiuzFYZgOcoEmpMwRd4&__tn__=%2CO%2CP-R
Facebook,weather.davao,"24-HOUR LOCALIZED WEATHER FORECAST FOR DAVAO REGION
Issued at 4:00 PM SEPTEMBER 7, 2025
Valid Until 4:00 PM TOMORROW
SYNOPSIS:
Easterlies affecting Southern Luzon, Visayas, DAVAO REGION and the rest of Mindanao. 
TROPICAL CYCLONE OUTSIDE PAR AS OF 3:00 PM TODAY 
TROPICAL STORM TAPAH (FORMERLY ""LANNIE"") 
LOCATION: 750 KM WEST OF LAOAG CITY, ILOCOS NORTE (19.3°N, 113.5°E) MAXIMUM SUSTAINED WINDS: 85 KM/H NEAR THE CENTER 
GUSTINESS: UP TO 105 KM/H MOVEMENT: NORTHWESTWARD AT 15 KM/H 
FORECAST:  
DAVAO REGION will have partly cloudy to cloudy skies with isolated rainshowers or thunderstorms due to Easterlies.. Possible flash floods or landslides during severe thunderstorms. Light to moderate winds  coming from East to Southeast  with slight to moderate seas (0.6 to 1.5 meters).
KAUGALINGONG PINULUNGAN: 
Ang syudad sa Dabaw ug ubang dapit sa REHIYON SA DABAW makasinati sa panalagsang pagdag-um ngadto sa mapanganuron nga kalangitan inubanan sa pat-ak pat-ak nga pag-ulan o kilat ug pagpanalugdog tungod sa Easterlies. Possible pagbaha ug pagdahili sa yuta tungod sa severe thunderstorms o grabe na pagbundak sa ulan.  Hinay ngadto sa kasarangan nga hangin ang magagikan sa Sidlakan ngadto sa Habagatang-Sidlakang  direksyon ug ang kadagatan hapsay ngadto sa kasarangan ang pagbalud (0.6 to 1.5 meters).
FORECAST OVER DAVAO CITY
Temperatura Ugma:         24˚C to 32˚C 
Sunset  (Salop)  Karon:     5:46 PM
Sunrise (Sidlak) Ugma:     5:33 AM      
For more information and queries, please call telephone for local number (082)234-0890 and (088)555-0485 for regional or log on to  bagong.pagasa.dost.gov.ph…/regional…/Mindanao-PRSD or join our Facebook Group at Mindanao PRSD (Regional Office) or PAGASA Davao (Local). 24-HOUR LOCALIZED WEATHER FORECAST FOR DAVAO REGION Issued at 4:00 PM SEPTEMBER 7, 2025 Valid Until 4:00 PM TOMORROW SYNOPSIS: Easterlies affecting Southern Luzon, Visayas, DAVAO REGION and the rest of Mindanao. TROPICAL CYCLONE OUTSIDE PAR AS OF 3:00 PM TODAY TROPICAL STORM TAPAH (FORMERLY ""LANNIE"") LOCATION: 750 KM WEST OF LAOAG CITY, ILOCOS NORTE (19.3°N, 113.5°E) MAXIMUM SUSTAINED WINDS: 85 KM/H NEAR THE CENTER GUSTINESS: UP TO 105 KM/H MOVEMENT: NORTHWESTWARD AT 15 KM/H FORECAST: DAVAO REGION will have partly cloudy to cloudy skies with isolated rainshowers or thunderstorms due to Easterlies.. Possible flash floods or landslides during severe thunderstorms. Light to moderate winds  coming from East to Southeast  with slight to moderate seas (0.6 to 1.5 meters). KAUGALINGONG PINULUNGAN: Ang syudad sa Dabaw ug ubang dapit sa REHIYON SA DABAW makasinati sa panalagsang pagdag-um ngadto sa mapanganuron nga kalangitan inubanan sa pat-ak pat-ak nga pag-ulan o kilat ug pagpanalugdog tungod sa Easterlies. Possible pagbaha ug pagdahili sa yuta tungod sa severe thunderstorms o grabe na pagbundak sa ulan.  Hinay ngadto sa kasarangan nga hangin ang magagikan sa Sidlakan ngadto sa Habagatang-Sidlakang  direksyon ug ang kadagatan hapsay ngadto sa kasarangan ang pagbalud (0.6 to 1.5 meters). FORECAST OVER DAVAO CITY Temperatura Ugma:         24˚C to 32˚C Sunset  (Salop)  Karon:     5:46 PM Sunrise (Sidlak) Ugma:     5:33 AM For more information and queries, please call telephone for local number (082)234-0890 and (088)555-0485 for regional or log on to  bagong.pagasa.dost.gov.ph…/regional…/Mindanao-PRSD or join our Facebook Group at Mindanao PRSD (Regional Office) or PAGASA Davao (Local).",Unknown,2025-09-07 20:30,Unknown,https://www.facebook.com/weather.davao/posts/pfbid02uY9kygAHi24t1Zw2tjWSGjFWVeLiHYbCW9HVUwXz8v9g1BtgjHqZ9LrMo6LJBMibl?__cft__[0]=AZXYtLlUf-cLxLRf-U5_iDWAASd2H3Xum5r-6LLhzrUBW_7lhhAqnBm93zwZ63om7RFPD_9YL7bAiSHyp_kDyVOpYXFAqIIos2tD5RnYZKLqWnrrXc45MgM4bv6ZhngUHtPCDFRqacy1hFfhZr0JnF27apt_Z7uQeZCll1FzB7i50GbDR-fGLfmEpThXXmXa2bY&__tn__=%2CO%2CP-R
Facebook,#EarthquakeAlert,"FUERTE SISMO Magnitud 5.0 Región TURQUÍA OCCIDENTAL Fecha y hora 07/09/2025 09:35:10.6 UTC Profundidad 8 kilómetros #URGENTE #EarthquakeAlert
 #terremoto #EMSC #AlertaRoja
 #paratiiiiiiiiiiiiiii #DCDF
Creadores de contenido y medio independiente Celeste Centaury Prevención y libertad de expresión, informando con responsabilidad y pasión 
 Forma parte de la gran familia Celeste Centaury!!
Celeste Centaury es un medio de investigación que se ampara en la libertad de expresión Artículos 6° y 7° constitucionales de México y articulo 19 de la declaración universal de los derechos humanos
SÍGUENOS EN NUESTRAS CUENTA OFICIALES PARA ESTAR AL TANTO DE NUESTRAS COBERTURAS INFORMATIVAS.
TRANSMISIONES TODOS LOS DIAS !!!!
Consiente a tu fiel compañero
¡Descubre la coleccion de ropa, juguetes y accesorios de Pets Of World!
https://petsofworld.com/?ref=CCentaury
No dejes pasar esta OPORTUNIDAD ingresa nuestro código para obtener un 50% de DESCUENTO en tu primera compa: CELESVIP23
Apoya Nuestro Nuevo Proyecto de investigación con 1 a 2 Dólares https://www.paypal.me/celestecentaury
Patreon
https://patreon.com/CelesteCentaury
Facebook 
 @CelesteCentaury19
https://www.facebook.com/CelesteCentaury19/
YouNow 
 celestecentaury_26188
https://younow.com/celestecentaury_26188
Kick 
 https://kick.com/celestecentaury
Twitter 
 @CCentaury
https://twitter.com/CCentaury
Instagram 
 @celestecentaurypi
https://www.instagram.com/celestecentaurypi/
TikTok 
@celestecentaury
https://www.tiktok.com/@celestecentaury
Códogo de invitación de Celeste Centaury
""I944440791""
KAWAI 
http://s.kw.ai/u/0CunKF8B
Código de invitación de Celeste Centaury
Kwai434596525
SUSCRÍBETE A TODA LA FAMILIA CELESTE CENTAURY 
Celeste Centaury 
https://youtube.com/channel/UCOhaT5QOrHdRCiMoIq9dSuQ
Celeste Centaury Elizabeth
https://youtube.com/@celestecentauryElizabeth
Celeste Centaury Alfa 
https://youtube.com/channel/UC1TfsUWJGht2j7J9ijGQEXA
Correo Electrónico 
celestecentaury@gmail.com
Sitio Web
https://celestecentaury.my.canva.site/ FUERTE SISMO Magnitud 5.0 Región TURQUÍA OCCIDENTAL Fecha y hora 07/09/2025 09:35:10.6 UTC Profundidad 8 kilómetros #URGENTE #EarthquakeAlert
 #terremoto #EMSC #AlertaRoja
 #paratiiiiiiiiiiiiiii #DCDF Creadores de contenido y medio independiente Celeste Centaury Prevención y libertad de expresión, informando con responsabilidad y pasión Forma parte de la gran familia Celeste Centaury!! Celeste Centaury es un medio de investigación que se ampara en la libertad de expresión Artículos 6° y 7° constitucionales de México y articulo 19 de la declaración universal de los derechos humanos SÍGUENOS EN NUESTRAS CUENTA OFICIALES PARA ESTAR AL TANTO DE NUESTRAS COBERTURAS INFORMATIVAS. TRANSMISIONES TODOS LOS DIAS !!!! Consiente a tu fiel compañero ¡Descubre la coleccion de ropa, juguetes y accesorios de Pets Of World! https://petsofworld.com/?ref=CCentaury No dejes pasar esta OPORTUNIDAD ingresa nuestro código para obtener un 50% de DESCUENTO en tu primera compa: CELESVIP23 Apoya Nuestro Nuevo Proyecto de investigación con 1 a 2 Dólares https://www.paypal.me/celestecentaury Patreon https://patreon.com/CelesteCentaury Facebook 
 @CelesteCentaury19 https://www.facebook.com/CelesteCentaury19/ YouNow 
 celestecentaury_26188 https://younow.com/celestecentaury_26188 Kick 
 https://kick.com/celestecentaury Twitter 
 @CCentaury https://twitter.com/CCentaury Instagram 
 @celestecentaurypi https://www.instagram.com/celestecentaurypi/ TikTok 
@celestecentaury https://www.tiktok.com/@celestecentaury Códogo de invitación de Celeste Centaury ""I944440791"" KAWAI http://s.kw.ai/u/0CunKF8B Código de invitación de Celeste Centaury Kwai434596525 SUSCRÍBETE A TODA LA FAMILIA CELESTE CENTAURY Celeste Centaury https://youtube.com/channel/UCOhaT5QOrHdRCiMoIq9dSuQ Celeste Centaury Elizabeth https://youtube.com/@celestecentauryElizabeth Celeste Centaury Alfa https://youtube.com/channel/UC1TfsUWJGht2j7J9ijGQEXA Correo Electrónico celestecentaury@gmail.com Sitio Web https://celestecentaury.my.canva.site/",Unknown,2025-09-07 20:30,Unknown,https://www.facebook.com/hashtag/EarthquakeAlert
Facebook,#EarthquakePH,"#EarthquakePH #EarthquakeSurigaoDelSur
Earthquake Information No.1
Date and Time: 07 September 2025 - 08:14 PM
Magnitude = 1.7
Depth = 011 km
Location = 09.24°N, 126.42°E - 025 km S 82° E of Cortes (Surigao Del Sur)
https://earthquake.phivolcs.dost.gov.ph/.../2025_0907... #EarthquakePH #EarthquakeSurigaoDelSur Earthquake Information No.1 Date and Time: 07 September 2025 - 08:14 PM Magnitude = 1.7 Depth = 011 km Location = 09.24°N, 126.42°E - 025 km S 82° E of Cortes (Surigao Del Sur) https://earthquake.phivolcs.dost.gov.ph/.../2025_0907...",Unknown,2025-09-07 20:30,Unknown,https://www.facebook.com/PHIVOLCS/posts/pfbid0n6LRQKCUXS6MCUR3Pz8pWxyDJVzvnaraLzperDMggapAHnEwcYrqwDSCCgDS1tFhl?__cft__[0]=AZVEJDW6yOYkHLR3C2Hf7YhTI3B6Z0rDqLLtEIPbeR-XchDzlk9sxG5oaFNVnCWf5AnYsCu3DROjDnKY3FFz9tbVnQW-Jej67b7MwaD44BYnEfsYvQ4n96p5uh9mtV1rtNTaJnN2ZDer4zs0XEbGfaD0WxU8hIYab3WIfRpfojFwqsvj8Q-pjfS8MiFXDgvEmFo&__tn__=%2CO%2CP-R
Facebook,civildefensedavao,"Heavy Rainfall Warning No. 2  #MINPRSD
Weather System: Easterlies 
Issued at 08:00 PM 07 September 2025
Yellow Warning: #MaguindanaoDelNorte(Talitay, Upi, DatuBlahT.Sinsuat, DatuOdinSinsuat), #ZamboangaDelSur(Tabina, Pitogo, Dimataling), #SultanKudarat(Palimbang, Kalamansig and Lebak)
Associated Hazard: FLOODING is Possible in Low-Lying Areas and LANDSLIDE in mountainous areas
Meanwhile, Light to Moderate rains are expected over #ZamboangaDelNorte(Godod, Salug, LeonB.Postigo, Sindangan, JoseDalman, Manukan, Pres.ManuelA.Roxas, Katipunan, DipologCity), #Basilan, #SurigaoDelNorte, #DinagatIslands, #MisamisOccidental(Bonifacio, TangubCity, OzamisCity, Clarin, Tudela, Sinacaban, Jimenez), #LanaoDelNorte, #Bukidnon(Damulog, Kibawe, Kadingilan, Dangcagan, Kitaotao, DonCarlos, Quezon, Maramag, SanFernando, CityOfValencia, Cabanglasan, Lantapan, CityOfMalaybalay, Sumilao, ManoloFortich, Malitbog, ImpasugOng), #MisamisOriental, #AgusanDelSur(Esperanza, SanLuis, CityOfBayugan, Talacogon, Sibagat, Trento, Bunawan, Rosario, LaPaz, Loreto, Veruela, SantaJosefa), #DavaoDeOro, #SurigaoDelSur(Lingig, CityOfBislig, Tagbina, SanAgustin, Marihatag, Cagwait, Bayabas, SanMiguel, Tago, CityOfTandag, Carmen, Lanuza, Madrid, Cortes, Cantilan, Carrascal, Hinatuan), #Camiguin, #DavaoOriental(GovernorGeneroso, SanIsidro, CityOfMati, Tarragona, Banaybanay, Lupon, Manay, Caraga, Cateel, Boston), #DavaoDelNorte and #DavaoCity within the next 2-3 hours.
Moderate to heavy rains affecting #MaguindanaoDelNorte(Kabuntalan, NorthernKabuntalan, SultanMastura, SultanKudarat, Parang, Matanog, Barira, Buldon), #CotabatoCity, #LanaoDelSur, #ZamboangaDelNorte(Sibuco, Sirawai, Siocon, Baliguian, Tampilisan, Kalawit, Gutalac, Labason, Liloy, Siayan, SergioOsmeñaSr., Mutia, Sibutad, Polanco, Piñan, DapitanCity, LaLibertad, Rizal), #ZamboangaSibugay, #ZamboangaDelSur(VincenzoA.Sagun, Margosatubig, Dinas, SanPablo, SanMiguel, Lapuyan, Guipos, Kumalarang, Dumalinao, Tigbao, Labangan, PagadianCity, Tukuran, Lakewood, Bayog, Aurora, RamonMagsaysay, Sominot, Midsalip, Tambulig, Mahayag, Dumingag, Molave, Josefina), #ZamboangaCity, #SultanKudarat(Sen.NinoyAquino, Bagumbayan, Lutayan, Isulan, CityOfTacurong, Columbio, Esperanza, PresidentQuirino, Lambayong), #DavaoOccidental, #Sarangani, #SouthCotabato, #DavaoDelSur, #MisamisOccidental(DonVictorianoChiongbian, Concepcion, Baliangao, Panaon, Aloran, OroquietaCity, SapangDalaga, Calamba, LopezJaena, Plaridel), #Bukidnon(Kalilangan, Pangantucan, Talakag, Baungon, Libona), #AgusanDelSur(Prosperidad, SanFrancisco), #MaguindanaoDelSur, #NorthCotabato, #SurigaoDelSur(Lianga, Barobo) and #DavaoOriental(Baganga) which may persist within 2-3 hours and may affect nearby areas.
SOURCE: MINDANAO PRSD Heavy Rainfall Warning No. 2  #MINPRSD Weather System: Easterlies Issued at 08:00 PM 07 September 2025 Yellow Warning: #MaguindanaoDelNorte(Talitay, Upi, DatuBlahT.Sinsuat, DatuOdinSinsuat), #ZamboangaDelSur(Tabina, Pitogo, Dimataling), #SultanKudarat(Palimbang, Kalamansig and Lebak) Associated Hazard: FLOODING is Possible in Low-Lying Areas and LANDSLIDE in mountainous areas Meanwhile, Light to Moderate rains are expected over #ZamboangaDelNorte(Godod, Salug, LeonB.Postigo, Sindangan, JoseDalman, Manukan, Pres.ManuelA.Roxas, Katipunan, DipologCity), #Basilan, #SurigaoDelNorte, #DinagatIslands, #MisamisOccidental(Bonifacio, TangubCity, OzamisCity, Clarin, Tudela, Sinacaban, Jimenez), #LanaoDelNorte, #Bukidnon(Damulog, Kibawe, Kadingilan, Dangcagan, Kitaotao, DonCarlos, Quezon, Maramag, SanFernando, CityOfValencia, Cabanglasan, Lantapan, CityOfMalaybalay, Sumilao, ManoloFortich, Malitbog, ImpasugOng), #MisamisOriental, #AgusanDelSur(Esperanza, SanLuis, CityOfBayugan, Talacogon, Sibagat, Trento, Bunawan, Rosario, LaPaz, Loreto, Veruela, SantaJosefa), #DavaoDeOro, #SurigaoDelSur(Lingig, CityOfBislig, Tagbina, SanAgustin, Marihatag, Cagwait, Bayabas, SanMiguel, Tago, CityOfTandag, Carmen, Lanuza, Madrid, Cortes, Cantilan, Carrascal, Hinatuan), #Camiguin, #DavaoOriental(GovernorGeneroso, SanIsidro, CityOfMati, Tarragona, Banaybanay, Lupon, Manay, Caraga, Cateel, Boston), #DavaoDelNorte and #DavaoCity within the next 2-3 hours. Moderate to heavy rains affecting #MaguindanaoDelNorte(Kabuntalan, NorthernKabuntalan, SultanMastura, SultanKudarat, Parang, Matanog, Barira, Buldon), #CotabatoCity, #LanaoDelSur, #ZamboangaDelNorte(Sibuco, Sirawai, Siocon, Baliguian, Tampilisan, Kalawit, Gutalac, Labason, Liloy, Siayan, SergioOsmeñaSr., Mutia, Sibutad, Polanco, Piñan, DapitanCity, LaLibertad, Rizal), #ZamboangaSibugay, #ZamboangaDelSur(VincenzoA.Sagun, Margosatubig, Dinas, SanPablo, SanMiguel, Lapuyan, Guipos, Kumalarang, Dumalinao, Tigbao, Labangan, PagadianCity, Tukuran, Lakewood, Bayog, Aurora, RamonMagsaysay, Sominot, Midsalip, Tambulig, Mahayag, Dumingag, Molave, Josefina), #ZamboangaCity, #SultanKudarat(Sen.NinoyAquino, Bagumbayan, Lutayan, Isulan, CityOfTacurong, Columbio, Esperanza, PresidentQuirino, Lambayong), #DavaoOccidental, #S",Unknown,2025-09-07 21:01,Unknown,https://www.facebook.com/civildefensedavao/posts/pfbid02Z3qTFDFUHAQJCNmygScTbRT3U58KApRtfvEnzfrZgRv22MPegqFvFX7tYGPEp4Chl?__cft__[0]=AZWz4QIgMoFfjJ2x0XDK1JeBrQkS02nMS0f2DT8gZ2T64gbgeY-lWsA7HkiBD-7XMGkvgiwPcQzzzvGbtuT_P9YnI56S7bC-rK9BYts7AbidGgghzWsvRlVVTSvsJWDqXBxvcGzHJZYxMkUsPM-gVeShXFwaX6uM5jsxMmQa1KgC1fniJ8UIOeKqxi8590ET7Ec&__tn__=%2CO%2CP-R
Facebook,DavaoDRRMO,"𝐂𝐃𝐑𝐑𝐌𝐎-𝐎𝐏𝐂𝐄𝐍 𝐖𝐄𝐀𝐓𝐇𝐄𝐑 𝐔𝐏𝐃𝐀𝐓𝐄:
As of 7:29 PM | September 07, 2025
𝐖𝐞𝐚𝐭𝐡𝐞𝐫 𝐒𝐲𝐬𝐭𝐞𝐦: 𝙀𝙖𝙨𝙩𝙚𝙧𝙡𝙞𝙚𝙨
Davao City is experiencing cloudy skies with scattered rains (mostly drizzling).
All river channels are monitored at 𝐂𝐎𝐃𝐄 𝐆𝐑𝐄𝐄𝐍 (𝘚𝘢𝘧𝘦 𝘓𝘦𝘷𝘦𝘭).
𝐂𝐎𝐀𝐒𝐓𝐀𝐋 𝐒𝐓𝐀𝐓𝐔𝐒:
> Calm seas
> Going low tide 
#𝗪𝗲𝗮𝘁𝗵𝗲𝗿𝗨𝗽𝗱𝗮𝘁𝗲
#𝗗𝗮𝘃𝗮𝗼𝗖𝗶𝘁𝘆𝗗𝗥𝗥𝗠𝗢 𝐂𝐃𝐑𝐑𝐌𝐎-𝐎𝐏𝐂𝐄𝐍 𝐖𝐄𝐀𝐓𝐇𝐄𝐑 𝐔𝐏𝐃𝐀𝐓𝐄: As of 7:29 PM | September 07, 2025 𝐖𝐞𝐚𝐭𝐡𝐞𝐫 𝐒𝐲𝐬𝐭𝐞𝐦: 𝙀𝙖𝙨𝙩𝙚𝙧𝙡𝙞𝙚𝙨 Davao City is experiencing cloudy skies with scattered rains (mostly drizzling). All river channels are monitored at 𝐂𝐎𝐃𝐄 𝐆𝐑𝐄𝐄𝐍 (𝘚𝘢𝘧𝘦 𝘓𝘦𝘷𝘦𝘭). 𝐂𝐎𝐀𝐒𝐓𝐀𝐋 𝐒𝐓𝐀𝐓𝐔𝐒: > Calm seas > Going low tide #𝗪𝗲𝗮𝘁𝗵𝗲𝗿𝗨𝗽𝗱𝗮𝘁𝗲 #𝗗𝗮𝘃𝗮𝗼𝗖𝗶𝘁𝘆𝗗𝗥𝗥𝗠𝗢",Unknown,2025-09-07 21:01,Unknown,https://www.facebook.com/DavaoDRRMO/posts/pfbid081TAo9vsKfQw1mm7Fthy9KRiLX2nHmmZXgJRwj7HT1zdkVLXPN8gssQXu9tKeMG4l?__cft__[0]=AZWR9eitIY9bV6tPP3hEwRdMkjMwciZmzQ8nJdvCMtjolh7wJO-M0z3Ps3bjaiu-nnOj8hEZZ6cLxs-EyvvcQjtIZ4uPMh9zzl7_LzX5rblajSFpequR_GEvHzEBPGW-Ox4jP-JCeWewGb8jJ2VIK6BMiKjJzK4fml1d8M8qw9bnAigAU-leYZaWEfa5fo_uRGI&__tn__=%2CO%2CP-R
Facebook,mprsdcdo,"Heavy Rainfall Warning No. 2  #MINPRSD
Weather System: Easterlies 
Issued at 08:00 PM 07 September 2025
Yellow Warning: #MaguindanaoDelNorte(Talitay, Upi, DatuBlahT.Sinsuat, DatuOdinSinsuat), #ZamboangaDelSur(Tabina, Pitogo, Dimataling), #SultanKudarat(Palimbang, Kalamansig and Lebak)
Associated Hazard: FLOODING is Possible in Low-Lying Areas and LANDSLIDE in mountainous areas
Meanwhile, Light to Moderate rains are expected over #ZamboangaDelNorte(Godod, Salug, LeonB.Postigo, Sindangan, JoseDalman, Manukan, Pres.ManuelA.Roxas, Katipunan, DipologCity), #Basilan, #SurigaoDelNorte, #DinagatIslands, #MisamisOccidental(Bonifacio, TangubCity, OzamisCity, Clarin, Tudela, Sinacaban, Jimenez), #LanaoDelNorte, #Bukidnon(Damulog, Kibawe, Kadingilan, Dangcagan, Kitaotao, DonCarlos, Quezon, Maramag, SanFernando, CityOfValencia, Cabanglasan, Lantapan, CityOfMalaybalay, Sumilao, ManoloFortich, Malitbog, ImpasugOng), #MisamisOriental, #AgusanDelSur(Esperanza, SanLuis, CityOfBayugan, Talacogon, Sibagat, Trento, Bunawan, Rosario, LaPaz, Loreto, Veruela, SantaJosefa), #DavaoDeOro, #SurigaoDelSur(Lingig, CityOfBislig, Tagbina, SanAgustin, Marihatag, Cagwait, Bayabas, SanMiguel, Tago, CityOfTandag, Carmen, Lanuza, Madrid, Cortes, Cantilan, Carrascal, Hinatuan), #Camiguin, #DavaoOriental(GovernorGeneroso, SanIsidro, CityOfMati, Tarragona, Banaybanay, Lupon, Manay, Caraga, Cateel, Boston), #DavaoDelNorte and #DavaoCity within the next 2-3 hours.
Moderate to heavy rains affecting #MaguindanaoDelNorte(Kabuntalan, NorthernKabuntalan, SultanMastura, SultanKudarat, Parang, Matanog, Barira, Buldon), #CotabatoCity, #LanaoDelSur, #ZamboangaDelNorte(Sibuco, Sirawai, Siocon, Baliguian, Tampilisan, Kalawit, Gutalac, Labason, Liloy, Siayan, SergioOsmeñaSr., Mutia, Sibutad, Polanco, Piñan, DapitanCity, LaLibertad, Rizal), #ZamboangaSibugay, #ZamboangaDelSur(VincenzoA.Sagun, Margosatubig, Dinas, SanPablo, SanMiguel, Lapuyan, Guipos, Kumalarang, Dumalinao, Tigbao, Labangan, PagadianCity, Tukuran, Lakewood, Bayog, Aurora, RamonMagsaysay, Sominot, Midsalip, Tambulig, Mahayag, Dumingag, Molave, Josefina), #ZamboangaCity, #SultanKudarat(Sen.NinoyAquino, Bagumbayan, Lutayan, Isulan, CityOfTacurong, Columbio, Esperanza, PresidentQuirino, Lambayong), #DavaoOccidental, #Sarangani, #SouthCotabato, #DavaoDelSur, #MisamisOccidental(DonVictorianoChiongbian, Concepcion, Baliangao, Panaon, Aloran, OroquietaCity, SapangDalaga, Calamba, LopezJaena, Plaridel), #Bukidnon(Kalilangan, Pangantucan, Talakag, Baungon, Libona), #AgusanDelSur(Prosperidad, SanFrancisco), #MaguindanaoDelSur, #NorthCotabato, #SurigaoDelSur(Lianga, Barobo) and #DavaoOriental(Baganga) which may persist within 2-3 hours and may affect nearby areas.
The public and the Disaster Risk Reduction and Management Offices concerned are advised to MONITOR the weather condition and watch for the next warning to be issued at 11:00 PM Today. Heavy Rainfall Warning No. 2  #MINPRSD Weather System: Easterlies Issued at 08:00 PM 07 September 2025 Yellow Warning: #MaguindanaoDelNorte(Talitay, Upi, DatuBlahT.Sinsuat, DatuOdinSinsuat), #ZamboangaDelSur(Tabina, Pitogo, Dimataling), #SultanKudarat(Palimbang, Kalamansig and Lebak) Associated Hazard: FLOODING is Possible in Low-Lying Areas and LANDSLIDE in mountainous areas Meanwhile, Light to Moderate rains are expected over #ZamboangaDelNorte(Godod, Salug, LeonB.Postigo, Sindangan, JoseDalman, Manukan, Pres.ManuelA.Roxas, Katipunan, DipologCity), #Basilan, #SurigaoDelNorte, #DinagatIslands, #MisamisOccidental(Bonifacio, TangubCity, OzamisCity, Clarin, Tudela, Sinacaban, Jimenez), #LanaoDelNorte, #Bukidnon(Damulog, Kibawe, Kadingilan, Dangcagan, Kitaotao, DonCarlos, Quezon, Maramag, SanFernando, CityOfValencia, Cabanglasan, Lantapan, CityOfMalaybalay, Sumilao, ManoloFortich, Malitbog, ImpasugOng), #MisamisOriental, #AgusanDelSur(Esperanza, SanLuis, CityOfBayugan, Talacogon, Sibagat, Trento, Bunawan, Rosario, LaPaz, Loreto, Veruela, SantaJosefa), #DavaoDeOro, #SurigaoDelSur(Lingig, CityOfBislig, Tagbina, SanAgustin, Marihatag, Cagwait, Bayabas, SanMiguel, Tago, CityOfTandag, Carmen, Lanuza, Madrid, Cortes, Cantilan, Carrascal, Hinatuan), #Camiguin, #DavaoOriental(GovernorGeneroso, SanIsidro, CityOfMati, Tarragona, Banaybanay, Lupon, Manay, Caraga, Cateel, Boston), #DavaoDelNorte and #DavaoCity within the next 2-3 hours. Moderate to heavy rains affecting #MaguindanaoDelNorte(Kabuntalan, NorthernKabuntalan, SultanMastura, SultanKudarat, Parang, Matanog, Barira, Buldon), #CotabatoCity, #LanaoDelSur, #ZamboangaDelNorte(Sibuco, Sirawai, Siocon, Baliguian, Tampilisan, Kalawit, Gutalac, Labason, Liloy, Siayan, SergioOsmeñaSr., Mutia, Sibutad, Polanco, Piñan, DapitanCity, LaLibertad, Rizal), #ZamboangaSibugay, #ZamboangaDelSur(VincenzoA.Sagun, Margosatubig, Dinas, SanPablo, SanMiguel, Lapuyan, Guipos, Kumalarang, Dumalinao, Tigbao, Labangan, PagadianCity, Tukuran, Lakewood, Bayog, Aurora, RamonMagsaysay, Sominot, Midsalip, Tambulig, Mahayag, Dumingag, Molave, Josefina), #Z",Unknown,2025-09-07 21:01,Unknown,https://www.facebook.com/mprsdcdo/posts/pfbid0oPh1Y9xy6m7W26bV2RAjg485rrVsrCgHYJ3D83HTsYZWqiXhUZSroJCXRdkzLuwgl?__cft__[0]=AZWA8IADvYaWgI8gR8SkWRfREBq1qvi_rRMCG1QEOOympwWgWyOyQqaYO0ynmMSmWbSAcqfbeef1uAlMs5hg4MkeGW8wlBZVjywVMGiTAuE5hzd9Ax6LE5hHS1QQYsS08Cc7U4biN5JO8YaAwBDb3_v6TKlol6yHBsXpv7aKXQN6J3MKed1EU1I1lTTjK7N-3Hs&__tn__=%2CO%2CP-R
Facebook,pagasa.dost.gov.ph,"Flood Bulletin No. 5 Final for the Cagayan River Basin 
Issued at 5PM, 07 September 2025 Flood Bulletin No. 5 Final for the Cagayan River Basin Issued at 5PM, 07 September 2025",Unknown,2025-09-07 21:01,Unknown,https://www.facebook.com/PAGASA.DOST.GOV.PH/posts/pfbid024mcLLaXSw7AdpV2duiUU3nYepjW25A8wnvprZLcdmfyQXay6cHoWfRALghxA661Zl?__cft__[0]=AZVElLzid0mvMcBCL64hiuYoqzAkpDF9jRSK8_5--kyrOtRD_zKyZ17gIVKKWhHMlhGRIvfWZKJSskIMlLfzXNoUVcpbI7cAtO2QD4IIx2UocRVSlF4cTfjQ7jUHcA5lt7pjbHrAXvxICMlSEOUUqkGy_87dNGn2kGm9gW5eniKBDiIr_LGQEk3lj3_XNjdjyKw&__tn__=%2CO%2CP-R
Facebook,PHIVOLCS,"#EarthquakePH #EarthquakeSurigaoDelNorte
Earthquake Information No.1
Date and Time: 07 September 2025 - 09:00 PM
Magnitude = 2.4
Depth = 004 km
Location = 09.90°N, 126.51°E - 041 km N 71° E of General Luna (Surigao Del Norte)
https://earthquake.phivolcs.dost.gov.ph/.../2025_0907... #EarthquakePH #EarthquakeSurigaoDelNorte Earthquake Information No.1 Date and Time: 07 September 2025 - 09:00 PM Magnitude = 2.4 Depth = 004 km Location = 09.90°N, 126.51°E - 041 km N 71° E of General Luna (Surigao Del Norte) https://earthquake.phivolcs.dost.gov.ph/.../2025_0907...",Unknown,2025-09-07 21:01,Unknown,https://www.facebook.com/PHIVOLCS/posts/pfbid02WumqpDWbVKsVE4mBmAZ9HYKXD24eBxpioHiSJEW3ZuovESW1LmqHJLKw8CnFKmCxl?__cft__[0]=AZVlbzknExUyZ7WVqsrlW6ze9a87XldIZ16OS6FsG4G6cm0t3Uu4NUNMPAnfn_hXHLtY3jnJccXtYgh1pFBkTi700Jy2OlrpWZn8UiWmLFw13PsuJXDnzV6eRbklzmZOImwF6FAk_GtaIQwefItU9uiAsW-vb1QrdAabJIjFXtmRj7qY0g8mY9XxUbnhKnBjUzQ&__tn__=%2CO%2CP-R
Facebook,sunstarphilippines,"'Takbo Laban sa Korapsyon' at UP Diliman
More than a thousand runners participate in the ""Takbo Laban sa Korapsyon"" at the University of the Philippines (UP) Diliman, Quezon City on Sunday, September 7, 2025. 
Organized by the College of Science Student Council, the event aimed ""to call for accountability amidst revelations of corruption in government-contracted flood control projects.""
Known political personalities and representatives of progressive organizations were present in the run demanding accountability for corruption and failed governance. I Photos by Jimmy A. Domingo/Mata: Asia Press Photo 'Takbo Laban sa Korapsyon' at UP Diliman More than a thousand runners participate in the ""Takbo Laban sa Korapsyon"" at the University of the Philippines (UP) Diliman, Quezon City on Sunday, September 7, 2025. Organized by the College of Science Student Council, the event aimed ""to call for accountability amidst revelations of corruption in government-contracted flood control projects."" Known political personalities and representatives of progressive organizations were present in the run demanding accountability for corruption and failed governance. I Photos by Jimmy A. Domingo/Mata: Asia Press Photo",Unknown,2025-09-07 21:01,Unknown,https://www.facebook.com/SunStarPhilippines/posts/pfbid02QCz7bV1penqSF5nz3V1LrhDt4DpYT2q6DDc3UtxpPRmdkfPY9TNDqj3b2o67BuA5l?__cft__[0]=AZWto9KbigYjm0lIdK2IEFBJjsfj0ShRL--r4bUWqiCEApTTs8ivIY2jmuqcMpoGhdNjHV_s2xuNCN-Ht1cZchAxH6kQ_GSNvK1X5Hu94CEIUNJFGixzYwDazQe0HaawMG-QiD75XXgaI_3x7i5fhEIXzSqG2v90-S3VVL_xB-LaPJX7J59gRcLLTbb4JHLgN1U&__tn__=%2CO%2CP-R
Facebook,abscbnNEWS,"President Ferdinand Marcos Jr. says the independent commission tasked to probe the flood control fiasco will have all the necessary powers ""to investigate anyone""—even lawmakers. President Ferdinand Marcos Jr. says the independent commission tasked to probe the flood control fiasco will have all the necessary powers ""to investigate anyone""—even lawmakers. IKAW DAPAT SISIHIN AT PINSAN MO. PIRMA K NG PIRMA SA BUDGET WEAK LEADER",Unknown,2025-09-07 22:00,Unknown,https://www.facebook.com/abscbnNEWS/posts/pfbid0Mrun6BWoLYxR4Nx7CJjC75ZweTaWbFz4PTiPNMg1F7DTNv1juHKN1RQVvzAS6KMpl?__cft__[0]=AZV_mUSfcpmZysx4TC8Hw3SHy5wnC06bwr8JOSVFAzHEJnzEd2qZa7bJD1CuZx_byRUC_-mP-1LilEHotqXsoieVvHaIIUzPclDcHTM7Z3UB7oYtEP7xQIcUkIMBcXiAqSj4Tgyj4LwJB7gEYMqrBW6os7CSkitu_SJuE6kZPuRpZBR3_wmflayUh7gEKF9EfH4&__tn__=%2CO%2CP-R
Facebook,pagasa.dost.gov.ph,"As of 8:00 PM today, 07 September 2025, Tropical Storm ""TAPAH"" (formerly ""LANNIE"") is still being monitored outside the Philippine Area of Responsibility (PAR).
All are advised to monitor updates from DOST-PAGASA. As of 8:00 PM today, 07 September 2025, Tropical Storm ""TAPAH"" (formerly ""LANNIE"") is still being monitored outside the Philippine Area of Responsibility (PAR). All are advised to monitor updates from DOST-PAGASA. Keep safe everyone! Tingin ko eto pangalan na eto super typhoon mapanira ingat pati lahat nasa taas nasa baba sisirain niyan ingat nag sisimula na. Sabayan pa niya Rare Red Lunar eclipse 12:00 am - 3:00 am keep safe everyone.",Unknown,2025-09-07 22:00,Unknown,https://www.facebook.com/PAGASA.DOST.GOV.PH/posts/pfbid025w6qUbK4q1YWEQwUeEChZka3mgzv3kaVruAAAsNczrSN9btUn8q2Wh9wTiQx8jjGl?__cft__[0]=AZV7Lvo1q3ajItm-w6gVWjkI3d_eAxSF6fg57y36gNsDWdp0bA-v9Makubk9xSBYVgZ6LoPWrIA16pLMlpM7DCSmjwnMma6yHEJH1IQ_lBc_tZy1n52t4oEh-QOy4F4pjFRetqHoIsm_NsgzmSV397nvzvxugrmcKaIe2K70EhR2I_cj9M2lhD8t4jEGEBVWuck&__tn__=%2CO%2CP-R
Facebook,pagasa.dost.gov.ph,Keep safe everyone! Tingin ko eto pangalan na eto super typhoon mapanira ingat pati lahat nasa taas nasa baba sisirain niyan ingat nag sisimula na. Sabayan pa niya Rare Red Lunar eclipse 12:00 am - 3:00 am keep safe everyone.,Unknown,2025-09-07 22:00,Unknown,https://www.facebook.com/PAGASA.DOST.GOV.PH/posts/pfbid025w6qUbK4q1YWEQwUeEChZka3mgzv3kaVruAAAsNczrSN9btUn8q2Wh9wTiQx8jjGl?comment_id=1434358297825921&__cft__[0]=AZV7Lvo1q3ajItm-w6gVWjkI3d_eAxSF6fg57y36gNsDWdp0bA-v9Makubk9xSBYVgZ6LoPWrIA16pLMlpM7DCSmjwnMma6yHEJH1IQ_lBc_tZy1n52t4oEh-QOy4F4pjFRetqHoIsm_NsgzmSV397nvzvxugrmcKaIe2K70EhR2I_cj9M2lhD8t4jEGEBVWuck&__tn__=R-R
Facebook,PHIVOLCS,"#EarthquakePH #EarthquakeDavaoOccidental
Earthquake Information No.1
Date and Time: 07 September 2025 - 10:08 PM
Magnitude = 2.5
Depth = 056 km
Location = 06.42°N, 125.89°E - 031 km N 90° E of Malita (Davao Occidental)
https://earthquake.phivolcs.dost.gov.ph/.../2025_0907... #EarthquakePH #EarthquakeDavaoOccidental Earthquake Information No.1 Date and Time: 07 September 2025 - 10:08 PM Magnitude = 2.5 Depth = 056 km Location = 06.42°N, 125.89°E - 031 km N 90° E of Malita (Davao Occidental) https://earthquake.phivolcs.dost.gov.ph/.../2025_0907...",Unknown,2025-09-07 22:00,Unknown,https://www.facebook.com/PHIVOLCS/posts/pfbid042344wHXwqsBpQPHBJSkxoSkYCwCkbmcYNzY7np2pz6oSUhhQ2oQugh8wuWUXaADl?__cft__[0]=AZWtkNcjn1kBLkB4LlSHyVII8lwmWtg61RRoSiHVpuNFGlw57zychuTRvX1eT0EZGIs2AIoIjMzapREhmJN77yqeQ2JphHX-5dF4WhK8ETgVNeQ6aCPx9oB6KhaYH5yFAkudZTSycmyOcOwDVFJKc-qCZszgP_Qn31drguBRpzmdmHqu3ylvjMlex8LuRCSGwPQ&__tn__=%2CO%2CP-R
Facebook,civildefensedavao,"Heavy Rainfall Warning No. 2 Amendment #MINPRSD
Weather System: Easterlies 
Issued at 09:30 PM 07 September 2025
Yellow Warning: #DavaoOccidental(Malita, SantaMaria), #Sarangani(Malungon and Alabel)
Associated Hazard: FLOODING is Possible in Low-Lying Areas and LANDSLIDE in mountainous areas
Meanwhile, Light to Moderate rains are expected over #Basilan, #SurigaoDelNorte(Alegria, Tubod, Mainit, Bacuag, Malimono, Placer, Sison, TaganaAn, Socorro, SanFrancisco, SurigaoCity, SiargaoIsland), #DinagatIslands(Dinagat, SanJose, Basilisa, Cagdianao), #AgusanDelSur(Esperanza, SanLuis, CityOfBayugan, Talacogon, Trento, Bunawan, Rosario, LaPaz, Loreto, Veruela, SantaJosefa), #DavaoDeOro, #SurigaoDelSur(Lingig, CityOfBislig, Tagbina, SanAgustin, Marihatag, Cagwait, Bayabas, SanMiguel, Tago, CityOfTandag, Hinatuan), #DavaoOriental, #AgusanDelNorte(LasNieves, Nasipit, Buenavista, ButuanCity, Magallanes, RemediosT.Romualdez, Carmen, CityOfCabadbaran, Tubay), #Sulu, #LanaoDelSur, #NorthCotabato(Tulunan, Makilala, M'Lang, CityOfKidapawan, Magpet, Kabacan, Antipas, Matalam, PresidentRoxas, Carmen, Arakan, Banisilan, Alamada), #DavaoDelNorte, #LanaoDelNorte(SultanNagaDimaporo, Nunungan, Sapad, Kapatagan, Tubod, Salvador, Lala, Baroy, Magsaysay, Kolambugan, Munai and Tangcal) within the next 2-3 hours.
Moderate to heavy rains affecting #CotabatoCity, #ZamboangaSibugay, #ZamboangaCity, #SurigaoDelNorte(Claver, Gigaquit), #DavaoOccidental(Sarangani, JoseAbadSantos, DonMarcelino), #Sarangani(Glan, Maasim, Kiamba, Malapatan, Maitum), #SouthCotabato, #DavaoDelSur, #DinagatIslands(Libjo, Tubajon, Loreto), #AgusanDelSur(Prosperidad, SanFrancisco, Sibagat), #MaguindanaoDelSur, #SurigaoDelSur(Lianga, Carmen, Lanuza, Madrid, Cortes, Cantilan, Carrascal, Barobo), #MisamisOccidental, #ZamboangaDelNorte, #MaguindanaoDelNorte, #AgusanDelNorte(Santiago, Jabonga, Kitcharao), #SultanKudarat, #NorthCotabato(Pikit, Midsayap, Aleosan, Libungan, Pigkawayan) and #ZamboangaDelSur which may persist within 2-3 hours and may affect nearby areas.
SOURCE: MINDANAO PRSD Heavy Rainfall Warning No. 2 Amendment #MINPRSD Weather System: Easterlies Issued at 09:30 PM 07 September 2025 Yellow Warning: #DavaoOccidental(Malita, SantaMaria), #Sarangani(Malungon and Alabel) Associated Hazard: FLOODING is Possible in Low-Lying Areas and LANDSLIDE in mountainous areas Meanwhile, Light to Moderate rains are expected over #Basilan, #SurigaoDelNorte(Alegria, Tubod, Mainit, Bacuag, Malimono, Placer, Sison, TaganaAn, Socorro, SanFrancisco, SurigaoCity, SiargaoIsland), #DinagatIslands(Dinagat, SanJose, Basilisa, Cagdianao), #AgusanDelSur(Esperanza, SanLuis, CityOfBayugan, Talacogon, Trento, Bunawan, Rosario, LaPaz, Loreto, Veruela, SantaJosefa), #DavaoDeOro, #SurigaoDelSur(Lingig, CityOfBislig, Tagbina, SanAgustin, Marihatag, Cagwait, Bayabas, SanMiguel, Tago, CityOfTandag, Hinatuan), #DavaoOriental, #AgusanDelNorte(LasNieves, Nasipit, Buenavista, ButuanCity, Magallanes, RemediosT.Romualdez, Carmen, CityOfCabadbaran, Tubay), #Sulu, #LanaoDelSur, #NorthCotabato(Tulunan, Makilala, M'Lang, CityOfKidapawan, Magpet, Kabacan, Antipas, Matalam, PresidentRoxas, Carmen, Arakan, Banisilan, Alamada), #DavaoDelNorte, #LanaoDelNorte(SultanNagaDimaporo, Nunungan, Sapad, Kapatagan, Tubod, Salvador, Lala, Baroy, Magsaysay, Kolambugan, Munai and Tangcal) within the next 2-3 hours. Moderate to heavy rains affecting #CotabatoCity, #ZamboangaSibugay, #ZamboangaCity, #SurigaoDelNorte(Claver, Gigaquit), #DavaoOccidental(Sarangani, JoseAbadSantos, DonMarcelino), #Sarangani(Glan, Maasim, Kiamba, Malapatan, Maitum), #SouthCotabato, #DavaoDelSur, #DinagatIslands(Libjo, Tubajon, Loreto), #AgusanDelSur(Prosperidad, SanFrancisco, Sibagat), #MaguindanaoDelSur, #SurigaoDelSur(Lianga, Carmen, Lanuza, Madrid, Cortes, Cantilan, Carrascal, Barobo), #MisamisOccidental, #ZamboangaDelNorte, #MaguindanaoDelNorte, #AgusanDelNorte(Santiago, Jabonga, Kitcharao), #SultanKudarat, #NorthCotabato(Pikit, Midsayap, Aleosan, Libungan, Pigkawayan) and #ZamboangaDelSur which may persist within 2-3 hours and may affect nearby areas. SOURCE: MINDANAO PRSD",Unknown,2025-09-07 23:00,Unknown,https://www.facebook.com/civildefensedavao/posts/pfbid0J4k5nqcFampmJzUFm87jpYUHjgmdzVQdLs3YHUdQ1EGxRMP5ZxzZMdEhpyN8HNuGl?__cft__[0]=AZW7snSeNSYYweBMM8FPTc3lgBmbfGfSX8f9Ok-7SPyR_IgUknPpMFsapnGTPok00d4PbbbbWMT8PziNUIqN1fussgGWH_3MlTqNvc5z23aazdCKrCNz9URKG1MnhkReXyDzL2jZLUzVIcKWkUsbHtxYQRvRiUiky7znJKhwKfmqqhmWwr4h_8X4QAH9lOx0NgY&__tn__=%2CO%2CP-R
Facebook,PHIVOLCS,"#EarthquakePH #EarthquakeCagayan
Earthquake Information No.1
Date and Time: 07 September 2025 - 10:53 PM
Magnitude = 2.3
Depth = 011 km
Location = 18.98°N, 121.30°E - 016 km N 29° W of Fuga Island (Aparri) (Cagayan)
https://earthquake.phivolcs.dost.gov.ph/.../2025_0907... #EarthquakePH #EarthquakeCagayan Earthquake Information No.1 Date and Time: 07 September 2025 - 10:53 PM Magnitude = 2.3 Depth = 011 km Location = 18.98°N, 121.30°E - 016 km N 29° W of Fuga Island (Aparri) (Cagayan) https://earthquake.phivolcs.dost.gov.ph/.../2025_0907...",Unknown,2025-09-07 23:00,Unknown,https://www.facebook.com/PHIVOLCS/posts/pfbid0YiHhCA3yXrWbJ7kVumnHsHST4abkVSVsELA1yTSyamEZPXBKqs89meiZV8cpN3Zyl?__cft__[0]=AZXpeetEEZw6PEsHT-osVBqlLmlTT8UBAGiFUZqhpNv5zHfA82ZDOlovf9lXjc3uB7dcvI-P4mBOGHt3pd6ZmAmqotWA1-qWRy9-5tfNZqPsHOAzRdS0lPowHPrMGDteBOC9PRYEgJS2dF932uTiCDwPSa_3leZowl14sarwHzu8jFw4eS1kFsOy5EydqaB8aDI&__tn__=%2CO%2CP-R
Facebook,stormchasersPH,"total eclipse of the cloud Patuloy na natutupad lahat ng palatandaan na binanggit ng Panginoong jesus na sa ikalawa niyang pagparito ay may mga lilitaw na palatandaan, tulad ng lindol , kalamidad , tag gutom , pandemya , gera ng bansa laban sa bansa at iba pa lalo na yang blood moon na kinasisiyahan nyo at pinakaaabangan, hindi nyo alam eh isa yan sa mga hula na malapit na ang araw ng paghuhukom. Kaming mga nasa loob ng kawan o sa loob ng Iglesia, ang turo saamin ay ganito, kaya imbes na katuwaan dapat eh maghanda sa nalalapit na paghuhukom. Magbalik loob at maglingkod sa Panginoong jesus at sating Ama.",Unknown,2025-09-07 23:00,Unknown,https://www.facebook.com/stormchasersPH/posts/pfbid02WLuFbDLS3syHZS2EkFtbnJCg9KLCSXw7kG6CaXkx3dzsQeuTFQfHL7E51EAkRu7Rl?__cft__[0]=AZWG9D9A6AUBvC5j3RgPTqEg6bzH_fXxrbMEWaLo1XBD5oiehSAsraRVb3GaTWqsYBpK6T2IQ_34x7VCUXvH9wAMQnQVvZOyEUpwqwtpqYr4VgHN1z9rF4rFL8vglj-hld0OHVJ7v82P6BUPdkY0PBD5dz3Rz_UTFCIGr2lmD-t-rirTZLXsySeRpuBREAIQDVc&__tn__=%2CO%2CP-R
Facebook,stormchasersPH,"Patuloy na natutupad lahat ng palatandaan na binanggit ng Panginoong jesus na sa ikalawa niyang pagparito ay may mga lilitaw na palatandaan, tulad ng lindol , kalamidad , tag gutom , pandemya , gera ng bansa laban sa bansa at iba pa lalo na yang blood moon na kinasisiyahan nyo at pinakaaabangan, hindi nyo alam eh isa yan sa mga hula na malapit na ang araw ng paghuhukom. Kaming mga nasa loob ng kawan o sa loob ng Iglesia, ang turo saamin ay ganito, kaya imbes na katuwaan dapat eh maghanda sa nalalapit na paghuhukom. Magbalik loob at maglingkod sa Panginoong jesus at sating Ama.",Unknown,2025-09-07 23:00,Unknown,https://www.facebook.com/stormchasersPH/posts/pfbid02WLuFbDLS3syHZS2EkFtbnJCg9KLCSXw7kG6CaXkx3dzsQeuTFQfHL7E51EAkRu7Rl?comment_id=1240049424472758&__cft__[0]=AZWG9D9A6AUBvC5j3RgPTqEg6bzH_fXxrbMEWaLo1XBD5oiehSAsraRVb3GaTWqsYBpK6T2IQ_34x7VCUXvH9wAMQnQVvZOyEUpwqwtpqYr4VgHN1z9rF4rFL8vglj-hld0OHVJ7v82P6BUPdkY0PBD5dz3Rz_UTFCIGr2lmD-t-rirTZLXsySeRpuBREAIQDVc&__tn__=R-R
Facebook,mprsdcdo,"Heavy Rainfall Warning No. 2 Amendment #MINPRSD
Weather System: Easterlies 
Issued at 09:30 PM 07 September 2025
Yellow Warning: #DavaoOccidental(Malita, SantaMaria), #Sarangani(Malungon and Alabel)
Associated Hazard: FLOODING is Possible in Low-Lying Areas and LANDSLIDE in mountainous areas
Meanwhile, Light to Moderate rains are expected over #Basilan, #SurigaoDelNorte(Alegria, Tubod, Mainit, Bacuag, Malimono, Placer, Sison, TaganaAn, Socorro, SanFrancisco, SurigaoCity, SiargaoIsland), #DinagatIslands(Dinagat, SanJose, Basilisa, Cagdianao), #AgusanDelSur(Esperanza, SanLuis, CityOfBayugan, Talacogon, Trento, Bunawan, Rosario, LaPaz, Loreto, Veruela, SantaJosefa), #DavaoDeOro, #SurigaoDelSur(Lingig, CityOfBislig, Tagbina, SanAgustin, Marihatag, Cagwait, Bayabas, SanMiguel, Tago, CityOfTandag, Hinatuan), #DavaoOriental, #AgusanDelNorte(LasNieves, Nasipit, Buenavista, ButuanCity, Magallanes, RemediosT.Romualdez, Carmen, CityOfCabadbaran, Tubay), #Sulu, #LanaoDelSur, #NorthCotabato(Tulunan, Makilala, M'Lang, CityOfKidapawan, Magpet, Kabacan, Antipas, Matalam, PresidentRoxas, Carmen, Arakan, Banisilan, Alamada), #DavaoDelNorte, #LanaoDelNorte(SultanNagaDimaporo, Nunungan, Sapad, Kapatagan, Tubod, Salvador, Lala, Baroy, Magsaysay, Kolambugan, Munai and Tangcal) within the next 2-3 hours.
Moderate to heavy rains affecting #CotabatoCity, #ZamboangaSibugay, #ZamboangaCity, #SurigaoDelNorte(Claver, Gigaquit), #DavaoOccidental(Sarangani, JoseAbadSantos, DonMarcelino), #Sarangani(Glan, Maasim, Kiamba, Malapatan, Maitum), #SouthCotabato, #DavaoDelSur, #DinagatIslands(Libjo, Tubajon, Loreto), #AgusanDelSur(Prosperidad, SanFrancisco, Sibagat), #MaguindanaoDelSur, #SurigaoDelSur(Lianga, Carmen, Lanuza, Madrid, Cortes, Cantilan, Carrascal, Barobo), #MisamisOccidental, #ZamboangaDelNorte, #MaguindanaoDelNorte, #AgusanDelNorte(Santiago, Jabonga, Kitcharao), #SultanKudarat, #NorthCotabato(Pikit, Midsayap, Aleosan, Libungan, Pigkawayan) and #ZamboangaDelSur which may persist within 2-3 hours and may affect nearby areas.
The public and the Disaster Risk Reduction and Management Offices concerned are advised to MONITOR the weather condition and watch for the next warning to be issued at 11:00 PM Today. Heavy Rainfall Warning No. 2 Amendment #MINPRSD Weather System: Easterlies Issued at 09:30 PM 07 September 2025 Yellow Warning: #DavaoOccidental(Malita, SantaMaria), #Sarangani(Malungon and Alabel) Associated Hazard: FLOODING is Possible in Low-Lying Areas and LANDSLIDE in mountainous areas Meanwhile, Light to Moderate rains are expected over #Basilan, #SurigaoDelNorte(Alegria, Tubod, Mainit, Bacuag, Malimono, Placer, Sison, TaganaAn, Socorro, SanFrancisco, SurigaoCity, SiargaoIsland), #DinagatIslands(Dinagat, SanJose, Basilisa, Cagdianao), #AgusanDelSur(Esperanza, SanLuis, CityOfBayugan, Talacogon, Trento, Bunawan, Rosario, LaPaz, Loreto, Veruela, SantaJosefa), #DavaoDeOro, #SurigaoDelSur(Lingig, CityOfBislig, Tagbina, SanAgustin, Marihatag, Cagwait, Bayabas, SanMiguel, Tago, CityOfTandag, Hinatuan), #DavaoOriental, #AgusanDelNorte(LasNieves, Nasipit, Buenavista, ButuanCity, Magallanes, RemediosT.Romualdez, Carmen, CityOfCabadbaran, Tubay), #Sulu, #LanaoDelSur, #NorthCotabato(Tulunan, Makilala, M'Lang, CityOfKidapawan, Magpet, Kabacan, Antipas, Matalam, PresidentRoxas, Carmen, Arakan, Banisilan, Alamada), #DavaoDelNorte, #LanaoDelNorte(SultanNagaDimaporo, Nunungan, Sapad, Kapatagan, Tubod, Salvador, Lala, Baroy, Magsaysay, Kolambugan, Munai and Tangcal) within the next 2-3 hours. Moderate to heavy rains affecting #CotabatoCity, #ZamboangaSibugay, #ZamboangaCity, #SurigaoDelNorte(Claver, Gigaquit), #DavaoOccidental(Sarangani, JoseAbadSantos, DonMarcelino), #Sarangani(Glan, Maasim, Kiamba, Malapatan, Maitum), #SouthCotabato, #DavaoDelSur, #DinagatIslands(Libjo, Tubajon, Loreto), #AgusanDelSur(Prosperidad, SanFrancisco, Sibagat), #MaguindanaoDelSur, #SurigaoDelSur(Lianga, Carmen, Lanuza, Madrid, Cortes, Cantilan, Carrascal, Barobo), #MisamisOccidental, #ZamboangaDelNorte, #MaguindanaoDelNorte, #AgusanDelNorte(Santiago, Jabonga, Kitcharao), #SultanKudarat, #NorthCotabato(Pikit, Midsayap, Aleosan, Libungan, Pigkawayan) and #ZamboangaDelSur which may persist within 2-3 hours and may affect nearby areas. The public and the Disaster Risk Reduction and Management Offices concerned are advised to MONITOR the weather condition and watch for the next warning to be issued at 11:00 PM Today.",Unknown,2025-09-07 23:00,Unknown,https://www.facebook.com/mprsdcdo/posts/pfbid032k6gyHXnaUGMPcS19TDHBgrXkuj4Kb2aCq2bxVapC2kdQw8xEbokiiUNFgs4Hs3Ll?__cft__[0]=AZU62SsmhJ2eDzBMLOpJQ0xX14DF92HY-XadzEyshlMzjBlErb2Kdhl0ip0ruymtBCt-StvwMUVO1q9WAX-lYfznjIUubHib3P7WoZOBRJl-dZIdxb7zh2t01SkJ48cwJvImLPZaDNvm6XxTjBOn5gR5JERnvlQ_5hEo6rEXA6uBeb5ElawVTbsoEH3jtaOSOIo&__tn__=%2CO%2CP-R
Facebook,#EarthquakePH,"#EarthquakePH #EarthquakeSurigaoDelSur
Earthquake Information No.1
Date and Time: 07 September 2025 - 10:47 PM
Magnitude = 1.7
Depth = 025 km
Location = 08.95°N, 126.57°E - 030 km N 84° E of Cagwait (Surigao Del Sur)
https://earthquake.phivolcs.dost.gov.ph/.../2025_0907... #EarthquakePH #EarthquakeSurigaoDelSur Earthquake Information No.1 Date and Time: 07 September 2025 - 10:47 PM Magnitude = 1.7 Depth = 025 km Location = 08.95°N, 126.57°E - 030 km N 84° E of Cagwait (Surigao Del Sur) https://earthquake.phivolcs.dost.gov.ph/.../2025_0907...",Unknown,2025-09-07 23:00,Unknown,https://www.facebook.com/PHIVOLCS/posts/pfbid02gLhRTwapvgHk3zQbCLmv2iwLqM6QWkQCVCJcUjyYVxND3hoA2SqNTsttnQA4Fskzl?__cft__[0]=AZVQRNiRWugHxcRnQQmUqDZ6d5hYJNfxkORrs2zqlQZtdYvimElFKmQJAoyRsTjXx7o4Lfl8-s9hm5xwiIDkHkbkCjDuAVAjUGV7r_bBPwpO2XGdQ2sgeBSh4wD6JTXsWVKq64Fm3Xh-Pg9XLk4BgGC1R5xMmm0lDWhWlqsfTufamye4vO4yRXIxGQCwNdbFKQQ&__tn__=%2CO%2CP-R
Facebook,DavaoDRRMO,"𝐂𝐃𝐑𝐑𝐌𝐎-𝐎𝐏𝐂𝐄𝐍 𝐀𝐃𝐕𝐈𝐒𝐎𝐑𝐘 𝐅𝐎𝐑 𝐂𝐎𝐀𝐒𝐓𝐀𝐋 𝐁𝐀𝐑𝐀𝐍𝐆𝐀𝐘𝐒:
Issued at 10:27 PM | September 07, 2025
September 08, 2025
High Tide: 05:49 AM
1.87 m (6.14 ft)
High tide sea level conditions with a depth of 1.87 m (6.14 ft) will occur tomorrow at 05:49 AM (peak time). Coastal waters will be slight to moderate, with light to moderate winds from the east to southeast.
CDRRMO-OPCEN advised 𝐀𝐋𝐋 𝐁𝐀𝐑𝐀𝐍𝐆𝐀𝐘𝐒 situated along the coastline to pre-position their resources, alert the communities, closely monitor the coastal areas, and conduct preemptive evacuation 𝐈𝐅 𝐍𝐄𝐂𝐄𝐒𝐒𝐀𝐑𝐘.
#𝗣𝘂𝗯𝗹𝗶𝗰𝗔𝗱𝘃𝗶𝘀𝗼𝗿𝘆
#𝗗𝗮𝘃𝗮𝗼𝗖𝗶𝘁𝘆𝗗𝗥𝗥𝗠𝗢 𝐂𝐃𝐑𝐑𝐌𝐎-𝐎𝐏𝐂𝐄𝐍 𝐀𝐃𝐕𝐈𝐒𝐎𝐑𝐘 𝐅𝐎𝐑 𝐂𝐎𝐀𝐒𝐓𝐀𝐋 𝐁𝐀𝐑𝐀𝐍𝐆𝐀𝐘𝐒: Issued at 10:27 PM | September 07, 2025 September 08, 2025 High Tide: 05:49 AM 1.87 m (6.14 ft) High tide sea level conditions with a depth of 1.87 m (6.14 ft) will occur tomorrow at 05:49 AM (peak time). Coastal waters will be slight to moderate, with light to moderate winds from the east to southeast. CDRRMO-OPCEN advised 𝐀𝐋𝐋 𝐁𝐀𝐑𝐀𝐍𝐆𝐀𝐘𝐒 situated along the coastline to pre-position their resources, alert the communities, closely monitor the coastal areas, and conduct preemptive evacuation 𝐈𝐅 𝐍𝐄𝐂𝐄𝐒𝐒𝐀𝐑𝐘. #𝗣𝘂𝗯𝗹𝗶𝗰𝗔𝗱𝘃𝗶𝘀𝗼𝗿𝘆 #𝗗𝗮𝘃𝗮𝗼𝗖𝗶𝘁𝘆𝗗𝗥𝗥𝗠𝗢",Unknown,2025-09-07 23:30,Unknown,https://www.facebook.com/DavaoDRRMO/posts/pfbid02trcky5Jmo8TkqKLUosR3jyijKhWT17wdgLVh4KJH9JqVdzjy3KaLasZmTLci5eNdl?__cft__[0]=AZUsSebowlWLExpnpcvYkrSHKgiChlHi7LRBwkoYCSZwHmdP-BFfor_YOYh_1vgYimokGWln2OS_nIXI9rbrg7dJoXu90kEdvokJBqYzKP5CmKK6ppDccgWBVkjIItCw0n9EChDBd2RnilyNxTlWxteG8dwnov58Ft9eSDccFRLfLU6_C6MyPPFLNvp-poSpPWs&__tn__=%2CO%2CP-R
Facebook,stormchasersPH,"𝐏𝐄𝐍𝐔𝐌𝐁𝐑𝐀𝐋 𝐄𝐂𝐋𝐈𝐏𝐒𝐄 𝐁𝐄𝐆𝐈𝐍𝐒! 
Nagsimula na ang Penumbral Eclipse o unang bahagi ng Total Lunar Eclipse kung saan kapansin-pansin ang pagdilim na ng kabilang bahagi nito.
Sunod na magaganap ang Partial Eclipse mamayang 12:27 AM (PhST).
#TotalLunarEclipse2025 
#PulangBuwan2025 #AstroPH
 timeanddate.com 𝐏𝐄𝐍𝐔𝐌𝐁𝐑𝐀𝐋 𝐄𝐂𝐋𝐈𝐏𝐒𝐄 𝐁𝐄𝐆𝐈𝐍𝐒! Nagsimula na ang Penumbral Eclipse o unang bahagi ng Total Lunar Eclipse kung saan kapansin-pansin ang pagdilim na ng kabilang bahagi nito. Sunod na magaganap ang Partial Eclipse mamayang 12:27 AM (PhST). #TotalLunarEclipse2025 #PulangBuwan2025 #AstroPH timeanddate.com Sana May gumawa ng timelapse",Unknown,2025-09-07 23:30,Unknown,https://www.facebook.com/stormchasersPH/posts/pfbid02Ah5MFyAef1P864d19a5fpEcMGFwHBQZhyGnW8sU78iPiFfvGKDmrzUVmYMW4h53Dl?__cft__[0]=AZWv-OshMA_yn1uUWFFUrAZitxZFtYuorl7GoIZZJ2iw8WQcE6h0rSqzzK4_Vjw10o3aA1J1_Iycd84vX2S6YxZ2TCylCZgRNRqvlBD2Su0y7pxfuAi5SlceupuOmdy1Zdvm9AqBvEDLL0i0AJA1BqY_4sugv-1h60Z9EYCb6u3kwoixfTFiH_-8VnfgrwF-fEE&__tn__=%2CO%2CP-R
Facebook,#EarthquakePH,"#EarthquakePH #EarthquakeDavaoOriental
Earthquake Information No.1
Date and Time: 07 September 2025 - 11:17 PM
Magnitude = 4.1
Depth = 010 km
Location = 07.33°N, 127.37°E - 088 km N 89° E of Caraga (Davao Oriental)
https://earthquake.phivolcs.dost.gov.ph/.../2025_0907... #EarthquakePH #EarthquakeDavaoOriental Earthquake Information No.1 Date and Time: 07 September 2025 - 11:17 PM Magnitude = 4.1 Depth = 010 km Location = 07.33°N, 127.37°E - 088 km N 89° E of Caraga (Davao Oriental) https://earthquake.phivolcs.dost.gov.ph/.../2025_0907...",Unknown,2025-09-07 23:30,Unknown,https://www.facebook.com/PHIVOLCS/posts/pfbid0wpQVb6QRZ1PTo9QZ7sYngurEMT5X7XUSz2CELEtL4Q5Q8hcX7KBvw9o7557Gm76Ql?__cft__[0]=AZXu8pOqB9789n9EDRjJZBPBxhVPVYXNqV4HG71xUsn5tTJkJc50fHKRTFbfjx9DOaW_cVkcpTpNzZSGxUwDBey453smG4yzBheT32j712xlyATrfQnm9d1NlAOCEhuNpqQp5FApTsh0j24pK-UPCW4snLCvCq3oiH5YoeeFOiZtfVBiewExNNxer1ny3gGUQHQ&__tn__=%2CO%2CP-R
Facebook,civildefensedavao,"Heavy Rainfall Warning No. 3  #MINPRSD
Weather System: Easterlies 
Issued at 11:00 PM 07 September 2025
Yellow Warning: #Sarangani(Maasim), #SouthCotabato(GeneralSantosCity, Polomolok), #SurigaoDelSur(Lanuza and Cortes)
Associated Hazard: FLOODING is Possible in Low-Lying Areas and LANDSLIDE in mountainous areas
Meanwhile, Light to Moderate rains are expected over #CotabatoCity, #SurigaoDelNorte(Alegria, Tubod, Mainit, Bacuag, Malimono, Placer, Socorro, SiargaoIsland), #DavaoDelSur(Malalag, Kiblawan, Sulop), #DinagatIslands(Dinagat, SanJose, Basilisa, Cagdianao), #AgusanDelSur(Prosperidad, SanFrancisco, Talacogon, Sibagat, Rosario, Loreto, CityOfBayugan), #MaguindanaoDelSur(Buluan, Pandag, DatuPaglas, Paglat, Ampatuan, DatuHofferAmpatuan, DatuAbdullahSangki, Gen.S.K.Pendatun, DatuUnsay, SouthUpi, ShariffAguak, Mamasapano, RajahBuayan, SultanSaBarongis, DatuSaudiAmpatuan, Pagalungan, Guindulungan, DatuSalibo, Talayan, DatuAnggalMidtimbang, DatuPiang, ShariffSaydonaMustapha), #SurigaoDelSur(Cagwait, Bayabas, Tago, CityOfTandag, SanMiguel), #MaguindanaoDelNorte(Talitay, Upi, DatuBlahT.Sinsuat, Kabuntalan, DatuOdinSinsuat, NorthernKabuntalan), #AgusanDelNorte(Magallanes, RemediosT.Romualdez, CityOfCabadbaran, Tubay, ButuanCity), #SultanKudarat(Kalamansig, Isulan, Lebak, CityOfTacurong, Esperanza, PresidentQuirino, Lambayong), #Sulu, #NorthCotabato(Pikit, Midsayap, Aleosan), #LanaoDelNorte(Kapatagan, Lala, Baroy, Kolambugan), #DavaoDeOro(Mabini, Maco, Mawab), #DavaoOriental(SanIsidro, CityOfMati and GovernorGeneroso) within the next 2-3 hours.
Moderate to heavy rains affecting #ZamboangaSibugay(Talusan, Olutanga, Mabuhay, Alicia, Payao, Tungawan, Malangas, Imelda), #ZamboangaCity, #SurigaoDelNorte(Claver, Gigaquit), #DavaoOccidental, #Sarangani(Glan, Kiamba, Maitum, Malungon, Alabel, Malapatan), #SouthCotabato(T'Boli, LakeSebu, Surallah, Tupi, SantoNiño, Banga, Tampakan, CityOfKoronadal, Norala, Tantangan), #DinagatIslands(Libjo, Tubajon, Loreto), #MaguindanaoDelSur(Mangudadatu), #SurigaoDelSur(Tagbina, Carmen, Madrid, Cantilan, Carrascal, Barobo, Hinatuan), #MisamisOccidental, #ZamboangaDelNorte(Sibuco, Sirawai, SergioOsmeñaSr., Sindangan, Mutia, JoseDalman, Sibutad, Manukan, Pres.ManuelA.Roxas, Katipunan, DipologCity, Polanco, Piñan, DapitanCity, LaLibertad, Rizal, Siayan), #AgusanDelNorte(Santiago, Jabonga, Kitcharao), #SultanKudarat(Palimbang, Sen.NinoyAquino, Bagumbayan, Lutayan, Columbio), #ZamboangaDelSur(Tabina, Pitogo, VincenzoA.Sagun, Dimataling, Margosatubig, Labangan, Tukuran, Aurora, RamonMagsaysay, Sominot, Midsalip, Tambulig, Mahayag, Dumingag, Molave, Josefina, PagadianCity) and #Basilan which may persist within 2-3 hours and may affect nearby areas.
SOURCE: MINDANAO PRSD Heavy Rainfall Warning No. 3  #MINPRSD Weather System: Easterlies Issued at 11:00 PM 07 September 2025 Yellow Warning: #Sarangani(Maasim), #SouthCotabato(GeneralSantosCity, Polomolok), #SurigaoDelSur(Lanuza and Cortes) Associated Hazard: FLOODING is Possible in Low-Lying Areas and LANDSLIDE in mountainous areas Meanwhile, Light to Moderate rains are expected over #CotabatoCity, #SurigaoDelNorte(Alegria, Tubod, Mainit, Bacuag, Malimono, Placer, Socorro, SiargaoIsland), #DavaoDelSur(Malalag, Kiblawan, Sulop), #DinagatIslands(Dinagat, SanJose, Basilisa, Cagdianao), #AgusanDelSur(Prosperidad, SanFrancisco, Talacogon, Sibagat, Rosario, Loreto, CityOfBayugan), #MaguindanaoDelSur(Buluan, Pandag, DatuPaglas, Paglat, Ampatuan, DatuHofferAmpatuan, DatuAbdullahSangki, Gen.S.K.Pendatun, DatuUnsay, SouthUpi, ShariffAguak, Mamasapano, RajahBuayan, SultanSaBarongis, DatuSaudiAmpatuan, Pagalungan, Guindulungan, DatuSalibo, Talayan, DatuAnggalMidtimbang, DatuPiang, ShariffSaydonaMustapha), #SurigaoDelSur(Cagwait, Bayabas, Tago, CityOfTandag, SanMiguel), #MaguindanaoDelNorte(Talitay, Upi, DatuBlahT.Sinsuat, Kabuntalan, DatuOdinSinsuat, NorthernKabuntalan), #AgusanDelNorte(Magallanes, RemediosT.Romualdez, CityOfCabadbaran, Tubay, ButuanCity), #SultanKudarat(Kalamansig, Isulan, Lebak, CityOfTacurong, Esperanza, PresidentQuirino, Lambayong), #Sulu, #NorthCotabato(Pikit, Midsayap, Aleosan), #LanaoDelNorte(Kapatagan, Lala, Baroy, Kolambugan), #DavaoDeOro(Mabini, Maco, Mawab), #DavaoOriental(SanIsidro, CityOfMati and GovernorGeneroso) within the next 2-3 hours. Moderate to heavy rains affecting #ZamboangaSibugay(Talusan, Olutanga, Mabuhay, Alicia, Payao, Tungawan, Malangas, Imelda), #ZamboangaCity, #SurigaoDelNorte(Claver, Gigaquit), #DavaoOccidental, #Sarangani(Glan, Kiamba, Maitum, Malungon, Alabel, Malapatan), #SouthCotabato(T'Boli, LakeSebu, Surallah, Tupi, SantoNiño, Banga, Tampakan, CityOfKoronadal, Norala, Tantangan), #DinagatIslands(Libjo, Tubajon, Loreto), #MaguindanaoDelSur(Mangudadatu), #SurigaoDelSur(Tagbina, Carmen, Madrid, Cantilan, Carrascal, Barobo, Hinatuan), #MisamisOccidental, #ZamboangaDelNorte(Sibuco, Sirawai, SergioOsmeñaSr., Sindangan, Mutia, JoseDalman, Sibutad, Manukan, Pres.ManuelA.Roxas, Katipunan, DipologCity, Polanco, Piñan",Unknown,2025-09-08 00:00,Unknown,https://www.facebook.com/civildefensedavao/posts/pfbid032eCeJLmxSkSMhDCb1Z3ZcS2WeWzSLBhEmhf6GpvUAoY2DpC1MtF2Z1vew8zinLXUl?__cft__[0]=AZWzKptQGjhpreQ2bdM8s6fTVtAvHbdbwOUWUuIdTUps1gDzoqWVzllImcJ6XcrncIauKzWpfMsO1CCc58r06NK0vrmIQM12Ld_448Cf7SD3g9a3zlv5fYdx6sTmIRu4CzMLeht_ytLtrWww0unSftDsnJPUDorjyFP2LvM8CEbyVjB6hLCk2Ehm0DMmqZGyPWE&__tn__=%2CO%2CP-R
Facebook,DavaoDRRMO,"𝐂𝐃𝐑𝐑𝐌𝐎-𝐎𝐏𝐂𝐄𝐍 𝐀𝐃𝐕𝐈𝐒𝐎𝐑𝐘 𝐅𝐎𝐑 𝐂𝐎𝐀𝐒𝐓𝐀𝐋 𝐁𝐀𝐑𝐀𝐍𝐆𝐀𝐘𝐒:
Issued at 10:27 PM | September 07, 2025
September 08, 2025
High Tide: 05:49 AM
1.87 m (6.14 ft)
High tide sea level conditions with a depth of 1.87 m (6.14 ft) will occur tomorrow at 05:49 AM (peak time). Coastal waters will be slight to moderate, with light to moderate winds from the east to southeast.
CDRRMO-OPCEN advised 𝐀𝐋𝐋 𝐁𝐀𝐑𝐀𝐍𝐆𝐀𝐘𝐒 situated along the coastline to pre-position their resources, alert the communities, closely monitor the coastal areas, and conduct preemptive evacuation 𝐈𝐅 𝐍𝐄𝐂𝐄𝐒𝐒𝐀𝐑𝐘.
#𝗣𝘂𝗯𝗹𝗶𝗰𝗔𝗱𝘃𝗶𝘀𝗼𝗿𝘆
#𝗗𝗮𝘃𝗮𝗼𝗖𝗶𝘁𝘆𝗗𝗥𝗥𝗠𝗢 𝐂𝐃𝐑𝐑𝐌𝐎-𝐎𝐏𝐂𝐄𝐍 𝐀𝐃𝐕𝐈𝐒𝐎𝐑𝐘 𝐅𝐎𝐑 𝐂𝐎𝐀𝐒𝐓𝐀𝐋 𝐁𝐀𝐑𝐀𝐍𝐆𝐀𝐘𝐒: Issued at 10:27 PM | September 07, 2025 September 08, 2025 High Tide: 05:49 AM 1.87 m (6.14 ft) High tide sea level conditions with a depth of 1.87 m (6.14 ft) will occur tomorrow at 05:49 AM (peak time). Coastal waters will be slight to moderate, with light to moderate winds from the east to southeast. CDRRMO-OPCEN advised 𝐀𝐋𝐋 𝐁𝐀𝐑𝐀𝐍𝐆𝐀𝐘𝐒 situated along the coastline to pre-position their resources, alert the communities, closely monitor the coastal areas, and conduct preemptive evacuation 𝐈𝐅 𝐍𝐄𝐂𝐄𝐒𝐒𝐀𝐑𝐘. #𝗣𝘂𝗯𝗹𝗶𝗰𝗔𝗱𝘃𝗶𝘀𝗼𝗿𝘆 #𝗗𝗮𝘃𝗮𝗼𝗖𝗶𝘁𝘆𝗗𝗥𝗥𝗠𝗢 Amping",Unknown,2025-09-08 00:00,Unknown,https://www.facebook.com/DavaoDRRMO/posts/pfbid02trcky5Jmo8TkqKLUosR3jyijKhWT17wdgLVh4KJH9JqVdzjy3KaLasZmTLci5eNdl?__cft__[0]=AZXss43ur9OjNGnFSk2pZ8nh0R5ZDJkiQAlQxA1Xe9-j8V6ziSZ4zTAT3VTmKksx2uwuFZpkHsiEMTomAyf2rOjna1-vZ-gW8ua8AyUiM6lxbb7zbb8K3aTGBgB4_TCOis3GMjuux3pM58P5K63SVHpk3VVn_2QBdpWP1u0M8VAlbMYmN8N10WXvai1t9e47PyM&__tn__=%2CO%2CP-R
Facebook,NDRRMC,"WEATHER UPDATE| As of 8:00 PM today, 07 September 2025, Tropical Storm ""TAPAH"" (formerly ""LANNIE"") is still being monitored outside the Philippine Area of Responsibility (PAR).
All are advised to monitor updates from DOST-PAGASA.
#NDRRMC
#BawatSegundoMahalaga WEATHER UPDATE| As of 8:00 PM today, 07 September 2025, Tropical Storm ""TAPAH"" (formerly ""LANNIE"") is still being monitored outside the Philippine Area of Responsibility (PAR). All are advised to monitor updates from DOST-PAGASA. #NDRRMC #BawatSegundoMahalaga We rely on you po. Sna po ma-announce din ng maaga if yellow or orange or red warning b. Kase po nag-announce cla ng suspension kung kailan nakapasok na po kmi sa school. Kawawa nman po c papa gigising ng madaling araw at maghatid sa amin tapos pag bah… See more",Unknown,2025-09-08 00:00,Unknown,https://www.facebook.com/NDRRMC/posts/pfbid039ufMurypigRUWnoUZ88vE99dVYm6dExPsR1KVy2S8fPPT46vmvJwwJioxYkQcMfl?__cft__[0]=AZUTwlnE-9M2TYllloFItUBvzy53ZYTrBdwOl4COIPsSvA-t_uBUm7K-mFJEu50UR95ke5cZ6U9pHQXZgKPqMucLvpL4JNJYfPnUILqBb3MWY-RExvxelEK3zs6lGMhyRhx-I08haj7_qIF81sBDZJylbyaWJ3WCJbvNH_la05LkE8H2ptXyM5kuzh6_oTfE59Q&__tn__=%2CO%2CP-R
Facebook,stormchasersPH,"𝐏𝐄𝐍𝐔𝐌𝐁𝐑𝐀𝐋 𝐄𝐂𝐋𝐈𝐏𝐒𝐄 𝐁𝐄𝐆𝐈𝐍𝐒! 
Nagsimula na ang Penumbral Eclipse o unang bahagi ng Total Lunar Eclipse kung saan kapansin-pansin ang pagdilim na ng kabilang bahagi nito.
Sunod na magaganap ang Partial Eclipse mamayang 12:27 AM (PhST).
#TotalLunarEclipse2025 
#PulangBuwan2025 #AstroPH
 timeanddate.com 𝐏𝐄𝐍𝐔𝐌𝐁𝐑𝐀𝐋 𝐄𝐂𝐋𝐈𝐏𝐒𝐄 𝐁𝐄𝐆𝐈𝐍𝐒! Nagsimula na ang Penumbral Eclipse o unang bahagi ng Total Lunar Eclipse kung saan kapansin-pansin ang pagdilim na ng kabilang bahagi nito. Sunod na magaganap ang Partial Eclipse mamayang 12:27 AM (PhST). #TotalLunarEclipse2025 #PulangBuwan2025 #AstroPH timeanddate.com wala po kayo oa live video?",Unknown,2025-09-08 00:00,Unknown,https://www.facebook.com/stormchasersPH/posts/pfbid02Ah5MFyAef1P864d19a5fpEcMGFwHBQZhyGnW8sU78iPiFfvGKDmrzUVmYMW4h53Dl?__cft__[0]=AZUg1Ms9XPYZ6djw-dRe6INU0Crg61Tgqzz6NlEQfSvbEP1MGpuV_zJ4IqanUUqAEMcJLArSRH4V5uN0pHmvlBLMOptXYyP8ytKXB2V4giiwKn5gwk5ycm-U6li_wURtz7uf8v8irLnwuxwZQXsGOPmHzqfxbbTz2A5QMFGGf1YoMYIAD3r752KHcpzM8tgkHMI&__tn__=%2CO%2CP-R
Facebook,weather.davao,"Heavy Rainfall Warning No. 2 Amendment #MINPRSD
Weather System: Easterlies 
Issued at 09:30 PM 07 September 2025
Yellow Warning: #DavaoOccidental(Malita, SantaMaria), #Sarangani(Malungon and Alabel)
Associated Hazard: FLOODING is Possible in Low-Lying Areas and LANDSLIDE in mountainous areas
Meanwhile, Light to Moderate rains are expected over #Basilan, #SurigaoDelNorte(Alegria, Tubod, Mainit, Bacuag, Malimono, Placer, Sison, TaganaAn, Socorro, SanFrancisco, SurigaoCity, SiargaoIsland), #DinagatIslands(Dinagat, SanJose, Basilisa, Cagdianao), #AgusanDelSur(Esperanza, SanLuis, CityOfBayugan, Talacogon, Trento, Bunawan, Rosario, LaPaz, Loreto, Veruela, SantaJosefa), #DavaoDeOro, #SurigaoDelSur(Lingig, CityOfBislig, Tagbina, SanAgustin, Marihatag, Cagwait, Bayabas, SanMiguel, Tago, CityOfTandag, Hinatuan), #DavaoOriental, #AgusanDelNorte(LasNieves, Nasipit, Buenavista, ButuanCity, Magallanes, RemediosT.Romualdez, Carmen, CityOfCabadbaran, Tubay), #Sulu, #LanaoDelSur, #NorthCotabato(Tulunan, Makilala, M'Lang, CityOfKidapawan, Magpet, Kabacan, Antipas, Matalam, PresidentRoxas, Carmen, Arakan, Banisilan, Alamada), #DavaoDelNorte, #LanaoDelNorte(SultanNagaDimaporo, Nunungan, Sapad, Kapatagan, Tubod, Salvador, Lala, Baroy, Magsaysay, Kolambugan, Munai and Tangcal) within the next 2-3 hours.
Moderate to heavy rains affecting #CotabatoCity, #ZamboangaSibugay, #ZamboangaCity, #SurigaoDelNorte(Claver, Gigaquit), #DavaoOccidental(Sarangani, JoseAbadSantos, DonMarcelino), #Sarangani(Glan, Maasim, Kiamba, Malapatan, Maitum), #SouthCotabato, #DavaoDelSur, #DinagatIslands(Libjo, Tubajon, Loreto), #AgusanDelSur(Prosperidad, SanFrancisco, Sibagat), #MaguindanaoDelSur, #SurigaoDelSur(Lianga, Carmen, Lanuza, Madrid, Cortes, Cantilan, Carrascal, Barobo), #MisamisOccidental, #ZamboangaDelNorte, #MaguindanaoDelNorte, #AgusanDelNorte(Santiago, Jabonga, Kitcharao), #SultanKudarat, #NorthCotabato(Pikit, Midsayap, Aleosan, Libungan, Pigkawayan) and #ZamboangaDelSur which may persist within 2-3 hours and may affect nearby areas.
The public and the Disaster Risk Reduction and Management Offices concerned are advised to MONITOR the weather condition and watch for the next warning to be issued at 11:00 PM Today. Heavy Rainfall Warning No. 2 Amendment #MINPRSD
Weather System: Easterlies 
Issued at 09:30 PM 07 September 2025
Yellow Warning: #DavaoOccidental(Malita, SantaMaria), #Sarangani(Malungon and Alabel)
Associated Hazard: FLOODING is Possible in Low-Lying Areas and LANDSLIDE in mountainous areas
Meanwhile, Light to Moderate rains are expected over #Basilan, #SurigaoDelNorte(Alegria, Tubod, Mainit, Bacuag, Malimono, Placer, Sison, TaganaAn, Socorro, SanFrancisco, SurigaoCity, SiargaoIsland), #DinagatIslands(Dinagat, SanJose, Basilisa, Cagdianao), #AgusanDelSur(Esperanza, SanLuis, CityOfBayugan, Talacogon, Trento, Bunawan, Rosario, LaPaz, Loreto, Veruela, SantaJosefa), #DavaoDeOro, #SurigaoDelSur(Lingig, CityOfBislig, Tagbina, SanAgustin, Marihatag, Cagwait, Bayabas, SanMiguel, Tago, CityOfTandag, Hinatuan), #DavaoOriental, #AgusanDelNorte(LasNieves, Nasipit, Buenavista, ButuanCity, Magallanes, RemediosT.Romualdez, Carmen, CityOfCabadbaran, Tubay), #Sulu, #LanaoDelSur, #NorthCotabato(Tulunan, Makilala, M'Lang, CityOfKidapawan, Magpet, Kabacan, Antipas, Matalam, PresidentRoxas, Carmen, Arakan, Banisilan, Alamada), #DavaoDelNorte, #LanaoDelNorte(SultanNagaDimaporo, Nunungan, Sapad, Kapatagan, Tubod, Salvador, Lala, Baroy, Magsaysay, Kolambugan, Munai and Tangcal) within the next 2-3 hours.
Moderate to heavy rains affecting #CotabatoCity, #ZamboangaSibugay, #ZamboangaCity, #SurigaoDelNorte(Claver, Gigaquit), #DavaoOccidental(Sarangani, JoseAbadSantos, DonMarcelino), #Sarangani(Glan, Maasim, Kiamba, Malapatan, Maitum), #SouthCotabato, #DavaoDelSur, #DinagatIslands(Libjo, Tubajon, Loreto), #AgusanDelSur(Prosperidad, SanFrancisco, Sibagat), #MaguindanaoDelSur, #SurigaoDelSur(Lianga, Carmen, Lanuza, Madrid, Cortes, Cantilan, Carrascal, Barobo), #MisamisOccidental, #ZamboangaDelNorte, #MaguindanaoDelNorte, #AgusanDelNorte(Santiago, Jabonga, Kitcharao), #SultanKudarat, #NorthCotabato(Pikit, Midsayap, Aleosan, Libungan, Pigkawayan) and #ZamboangaDelSur which may persist within 2-3 hours and may affect nearby areas.
The public and the Disaster Risk Reduction and Management Offices concerned are advised to MONITOR the weather condition and watch for the next warning to be issued at 11:00 PM Today. Heavy Rainfall Warning No. 2 Amendment #MINPRSD Weather System: Easterlies Issued at 09:30 PM 07 September 2025 Yellow Warning: #DavaoOccidental(Malita, SantaMaria), #Sarangani(Malungon and Alabel) Associated Hazard: FLOODING is Possible in Low-Lying Areas and LANDSLIDE in mountainous areas Meanwhile, Light to Moderate rains are expected over #Basilan, #SurigaoDelNorte(Alegria, Tubod, Mainit, Bacuag, Malimono, Placer, Sison, TaganaAn, Socorro, SanFrancisco, SurigaoCity, SiargaoIsland), #DinagatIslands(Dinagat, SanJose, Basilisa, Cagdianao), #AgusanDelSur(E",Unknown,2025-09-08 00:00,Unknown,https://www.facebook.com/weather.davao/posts/pfbid0F8V5zsycFkkqLowyNrFWJT6qZMNvvzJQwBNJ1Aa6Yez77mMx36JZNbguHhRu1n91l?__cft__[0]=AZXfL23pf23hnM-qirGcc931jPLS8rWW-5hIb3LdiR7jk5rTtAdOLIUJ7lvZxfHOTOhFDHWRtMyd22QstkU0n__uC77k-Gfj8W3N9ZhoaLQL48f3z-yEpDY4GMpuenISNR4C-9knSg8ohSFfzAhzi2N2osEK7wRn5DGZkBWSDniQyYV3yUfvh_WfUboTP4BrztE1adZiGgwoADNndh0MQYMDdOtsRT4OxCVoimdrx_e_ag&__tn__=%2CO%2CP-R
Facebook,mprsdcdo,"Heavy Rainfall Warning No. 3  #MINPRSD
Weather System: Easterlies 
Issued at 11:00 PM 07 September 2025
Yellow Warning: #Sarangani(Maasim), #SouthCotabato(GeneralSantosCity, Polomolok), #SurigaoDelSur(Lanuza and Cortes)
Associated Hazard: FLOODING is Possible in Low-Lying Areas and LANDSLIDE in mountainous areas
Meanwhile, Light to Moderate rains are expected over #CotabatoCity, #SurigaoDelNorte(Alegria, Tubod, Mainit, Bacuag, Malimono, Placer, Socorro, SiargaoIsland), #DavaoDelSur(Malalag, Kiblawan, Sulop), #DinagatIslands(Dinagat, SanJose, Basilisa, Cagdianao), #AgusanDelSur(Prosperidad, SanFrancisco, Talacogon, Sibagat, Rosario, Loreto, CityOfBayugan), #MaguindanaoDelSur(Buluan, Pandag, DatuPaglas, Paglat, Ampatuan, DatuHofferAmpatuan, DatuAbdullahSangki, Gen.S.K.Pendatun, DatuUnsay, SouthUpi, ShariffAguak, Mamasapano, RajahBuayan, SultanSaBarongis, DatuSaudiAmpatuan, Pagalungan, Guindulungan, DatuSalibo, Talayan, DatuAnggalMidtimbang, DatuPiang, ShariffSaydonaMustapha), #SurigaoDelSur(Cagwait, Bayabas, Tago, CityOfTandag, SanMiguel), #MaguindanaoDelNorte(Talitay, Upi, DatuBlahT.Sinsuat, Kabuntalan, DatuOdinSinsuat, NorthernKabuntalan), #AgusanDelNorte(Magallanes, RemediosT.Romualdez, CityOfCabadbaran, Tubay, ButuanCity), #SultanKudarat(Kalamansig, Isulan, Lebak, CityOfTacurong, Esperanza, PresidentQuirino, Lambayong), #Sulu, #NorthCotabato(Pikit, Midsayap, Aleosan), #LanaoDelNorte(Kapatagan, Lala, Baroy, Kolambugan), #DavaoDeOro(Mabini, Maco, Mawab), #DavaoOriental(SanIsidro, CityOfMati and GovernorGeneroso) within the next 2-3 hours.
Moderate to heavy rains affecting #ZamboangaSibugay(Talusan, Olutanga, Mabuhay, Alicia, Payao, Tungawan, Malangas, Imelda), #ZamboangaCity, #SurigaoDelNorte(Claver, Gigaquit), #DavaoOccidental, #Sarangani(Glan, Kiamba, Maitum, Malungon, Alabel, Malapatan), #SouthCotabato(T'Boli, LakeSebu, Surallah, Tupi, SantoNiño, Banga, Tampakan, CityOfKoronadal, Norala, Tantangan), #DinagatIslands(Libjo, Tubajon, Loreto), #MaguindanaoDelSur(Mangudadatu), #SurigaoDelSur(Tagbina, Carmen, Madrid, Cantilan, Carrascal, Barobo, Hinatuan), #MisamisOccidental, #ZamboangaDelNorte(Sibuco, Sirawai, SergioOsmeñaSr., Sindangan, Mutia, JoseDalman, Sibutad, Manukan, Pres.ManuelA.Roxas, Katipunan, DipologCity, Polanco, Piñan, DapitanCity, LaLibertad, Rizal, Siayan), #AgusanDelNorte(Santiago, Jabonga, Kitcharao), #SultanKudarat(Palimbang, Sen.NinoyAquino, Bagumbayan, Lutayan, Columbio), #ZamboangaDelSur(Tabina, Pitogo, VincenzoA.Sagun, Dimataling, Margosatubig, Labangan, Tukuran, Aurora, RamonMagsaysay, Sominot, Midsalip, Tambulig, Mahayag, Dumingag, Molave, Josefina, PagadianCity) and #Basilan which may persist within 2-3 hours and may affect nearby areas.
The public and the Disaster Risk Reduction and Management Offices concerned are advised to MONITOR the weather condition and watch for the next warning to be issued at 02:00 AM Tomorrow. Heavy Rainfall Warning No. 3  #MINPRSD Weather System: Easterlies Issued at 11:00 PM 07 September 2025 Yellow Warning: #Sarangani(Maasim), #SouthCotabato(GeneralSantosCity, Polomolok), #SurigaoDelSur(Lanuza and Cortes) Associated Hazard: FLOODING is Possible in Low-Lying Areas and LANDSLIDE in mountainous areas Meanwhile, Light to Moderate rains are expected over #CotabatoCity, #SurigaoDelNorte(Alegria, Tubod, Mainit, Bacuag, Malimono, Placer, Socorro, SiargaoIsland), #DavaoDelSur(Malalag, Kiblawan, Sulop), #DinagatIslands(Dinagat, SanJose, Basilisa, Cagdianao), #AgusanDelSur(Prosperidad, SanFrancisco, Talacogon, Sibagat, Rosario, Loreto, CityOfBayugan), #MaguindanaoDelSur(Buluan, Pandag, DatuPaglas, Paglat, Ampatuan, DatuHofferAmpatuan, DatuAbdullahSangki, Gen.S.K.Pendatun, DatuUnsay, SouthUpi, ShariffAguak, Mamasapano, RajahBuayan, SultanSaBarongis, DatuSaudiAmpatuan, Pagalungan, Guindulungan, DatuSalibo, Talayan, DatuAnggalMidtimbang, DatuPiang, ShariffSaydonaMustapha), #SurigaoDelSur(Cagwait, Bayabas, Tago, CityOfTandag, SanMiguel), #MaguindanaoDelNorte(Talitay, Upi, DatuBlahT.Sinsuat, Kabuntalan, DatuOdinSinsuat, NorthernKabuntalan), #AgusanDelNorte(Magallanes, RemediosT.Romualdez, CityOfCabadbaran, Tubay, ButuanCity), #SultanKudarat(Kalamansig, Isulan, Lebak, CityOfTacurong, Esperanza, PresidentQuirino, Lambayong), #Sulu, #NorthCotabato(Pikit, Midsayap, Aleosan), #LanaoDelNorte(Kapatagan, Lala, Baroy, Kolambugan), #DavaoDeOro(Mabini, Maco, Mawab), #DavaoOriental(SanIsidro, CityOfMati and GovernorGeneroso) within the next 2-3 hours. Moderate to heavy rains affecting #ZamboangaSibugay(Talusan, Olutanga, Mabuhay, Alicia, Payao, Tungawan, Malangas, Imelda), #ZamboangaCity, #SurigaoDelNorte(Claver, Gigaquit), #DavaoOccidental, #Sarangani(Glan, Kiamba, Maitum, Malungon, Alabel, Malapatan), #SouthCotabato(T'Boli, LakeSebu, Surallah, Tupi, SantoNiño, Banga, Tampakan, CityOfKoronadal, Norala, Tantangan), #DinagatIslands(Libjo, Tubajon, Loreto), #MaguindanaoDelSur(Mangudadatu), #SurigaoDelSur(Tagbina, Carmen, Madrid, Cantilan, Carrascal, Barobo, Hinatuan), #MisamisOccide",Unknown,2025-09-08 00:00,Unknown,https://www.facebook.com/mprsdcdo/posts/pfbid0qSjJEJGQryf5KuPZxK2tksuZVthqdYKF48uc1L36MGKMVxdkSV3wh6pSVQ2UFLV8l?__cft__[0]=AZXK6odHRl4P8dj1U3RRiR2_SU7lw_GwoMyQ-Lvvrku7Zpau6gV0jBnAwe3QyD2wPY32nCgKks1vxUXBuKwcYI-Hb9xpfPx1Cf-qUcOsChgD36mmd28JnsHvmE3WF5-N6WqtNnroXPVQJOGdNX4IHEnSNjqieEo48h37rNS1sGVGQkz9v9o0DOUz4OgCwQl7a-Q&__tn__=%2CO%2CP-R
Facebook,#BahaPH,"Flood control sa papel = 100% complete. Flood control sa realidad = 0% gawa. 
 #BahaPH #DisasterPH #SafePH Flood control sa papel = 100% complete. Flood control sa realidad = 0% gawa. 
 #BahaPH #DisasterPH #SafePH",Unknown,2025-09-08 00:00,Unknown,https://www.facebook.com/hashtag/BahaPH
Facebook,#EarthquakePH,"#EarthquakePH #EarthquakeCagayan
Earthquake Information No.1
Date and Time: 07 September 2025 - 11:52 PM
Magnitude = 2.6
Depth = 009 km
Location = 18.43°N, 121.38°E - 005 km S 48° E of Pamplona (Cagayan)
https://earthquake.phivolcs.dost.gov.ph/.../2025_0907... #EarthquakePH #EarthquakeCagayan Earthquake Information No.1 Date and Time: 07 September 2025 - 11:52 PM Magnitude = 2.6 Depth = 009 km Location = 18.43°N, 121.38°E - 005 km S 48° E of Pamplona (Cagayan) https://earthquake.phivolcs.dost.gov.ph/.../2025_0907...",Unknown,2025-09-08 00:00,Unknown,https://www.facebook.com/PHIVOLCS/posts/pfbid033mj8YhyddLCY4fzS646LybqPdeY5vRrHKEA18GU59DoMiy7u5GCfnS7w3yTmeyjWl?__cft__[0]=AZWMAxa8oYadY9js5gYoxKfEJp-X5o5uomOsUQP5xs1KcnKjWEadoyIm7MMKgHhXlDGMQHwyIYwRUT4otmkzRFGMyCULzP9AYzX1MbfbSzBgRLAaCqO-AzigdW8OcPM7uALAGN6RGU3B_sthJqwkjRv-6n_oAUNyLvPeNGMxrIJc9hYxAIr1glwGhOjPyXyJRl0&__tn__=%2CO%2CP-R
Facebook,#FireAlert,"𝗦𝗨𝗡𝗢𝗚 𝗦𝗔 𝗠𝗔𝗟𝗟 𝗦𝗔 𝗕𝗔𝗝𝗔𝗗𝗔
UPDATE | Girespondehan sa mga kabomberohan ang miulbo nga sunog sa usa ka dakong shopping mall sa may J.P. Laurel Avenue, Bajada, Davao City karong gabii, Setyembre 6, 2025.
Sa karon, fire under control na ang sunog nga miulbo sulod sa bodega sa 3rd floor sa mall.
#FireAlert #DavaoCity #DavaoUpdates 
 screengrab from Ronald Amoguis DelaPena 𝗦𝗨𝗡𝗢𝗚 𝗦𝗔 𝗠𝗔𝗟𝗟 𝗦𝗔 𝗕𝗔𝗝𝗔𝗗𝗔 UPDATE | Girespondehan sa mga kabomberohan ang miulbo nga sunog sa usa ka dakong shopping mall sa may J.P. Laurel Avenue, Bajada, Davao City karong gabii, Setyembre 6, 2025. Sa karon, fire under control na ang sunog nga miulbo sulod sa bodega sa 3rd floor sa mall. #FireAlert #DavaoCity #DavaoUpdates screengrab from Ronald Amoguis DelaPena",Unknown,2025-09-08 00:00,Unknown,https://www.facebook.com/DavaoDevUpdates/posts/pfbid0q1B5De23nTS2UnPBcwBuXiFTJtAGTUCZW1BEYgDYbP7jccrELkU3mNHxUKojtcc1l?__cft__[0]=AZWGK3yNvQY-8Cwgde5FZ-lQcvpS-wQ1PMgMUv4C7paqkbqBU6p6ke8pbChcUZaOtrBUm4DrGOBWDg_uVhV4stvZC4HvshDLKf8V8t3K4Se6FQu3bY55-wVGWHTfFVjK4-1Vn8b74UCAqIbrw1jAbN8cV-2yobp7SIT5_WBdSQMp-K0kFhd2iRDTOJdKzslZgjc&__tn__=%2CO%2CP-R
Facebook,civildefensedavao,"Rainfall Advisory No. 1  #MINPRSD
Weather System: Easterlies 
Issued at 06:30 AM 08 September 2025
Light to Moderate rains are expected over #AgusanDelNorte, #AgusanDelSur, #DavaoDeOro, #DavaoDelNorte, #DavaoCity, #NorthCotabato, #SouthCotabato, #Sarangani, #DavaoDelSur, #DavaoOccidental, #SultanKudarat, #MaguindanaoDelSur, #ZamboangaCity, #Basilan and #MisamisOriental within the next 1-2 hours.
Moderate to occasionally heavy rains affecting #DinagatIslands, #SurigaoDelNorte, #SurigaoDelSur, #DavaoOriental, #Camiguin, #MisamisOccidental(LopezJaena, OroquietaCity, Plaridel, Baliangao, Calamba, SapangDalaga, Concepcion), #ZamboangaSibugay(Alicia, Payao, Mabuhay, Talusan, Olutanga, Malangas and Imelda) which may persist within 2-3 hours and may affect nearby areas.
SOURCE: MINDANAO PRSD Rainfall Advisory No. 1  #MINPRSD Weather System: Easterlies Issued at 06:30 AM 08 September 2025 Light to Moderate rains are expected over #AgusanDelNorte, #AgusanDelSur, #DavaoDeOro, #DavaoDelNorte, #DavaoCity, #NorthCotabato, #SouthCotabato, #Sarangani, #DavaoDelSur, #DavaoOccidental, #SultanKudarat, #MaguindanaoDelSur, #ZamboangaCity, #Basilan and #MisamisOriental within the next 1-2 hours. Moderate to occasionally heavy rains affecting #DinagatIslands, #SurigaoDelNorte, #SurigaoDelSur, #DavaoOriental, #Camiguin, #MisamisOccidental(LopezJaena, OroquietaCity, Plaridel, Baliangao, Calamba, SapangDalaga, Concepcion), #ZamboangaSibugay(Alicia, Payao, Mabuhay, Talusan, Olutanga, Malangas and Imelda) which may persist within 2-3 hours and may affect nearby areas. SOURCE: MINDANAO PRSD",Unknown,2025-09-08 08:00,Unknown,https://www.facebook.com/civildefensedavao/posts/pfbid0X3XdTpzkqScN9peeiW1YM2hYps28PNSRrCK2MEW57yi9oPRiyuegQSVAPsk4HgBKl?__cft__[0]=AZXbt_ZS5c8p5SFsfhS5g90vUE_rrKuG0rTZ2Iy9yS19TdvatkhcmPt82djkYbMmkuJd4mOHJndFsqWa19rHQEzxpScnAnYeHAqfAc9-xG8RDtXqR2CTM1ogbg9UeaKlVpg5_U0yYrlsVN6TbeuqNwFTbbDugb0hJksBpEgUqLc16LqO0RRx8NTRBajG7DTAD60&__tn__=%2CO%2CP-R
Facebook,UNTVNewsRescue,"Tinawag na “highly organized crime” ni Baguio City Mayor Benjamin Magalong ang uri ng korupsyon sa bansa.
Ito ang kaniyang mensahe sa isang protesta, kasama ang mga progresibong grupo, laban sa anomalyang flood control projects. Tinawag na “highly organized crime” ni Baguio City Mayor Benjamin Magalong ang uri ng korupsyon sa bansa. Ito ang kaniyang mensahe sa isang protesta, kasama ang mga progresibong grupo, laban sa anomalyang flood control projects. Sana lang malantad yan, pati sindikatong may hawak sa kanya",Unknown,2025-09-08 08:00,Unknown,https://www.facebook.com/UNTVNewsRescue/posts/pfbid02o5tW78geBZwur9KeSB329v1fMbWpqvrecFZaJmUGcErz7THHXWMBh77uk5eGCRxBl?__cft__[0]=AZXJmNfo_78-dHTCVNfKJHiuexHsKlfy6-f-myjqsn1riGllEbKwDqAJSu1ZahVWd2ntBjL4btyZJRW5-o1PbYTcZJygpYTT75rpT3kP2cFKZNq9NGmcmqk4Cb_CVk2SIFO-pCFKY8P1sj_-37vAVENump1DgaaG2TaUKEQTMkb2M_yFQR7unhHHgBXSJb9fRr4&__tn__=%2CO%2CP-R
Facebook,#BahaPH,"mag sususpend pag nasa school na? mag sususpend pag nasa school na? THUNDERSTORM ADVISORY IN MEGA MANILA 
. As of 7:23AM, Moderate to heavy rainshowers with lightning and strong winds are expected over Nueva Ecija, Pampanga, Metro Manila, Cavite and Batangas within the next 2 hours.
The above conditions are being experienced in Rizal, Quezon(General Nakar, Infanta, Real), Bulacan(Dona Remedios Trinidad, Norzagaray) and Laguna(Siniloan, Famy, Santa Maria, Pakil, Mabitac, Pangil, Paete) which may persist within 2 hours and may affect nearby areas according to PAGASA #NewsALERT #FloodPH #BahaPH
Kanias I share ang post na ito para sa pinakasariwang balita at inpormasyon THUNDERSTORM ADVISORY IN MEGA MANILA 
. As of 7:23AM, Moderate to heavy rainshowers with lightning and strong winds are expected over Nueva Ecija, Pampanga, Metro Manila, Cavite and Batangas within the next 2 hours.
The above conditions are being experienced in Rizal, Quezon(General Nakar, Infanta, Real), Bulacan(Dona Remedios Trinidad, Norzagaray) and Laguna(Siniloan, Famy, Santa Maria, Pakil, Mabitac, Pangil, Paete) which may persist within 2 hours and may affect nearby areas according to PAGASA #NewsALERT #FloodPH #BahaPH
Kanias I share ang post na ito para sa pinakasariwang balita at inpormasyon THUNDERSTORM ADVISORY IN MEGA MANILA 
. As of 7:23AM, Moderate to heavy rainshowers with lightning and strong winds are expected over Nueva Ecija, Pampanga, Metro Manila, Cavite and Batangas within the next 2 hours. The above conditions are being experienced in Rizal, Quezon(General Nakar, Infanta, Real), Bulacan(Dona Remedios Trinidad, Norzagaray) and Laguna(Siniloan, Famy, Santa Maria, Pakil, Mabitac, Pangil, Paete) which may persist within 2 hours and may affect nearby areas according to PAGASA #NewsALERT #FloodPH #BahaPH Kanias I share ang post na ito para sa pinakasariwang balita at inpormasyon",Unknown,2025-09-08 08:00,Unknown,https://www.facebook.com/alessia.bruce.2024/posts/pfbid0nJEsZe71ZEU2WYcit1yQnnuzXYCGGwwMen4tECKY5RF1eR4PrrwNfCtp9BMtFTjdl?__cft__[0]=AZXabxbEomEOIQ_h3s91uffcDETDj9GwbHoxfzfKH3SJblwEoi7dUs5Ej2aS_ItvtBvH2F19dhIKPsNSC0Awfb-uAOPxpcrWoGrcaFPLr6bZxSpxPBh6VnHNShi09zCs7_19zz3BWJ6AOjVUrELVo-epDkJqRBR5ZB5Cxnd_gasyC1nkLmCPKtN0m4cqdY-G3nq3_K9hcEbK3ZRu3DHLS1lo&__tn__=%2CO%2CP-R
Facebook,#FloodAlert,"سمجھا رہا ہے کوئی رفتہ رفتہ شرک کا مفہوم
یونہی کوئی خون کے آنسو نہیں روتا۔۔۔""
یا اللہ خیر
استغفر الله
#ہائفہ
@higylights #moonlight #FloodAlert
#GazaUnderAttack
#lunareclipse2025",Unknown,2025-09-08 08:00,Unknown,https://www.facebook.com/hashtag/FloodAlert
Facebook,davaocitydisasterradio,"LIVE | MADAYAW DAVAO
September 08, 2025 | 08:30AM
Anchored by James Galay
#DCDR
#DXQQ87_5FM
#AngRadyoSaMgaDabawenyo LIVE | MADAYAW DAVAO September 08, 2025 | 08:30AM Anchored by James Galay #DCDR #DXQQ87_5FM #AngRadyoSaMgaDabawenyo Aduna ba kamo'y gusto ipaabot nga pangutana o concern pinaagi sa atong mga programa? Text o Tawag sa… See more Aduna ba kamo'y gusto ipaabot nga pangutana o concern pinaagi sa mga programa sa Davao City Disaster Radio? I-text, tawag, o message sa: … See more",Unknown,2025-09-08 08:30,Unknown,https://www.facebook.com/davaocitydisasterradio/
Facebook,davaocitydisasterradio,"Aduna ba kamo'y gusto ipaabot nga pangutana o concern pinaagi sa mga programa sa Davao City Disaster Radio? I-text, tawag, o message sa: 0961 834 0359 Davao City Disaster Radio Facebook Page #DCDR #DavaoCityDisasterRadio #DXQQ87_5FM #AngRadyoSaMgaDabawenyo",Unknown,2025-09-08 08:30,Unknown,https://www.facebook.com/davaocitydisasterradio/
Facebook,NDRRMC,"Summary of 24-Hour Observation of Active Volcanoes Mt. Taal, Mayon, Bulusan and Kanlaon
08 September 2025
Source: Philippine Institute of Volcanology and Seismology (PHIVOLCS-DOST)
#NDRRMC
#BawatSegundoMahalaga Summary of 24-Hour Observation of Active Volcanoes Mt. Taal, Mayon, Bulusan and Kanlaon 08 September 2025 Source: Philippine Institute of Volcanology and Seismology (PHIVOLCS-DOST) #NDRRMC #BawatSegundoMahalaga",Unknown,2025-09-08 08:30,Unknown,https://www.facebook.com/NDRRMC/posts/pfbid0cAach5sjzvvPCdbFwXL9N3PbsntiDgUELxPdR5qTf9mtw69kKL6rmMZK5AvNQpaWl?__cft__[0]=AZWLQFGoouGLwRIgHeMQwTg6ADKqYDxZs05tDw1GEZgLalrCA65l1dy7Cpln4rnmTT5YTsGKtyPtvCotbqhNx116jcTxmAb2qbMRsIfqeWl_j3EPTceVsGzUF5vRcKcA80XGV-Em2KOpHY9s-dNdg0tWwGNpzAD2HtRLZkjBHlaCTQCaCVJKHznXtZzQNTZJsvE&__tn__=%2CO%2CP-R
Facebook,PHIVOLCS,"#EarthquakePH #EarthquakeOccidentalMindoro
Earthquake Information No.1
Date and Time: 08 September 2025 - 07:44 AM
Magnitude = 2.2
Depth = 118 km
Location = 13.61°N, 120.69°E - 018 km N 14° W of Abra De Ilog (Occidental Mindoro)
https://earthquake.phivolcs.dost.gov.ph/.../2025_0907... #EarthquakePH #EarthquakeOccidentalMindoro Earthquake Information No.1 Date and Time: 08 September 2025 - 07:44 AM Magnitude = 2.2 Depth = 118 km Location = 13.61°N, 120.69°E - 018 km N 14° W of Abra De Ilog (Occidental Mindoro) https://earthquake.phivolcs.dost.gov.ph/.../2025_0907...",Unknown,2025-09-08 08:30,Unknown,https://www.facebook.com/PHIVOLCS/posts/pfbid0j2m4Q1e2qXAxfhVfmWgUzy17uCRzPuWEof3ABUUp7EkLW18RXi9jjB8vjiGkkTajl?__cft__[0]=AZV4vNBDzPDjTQ_aoed7nMBBOAy50IiFZ3fJye8zS-_SE06ZOJiHPq6QsbhTAysqUlbxGkARMQClOJOJfH6qJw_ktfhK1nqnBIlsDCM9n1qSF9NlmounkSjffh4KN4piHm4gCBg0PM4eZ2rlTMSIFSABn369zZ5gAyfx-rqblmheglZfzQDTlTJidmyvDbSVyeU&__tn__=%2CO%2CP-R
Facebook,sunstardavaonews,"A fire broke out on Sunday evening, September 7, 2025, in Purok 4, Barangay 23-C, Boulevard, Davao City.
Authorities are currently investigating the cause of the blaze. More details to follow.
 Ry Llanes
#AllYouNeedToKnow A fire broke out on Sunday evening, September 7, 2025, in Purok 4, Barangay 23-C, Boulevard, Davao City. Authorities are currently investigating the cause of the blaze. More details to follow. Ry Llanes #AllYouNeedToKnow",Unknown,2025-09-08 08:30,Unknown,https://www.facebook.com/sunstardavaonews/posts/pfbid031dzVq5rynVNBmHBDs2j4N2UTDN3Bb1N13FkzG3fKdYLVK4v3DSDq6saev4GCXfGyl?__cft__[0]=AZWW6XIjakj5JmBXoij9MMea6B4auvldh3IZMfUvS0rBBgRe8jbRi5ZB3gXedRNG7demvfgnA9NcDNT9mWAeHMNUo7G5Kg2zOkHz8rXLjC7c8AlInNNKAACES5KtQTbZJi6NI9tq8wSH_uIG75WjmkEAwxRlBfCVaRT7fLCZEL0XVDmxfC7iACx3_mt3C935u18&__tn__=%2CO%2CP-R
Facebook,weather.davao,"24-HOUR LOCALIZED WEATHER FORECAST FOR DAVAO REGION
Issued at   4:00 AM  September 08, 2025 
Valid Until 4:00 AM Tomorrow
SYNOPSIS: 
Easterlies affecting Southern Luzon, Visayas, and Mindanao. Easterlies affecting DAVAO REGION.
FORECAST: 
DAVAO REGION will have partly cloudy to cloudy skies with isolated rainshowers or thunderstorms due to Easterlies. Possible flash floods or landslides during severe thunderstorms. Light to moderate winds coming from East to Northeast  will prevail and the coastal waters will be slight to moderate. (0.6 to 1.5 meters.)
KAUGALINGONG PINULUNGAN:
Ang Dakbayan sa Davao ug ubang dapit sa Davao Region makasinati ug panalagsang pagdag-um sa kalangitan inubanan sa pat-ak pat-ak nga pag-ulan kilat ug pagpanalugdog tungod sa Easterlies. Posible ang pagbaha ug pagdahili sa yuta kung adunay masinati nga Severe Thunderstorms. Hinay ngadto sa kasarangan nga huyop sa hangin nga magagikan sa Sidlakan ngadto sa Amihanang Sidlakan nga direksyon ang mopasulabi, ug ang kadagatan hapsay ngadto sa kasarangan nag pag balud. (0.6 to 1.5 meters.)
OVER DAVAO CITY:
Temperature Today:   25˚C to 32˚C
Sunrise (Sidlak)  Today:   5:33 AM
Sunset  (Salop)   Today:  5:45 PM
For more information and queries, please call telephone for local number (082)234-0890 and (088)555-0485 for regional or log on to  bagong.pagasa.dost.gov.ph…/regional…/Mindanao-prsd or join our Facebook Group at Mindanao PRSD (Regional Office) or PAGASA Davao 24-HOUR LOCALIZED WEATHER FORECAST FOR DAVAO REGION Issued at   4:00 AM  September 08, 2025 Valid Until 4:00 AM Tomorrow SYNOPSIS: Easterlies affecting Southern Luzon, Visayas, and Mindanao. Easterlies affecting DAVAO REGION. FORECAST: DAVAO REGION will have partly cloudy to cloudy skies with isolated rainshowers or thunderstorms due to Easterlies. Possible flash floods or landslides during severe thunderstorms. Light to moderate winds coming from East to Northeast  will prevail and the coastal waters will be slight to moderate. (0.6 to 1.5 meters.) KAUGALINGONG PINULUNGAN: Ang Dakbayan sa Davao ug ubang dapit sa Davao Region makasinati ug panalagsang pagdag-um sa kalangitan inubanan sa pat-ak pat-ak nga pag-ulan kilat ug pagpanalugdog tungod sa Easterlies. Posible ang pagbaha ug pagdahili sa yuta kung adunay masinati nga Severe Thunderstorms. Hinay ngadto sa kasarangan nga huyop sa hangin nga magagikan sa Sidlakan ngadto sa Amihanang Sidlakan nga direksyon ang mopasulabi, ug ang kadagatan hapsay ngadto sa kasarangan nag pag balud. (0.6 to 1.5 meters.) OVER DAVAO CITY: Temperature Today:   25˚C to 32˚C Sunrise (Sidlak)  Today:   5:33 AM Sunset  (Salop)   Today:  5:45 PM For more information and queries, please call telephone for local number (082)234-0890 and (088)555-0485 for regional or log on to  bagong.pagasa.dost.gov.ph…/regional…/Mindanao-prsd or join our Facebook Group at Mindanao PRSD (Regional Office) or PAGASA Davao",Unknown,2025-09-08 08:30,Unknown,https://www.facebook.com/weather.davao/posts/pfbid02W9eqALbeRsTLpveyDu2NnUv1VgNvXSXKAuNCZp4aJ4KttXCc5jBRvF2AVRTjmgNql?__cft__[0]=AZUP9EwVJPFHyBHiqZiouiSlFw_aLXbsYCdE1k5ggGR2GZtNW85mlCaaJMsyJ675uRbD3EVPVyFJjcOD6qWon8bmeUoR-wQ5YzIiBLUrbjbNX5GS7TtSmQwdJC0bF2yKDuM49cH6WU8_E161CdAs3HoTanAsaxP8zOpokZlKywYVzmqiCG6J62lfqN-tKavphPg&__tn__=%2CO%2CP-R
Facebook,mprsdcdo,"Rainfall Advisory No. 2  #MINPRSD
Weather System: Easterlies 
Issued at 08:00 AM 08 September 2025
Light to Moderate rains are expected over #MisamisOriental(Lugait, Manticao, Naawan, Gitagum, Villanueva, Laguindingan, Jasaan, Initao, Libertad, Alubijid, CityOfElSalvador, Opol, Tagoloan, CagayanDeOroCity), #AgusanDelSur, #AgusanDelNorte, #ZamboangaSibugay(Tungawan, RosellerLim, Ipil), #ZamboangaDelSur(Bayog, Lakewood, Tigbao, Dumalinao, SanPablo), #Bukidnon(Malitbog, ImpasugOng, ManoloFortich, Libona, Baungon, Sumilao) and #Basilan within the next 1-2 hours.
Moderate to occasionally heavy rains affecting #MisamisOccidental, #ZamboangaDelNorte(Sindangan, Siayan, JoseDalman, Manukan, Pres.ManuelA.Roxas, Katipunan, DapitanCity, Sibutad, Rizal, LaLibertad, Piñan, Polanco, DipologCity, Mutia, SergioOsmeñaSr., Sibuco, Sirawai), #ZamboangaDelSur(Molave, Mahayag, Tambulig, Josefina, PagadianCity, Labangan, Midsalip, Dumingag, Sominot, RamonMagsaysay, Aurora, Tukuran), #LanaoDelNorte, #Camiguin, #MisamisOriental(Balingasag, Lagonglong, Claveria, GingoogCity, Binuangan, Medina, Sugbongcogon, Kinoguitan, Balingoan, Talisayan, Magsaysay, Salay), #DinagatIslands, #SurigaoDelNorte, #SurigaoDelSur, #DavaoOriental and #ZamboangaCity which may persist within 2-3 hours and may affect nearby areas.
The public and the Disaster Risk Reduction and Management Offices concerned are advised to MONITOR the weather condition and watch for the next warning to be issued at 11:00 AM Today. Rainfall Advisory No. 2  #MINPRSD Weather System: Easterlies Issued at 08:00 AM 08 September 2025 Light to Moderate rains are expected over #MisamisOriental(Lugait, Manticao, Naawan, Gitagum, Villanueva, Laguindingan, Jasaan, Initao, Libertad, Alubijid, CityOfElSalvador, Opol, Tagoloan, CagayanDeOroCity), #AgusanDelSur, #AgusanDelNorte, #ZamboangaSibugay(Tungawan, RosellerLim, Ipil), #ZamboangaDelSur(Bayog, Lakewood, Tigbao, Dumalinao, SanPablo), #Bukidnon(Malitbog, ImpasugOng, ManoloFortich, Libona, Baungon, Sumilao) and #Basilan within the next 1-2 hours. Moderate to occasionally heavy rains affecting #MisamisOccidental, #ZamboangaDelNorte(Sindangan, Siayan, JoseDalman, Manukan, Pres.ManuelA.Roxas, Katipunan, DapitanCity, Sibutad, Rizal, LaLibertad, Piñan, Polanco, DipologCity, Mutia, SergioOsmeñaSr., Sibuco, Sirawai), #ZamboangaDelSur(Molave, Mahayag, Tambulig, Josefina, PagadianCity, Labangan, Midsalip, Dumingag, Sominot, RamonMagsaysay, Aurora, Tukuran), #LanaoDelNorte, #Camiguin, #MisamisOriental(Balingasag, Lagonglong, Claveria, GingoogCity, Binuangan, Medina, Sugbongcogon, Kinoguitan, Balingoan, Talisayan, Magsaysay, Salay), #DinagatIslands, #SurigaoDelNorte, #SurigaoDelSur, #DavaoOriental and #ZamboangaCity which may persist within 2-3 hours and may affect nearby areas. The public and the Disaster Risk Reduction and Management Offices concerned are advised to MONITOR the weather condition and watch for the next warning to be issued at 11:00 AM Today.",Unknown,2025-09-08 08:30,Unknown,https://www.facebook.com/mprsdcdo/posts/pfbid0Nqhaaochvq28Bmyp3dvXYMYxMwqn4apa5AhnvccFxYj9f2dr8AV6CJKB6GKAPBFzl?__cft__[0]=AZUsQAKBOuMzyCMEYcDvRIm-4KxeafaBCJEwH0HbdvBjITT1fQIlCDKBXVXrZiRGZW06Be5y45ApX2AdzFksFmdRtBDGgDXCSCPsOOOaMiJq0MgCuQAa6xhS0TcF7SxADjOwYpZe1X3ifR49bYyeU7AUacGvT6oohJgkNFjrxspK9veJ0fOt_J4eXfE0HeLAGWI&__tn__=%2CO%2CP-R
Facebook,#BahaPH,"Ulat Panahon Ngayon Umaga - September 8 2025 | Lagay Ng Panahon Today | Weather Update Today 
Stay updated with the latest Philippines weather forecast! 
 We provide accurate and timely updates on rainfall, typhoons, temperature, and severe weather alerts across the country.
 Today's Forecast:
 Temperature updates 
 Rainfall and storm warnings 
 Habagat, Amihan, and seasonal effects 
 PAGASA updates and advisories 
 Subscribe now for daily weather updates! Stay safe and prepared. #WeatherUpdate #WeatherPH
#PanahonPH #WeatherUpdatePH #UlatPanahon #BalitaPanahon #PHToday #BagyongUpdate #UlanPH #LPAAlert #BahaPH #StormUpdatePH
#InitPH #TagInit #ArawVibes #MainitAlertPH
#SummerNaPH #IwasBaha
#LagingHanda #PHTrafficUpdate
#BreakingNewsPH #PanahonNgayon
#PAGASA #PAGASAUpdate
#PAGASAWeather #PAGASAAlert
#PAGASAForecast #LagayNgPanahon
#LagayNgPanahonPH #DailyLagayNgPanahon
#ulatpanahontoday #lagayngpanahontoday #weatherupdatetoday #weatherforecasttoday #WeatherUpdate #WeatherPH #PAGASAUpdate #TyphoonUpdate #RainySeason #BagyoAlert #StormUpdate #ClimatePH
#WeatherNews #DailyWeather #WeatherForecast #Amihan #Habagat #ElNino #LaNina #BagyoPH #TyphoonWatch
#PHWeather #PAGASA #LuzonWeather #VisayasWeather #MindanaoWeather #UlanPH #TagUlan #MainitPH #InitFactor
#PhilippinesWeather #WeatherToday #WeatherNow #StormWarning #RainfallUpdate #WeatherAlert #BagyongPaparating
#LatestWeather #MahalagangImpormasyon #DisasterPreparedness #StaySafePH #ClimateChangePH #LiveWeather
Philippines weather update
PAGASA weather forecast
Weather report Philippines
Philippine weather news
Latest weather update Philippines
Bagyo update
Tropical storm Philippines
Rainfall advisory Philippines
Typhoon update Philippines
PAGASA bulletin
Metro Manila weather
Cebu weather update
Davao weather forecast
Luzon weather report
Visayas weather update
Weather update 2025 Philippines
Weather forecast today Philippines
Weekly weather outlook Philippines Ulat Panahon Ngayon Umaga - September 8 2025 | Lagay Ng Panahon Today | Weather Update Today Stay updated with the latest Philippines weather forecast! 
 We provide accurate and timely updates on rainfall, typhoons, temperature, and severe weather alerts across the country. Today's Forecast: Temperature updates Rainfall and storm warnings Habagat, Amihan, and seasonal effects PAGASA updates and advisories Subscribe now for daily weather updates! Stay safe and prepared. #WeatherUpdate #WeatherPH #PanahonPH #WeatherUpdatePH #UlatPanahon #BalitaPanahon #PHToday #BagyongUpdate #UlanPH #LPAAlert #BahaPH #StormUpdatePH #InitPH #TagInit #ArawVibes #MainitAlertPH #SummerNaPH #IwasBaha #LagingHanda #PHTrafficUpdate #BreakingNewsPH #PanahonNgayon #PAGASA #PAGASAUpdate #PAGASAWeather #PAGASAAlert #PAGASAForecast #LagayNgPanahon #LagayNgPanahonPH #DailyLagayNgPanahon #ulatpanahontoday #lagayngpanahontoday #weatherupdatetoday #weatherforecasttoday #WeatherUpdate #WeatherPH #PAGASAUpdate #TyphoonUpdate #RainySeason #BagyoAlert #StormUpdate #ClimatePH #WeatherNews #DailyWeather #WeatherForecast #Amihan #Habagat #ElNino #LaNina #BagyoPH #TyphoonWatch #PHWeather #PAGASA #LuzonWeather #VisayasWeather #MindanaoWeather #UlanPH #TagUlan #MainitPH #InitFactor #PhilippinesWeather #WeatherToday #WeatherNow #StormWarning #RainfallUpdate #WeatherAlert #BagyongPaparating #LatestWeather #MahalagangImpormasyon #DisasterPreparedness #StaySafePH #ClimateChangePH #LiveWeather Philippines weather update PAGASA weather forecast Weather report Philippines Philippine weather news Latest weather update Philippines Bagyo update Tropical storm Philippines Rainfall advisory Philippines Typhoon update Philippines PAGASA bulletin Metro Manila weather Cebu weather update Davao weather forecast Luzon weather report Visayas weather update Weather update 2025 Philippines Weather forecast today Philippines Weekly weather outlook Philippines",Unknown,2025-09-08 08:30,Unknown,https://www.facebook.com/hashtag/BahaPH
Facebook,UNTVNewsRescue,"Muling ipinagpatuloy ngayon araw ng Senate Blue Ribbon Committee ang imbestigasyon sa umano’y anomalya sa flood control projects.
Isa sa mga dumalo sa hearing ngayon si Navotas Lone District representative Toby Tiangco, kung saan isiniwalat nito ang umano’y insertions ni Ako Bicol Party-list Zaldy Co sa Bicameral Conference Committee para sa 2025 budget. Muling ipinagpatuloy ngayon araw ng Senate Blue Ribbon Committee ang imbestigasyon sa umano’y anomalya sa flood control projects. Isa sa mga dumalo sa hearing ngayon si Navotas Lone District representative Toby Tiangco, kung saan isiniwalat nito ang umano’y insertions ni Ako Bicol Party-list Zaldy Co sa Bicameral Conference Committee para sa 2025 budget. Oh di ba? kaya dapat lang na buwagin na lahat ng partylist na yan.",Unknown,2025-09-08 13:30,Unknown,https://www.facebook.com/UNTVNewsRescue/posts/pfbid0EKk4A8x4uviWjgVPesSY8XLdthnJwFbkRpi9mqK3Z5oQ6q3VFPuS45xCkGpMTNPgl?__cft__[0]=AZXmPpGWkADoZQPrTlupZBN02bj0QtTEDLencdWmkI5a1-TlPBZQD_t0LZrBTd3qX5Mtw9XTRYCXW94yAtd-TvgMJ2mU1mKg1TwqGXO8pkIunM4R5VHn9_lvYtH4U7sjTwtSrfmqL4_egXZSddJHHm3JDXQ9YXp_wzm-NGQupZVXQKNbZExYOAbVl9u34bGdL4A&__tn__=%2CO%2CP-R
Facebook,#StreetFloodAlert,"MORNING FLOOD UPDATE | SM BACOOR, CAVITE
Bandang umaga ngayong araw, umabot hanggang tuhod ang baha sa paligid ng SM Bacoor matapos ang sunod-sunod na ulan.
 Konting ulan lang, lubog agad.
Ganito na ang sitwasyon sa ilang bahagi ng Bacoor — mababa ang drainage at mabilis tumaas ang tubig kaya’t madalas ang biglaang pagbaha.
 Paalala sa mga motorista at commuters:
• Mag-ingat sa paglalakad at pagmamaneho sa lugar
• I-monitor ang lagay ng panahon
• Iwasan munang dumaan kung hindi kailangan
 Ingat tayo lahat ngayong tag-ulan. Stay dry and stay safe!
—
#SMBacoorUpdate #BahaPH #UlanWatch #StreetFloodAlert #WeatherUpdatePH #TagUlanSeason #BasangBasaSaUlan #RealTimeUlan #CaviteUpdate #CommuteChronicles MORNING FLOOD UPDATE | SM BACOOR, CAVITE Bandang umaga ngayong araw, umabot hanggang tuhod ang baha sa paligid ng SM Bacoor matapos ang sunod-sunod na ulan. Konting ulan lang, lubog agad. Ganito na ang sitwasyon sa ilang bahagi ng Bacoor — mababa ang drainage at mabilis tumaas ang tubig kaya’t madalas ang biglaang pagbaha. Paalala sa mga motorista at commuters: • Mag-ingat sa paglalakad at pagmamaneho sa lugar • I-monitor ang lagay ng panahon • Iwasan munang dumaan kung hindi kailangan Ingat tayo lahat ngayong tag-ulan. Stay dry and stay safe! — #SMBacoorUpdate #BahaPH #UlanWatch #StreetFloodAlert #WeatherUpdatePH #TagUlanSeason #BasangBasaSaUlan #RealTimeUlan #CaviteUpdate #CommuteChronicles",Unknown,2025-09-08 13:30,Unknown,https://www.facebook.com/hashtag/StreetFloodAlert
Facebook,BFPRHQ11,"𝗙𝗜𝗥𝗘𝗙𝗜𝗚𝗛𝗧𝗘𝗥𝗦 𝗖𝗢𝗠𝗠𝗘𝗡𝗗𝗘𝗗
Mayor Benjamin Magalong thanked all the responders including the fire stations from the BLISTT and private entities and individuals who provided assistance in the firefighting operations. 
The mayor also lauded the Baguio City Fire Station led by FSupt. Mark Anthony Dangatan for a job well done. 
""You and your teams did a great and incredible job risking their lives to perform their duty.  You make this City and its people feel safe knowing that you are always quick to respond whenever we have fires.  Keep up the good work,"" he said. - APR 𝗙𝗜𝗥𝗘𝗙𝗜𝗚𝗛𝗧𝗘𝗥𝗦 𝗖𝗢𝗠𝗠𝗘𝗡𝗗𝗘𝗗
Mayor Benjamin Magalong thanked all the responders including the fire stations from the BLISTT and private entities and individuals who provided assistance in the firefighting operations. 
The mayor also lauded the Baguio City Fire Station led by FSupt. Mark Anthony Dangatan for a job well done. 
""You and your teams did a great and incredible job risking their lives to perform their duty.  You make this City and its people feel safe knowing that you are always quick to respond whenever we have fires.  Keep up the good work,"" he said. - APR 𝗙𝗜𝗥𝗘𝗙𝗜𝗚𝗛𝗧𝗘𝗥𝗦 𝗖𝗢𝗠𝗠𝗘𝗡𝗗𝗘𝗗 Mayor Benjamin Magalong thanked all the responders including the fire stations from the BLISTT and private entities and individuals who provided assistance in the firefighting operations. The mayor also lauded the Baguio City Fire Station led by FSupt. Mark Anthony Dangatan for a job well done. ""You and your teams did a great and incredible job risking their lives to perform their duty.  You make this City and its people feel safe knowing that you are always quick to respond whenever we have fires.  Keep up the good work,"" he said. - APR",Unknown,2025-09-08 14:00,Unknown,https://www.facebook.com/BFPRHQ11/posts/pfbid01RYYZfG6exe7KTiK1HpweTRa1beAyAJhW69tkCvUyXz9McS72wNfhXrVp79iVttjl?__cft__[0]=AZXGXWcFOWVPzbxbunap0hDhu4RSalx78foyPKZtvApPPmIYCnGITYeT23ztjf29_oQWPMiqZgLBFCmJs5xqSULK6g9mVSADOO1MoBOLGt7KDJJr1zpNdaIHMypNgLys_vdi1wxfvP5ZT1yEgpG-qn6hSmglvchKUyrzQjT8rbjE-yQLVi-Gz1kSHgAAspRjh0IhpWd5CWAnxL4rfl5IcUUfWwORBz4VBd2GRKKoQ-ZBiA&__tn__=%2CO%2CP-R
Facebook,civildefensedavao,"𝘼𝙇𝙀𝙍𝙏𝙊 𝙉𝙂𝘼𝙔𝙊𝙉, 𝙇𝙄𝙂𝙏𝘼𝙎 𝘽𝙐𝙆𝘼𝙎!
Siguraduhin na lagi kayong handa sa panahon ng tag-ulan. Basahin ang infographics para sa dagdag kaalaman at sa inyong kaligtasan.
Manatiling Ligtas-Alerto, Dabawenyo! 𝘼𝙇𝙀𝙍𝙏𝙊 𝙉𝙂𝘼𝙔𝙊𝙉, 𝙇𝙄𝙂𝙏𝘼𝙎 𝘽𝙐𝙆𝘼𝙎! Siguraduhin na lagi kayong handa sa panahon ng tag-ulan. Basahin ang infographics para sa dagdag kaalaman at sa inyong kaligtasan. Manatiling Ligtas-Alerto, Dabawenyo! 𝘼𝙇𝙀𝙍𝙏𝙊 𝙉𝙂𝘼𝙔𝙊𝙉, 𝙇𝙄𝙂𝙏𝘼𝙎 𝘽𝙐𝙆𝘼𝙎!
Siguraduhin na lagi kayong handa sa panahon ng tag-ulan. Basahin ang infographics para sa dagdag kaalaman at sa inyong kaligtasan.
Manatiling Ligtas-Alerto, Dabawenyo! 𝘼𝙇𝙀𝙍𝙏𝙊 𝙉𝙂𝘼𝙔𝙊𝙉, 𝙇𝙄𝙂𝙏𝘼𝙎 𝘽𝙐𝙆𝘼𝙎!
Siguraduhin na lagi kayong handa sa panahon ng tag-ulan. Basahin ang infographics para sa dagdag kaalaman at sa inyong kaligtasan.
Manatiling Ligtas-Alerto, Dabawenyo! 𝘼𝙇𝙀𝙍𝙏𝙊 𝙉𝙂𝘼𝙔𝙊𝙉, 𝙇𝙄𝙂𝙏𝘼𝙎 𝘽𝙐𝙆𝘼𝙎! Siguraduhin na lagi kayong handa sa panahon ng tag-ulan. Basahin ang infographics para sa dagdag kaalaman at sa inyong kaligtasan. Manatiling Ligtas-Alerto, Dabawenyo!",Unknown,2025-09-08 14:00,Unknown,https://www.facebook.com/civildefensedavao/posts/pfbid02gYvuD7PnabcWSP6DYxp7cB7odqzLN6AUbNkfUtNfGctNuSFjfVNXXRCRMqU1pYCAl?__cft__[0]=AZXvo4PZ0mfbcSuW2apwRuf4pfxx-u5ArVWcUOApdDw93ggNn7QBV7bod6DS_JEz3q-8iTujh3lH3Mgm5tY_7bLcGi2KYB7uayR-QQMQlRxkT7n-pReRluYu0pBbfFhZVF2Lag-KsNMycgOJFdq52avRy4roTawhlLF9KopDPBaTE8pcuYDb118V2s17HxNrDNpy2pYYlBdtd4Sijzv5Bn73Q64-olCg3lytST9YqhfCWQ&__tn__=%2CO%2CP-R
Facebook,manilabulletin,"LOOK: Pacifico Discaya of St. Gerrard Construction, husband of Sarah Discaya of Alpha and Omega Construction, takes his oath at the Senate Blue Ribbon Committee hearing on anomalous flood control projects at the Senate Session Hall in Pasay City on Monday, September 8. 
He implicated several lawmakers and officials of the Department of Public Works and Highways (DPWH), who allegedly demanded money in exchange for the award of flood control contracts.
: Mark Balmores | MB LOOK: Pacifico Discaya of St. Gerrard Construction, husband of Sarah Discaya of Alpha and Omega Construction, takes his oath at the Senate Blue Ribbon Committee hearing on anomalous flood control projects at the Senate Session Hall in Pasay City on Monday, September 8. He implicated several lawmakers and officials of the Department of Public Works and Highways (DPWH), who allegedly demanded money in exchange for the award of flood control contracts. : Mark Balmores | MB",Unknown,2025-09-08 14:00,Unknown,https://www.facebook.com/ManilaBulletin/posts/pfbid0Pf6e9zozgTRfLjHv1D2PCtGSsr14K5LkgvwehSjw6CcEFue1WiWY8MmiHUa8HYQml?__cft__[0]=AZUOsSYiJRIn4zppmrjoOS0OPtaSOtvIn3UTCERgIW28iyhge1fWTmJ2R2ShlUYxiUr0CVh_QM8Pd2gUq9ExUfhZiKzPiwHXPMoRF89_sMLMNBZxDacLRCyzvyDURDxbTclB-fZgyEMt1fZ9J_wyj87_66jFprECqMsFH3SG7Cyq40hBwo1adQbZAndIFujuG3M&__tn__=%2CO%2CP-R
Facebook,NDRRMC,"WEATHER UPDATE | As of 8:00 AM today, 08 September 2025, Tropical Cyclone ""TAPAH"" (formerly ""LANNIE"") has intensified into a Typhoon and is still being monitored outside the Philippine Area of Responsibility (PAR).
Source: DOST-PAGASA
#BawatSegundoMahalaga   
#NDRRMC WEATHER UPDATE | As of 8:00 AM today, 08 September 2025, Tropical Cyclone ""TAPAH"" (formerly ""LANNIE"") has intensified into a Typhoon and is still being monitored outside the Philippine Area of Responsibility (PAR). Source: DOST-PAGASA #BawatSegundoMahalaga #NDRRMC pa suspend na",Unknown,2025-09-08 14:00,Unknown,https://www.facebook.com/NDRRMC/posts/pfbid0U2aHePYuRktiN2dJG1Q5DbBqubh7vrsREEaf92ATq42GvLghZndQJFnKhE5SdbNkl?__cft__[0]=AZUKCIqqkdrzrhVeA8ajfqTssr7eelO6tvBrgU3AhF4l7U6J6PafO68csyrJK3IvudwLs6vVx0iLEcfPyyJDqJid2hXvuK0cMeuloJpAekR-ofuVfV-fGs5BQ_yqILk2hWWbTK3_4VAR7bVWT2VdkTeBbdkoYO535hlprdj2yk1JjFCnUlX-1s7eChFnjxWHA9g&__tn__=%2CO%2CP-R
Facebook,PHIVOLCS,"#EarthquakePH #EarthquakeAbra
Earthquake Information No.1
Date and Time: 08 September 2025 - 10:32 AM
Magnitude = 2.4
Depth = 003 km
Location = 17.81°N, 120.80°E - 010 km N 11° W of Tineg (Abra)
https://earthquake.phivolcs.dost.gov.ph/.../2025_0908... #EarthquakePH #EarthquakeAbra Earthquake Information No.1 Date and Time: 08 September 2025 - 10:32 AM Magnitude = 2.4 Depth = 003 km Location = 17.81°N, 120.80°E - 010 km N 11° W of Tineg (Abra) https://earthquake.phivolcs.dost.gov.ph/.../2025_0908... Swarming of small quakes recently? Is something about to make a shift?",Unknown,2025-09-08 14:00,Unknown,https://www.facebook.com/PHIVOLCS/posts/pfbid0QrzViUCeznaVu8UFWfah3CAumiWiKmdFV82DoRTjKKQ58FLDCoJ9iPh44hQPAfoFl?__cft__[0]=AZXK4SFtiQTvA8rPjC99iwHrA7BSeF8ujB90MTBdBvYmE_kffriscS_JCn__J6kGsGv8Q9gL3mreCVbnpcOduCccyHxP2cUG5iW4wb2VKlcWsoTpRrv-QjZ9aYvR7wI_EdOf2bVHKMTXJ2ezkTCuCFgizxVEny3DgaCb4QCz9ILBSdZrHn-9Ek0d9kDc8r8_0QU&__tn__=%2CO%2CP-R
Facebook,rapplerdotcom,"House Speaker Martin Romualdez refutes allegations made by the Discayas at the Senate hearing on flood control projects: ""I cannot and will not allow lies and name-dropping to pass unchecked."" | via Dwight de Leon/Rappler
Read Romualdez's full statement in the PH Politics chat room of the #RapplerApp: House Speaker Martin Romualdez refutes allegations made by the Discayas at the Senate hearing on flood control projects: ""I cannot and will not allow lies and name-dropping to pass unchecked."" | via Dwight de Leon/Rappler Read Romualdez's full statement in the PH Politics chat room of the #RapplerApp:",Unknown,2025-09-08 14:00,Unknown,https://www.facebook.com/rapplerdotcom/posts/pfbid026zG1HKbxZ2ZUUhgV6YiwZaMYoKd1XvDxP6gwRrc25wg9WgM5x7FoAVJMjMDKASXVl?__cft__[0]=AZW7-RGTnSDretysiAnRYcFuPqiogSvOR_L5BNV5vNKh0Ba7-dxUrwsBAGRxL_YXTrzBv9FeEcCV4ZTfq3z-x61wWpfEwL79JjbimnTLBzx2jzMYM_WGR4WlCI06JwsE3eMwLF1Ho-yfHTbr6oiXSks6gAcU1kOdTOQF5XwYSTf-1RSXS2qxJxvaZGux78bOXtw&__tn__=%2CO%2CP-R
Facebook,UNTVNewsRescue,"Isa sa focus ng House Infra Committee hearing sa September 9 ang construction companies na konektado sa mga Discaya.
Tatalakayin din ang isang ghost flood control project sa Plaridel, Bulacan na bunga umano ng budget insertion sa Bicameral Conference Committee para sa 2024 budget. Isa sa focus ng House Infra Committee hearing sa September 9 ang construction companies na konektado sa mga Discaya. Tatalakayin din ang isang ghost flood control project sa Plaridel, Bulacan na bunga umano ng budget insertion sa Bicameral Conference Committee para sa 2024 budget. Ridon ituro mo uli sa mga Duterte ang corruption.
Nag salita na si Mr. Discaya. Para kang si boying lahat na lang connected sa drug on war.",Unknown,2025-09-08 14:00,Unknown,https://www.facebook.com/UNTVNewsRescue/posts/pfbid022xLCkSboppTKTg6wMvaoyFcEWsNmRW7REgmuLFxpm7dtpJBg6bfNzDi68AHx75p2l?__cft__[0]=AZUyHuBrltqhbMX9VnXE8PMNc0lNXDzoNC67YfQW4ynULM7MbirXzLZ7a_lRFjg5VcC9NVhE-ZJRJMaEc58kNNpvSKLanzO081o5qb6yhJE7lnBKPRIqKllnr6qAwyGcsRGMvzHZ4fr9hB6Xn6GlJJCv6C8pd88Sd77IHnNFzVmpCrVJMHfFRfcQ5F0LL3-gjJg&__tn__=%2CO%2CP-R
Facebook,mprsdcdo,"Rainfall Advisory No. 3  #MINPRSD
Weather System: Easterlies 
Issued at 11:00 AM 08 September 2025
Light to Moderate rains are expected over #SultanKudarat, #TawiTawi and #AgusanDelNorte within the next 1-2 hours.
Moderate to occasionally heavy rains affecting #MisamisOccidental, #ZamboangaDelNorte, #ZamboangaDelSur, #ZamboangaCity, #DinagatIslands, #SurigaoDelNorte, #SurigaoDelSur, #Camiguin, #MisamisOriental, #LanaoDelNorte and #ZamboangaSibugay which may persist within 2-3 hours and may affect nearby areas.
The public and the Disaster Risk Reduction and Management Offices concerned are advised to MONITOR the weather condition and watch for the next warning to be issued at 02:00 PM Today. Rainfall Advisory No. 3  #MINPRSD Weather System: Easterlies Issued at 11:00 AM 08 September 2025 Light to Moderate rains are expected over #SultanKudarat, #TawiTawi and #AgusanDelNorte within the next 1-2 hours. Moderate to occasionally heavy rains affecting #MisamisOccidental, #ZamboangaDelNorte, #ZamboangaDelSur, #ZamboangaCity, #DinagatIslands, #SurigaoDelNorte, #SurigaoDelSur, #Camiguin, #MisamisOriental, #LanaoDelNorte and #ZamboangaSibugay which may persist within 2-3 hours and may affect nearby areas. The public and the Disaster Risk Reduction and Management Offices concerned are advised to MONITOR the weather condition and watch for the next warning to be issued at 02:00 PM Today.",Unknown,2025-09-08 14:00,Unknown,https://www.facebook.com/mprsdcdo/posts/pfbid02t134cJJCA78hpVks9kHBxveHZu4nN4XNj6HR7Z9TdCB4upnJx4AYDzRHmBS9ty6kl?__cft__[0]=AZXvOkImAj_9dS6d4UfoHD4K_mpEFEYWQzKlT2BE0o_TlUs7_oRDYFNGwE5zYOKsHVQMiVf8uCbZ7kvFXtOMWu_fCYW1kAeFbH1Edi-o_AqXKvu9qrbw7AFj4BaD0biHmdyyI5gRBECVKi7b2-BHzEwLN7YbEEKSHGlMxiutE_7AHx_3epHl9FVfuTdaAmUoFPE&__tn__=%2CO%2CP-R
Facebook,#EarthquakePH,"#EarthquakePH #EarthquakeDavaoDeOro
#iFelt_DavaoDeOroEarthquake
Earthquake Information No.1
Date and Time: 07 March 2023 - 02:02 PM
Magnitude = 6.2
Depth = 034 km
Location = 07.43°N, 126.09°E - 013 km N 16° W of Maragusan (Davao De Oro)
Reported Intensities:
Intensity V - Nabunturan, Davao de Oro 
Intensity IV - City of Tagum, Davao del Norte 
Instrumental Intensities: 
Intensity V - Nabunturan, Davao de Oro 
Intensity III - Davao City, Davao Del Sur; Malungon, Sarangani; Tupi, South Cotabato 
Intensity II - Cabadbaran City, Agusan del Norte; Talakag, Malaybalay, Bukidnon; Magpet, Kidapawan City, Carmen, Banisilan, Cotabato; Abuyog, Leyte;  Alabel, Sarangani; Koronadal City, South Cotabato; Bislig City, Surigao del Sur 
Intensity I - Kadingilan, Bukidnon; Don Marcelino, Davao Occidental; Kapatagan, Lanao del Norte; Baybay and Dulag, Leyte; Cagayan de Oro City, Misamis Oriental; Kiamba, Sarangani; Norala, Suralla, Tantangan, Banga and General Santos City, South Cotabato; Esperanza, Columbio, Isulan and President Quirino, Sultan Kudarat; Surigao City, Surigao Del Norte; Tandag, Surigao del Sur
https://earthquake.phivolcs.dost.gov.ph/.../2023_0307... #EarthquakePH #EarthquakeDavaoDeOro #iFelt_DavaoDeOroEarthquake Earthquake Information No.1 Date and Time: 07 March 2023 - 02:02 PM Magnitude = 6.2 Depth = 034 km Location = 07.43°N, 126.09°E - 013 km N 16° W of Maragusan (Davao De Oro) Reported Intensities: Intensity V - Nabunturan, Davao de Oro Intensity IV - City of Tagum, Davao del Norte Instrumental Intensities: Intensity V - Nabunturan, Davao de Oro Intensity III - Davao City, Davao Del Sur; Malungon, Sarangani; Tupi, South Cotabato Intensity II - Cabadbaran City, Agusan del Norte; Talakag, Malaybalay, Bukidnon; Magpet, Kidapawan City, Carmen, Banisilan, Cotabato; Abuyog, Leyte;  Alabel, Sarangani; Koronadal City, South Cotabato; Bislig City, Surigao del Sur Intensity I - Kadingilan, Bukidnon; Don Marcelino, Davao Occidental; Kapatagan, Lanao del Norte; Baybay and Dulag, Leyte; Cagayan de Oro City, Misamis Oriental; Kiamba, Sarangani; Norala, Suralla, Tantangan, Banga and General Santos City, South Cotabato; Esperanza, Columbio, Isulan and President Quirino, Sultan Kudarat; Surigao City, Surigao Del Norte; Tandag, Surigao del Sur https://earthquake.phivolcs.dost.gov.ph/.../2023_0307...",Unknown,2025-09-08 14:00,Unknown,https://www.facebook.com/PHIVOLCS/posts/pfbid03vghkEwgJBo8EqZGGPy8eyXWJDipgUd6wYVZYPxpRgK6dLcZsL4a8ugyWeLqHo5nl?__cft__[0]=AZU0sadBvFG1HmbAj4N2VT1XuQMAppHivmJ-awX6Owu9JLrlTBMG2qDRigkuCt1ehlVh5QzWLT4_PHiIb8xUF-6rt-Ip2sBt22pTMpijc9nvEq9PFQ375WZPsOA08_pBVg-L4dEsVDvhhDxlh9siX7JjCKyF7iaQh7Yy3Tqca6YSLYHjgABvbQa6h5k-bJqrjgM&__tn__=%2CO%2CP-R
Facebook,#FloodAlert,#FloodAlert #ChenabRiver #Chadhar #phullanalla #naseerchadhar #mehmoodpuria #flood #FloodAlert #ChenabRiver #Chadhar #phullanalla #naseerchadhar #mehmoodpuria #flood,Unknown,2025-09-08 14:00,Unknown,https://www.facebook.com/hashtag/FloodAlert
Facebook,atenews,"NH: Naglunsad og lihok-protesta gawas sa Department of Public Works and Highways (DPWH) District Engineering Office ang mga progresibong grupo bahin sa kaylap na korapsyon sulod sa maong ahensya.
Ang maong kalihokan nanawagan og tulubagon sa nagkalala nga korapsyon, labi na taliwala sa isyu sa palpak na pagdumala sa flood control projects sa tibuok nasod. NH: Naglunsad og lihok-protesta gawas sa Department of Public Works and Highways (DPWH) District Engineering Office ang mga progresibong grupo bahin sa kaylap na korapsyon sulod sa maong ahensya. Ang maong kalihokan nanawagan og tulubagon sa nagkalala nga korapsyon, labi na taliwala sa isyu sa palpak na pagdumala sa flood control projects sa tibuok nasod.",Unknown,2025-09-08 15:30,Unknown,https://www.facebook.com/atenews/posts/pfbid0sqD3dHGe32esRtuuJK4kvAXrcfwnxxGqCRkySrt41mKqPLiVQYH7CGJVhaRjbLuJl?__cft__[0]=AZVMhLceojjBzW6Tr_0nmPoQnQPmpZAWkZG86NjY8eMlnqwg1T3vPGMu8d--vuE785SOHQV5MfoOwknRK7az-GAOiMh3CiJJB-U_Kn6zPc0Seq_F3C-Gr_02CyQ_8AwNeDfV_075EDL8uu7JuES3B2fm3bBqbVwxiONUjz8aQPGXpcRuavD2fF9XUYh630K4P3k&__tn__=%2CO%2CP-R
Facebook,PHIVOLCS,"𝐋𝐎𝐎𝐊 | 𝐋𝐃𝐑𝐑𝐌𝐎 𝐋𝐢𝐥𝐨𝐲 𝐃𝐞𝐩𝐥𝐨𝐲𝐬 𝐃𝐫𝐨𝐧𝐞 𝐟𝐨𝐫 𝐋𝐚𝐧𝐝𝐬𝐥𝐢𝐝𝐞 𝐃𝐚𝐦𝐚𝐠𝐞 𝐀𝐬𝐬𝐞𝐬𝐬𝐦𝐞𝐧𝐭 𝐢𝐧 𝐋𝐚𝐛𝐚𝐬𝐨𝐧
The Remotely Piloted Aircraft (RPA) was used to capture high-resolution aerial footage of the affected site, which was then processed with the help of science-based software introduced by the DOST-PHIVOLCS-REDAS to produce an orthophoto, a vital tool for hazard assessment mapping and monitoring.
#REDAS
#RPA
#HandaAngMayAlam
#OneDOST4U 𝐋𝐎𝐎𝐊 | 𝐋𝐃𝐑𝐑𝐌𝐎 𝐋𝐢𝐥𝐨𝐲 𝐃𝐞𝐩𝐥𝐨𝐲𝐬 𝐃𝐫𝐨𝐧𝐞 𝐟𝐨𝐫 𝐋𝐚𝐧𝐝𝐬𝐥𝐢𝐝𝐞 𝐃𝐚𝐦𝐚𝐠𝐞 𝐀𝐬𝐬𝐞𝐬𝐬𝐦𝐞𝐧𝐭 𝐢𝐧 𝐋𝐚𝐛𝐚𝐬𝐨𝐧 The Remotely Piloted Aircraft (RPA) was used to capture high-resolution aerial footage of the affected site, which was then processed with the help of science-based software introduced by the DOST-PHIVOLCS-REDAS to produce an orthophoto, a vital tool for hazard assessment mapping and monitoring. #REDAS #RPA #HandaAngMayAlam #OneDOST4U 𝐋𝐎𝐎𝐊 | 𝐋𝐃𝐑𝐑𝐌𝐎 𝐋𝐢𝐥𝐨𝐲 𝐃𝐞𝐩𝐥𝐨𝐲𝐬 𝐃𝐫𝐨𝐧𝐞 𝐟𝐨𝐫 𝐋𝐚𝐧𝐝𝐬𝐥𝐢𝐝𝐞 𝐃𝐚𝐦𝐚𝐠𝐞 𝐀𝐬𝐬𝐞𝐬𝐬𝐦𝐞𝐧𝐭 𝐢𝐧 𝐋𝐚𝐛𝐚𝐬𝐨𝐧.
Local Government Unit of Liloy, under the strong leadership and support of Municipal Mayor Roberto Lim Uy Jr., throught the Local Disaster Risk Reduction and Management Office headed by Roy Allan Egoogan LDRRMO III, provided technical support in the recent landslide incident at Purok 3, Brgy. Ubay, Labason, Zamboanga Del Norte through the deployment of Remotely Piloted Aircraft (RPA) or drone technology.
The RPA was used to capture high-resolution aerial footage of the affected site, which was then processed with the help of science-based software introduced by the DOST-PHIVOLCS-REDAS to produce an orthophoto, a vital tool for hazard assessment mapping and monitoring.
This geospatial data enables the Incident Management Team (IMT) to assess the situation on the ground more accurately, monitor ongoing risks, and plan the most effective course of action for response operations.
With Mayor Uy’s continued commitment to innovation and disaster resilience, LDRRMO Liloy remains dedicated to proactive, science-based and tech-driven disaster risk reduction efforts.
#LDRRMOLiloy #HazardAssessment 𝐋𝐎𝐎𝐊 | 𝐋𝐃𝐑𝐑𝐌𝐎 𝐋𝐢𝐥𝐨𝐲 𝐃𝐞𝐩𝐥𝐨𝐲𝐬 𝐃𝐫𝐨𝐧𝐞 𝐟𝐨𝐫 𝐋𝐚𝐧𝐝𝐬𝐥𝐢𝐝𝐞 𝐃𝐚𝐦𝐚𝐠𝐞 𝐀𝐬𝐬𝐞𝐬𝐬𝐦𝐞𝐧𝐭 𝐢𝐧 𝐋𝐚𝐛𝐚𝐬𝐨𝐧.
Local Government Unit of Liloy, under the strong leadership and support of Municipal Mayor Roberto Lim Uy Jr., throught the Local Disaster Risk Reduction and Management Office headed by Roy Allan Egoogan LDRRMO III, provided technical support in the recent landslide incident at Purok 3, Brgy. Ubay, Labason, Zamboanga Del Norte through the deployment of Remotely Piloted Aircraft (RPA) or drone technology.
The RPA was used to capture high-resolution aerial footage of the affected site, which was then processed with the help of science-based software introduced by the DOST-PHIVOLCS-REDAS to produce an orthophoto, a vital tool for hazard assessment mapping and monitoring.
This geospatial data enables the Incident Management Team (IMT) to assess the situation on the ground more accurately, monitor ongoing risks, and plan the most effective course of action for response operations.
With Mayor Uy’s continued commitment to innovation and disaster resilience, LDRRMO Liloy remains dedicated to proactive, science-based and tech-driven disaster risk reduction efforts.
#LDRRMOLiloy #HazardAssessment 𝐋𝐎𝐎𝐊 | 𝐋𝐃𝐑𝐑𝐌𝐎 𝐋𝐢𝐥𝐨𝐲 𝐃𝐞𝐩𝐥𝐨𝐲𝐬 𝐃𝐫𝐨𝐧𝐞 𝐟𝐨𝐫 𝐋𝐚𝐧𝐝𝐬𝐥𝐢𝐝𝐞 𝐃𝐚𝐦𝐚𝐠𝐞 𝐀𝐬𝐬𝐞𝐬𝐬𝐦𝐞𝐧𝐭 𝐢𝐧 𝐋𝐚𝐛𝐚𝐬𝐨𝐧. Local Government Unit of Liloy, under the strong leadership and support of Municipal Mayor Roberto Lim Uy Jr., throught the Local Disaster Risk Reduction and Management Office headed by Roy Allan Egoogan LDRRMO III, provided technical support in the recent landslide incident at Purok 3, Brgy. Ubay, Labason, Zamboanga Del Norte through the deployment of Remotely Piloted Aircraft (RPA) or drone technology. The RPA was used to capture high-resolution aerial footage of the affected site, which was then processed with the help of science-based software introduced by the DOST-PHIVOLCS-REDAS to produce an orthophoto, a vital tool for hazard assessment mapping and monitoring. This geospatial data enables the Incident Management Team (IMT) to assess the situation on the ground more accurately, monitor ongoing risks, and plan the most effective course of action for response operations. With Mayor Uy’s continued commitment to innovation and disaster resilience, LDRRMO Liloy remains dedicated to proactive, science-based and tech-driven disaster risk reduction efforts. #LDRRMOLiloy #HazardAssessment",Unknown,2025-09-08 15:30,Unknown,https://www.facebook.com/PHIVOLCS/posts/pfbid01EjV6qBWatxUyNgZvwgc34FbsDGwY49tnQwsJuniz1V3LFQpeY9wtPYXZhPh9hQJl?__cft__[0]=AZX3eL9WtrxKLgcxRbLHxudWeNlM0GDO_GQBsLEyJPxKTsjaI5-1Hc-Ej9c50XMPKP4sWxGlg79MWSa2XmGw1wTx580Aw7GGmnQtqJrZaa56jFVhF2P6bRKZcvhObYfm3m5FiOMn44f8B4Bm9kGrI_RY4m5ht-aFPGsDCXEhAkiszNcimjFaCJ6AJ2W2hD_8nZXDbN7P05uFROQRjjB4eBY4ruXZyP8NPtN_lLkiS-ntbA&__tn__=%2CO%2CP-R
Facebook,rapplerdotcom,"BREAKING: Just over a month after his reelection as Senate president, Chiz Escudero is ousted on Monday, September 8, as the upper chamber probes anomalous government flood control projects, which his campaign top donor is being linked to. BREAKING: Just over a month after his reelection as Senate president, Chiz Escudero is ousted on Monday, September 8, as the upper chamber probes anomalous government flood control projects, which his campaign top donor is being linked to. DDS senators are treating the Senate like a private club. Escudero out, Sotto in, Lacson and Zubiri waiting their turn. This cartel-style power grab insults democracy. If they can swap posts this easily, then Filipinos must be just as ready to swap them out in the next elections. Bong Ambalada iyak ka nlng",Unknown,2025-09-08 15:30,Unknown,https://www.facebook.com/rapplerdotcom/posts/pfbid035FEr9sDNDccwbcAmYgLksA1aZSrrB13k5W1JXoAX2b3vw7ne8hjfvmbsWH2HZgSUl?__cft__[0]=AZXYfpz3fdKiWDoMSyIZdE9Mhy8W8uDy28ObStzFivlAwA1YdZ6ialg8dFZ7hjgn1cFH-6R6iISIOfS61c0Yk58vD7IU0tZIbUotdJCVFI4wpjWLde0h8cyP2UjbXxRvVEKDK77Q4uIL-41gBfpfwF0MUK9f-7OJP75OFo5v8HvNQ9cNsXNKzfxm5tamQON9R_Y&__tn__=%2CO%2CP-R
Facebook,UNTVNewsRescue,"Dalawang magkahiwalay na aksidente ang tinulungan ng UNTV News and Rescue team sa Buendia Flyover at EDSA-Bagong Barrio sa Caloocan City.
Naging katuwang naman ng UNTV Rescue Team ang Makati Disaster Risk Reduction and Management Office sa pagbibigay ng tulong sa insidente sa Buendia. Dalawang magkahiwalay na aksidente ang tinulungan ng UNTV News and Rescue team sa Buendia Flyover at EDSA-Bagong Barrio sa Caloocan City. Naging katuwang naman ng UNTV Rescue Team ang Makati Disaster Risk Reduction and Management Office sa pagbibigay ng tulong sa insidente sa Buendia.",Unknown,2025-09-08 15:30,Unknown,https://www.facebook.com/UNTVNewsRescue/posts/pfbid0LVBr5UCRU6J2Q6HPgvpqsRmp6hMJ86ecpTABw6sQBhsqdri9Lnzy1kWKsbDuKQLQl?__cft__[0]=AZXkJ7TmdVZhWkHAB6hLLnEcUrPIjWdPpWeHj7iVvDKihe2wl7Yq8mQuUG6w78GCZM3Bgtp4eaHP1K0Fndt_nPzAFbL9JMrNXxGX6ypU0kkjYbuYsYm5-9KVAE_EGxkf6a4Te4CgiRi0Fzx79582niuC1dDQ6x5zfA-2XIStclx6nn2RV5dDo5eaWhliqWHm4-Y&__tn__=%2CO%2CP-R
Facebook,mprsdcdo,"Rainfall Advisory No. 4  #MINPRSD
Weather System: Easterlies 
Issued at 02:00 PM 08 September 2025
Light to Moderate rains are expected over #Sulu, #DinagatIslands, #SurigaoDelNorte, #SurigaoDelSur, #Bukidnon, #DavaoDelNorte, #DavaoCity, #DavaoDeOro, #DavaoOriental, #SouthCotabato(T'Boli, LakeSebu, Surallah, Tupi, SantoNiño, Banga, Tampakan, CityOfKoronadal, Norala, Tantangan), #Sarangani(Kiamba, Maasim, Maitum), #MaguindanaoDelSur and #SultanKudarat within the next 1-2 hours.
Moderate to occasionally heavy rains affecting #ZamboangaCity, #Basilan, #TawiTawi, #ZamboangaDelNorte, #ZamboangaDelSur, #MisamisOccidental, #LanaoDelNorte, #MisamisOriental, #Camiguin, #LanaoDelSur, #CotabatoCity, #MaguindanaoDelNorte, #NorthCotabato, #Sarangani(Malungon, Malapatan, Alabel, Glan), #SouthCotabato(GeneralSantosCity, Polomolok) and #ZamboangaSibugay which may persist within 2-3 hours and may affect nearby areas.
The public and the Disaster Risk Reduction and Management Offices concerned are advised to MONITOR the weather condition and watch for the next warning to be issued at 05:00 PM Today. Rainfall Advisory No. 4  #MINPRSD Weather System: Easterlies Issued at 02:00 PM 08 September 2025 Light to Moderate rains are expected over #Sulu, #DinagatIslands, #SurigaoDelNorte, #SurigaoDelSur, #Bukidnon, #DavaoDelNorte, #DavaoCity, #DavaoDeOro, #DavaoOriental, #SouthCotabato(T'Boli, LakeSebu, Surallah, Tupi, SantoNiño, Banga, Tampakan, CityOfKoronadal, Norala, Tantangan), #Sarangani(Kiamba, Maasim, Maitum), #MaguindanaoDelSur and #SultanKudarat within the next 1-2 hours. Moderate to occasionally heavy rains affecting #ZamboangaCity, #Basilan, #TawiTawi, #ZamboangaDelNorte, #ZamboangaDelSur, #MisamisOccidental, #LanaoDelNorte, #MisamisOriental, #Camiguin, #LanaoDelSur, #CotabatoCity, #MaguindanaoDelNorte, #NorthCotabato, #Sarangani(Malungon, Malapatan, Alabel, Glan), #SouthCotabato(GeneralSantosCity, Polomolok) and #ZamboangaSibugay which may persist within 2-3 hours and may affect nearby areas. The public and the Disaster Risk Reduction and Management Offices concerned are advised to MONITOR the weather condition and watch for the next warning to be issued at 05:00 PM Today.",Unknown,2025-09-08 15:30,Unknown,https://www.facebook.com/mprsdcdo/posts/pfbid0ZR2PrDr7VYgSuhuZLhMJfaADGkHxF9k3vRmFLoLPYNi4GAM1WN8ie9cXx9yrhPCjl?__cft__[0]=AZWDZrwITUy6m8vqn9_hLvnJhik-peiL37dKN2oWF4svvu4Yds7U301kcRqlq52tMaP9mRwU1mKuCzJG-I2Cq1U04mbNcn0kgzlhyJ_XLTCwH8L59TmyL9WiZfgkVw9kGgoa1nG2TFYSXaQwAWOKXrYS9pqZWFQCihlHM2MAAN-yjTSJ-aVvboKrrYMOwXtEs78&__tn__=%2CO%2CP-R
Facebook,#BahaPH,"Iwanan ko nalang 'to dto, memories daw eh 
#BahaPH Iwanan ko nalang 'to dto, memories daw eh #BahaPH",Unknown,2025-09-08 15:30,Unknown,https://www.facebook.com/karenn.kiks/posts/pfbid0ZyTd7BN5NqNBKPW5kqyCxEhkwdUToTsPqMyc5oy4QppchMnCoG5WkJuVEweUuTswl?__cft__[0]=AZUKfNl3NgEPHt_ZoLKLF2tDb4aUSU10JOpfmSwRBBzMfrsrmyOgL1zlELmXrEA2xvw2SKQiRIprU7dh6rC5xrcM9CnPpHk4yLZYff-QlEd1Ri8WcxURIjBUTH3_Q_O3-PPK02kWZaJT_AQBdKUmpaXtaeHVsn9GPv8E1KzOHQ5pbnMhyw-tg4Zr-OGIONtI1aY&__tn__=%2CO%2CP-R
Facebook,#EarthquakePH,"#EarthquakePH #EarthquakeQuezon
Earthquake Information No.1
Date and Time: 08 September 2025 - 02:00 PM
Magnitude = 1.8
Depth = 019 km
Location = 15.37°N, 121.87°E - 048 km N 07° E of Panukulan (Quezon)
https://earthquake.phivolcs.dost.gov.ph/.../2025_0908... #EarthquakePH #EarthquakeQuezon Earthquake Information No.1 Date and Time: 08 September 2025 - 02:00 PM Magnitude = 1.8 Depth = 019 km Location = 15.37°N, 121.87°E - 048 km N 07° E of Panukulan (Quezon) https://earthquake.phivolcs.dost.gov.ph/.../2025_0908...",Unknown,2025-09-08 15:30,Unknown,https://www.facebook.com/PHIVOLCS/posts/pfbid0ZKg26HsA19jjwto7dtJHhp9GqZ2pmrKBAQAncukM6Kuv8qJY6amNyDPEfaQ8ea43l?__cft__[0]=AZXfGTMwCHrNNGLw20ILkV-6WYOpQJF7itbhr6-vyw7ZqnL_FVjVObm0G2qokfwu5nCGiVDzLr2hzbgd4sFOkO1EpTYQuGpMCC9T0VX_-ahMfDBchbS7MSx-EgkRuba4X5y8Q7l8s4IJSYWrkCtuuPX5POylAVsVD0vKO4AgDmW-XA1SEvMGTQfjgOinL2e36m8&__tn__=%2CO%2CP-R
Facebook,#FireAlert,"𝗦𝗨𝗡𝗢𝗚 𝗦𝗔 𝗕𝗥𝗚𝗬. 𝟮𝟯-𝗖 𝗕𝗢𝗨𝗟𝗘𝗩𝗔𝗥𝗗 
LOOK: Padayun ang mga kabomberohan sa pagpakgang sa dakong sunog sa Purok 4, Miniforest, Brgy. 23-C, Boulevard, Davao City pasado alas-2 sa kadlawon, Setyembre 8, 2025.
Sa kadako sa sunog sa lugar, niabot kini sa 2nd Alarm. Samtang ang mga nasunugan anaa na sa evacuation center sa barangay. 
Dugang detalye, atangi!
#Sunog #FireAlert #boulevard #barangay23c #DVO  #Davao  #DavaoCity #DavaoUpdates 𝗦𝗨𝗡𝗢𝗚 𝗦𝗔 𝗕𝗥𝗚𝗬. 𝟮𝟯-𝗖 𝗕𝗢𝗨𝗟𝗘𝗩𝗔𝗥𝗗 LOOK: Padayun ang mga kabomberohan sa pagpakgang sa dakong sunog sa Purok 4, Miniforest, Brgy. 23-C, Boulevard, Davao City pasado alas-2 sa kadlawon, Setyembre 8, 2025. Sa kadako sa sunog sa lugar, niabot kini sa 2nd Alarm. Samtang ang mga nasunugan anaa na sa evacuation center sa barangay. Dugang detalye, atangi! #Sunog #FireAlert #boulevard #barangay23c #DVO  #Davao  #DavaoCity #DavaoUpdates",Unknown,2025-09-08 15:30,Unknown,https://www.facebook.com/DavaoDevUpdates/posts/pfbid0PXtZTPMmZsTgQcieWCYQaRgiAjFiSbxvtUth8RucD6xWz6KTdESxXYLeb93oYV8Vl?__cft__[0]=AZXTAH0xSDxHNEgQm4ApeMqWgVubrqu-DPtnYrAsi3T2AAWsliwel37mg1RphUhhRiS3XIjYNjJgEx6LOcqKdQTq2FhFJtcs2g3e1ivbbvAxKWC7iUWDMfSi-3saaTRqCH1I9xXYPZ6JTUovy9pb-JuPWtngBbPmFgCVZ-goOjRpY6Zq8pR1jr9bqfKkcOh0MWc&__tn__=%2CO%2CP-R
Facebook,civildefensedavao,"ALERT: MGB List of Barangays Susceptible to Rain-Induced Landslides and Flooding based on the DOST-PAGASA Rainfall Data GSM (100mm) and WRF (150mm) 72-hour forecast as of 8:00 AM, September 08, 2025 for the whole Philippines.
Please note the validity of the earlier lists provided (72-hour forecast). Additionally, areas not included in the list but located in close proximity to or downstream of the listed areas may also be affected.
SOURCE: Mines and Geosciences Bureau
#ligtasangbayankunghandaangmamamayan 
#BawatSegundoMahalaga 
#CivilDefenseInAction 
#CivilDefensePH 
#BagongPilipinas 
#disasterpreparedness 
#resilience 
#ServingTheNation 
#ProtectingThePeople ALERT: MGB List of Barangays Susceptible to Rain-Induced Landslides and Flooding based on the DOST-PAGASA Rainfall Data GSM (100mm) and WRF (150mm) 72-hour forecast as of 8:00 AM, September 08, 2025 for the whole Philippines. Please note the validity of the earlier lists provided (72-hour forecast). Additionally, areas not included in the list but located in close proximity to or downstream of the listed areas may also be affected. SOURCE: Mines and Geosciences Bureau #ligtasangbayankunghandaangmamamayan #BawatSegundoMahalaga #CivilDefenseInAction #CivilDefensePH #BagongPilipinas #disasterpreparedness #resilience #ServingTheNation #ProtectingThePeople ALERT: MGB List of Barangays Susceptible to Rain-Induced Landslides and Flooding based on the DOST-PAGASA Rainfall Data GSM (100mm) and WRF (150mm) 72-hour fore… See more ALERT: MGB List of Barangays Susceptible to Rain-Induced Landslides and Flooding based on the DOST-PAGASA Rainfall Data GSM (100mm) and WRF (150mm) 72-hour fore… See more ALERT: MGB List of Barangays Susceptible to Rain-Induced Landslides and Flooding based on the DOST-PAGASA Rainfall Data GSM (100mm) and WRF (150mm) 72-hour fore… See more",Unknown,2025-09-08 16:00,Unknown,https://www.facebook.com/civildefensedavao/posts/pfbid02ZNWeaLb8i1SsJDgTCgPKSNMXqNEWnVp4F2WKjZFL7tc44uztiebLmjsNuHYnY3vhl?__cft__[0]=AZW8AG3n1gPgLdUhiAfBE17E288TSoTCh0E5VCFr5InkQcg24hIJIJb9Vw-9vqbznjFNPKH3t4hTUuHNQb1dOOwElbA2lW_TeyMyC48r0wEe_b2lGgnUZQJXLIgWElLSA-H_65aUzqpwjV3k-pmcz5ihIBjar66csjumk6t1syMtF_GEyugPz8ZvvGX6wj5x-XUG3ooNTfwWczBLzr6Gy-MuTNjqNtHSUY_pYJDQkCS3Xg&__tn__=%2CO%2CP-R
Facebook,DavaoDRRMO,"𝐂𝐃𝐑𝐑𝐌𝐎-𝐎𝐏𝐂𝐄𝐍 𝐖𝐄𝐀𝐓𝐇𝐄𝐑 𝐔𝐏𝐃𝐀𝐓𝐄:
As of 03:48 PM | September 08, 2025
𝐖𝐞𝐚𝐭𝐡𝐞𝐫 𝐒𝐲𝐬𝐭𝐞𝐦: 𝙀𝙖𝙨𝙩𝙚𝙧𝙡𝙞𝙚𝙨
Light to moderate to at times heavy rains are being experienced in some areas of Calinan District, while light to moderate rains are being experienced in some areas of Baguio District. 
Other areas of Davao City are experiencing partly sunny to cloudy skies.
All river channels are monitored at 𝐂𝐎𝐃𝐄 𝐆𝐑𝐄𝐄𝐍 (𝘚𝘢𝘧𝘦 𝘓𝘦𝘷𝘦𝘭).
𝐂𝐎𝐀𝐒𝐓𝐀𝐋 𝐒𝐓𝐀𝐓𝐔𝐒:
> Calm seas
> Going high tide 
#𝗪𝗲𝗮𝘁𝗵𝗲𝗿𝗨𝗽𝗱𝗮𝘁𝗲
#𝗗𝗮𝘃𝗮𝗼𝗖𝗶𝘁𝘆𝗗𝗥𝗥𝗠𝗢 𝐂𝐃𝐑𝐑𝐌𝐎-𝐎𝐏𝐂𝐄𝐍 𝐖𝐄𝐀𝐓𝐇𝐄𝐑 𝐔𝐏𝐃𝐀𝐓𝐄: As of 03:48 PM | September 08, 2025 𝐖𝐞𝐚𝐭𝐡𝐞𝐫 𝐒𝐲𝐬𝐭𝐞𝐦: 𝙀𝙖𝙨𝙩𝙚𝙧𝙡𝙞𝙚𝙨 Light to moderate to at times heavy rains are being experienced in some areas of Calinan District, while light to moderate rains are being experienced in some areas of Baguio District. Other areas of Davao City are experiencing partly sunny to cloudy skies. All river channels are monitored at 𝐂𝐎𝐃𝐄 𝐆𝐑𝐄𝐄𝐍 (𝘚𝘢𝘧𝘦 𝘓𝘦𝘷𝘦𝘭). 𝐂𝐎𝐀𝐒𝐓𝐀𝐋 𝐒𝐓𝐀𝐓𝐔𝐒: > Calm seas > Going high tide #𝗪𝗲𝗮𝘁𝗵𝗲𝗿𝗨𝗽𝗱𝗮𝘁𝗲 #𝗗𝗮𝘃𝗮𝗼𝗖𝗶𝘁𝘆𝗗𝗥𝗥𝗠𝗢",Unknown,2025-09-08 16:00,Unknown,https://www.facebook.com/DavaoDRRMO/posts/pfbid0EZBBgJRSwfRENCPekV9auYFodLsVeZ2n1FwrkobP1hQCnjKEgEJdWLZCeoWhfx9Al?__cft__[0]=AZXMyO5hIOKyLY5xkr5xKiZTqLxbGt8Huu--Z2Ud-cQQWHra1DmpWsdm5184aZePJOwPgpDIV0oyfuYv-CVZ2EIGa9VBCTqyQN-MAqf-EhIKo2iW6U0D5x772SkUiWHMAJVsieQY-qK9Km4z7499jAbO7AHBfxTRfjYSFu0KrGhoALqmxZ_1v9LcgtQJPhDuIlM&__tn__=%2CO%2CP-R
Facebook,NDRRMC,"READ | 𝗦𝘁𝗮𝘁𝗲𝗺𝗲𝗻𝘁 𝗼𝗳 𝘁𝗵𝗲 𝗡𝗗𝗥𝗥𝗠𝗖 𝗖𝗵𝗮𝗶𝗿𝗽𝗲𝗿𝘀𝗼𝗻
As Chairperson of the NDRRMC, I support the call for a speedy and impartial investigation into the flood control projects which are under question. Not only do these projects drain the public coffers, they also pose a threat to lives and cause additional waste of direly needed resources which other areas of the disaster spectrum need to address so that others may live.
Our efforts to strengthen the country's disaster resilience will be for naught if these projects meant to protect our communities are manipulated into nefarious schemes for the unscrupulous few. The NDRRMC and its member agencies are fully behind the Administration's anti-corruption drive, which will have far-reaching effects in our bid to mitigate the impacts of disasters and climate change.
Source: Department of National Defense
https://www.facebook.com/share/p/19Azaf5Q2w/
#BawatSegundoMahalaga   
#NDRRMC READ | 𝗦𝘁𝗮𝘁𝗲𝗺𝗲𝗻𝘁 𝗼𝗳 𝘁𝗵𝗲 𝗡𝗗𝗥𝗥𝗠𝗖 𝗖𝗵𝗮𝗶𝗿𝗽𝗲𝗿𝘀𝗼𝗻 As Chairperson of the NDRRMC, I support the call for a speedy and impartial investigation into the flood control projects which are under question. Not only do these projects drain the public coffers, they also pose a threat to lives and cause additional waste of direly needed resources which other areas of the disaster spectrum need to address so that others may live. Our efforts to strengthen the country's disaster resilience will be for naught if these projects meant to protect our communities are manipulated into nefarious schemes for the unscrupulous few. The NDRRMC and its member agencies are fully behind the Administration's anti-corruption drive, which will have far-reaching effects in our bid to mitigate the impacts of disasters and climate change. Source: Department of National Defense https://www.facebook.com/share/p/19Azaf5Q2w/ #BawatSegundoMahalaga #NDRRMC Flood control project pa Ang pinagtripan Ng mga buwaya na lalangoy sila sa Pera. Nawalan Ng suguridad at safety Ang mga Pilipino sa mga kalye at kalsada sa tuwing umuulan Kay tunitindi Ang baha",Unknown,2025-09-08 16:00,Unknown,https://www.facebook.com/NDRRMC/posts/pfbid034SAnjHHQFfxTtzFFb3V5JgxC3HdhTjBkP8Zx2YzwmfVhGbJWqAALLHKf4iqmG1s3l?__cft__[0]=AZWvzBIHyVwSQaCdduLwSrOBOfQbcy3EmY6UfWMR4423LM_v-1AI93DfOsf1WOIiY1014_JCgnI4ZXRBUDWbXhNZR9N1rGqdJpmEYDs6MGUKH6ZoYFkwsQw4NabF6Hy5eIU4u_4UD8DRH90EYFYk_qQcWjArgje04Mauc73_hGhncXLUDSbyBifEVABQZhnunnc&__tn__=%2CO%2CP-R
Facebook,NDRRMC,Flood control project pa Ang pinagtripan Ng mga buwaya na lalangoy sila sa Pera. Nawalan Ng suguridad at safety Ang mga Pilipino sa mga kalye at kalsada sa tuwing umuulan Kay tunitindi Ang baha,Unknown,2025-09-08 16:00,Unknown,https://www.facebook.com/NDRRMC/posts/pfbid034SAnjHHQFfxTtzFFb3V5JgxC3HdhTjBkP8Zx2YzwmfVhGbJWqAALLHKf4iqmG1s3l?comment_id=805836591973428&__cft__[0]=AZWvzBIHyVwSQaCdduLwSrOBOfQbcy3EmY6UfWMR4423LM_v-1AI93DfOsf1WOIiY1014_JCgnI4ZXRBUDWbXhNZR9N1rGqdJpmEYDs6MGUKH6ZoYFkwsQw4NabF6Hy5eIU4u_4UD8DRH90EYFYk_qQcWjArgje04Mauc73_hGhncXLUDSbyBifEVABQZhnunnc&__tn__=R-R
Facebook,pagasa.dost.gov.ph,"As of 2:00 PM today, 08 September 2025, Tropical Cyclone ""TAPAH"" (formerly ""LANNIE"") has weaken into a Severe Tropical Storm as is still being monitored outside the Philippine Area of Responsibility (PAR).
All are advised to monitor updates from DOST-PAGASA. As of 2:00 PM today, 08 September 2025, Tropical Cyclone ""TAPAH"" (formerly ""LANNIE"") has weaken into a Severe Tropical Storm as is still being monitored outside the Philippine Area of Responsibility (PAR). All are advised to monitor updates from DOST-PAGASA.",Unknown,2025-09-08 16:00,Unknown,https://www.facebook.com/PAGASA.DOST.GOV.PH/posts/pfbid02gZUa88AfDrc4RyoUVJ7kZ2G75ELcFFcdFSTZLjDb1HabiPaQs2BE12vkKWGc5df3l?__cft__[0]=AZVAQMaRp5uZWpjHysJVOA_Nt02s4-DwNDFKlZ6N9ov9sUNqUFd249Diw0l1OqAAuyg8GN0rcOeXoex2o2iQqVobJvD7aZvkYUQgGi8Fu5_6LWzeHaPAFe6mFh6JPjDK8YwRL5ixd0FjsdCcSeaHEPzCyF6kl1FPQ-QNZSRBqd0-Z8lc8UDrsoX0_b6zogogUek&__tn__=%2CO%2CP-R
Facebook,civildefensedavao,"Rainfall Advisory No. 4 Amendment #MINPRSD
Weather System: Easterlies
Issued at 04:00 PM 08 September 2025
Light to Moderate rains are expected over #Sulu, #DinagatIslands, #Bukidnon, #DavaoDelNorte(BraulioE.Dujali, CityOfTagum, SantoTomas, Talaingod, Kapalong), #DavaoDeOro(Pantukan, Mabini, Maragusan, Maco, Mawab, NewBataan), #Sarangani, #MisamisOriental, #ZamboangaDelNorte, #LanaoDelNorte, #AgusanDelSur, #DavaoOriental(Boston, Cateel, Baganga), #SurigaoDelNorte, #ZamboangaDelSur and #MisamisOccidental within the next 1-2 hours.
Moderate to occasionally heavy rains affecting #ZamboangaCity, #Basilan, #TawiTawi, #LanaoDelSur, #CotabatoCity, #NorthCotabato, #Bukidnon(Damulog, Kibawe, Kadingilan, Kitaotao, CityOfValencia, Lantapan, CityOfMalaybalay, Sumilao, ManoloFortich, Malitbog, ImpasugOng, Talakag), #DavaoDelNorte(CityOfSamal, Carmen, CityOfPanabo, NewCorella, SanIsidro, Asuncion), #DavaoCity, #DavaoDeOro(Nabunturan, Compostela, Montevista, Monkayo, Laak), #ZamboangaSibugay, #SultanKudarat, #Sarangani, #SouthCotabato, #ZamboangaDelNorte, #DavaoDelSur, #MaguindanaoDelNorte, #MaguindanaoDelSur, #ZamboangaDelSur which may persist within 2-3 hours and may affect nearby areas.
The public and the Disaster Risk Reduction and Management Offices concerned are advised to MONITOR the weather condition and watch for the next warning to be issued at 05:00 PM Today.
Source: Mindanao PRSD Rainfall Advisory No. 4 Amendment #MINPRSD Weather System: Easterlies Issued at 04:00 PM 08 September 2025 Light to Moderate rains are expected over #Sulu, #DinagatIslands, #Bukidnon, #DavaoDelNorte(BraulioE.Dujali, CityOfTagum, SantoTomas, Talaingod, Kapalong), #DavaoDeOro(Pantukan, Mabini, Maragusan, Maco, Mawab, NewBataan), #Sarangani, #MisamisOriental, #ZamboangaDelNorte, #LanaoDelNorte, #AgusanDelSur, #DavaoOriental(Boston, Cateel, Baganga), #SurigaoDelNorte, #ZamboangaDelSur and #MisamisOccidental within the next 1-2 hours. Moderate to occasionally heavy rains affecting #ZamboangaCity, #Basilan, #TawiTawi, #LanaoDelSur, #CotabatoCity, #NorthCotabato, #Bukidnon(Damulog, Kibawe, Kadingilan, Kitaotao, CityOfValencia, Lantapan, CityOfMalaybalay, Sumilao, ManoloFortich, Malitbog, ImpasugOng, Talakag), #DavaoDelNorte(CityOfSamal, Carmen, CityOfPanabo, NewCorella, SanIsidro, Asuncion), #DavaoCity, #DavaoDeOro(Nabunturan, Compostela, Montevista, Monkayo, Laak), #ZamboangaSibugay, #SultanKudarat, #Sarangani, #SouthCotabato, #ZamboangaDelNorte, #DavaoDelSur, #MaguindanaoDelNorte, #MaguindanaoDelSur, #ZamboangaDelSur which may persist within 2-3 hours and may affect nearby areas. The public and the Disaster Risk Reduction and Management Offices concerned are advised to MONITOR the weather condition and watch for the next warning to be issued at 05:00 PM Today. Source: Mindanao PRSD",Unknown,2025-09-08 16:30,Unknown,https://www.facebook.com/civildefensedavao/posts/pfbid02mLm54hSSMVnLe4bNvi6HtMiWcYVmpT8BY4qyt6erP2dSYeK71GqomNDoaUzLCw2Rl?__cft__[0]=AZW8E0hBSTOC0bbRkPOc2bvk1q5U4c6KNZo08N0xzYNFfqPdXrIXPGMwyfmskCuhg5e04eVKrh9qtO87uF-9LDh7ooPT9D5e9I8Uzog--t8yLTD2K9U3MRQzt0LFwnV6Q5KVuOzizax4pftdh1VsDA0DBeHKBh2KKXhR88h67AMCnm1KLpdGujb17L4h0tCzE8g&__tn__=%2CO%2CP-R
Facebook,DavaoDRRMO,"𝐂𝐃𝐑𝐑𝐌𝐎-𝐎𝐏𝐂𝐄𝐍 𝐀𝐃𝐕𝐈𝐒𝐎𝐑𝐘 𝐅𝐎𝐑 𝐂𝐎𝐀𝐒𝐓𝐀𝐋 𝐁𝐀𝐑𝐀𝐍𝐆𝐀𝐘𝐒:
Issued at 04:25 PM | September 08, 2025
September 09, 2025
High Tide: 06:25 AM
1.89 m (6.20 ft)
High tide sea level conditions with a depth of 1.89 m (6.20 ft) will occur tomorrow at 06:25 AM (peak time). Coastal waters will be slight to moderate, with light to moderate winds from the east to northeast.
CDRRMO-OPCEN advised 𝐀𝐋𝐋 𝐁𝐀𝐑𝐀𝐍𝐆𝐀𝐘𝐒 situated along the coastline to pre-position their resources, alert the communities, closely monitor the coastal areas, and conduct preemptive evacuation 𝐈𝐅 𝐍𝐄𝐂𝐄𝐒𝐒𝐀𝐑𝐘.
#𝗣𝘂𝗯𝗹𝗶𝗰𝗔𝗱𝘃𝗶𝘀𝗼𝗿𝘆
#𝗗𝗮𝘃𝗮𝗼𝗖𝗶𝘁𝘆𝗗𝗥𝗥𝗠𝗢 𝐂𝐃𝐑𝐑𝐌𝐎-𝐎𝐏𝐂𝐄𝐍 𝐀𝐃𝐕𝐈𝐒𝐎𝐑𝐘 𝐅𝐎𝐑 𝐂𝐎𝐀𝐒𝐓𝐀𝐋 𝐁𝐀𝐑𝐀𝐍𝐆𝐀𝐘𝐒: Issued at 04:25 PM | September 08, 2025 September 09, 2025 High Tide: 06:25 AM 1.89 m (6.20 ft) High tide sea level conditions with a depth of 1.89 m (6.20 ft) will occur tomorrow at 06:25 AM (peak time). Coastal waters will be slight to moderate, with light to moderate winds from the east to northeast. CDRRMO-OPCEN advised 𝐀𝐋𝐋 𝐁𝐀𝐑𝐀𝐍𝐆𝐀𝐘𝐒 situated along the coastline to pre-position their resources, alert the communities, closely monitor the coastal areas, and conduct preemptive evacuation 𝐈𝐅 𝐍𝐄𝐂𝐄𝐒𝐒𝐀𝐑𝐘. #𝗣𝘂𝗯𝗹𝗶𝗰𝗔𝗱𝘃𝗶𝘀𝗼𝗿𝘆 #𝗗𝗮𝘃𝗮𝗼𝗖𝗶𝘁𝘆𝗗𝗥𝗥𝗠𝗢",Unknown,2025-09-08 16:30,Unknown,https://www.facebook.com/DavaoDRRMO/posts/pfbid031oiHmbK869XVQRrCjTP6AJE2qYQn9CD1HersChkNYtrgDWqwuAn1KQBNC5utZnbAl?__cft__[0]=AZWc48aM7ckSscq0jALHOw9CFJhkiFHbN8e1KIf1Gbiqt957AEnAHUNru4RzhOt-ti24W-7KtWYVL2MMxMMVV2ixeT5jUfPIpT2k4fDoTuIO_fu5BLWcEmC6mCw425tp2c8opYix7ayYzcL3M61c3eXloqg67-JcaH-HEcn6cecidAonMYROn_2uOih8mAggAcs&__tn__=%2CO%2CP-R
Facebook,NDRRMC,"WEATHER UPDATE | As of 2:00 PM today, 08 September 2025, Tropical Cyclone ""TAPAH"" (formerly ""LANNIE"") has weakened into a Severe Tropical Storm as is still being monitored outside the Philippine Area of Responsibility (PAR). 
Source: DOST-PAGASA
#BawatSegundoMahalaga   
#NDRRMC WEATHER UPDATE | As of 2:00 PM today, 08 September 2025, Tropical Cyclone ""TAPAH"" (formerly ""LANNIE"") has weakened into a Severe Tropical Storm as is still being monitored outside the Philippine Area of Responsibility (PAR). Source: DOST-PAGASA #BawatSegundoMahalaga #NDRRMC",Unknown,2025-09-08 16:30,Unknown,https://www.facebook.com/NDRRMC/posts/pfbid02fGfdU4XwTA28S1gpLC9e3RuGhYYeGq3CWaGqv6pTWRs7m6D2nn33ygL2bfKp79tdl?__cft__[0]=AZVfKp0YEG5mNL8OI0ATZiUjj_DE6xo62pX4KhBFagg47rJTLHRk7RLBCRcPFWndTeXrbvkUbKtrx4LhLRaePFOlcTQWEyJGH5JMRUBj_TkjAEgJbJmlzu6V1P1qIW1H-FYjDNUlromXyExqey50_1nQstB2CiCJkd35WErinNF3fTvCmfhRuOLlY6y7YgZ28vM&__tn__=%2CO%2CP-R
Facebook,pagasa.dost.gov.ph,"24-HOUR PUBLIC WEATHER FORECAST
Issued at 4:00 PM, 08 September 2025
SYNOPSIS: Easterlies affecting Southern Luzon, Visayas and Mindanao
TROPICAL CYCLONE OUTSIDE PAR AS OF 3:00 PM TODAY SEVERE TROPICAL STORM TAPAH (FORMERLY ""LANNIE"") LOCATION: 1095 KM WEST NORTHWEST OF EXTREME NORTHERN LUZON (23.0°N, 111.5°E) MAXIMUM SUSTAINED WINDS: 110 KM/H NEAR THE CENTER GUSTINESS: UP TO 185 KM/H MOVEMENT: NORTH NORTHWESTWARD AT 30 KM/H
Forecast Weather Conditions
Area: Bicol Region, Eastern Visayas, Caraga, and Quezon
Weather Condition: Cloudy skies with scattered rains and thunderstorms
Caused By: Easterlies
Impacts: Possible flash floods or landslides due to moderate to at times heavy rains
Area: Metro Manila, MIMAROPA, and the rest of CALABARZON, the rest of Visayas, and the rest of Mindanao
Weather Condition: Partly cloudy to cloudy skies with isolated rainshowers or thunderstorms
Caused By: Easterlies
Impacts: Possible flash floods or landslides during severe thunderstorms
Area: The rest of Luzon
Weather Condition: Partly cloudy to cloudy skies with isolated rainshowers or thunderstorms
Caused By: Localized Thunderstorms
Impacts: Possible flash floods or landslides during severe thunderstorms
Forecast Wind and Coastal Water Conditions
Area: MIMAROPA, Visayas and Mindanao
Wind Speed: Light to Moderate
Wind Direction: East to Northeast
Coastal Waters: Slight to Moderate / (0.6 to 1.5 meters)
Area: The rest of Luzon
Wind Speed: Light to Moderate
Wind Direction: Northeast to Southeast
Coastal Waters: Slight to Moderate / (0.6 to 1.5 meters)
Extremes of Temperature and Relative Humidity for The 24-hour Period Ending 4:00 PM TODAY
Minimum Temperature: 25.5 °C ... 6:00 AM
Maximum Temperature: 31.0 °C... 2:00 PM
Minumum Relative Humidity: 74 % ... 2:00 PM
Maximum Relative Humidity: 94 % ... 8:00 AM
TIDES AND ASTRONOMICAL INFORMATION Over Metro Manila
sunrise tomorrow: 5:45AM
sunset today: 6:02PM
moonrise tomorrow: 7:09PM
moonset tomorrow: 6:52AM
illumination tomorrow: 96%
For other information about weather, please log on to pagasa.dost.gov.ph or bagong.pagasa.dost.gov.ph or call at (02)927-1335/(02)926-4258 24-HOUR PUBLIC WEATHER FORECAST Issued at 4:00 PM, 08 September 2025 SYNOPSIS: Easterlies affecting Southern Luzon, Visayas and Mindanao TROPICAL CYCLONE OUTSIDE PAR AS OF 3:00 PM TODAY SEVERE TROPICAL STORM TAPAH (FORMERLY ""LANNIE"") LOCATION: 1095 KM WEST NORTHWEST OF EXTREME NORTHERN LUZON (23.0°N, 111.5°E) MAXIMUM SUSTAINED WINDS: 110 KM/H NEAR THE CENTER GUSTINESS: UP TO 185 KM/H MOVEMENT: NORTH NORTHWESTWARD AT 30 KM/H Forecast Weather Conditions Area: Bicol Region, Eastern Visayas, Caraga, and Quezon Weather Condition: Cloudy skies with scattered rains and thunderstorms Caused By: Easterlies Impacts: Possible flash floods or landslides due to moderate to at times heavy rains Area: Metro Manila, MIMAROPA, and the rest of CALABARZON, the rest of Visayas, and the rest of Mindanao Weather Condition: Partly cloudy to cloudy skies with isolated rainshowers or thunderstorms Caused By: Easterlies Impacts: Possible flash floods or landslides during severe thunderstorms Area: The rest of Luzon Weather Condition: Partly cloudy to cloudy skies with isolated rainshowers or thunderstorms Caused By: Localized Thunderstorms Impacts: Possible flash floods or landslides during severe thunderstorms Forecast Wind and Coastal Water Conditions Area: MIMAROPA, Visayas and Mindanao Wind Speed: Light to Moderate Wind Direction: East to Northeast Coastal Waters: Slight to Moderate / (0.6 to 1.5 meters) Area: The rest of Luzon Wind Speed: Light to Moderate Wind Direction: Northeast to Southeast Coastal Waters: Slight to Moderate / (0.6 to 1.5 meters) Extremes of Temperature and Relative Humidity for The 24-hour Period Ending 4:00 PM TODAY Minimum Temperature: 25.5 °C ... 6:00 AM Maximum Temperature: 31.0 °C... 2:00 PM Minumum Relative Humidity: 74 % ... 2:00 PM Maximum Relative Humidity: 94 % ... 8:00 AM TIDES AND ASTRONOMICAL INFORMATION Over Metro Manila sunrise tomorrow: 5:45AM sunset today: 6:02PM moonrise tomorrow: 7:09PM moonset tomorrow: 6:52AM illumination tomorrow: 96% For other information about weather, please log on to pagasa.dost.gov.ph or bagong.pagasa.dost.gov.ph or call at (02)927-1335/(02)926-4258",Unknown,2025-09-08 16:30,Unknown,https://www.facebook.com/PAGASA.DOST.GOV.PH/posts/pfbid01C176Xg3Y3LZSogvvyUinLyd9qdB4xobbabES8t2akXFzGcTdQkrsNxiYVTQVfefl?__cft__[0]=AZXXAK7Qt04g8l2e8KErnEq03OYigXfyv3fezhH_D6w91KsgA-lcAfey-FbwPVHQimLBJBpt8cuvF7n6oH3crTxXz-eRcF8lkFmywXZwZ1NiN9ImCsbwuHVZf1YfTQUYmXBlyo5W00HlC7YjUr51rzZIFlQVFeAqhM7b4EWnGMuy_mRzP3d142b9K4rwHD9mhb8&__tn__=%2CO%2CP-R
Facebook,PHIVOLCS,"#EarthquakePH #EarthquakeNorthernSamar
Earthquake Information No.1
Date and Time: 08 September 2025 - 03:23 PM
Magnitude = 2.1
Depth = 019 km
Location = 12.55°N, 125.47°E - 025 km N 70° E of Mapanas (Northern Samar)
https://earthquake.phivolcs.dost.gov.ph/.../2025_0908... #EarthquakePH #EarthquakeNorthernSamar Earthquake Information No.1 Date and Time: 08 September 2025 - 03:23 PM Magnitude = 2.1 Depth = 019 km Location = 12.55°N, 125.47°E - 025 km N 70° E of Mapanas (Northern Samar) https://earthquake.phivolcs.dost.gov.ph/.../2025_0908...",Unknown,2025-09-08 16:30,Unknown,https://www.facebook.com/PHIVOLCS/posts/pfbid0phUxe3PfEHJvo9ufiPtxVo4aLxXihAQUcirate3pWfnLK4vEfyxQVc8cLHL9kK7xl?__cft__[0]=AZU38pkmds-AFqVhcWXLbYpQWI5w1nKm3i49P9dauj9S-gRWnzbDcpPcRARYBA6S1bociO2-jqwITgnn8Kq81mi7uwOITWwKP9_6VKzDAsHKPzSFbXYI-ZI9T9NS-MsJTrsosvkztYYDx_2rO_fw6SniFYrdIyLtu3Ia1ja7NPiL1XZjze_2oyryo6dKm9_a64k&__tn__=%2CO%2CP-R
Facebook,sunstarphilippines,"Cebuano businessman and ex-presidential assistant Terence Calatrava has been linked to alleged kickbacks in flood control projects, alongside lawmakers and DPWH officials, according to testimony at the Senate probe.
Should all names in the “ledger” face a full-blown investigation? Read this report. Cebuano businessman and ex-presidential assistant Terence Calatrava has been linked to alleged kickbacks in flood control projects, alongside lawmakers and DPWH officials, according to testimony at the Senate probe. Should all names in the “ledger” face a full-blown investigation? Read this report.",Unknown,2025-09-08 16:30,Unknown,https://www.facebook.com/SunStarPhilippines/posts/pfbid073D7XFX8tkuFTPHMCBTVPeuQMt5objN1H2unfiGByEkWPuGdqamj9L8eTbTKRHYXl?__cft__[0]=AZXTJ8GY3qcZjPb7nn2PK8EydGIEdi9KLIsVJ7dLabQVKE2p3rdIjz9vKLwTNlMAkbPhQkfENBqHuAZ3b33YG_YaxVDkRWwqWAE1P32kyMNUSvRmeij8aBcPwQRzxD4tqK9NAQHVCeH2TBSU5wu8YBjs1p_Bac6ZMJDRKhCaz7Bit9UKrqgHLxNcv7pzEm7Fzqw&__tn__=%2CO%2CP-R
Facebook,stormchasersPH,"flood gave me you to show me what’s real ""just aldub my location sir""",Unknown,2025-09-08 16:30,Unknown,https://www.facebook.com/stormchasersPH/posts/pfbid0ckmEwkkJRPJRchwnTdwsTr6M9xcwr6YYQCAe7NJHhd9AZGi4uA51B5cMLnsTeZjHl?__cft__[0]=AZWO-OqPL-At3-tIq67Yp-FfgbuNp7xjP-aUAZQVgXnL3hGuizE4kZWZPJejrBqneQNJHFZ8WbwbfEwwkc04_kTgUnFFJdBvkSZJbqHOi1i_WDbPL-1ZTpaI7jwxMy_2hGVxTgmKrVxmR3sc4xNYG2dmPX8LAODYxXhxa6jjwJXajx_1PMpSKptESr8nk1xhNQ0&__tn__=%2CO%2CP-R
Facebook,UNTVNewsRescue,"Sen. Ronald “Bato” dela Rosa voiced his worries about the safety of the Discasya couple after they disclosed the names of individuals who received kickbacks from government flood control projects mired in controversy.
The senator also expressed concerns that some leftist groups may take advantage of the issue, which may later result in unrest, like what is happening in Indonesia. Sen. Ronald “Bato” dela Rosa voiced his worries about the safety of the Discasya couple after they disclosed the names of individuals who received kickbacks from government flood control projects mired in controversy. The senator also expressed concerns that some leftist groups may take advantage of the issue, which may later result in unrest, like what is happening in Indonesia.",Unknown,2025-09-08 16:30,Unknown,https://www.facebook.com/UNTVNewsRescue/posts/pfbid02DvUqayw1aU17nhAvgHgkvUVpsqsuoBce3jP1H97T395QXLdnrzN6u354j4TzytvLl?__cft__[0]=AZV3HOJzTep8TMzYT-lWvn5SQDqXdpoXrrq9xN6BQbCTUaF7Lyv9ZXCNOIoCS_RiSjVN7T-MyA_sMqr6TPrZGFXShPi0VzxGE0fxllMHcxF_EhDX1f5lwRDlRCkzy9KOdvzbHE9xOlsKz6HcD4-j9cAJQVw9sgZmHCcSzD9lza7zIW4xg7uoxePgLWpqygl3GpY&__tn__=%2CO%2CP-R
Facebook,mprsdcdo,"Rainfall Advisory No. 4 Amendment #MINPRSD
Weather System: Easterlies 
Issued at 04:00 PM 08 September 2025
Light to Moderate rains are expected over #Sulu, #DinagatIslands, #Bukidnon(Dangcagan, DonCarlos, Quezon, Maramag, Kalilangan, Pangantucan, SanFernando, Cabanglasan, Baungon, Libona), #DavaoDelNorte(BraulioE.Dujali, CityOfTagum, SantoTomas, Talaingod, Kapalong), #DavaoDeOro(Pantukan, Mabini, Maragusan, Maco, Mawab, NewBataan), #Sarangani(Glan, Malapatan, Alabel, Malungon), #MisamisOriental(Claveria, Balingasag, Jasaan, CagayanDeOroCity, Kinoguitan, Balingoan, Talisayan, Salay, Lagonglong, Sugbongcogon, Binuangan, Medina, GingoogCity, Opol), #ZamboangaDelNorte(Tampilisan, Godod, Salug, Liloy, LeonB.Postigo, Siayan, SergioOsmeñaSr., Sindangan, Mutia, JoseDalman, Manukan, Pres.ManuelA.Roxas, Katipunan, DipologCity, Polanco, Piñan, DapitanCity, Sibutad, Rizal, LaLibertad), #LanaoDelNorte, #AgusanDelSur(Loreto, Veruela, SantaJosefa, Trento, Bunawan), #DavaoOriental(Boston, Cateel, Baganga), #SurigaoDelNorte(SiargaoIsland, Socorro), #ZamboangaDelSur(Tigbao, Labangan, Tukuran, Lakewood, Bayog, Aurora, RamonMagsaysay, Sominot, Midsalip, Tambulig, Mahayag, Dumingag, Molave, Josefina) and #MisamisOccidental within the next 1-2 hours.
Moderate to occasionally heavy rains affecting #ZamboangaCity, #Basilan, #TawiTawi, #LanaoDelSur, #CotabatoCity, #NorthCotabato, #Bukidnon(Damulog, Kibawe, Kadingilan, Kitaotao, CityOfValencia, Lantapan, CityOfMalaybalay, Sumilao, ManoloFortich, Malitbog, ImpasugOng, Talakag), #DavaoDelNorte(CityOfSamal, Carmen, CityOfPanabo, NewCorella, SanIsidro, Asuncion), #DavaoCity, #DavaoDeOro(Nabunturan, Compostela, Montevista, Monkayo, Laak), #ZamboangaSibugay, #SultanKudarat, #Sarangani(Maasim, Kiamba, Maitum), #SouthCotabato, #ZamboangaDelNorte(Sibuco, Sirawai, Siocon, Baliguian, Kalawit, Gutalac, Labason), #DavaoDelSur, #MaguindanaoDelNorte, #MaguindanaoDelSur, #ZamboangaDelSur(Tabina, Pitogo, VincenzoA.Sagun, Dimataling, Margosatubig, Dinas, SanPablo, SanMiguel, Guipos, Kumalarang, Dumalinao, PagadianCity and Lapuyan) which may persist within 2-3 hours and may affect nearby areas.
The public and the Disaster Risk Reduction and Management Offices concerned are advised to MONITOR the weather condition and watch for the next warning to be issued at 05:00 PM Today. Rainfall Advisory No. 4 Amendment #MINPRSD Weather System: Easterlies Issued at 04:00 PM 08 September 2025 Light to Moderate rains are expected over #Sulu, #DinagatIslands, #Bukidnon(Dangcagan, DonCarlos, Quezon, Maramag, Kalilangan, Pangantucan, SanFernando, Cabanglasan, Baungon, Libona), #DavaoDelNorte(BraulioE.Dujali, CityOfTagum, SantoTomas, Talaingod, Kapalong), #DavaoDeOro(Pantukan, Mabini, Maragusan, Maco, Mawab, NewBataan), #Sarangani(Glan, Malapatan, Alabel, Malungon), #MisamisOriental(Claveria, Balingasag, Jasaan, CagayanDeOroCity, Kinoguitan, Balingoan, Talisayan, Salay, Lagonglong, Sugbongcogon, Binuangan, Medina, GingoogCity, Opol), #ZamboangaDelNorte(Tampilisan, Godod, Salug, Liloy, LeonB.Postigo, Siayan, SergioOsmeñaSr., Sindangan, Mutia, JoseDalman, Manukan, Pres.ManuelA.Roxas, Katipunan, DipologCity, Polanco, Piñan, DapitanCity, Sibutad, Rizal, LaLibertad), #LanaoDelNorte, #AgusanDelSur(Loreto, Veruela, SantaJosefa, Trento, Bunawan), #DavaoOriental(Boston, Cateel, Baganga), #SurigaoDelNorte(SiargaoIsland, Socorro), #ZamboangaDelSur(Tigbao, Labangan, Tukuran, Lakewood, Bayog, Aurora, RamonMagsaysay, Sominot, Midsalip, Tambulig, Mahayag, Dumingag, Molave, Josefina) and #MisamisOccidental within the next 1-2 hours. Moderate to occasionally heavy rains affecting #ZamboangaCity, #Basilan, #TawiTawi, #LanaoDelSur, #CotabatoCity, #NorthCotabato, #Bukidnon(Damulog, Kibawe, Kadingilan, Kitaotao, CityOfValencia, Lantapan, CityOfMalaybalay, Sumilao, ManoloFortich, Malitbog, ImpasugOng, Talakag), #DavaoDelNorte(CityOfSamal, Carmen, CityOfPanabo, NewCorella, SanIsidro, Asuncion), #DavaoCity, #DavaoDeOro(Nabunturan, Compostela, Montevista, Monkayo, Laak), #ZamboangaSibugay, #SultanKudarat, #Sarangani(Maasim, Kiamba, Maitum), #SouthCotabato, #ZamboangaDelNorte(Sibuco, Sirawai, Siocon, Baliguian, Kalawit, Gutalac, Labason), #DavaoDelSur, #MaguindanaoDelNorte, #MaguindanaoDelSur, #ZamboangaDelSur(Tabina, Pitogo, VincenzoA.Sagun, Dimataling, Margosatubig, Dinas, SanPablo, SanMiguel, Guipos, Kumalarang, Dumalinao, PagadianCity and Lapuyan) which may persist within 2-3 hours and may affect nearby areas. The public and the Disaster Risk Reduction and Management Offices concerned are advised to MONITOR the weather condition and watch for the next warning to be issued at 05:00 PM Today.",Unknown,2025-09-08 16:30,Unknown,https://www.facebook.com/mprsdcdo/posts/pfbid02xT6kBCjdtkhhwWSqq9sBhpUV2dPmNpiYSS6kTiNjPD7zHFDVLTgGb2MHX2UMwTw8l?__cft__[0]=AZW80Dyl43dj8nOt1ri1uzZ_bAsoGbxNPWy6fKIHn3wb5IlJK90u7N715B0bPO5wYAdtdePo6NwFpGDgQ49-tm4CESZkgVUNtb2-ckxPuhvXE99rf0yPRe2tsFnsgjF8lw44I5DXuxUb2gduRtfS9gBZugUbN5IjUxwDBZLG6knUZoxXZPCuOYhdmavq7pMDu3w&__tn__=%2CO%2CP-R
Facebook,abscbnNEWS,"Senate President Vicente Sotto III said they will still discuss possible changes of committee chairmanship including the Blue Ribbon Committee.
Sotto added that Sen. Francis Escudero hinted he doesn't want to be minority leader. | via Jekki Pascual, ABS-CBN News Senate President Vicente Sotto III said they will still discuss possible changes of committee chairmanship including the Blue Ribbon Committee. Sotto added that Sen. Francis Escudero hinted he doesn't want to be minority leader. | via Jekki Pascual, ABS-CBN News Papalitan na para mawala ang imbistigasyon sa flood control na sangkot dahil pinangalanan niya,kada may sangkot na mga BBM sa maanomalya ay nagpapalit ng senate president ang administration dahil ba sa mga sangkot mga kaalyado nila?dalawang bisis na nangyari ito",Unknown,2025-09-08 17:00,Unknown,https://www.facebook.com/abscbnNEWS/posts/pfbid0ZNWi3ZVJ92r53bP3UA9wrEG9jRKdoj32k1MBCv2KnzNmCMSjCmhxnGnXjNkqFQttl?__cft__[0]=AZVjTbURLkJfyuUWCkIh1r777R-ZNBP0HMbnIdVonUflIyhNPhpZyNxGiSjFRE5pr0Y_HsedNeJI8eywbgaHgtOlSvkyPOg_8WoABpkYY-Sug6MmSTaajVbcQVZYsOKx94HrPs3hQH1UcESPWUcCsTqI_b0fNB4tD6FKhWl19_Fuxr9WuICCWYZi4Z7PAFasa4k&__tn__=%2CO%2CP-R
Facebook,abscbnNEWS,"Papalitan na para mawala ang imbistigasyon sa flood control na sangkot dahil pinangalanan niya,kada may sangkot na mga BBM sa maanomalya ay nagpapalit ng senate president ang administration dahil ba sa mga sangkot mga kaalyado nila?dalawang bisis na nangyari ito",Unknown,2025-09-08 17:00,Unknown,https://www.facebook.com/abscbnNEWS/posts/pfbid0ZNWi3ZVJ92r53bP3UA9wrEG9jRKdoj32k1MBCv2KnzNmCMSjCmhxnGnXjNkqFQttl?comment_id=1730835104217798&__cft__[0]=AZVjTbURLkJfyuUWCkIh1r777R-ZNBP0HMbnIdVonUflIyhNPhpZyNxGiSjFRE5pr0Y_HsedNeJI8eywbgaHgtOlSvkyPOg_8WoABpkYY-Sug6MmSTaajVbcQVZYsOKx94HrPs3hQH1UcESPWUcCsTqI_b0fNB4tD6FKhWl19_Fuxr9WuICCWYZi4Z7PAFasa4k&__tn__=R-R
Facebook,civildefensedavao,"MINDANAO WEATHER FORECAST #MINPRSD
ISSUED AT: 5:00 PM 08 September 2025
VALID UNTIL: 5:00 PM Tomorrow
SYNOPSIS: Easterlies affecting Mindanao.
TC Information
TROPICAL CYCLONE OUTSIDE PAR AS OF 3:00 PM TODAY
SEVERE TROPICAL STORM TAPAH (FORMERLY ""LANNIE"")
LOCATION: 1095 KM WEST NORTHWEST OF EXTREME NORTHERN LUZON (23.0N, 111.5E)
MAXIMUM SUSTAINED WINDS: 110 KM/H NEAR THE CENTER
GUSTINESS: UP TO 185 KM/H
MOVEMENT: NORTH NORTHWESTWARD AT 30 KM/H
FORECAST:
CARAGA region will have cloudy skies with scattered rains and thunderstorm due to Easterlies. Possible flash floods and landslide due to moderate to at times heavy rains. Rest of Mindanao will be partly cloudy to cloudy with isolated rainshowers and/or thunderstorms due to Easterlies. Light to moderate winds from east to northeast with slight to moderate seas (0.6 to 1.5 meters).
KAUGALINGONG DAYALEKTO:
Ang rehiyon sa CARAGA makasinati sa mapanganuron nga kalangitan inubanan sa katag katag nga pag-ulan, kilat ug pagpanalugdog tungod sa Easterlies. Posible ang pagbaha o pagdahili sa yuta tungod sa kasarangan ngadto na sa usahay nga mga pag-ulan. Ang ubang dapit sa Mindanao makasinati sa panalagsang pagdag-um ngadto na sa mapanganuron nga kalangitan inubanan sa pat-ak pat-ak nga pag-ulan, kilat ug pagpanalugdog tungod sa Easterlies. Hinay ngadto sa kasarangan nga hangin ang magagikan sa silangan ngadto sa amihanang silangang direksyon ug ang kadagatan hapsay ngadto sa kasarangan ang pagbalud (0.6 to 1.5 meters).
Source: Mindanao PRSD MINDANAO WEATHER FORECAST #MINPRSD ISSUED AT: 5:00 PM 08 September 2025 VALID UNTIL: 5:00 PM Tomorrow SYNOPSIS: Easterlies affecting Mindanao. TC Information TROPICAL CYCLONE OUTSIDE PAR AS OF 3:00 PM TODAY SEVERE TROPICAL STORM TAPAH (FORMERLY ""LANNIE"") LOCATION: 1095 KM WEST NORTHWEST OF EXTREME NORTHERN LUZON (23.0N, 111.5E) MAXIMUM SUSTAINED WINDS: 110 KM/H NEAR THE CENTER GUSTINESS: UP TO 185 KM/H MOVEMENT: NORTH NORTHWESTWARD AT 30 KM/H FORECAST: CARAGA region will have cloudy skies with scattered rains and thunderstorm due to Easterlies. Possible flash floods and landslide due to moderate to at times heavy rains. Rest of Mindanao will be partly cloudy to cloudy with isolated rainshowers and/or thunderstorms due to Easterlies. Light to moderate winds from east to northeast with slight to moderate seas (0.6 to 1.5 meters). KAUGALINGONG DAYALEKTO: Ang rehiyon sa CARAGA makasinati sa mapanganuron nga kalangitan inubanan sa katag katag nga pag-ulan, kilat ug pagpanalugdog tungod sa Easterlies. Posible ang pagbaha o pagdahili sa yuta tungod sa kasarangan ngadto na sa usahay nga mga pag-ulan. Ang ubang dapit sa Mindanao makasinati sa panalagsang pagdag-um ngadto na sa mapanganuron nga kalangitan inubanan sa pat-ak pat-ak nga pag-ulan, kilat ug pagpanalugdog tungod sa Easterlies. Hinay ngadto sa kasarangan nga hangin ang magagikan sa silangan ngadto sa amihanang silangang direksyon ug ang kadagatan hapsay ngadto sa kasarangan ang pagbalud (0.6 to 1.5 meters). Source: Mindanao PRSD",Unknown,2025-09-08 17:00,Unknown,https://www.facebook.com/civildefensedavao/posts/pfbid02FWDXhzGbZzTHNegFdkzofYFByjVWnEZyTPsbuQAdCi9a3hc8a2L6hUD6kJHx33dzl?__cft__[0]=AZWnkHUtXiwdmSRBb8xfMZO_76SjMm43e4iMdQg9M7jVtZiXhSmzmLv9RiOBKKYMg7QvOraNtcKc4kxrBhRxg03ImKrhWjmKX7Sip0_zgsVfsP4y_l2KqCTWXKi7LX04YPvl4U1LFryf9fTP53htK3wNFL9FpjZUz5P4_6nsuFnikBzLpkBNCGFQ1-Mjre_ByDc&__tn__=%2CO%2CP-R
Facebook,DavaoDRRMO,"𝐂𝐃𝐑𝐑𝐌𝐎-𝐎𝐏𝐂𝐄𝐍 𝐀𝐃𝐕𝐈𝐒𝐎𝐑𝐘 𝐅𝐎𝐑 𝐂𝐎𝐀𝐒𝐓𝐀𝐋 𝐁𝐀𝐑𝐀𝐍𝐆𝐀𝐘𝐒:
Issued at 04:25 PM | September 08, 2025
September 09, 2025
High Tide: 06:25 AM
1.89 m (6.20 ft)
High tide sea level conditions with a depth of 1.89 m (6.20 ft) will occur tomorrow at 06:25 AM (peak time). Coastal waters will be slight to moderate, with light to moderate winds from the east to northeast.
CDRRMO-OPCEN advised 𝐀𝐋𝐋 𝐁𝐀𝐑𝐀𝐍𝐆𝐀𝐘𝐒 situated along the coastline to pre-position their resources, alert the communities, closely monitor the coastal areas, and conduct preemptive evacuation 𝐈𝐅 𝐍𝐄𝐂𝐄𝐒𝐒𝐀𝐑𝐘.
#𝗣𝘂𝗯𝗹𝗶𝗰𝗔𝗱𝘃𝗶𝘀𝗼𝗿𝘆
#𝗗𝗮𝘃𝗮𝗼𝗖𝗶𝘁𝘆𝗗𝗥𝗥𝗠𝗢 𝐂𝐃𝐑𝐑𝐌𝐎-𝐎𝐏𝐂𝐄𝐍 𝐀𝐃𝐕𝐈𝐒𝐎𝐑𝐘 𝐅𝐎𝐑 𝐂𝐎𝐀𝐒𝐓𝐀𝐋 𝐁𝐀𝐑𝐀𝐍𝐆𝐀𝐘𝐒: Issued at 04:25 PM | September 08, 2025 September 09, 2025 High Tide: 06:25 AM 1.89 m (6.20 ft) High tide sea level conditions with a depth of 1.89 m (6.20 ft) will occur tomorrow at 06:25 AM (peak time). Coastal waters will be slight to moderate, with light to moderate winds from the east to northeast. CDRRMO-OPCEN advised 𝐀𝐋𝐋 𝐁𝐀𝐑𝐀𝐍𝐆𝐀𝐘𝐒 situated along the coastline to pre-position their resources, alert the communities, closely monitor the coastal areas, and conduct preemptive evacuation 𝐈𝐅 𝐍𝐄𝐂𝐄𝐒𝐒𝐀𝐑𝐘. #𝗣𝘂𝗯𝗹𝗶𝗰𝗔𝗱𝘃𝗶𝘀𝗼𝗿𝘆 #𝗗𝗮𝘃𝗮𝗼𝗖𝗶𝘁𝘆𝗗𝗥𝗥𝗠𝗢 ...taOb ugma dele ko maligo og dagat",Unknown,2025-09-08 17:00,Unknown,https://www.facebook.com/DavaoDRRMO/posts/pfbid031oiHmbK869XVQRrCjTP6AJE2qYQn9CD1HersChkNYtrgDWqwuAn1KQBNC5utZnbAl?__cft__[0]=AZXZC38aFqeFB-uzy471vRAe3tP23g73-nbpQqESVW2hE6WP6BA0IZKjwQXLnajOx8yNnUomEfYhkDxqowJQq0PHlin8gEiuCQs3Wn24dSU2oKV6TrwgjL1BOzJsHIAs0EERddMpUK75NvVn-z7S3AuURW1Ak3B0w3_BF7hpVYYcjaH8SZkD_wU2Ui7jK5k9QtQ&__tn__=%2CO%2CP-R
Facebook,sunstarphilippines,The People’s Coalition for Good Governance has urged Bacolodnons to join them in demanding transparency and accountability on the flood control issue in the country. The People’s Coalition for Good Governance has urged Bacolodnons to join them in demanding transparency and accountability on the flood control issue in the country.,Unknown,2025-09-08 17:00,Unknown,https://www.facebook.com/SunStarPhilippines/posts/pfbid0MWGeB7WViN9r5VQdLDGtLBFSxZwDhQc6mX7yh1s9hVSxyJUtD982Y4MjHQQAFuTTl?__cft__[0]=AZXDNzTzAHx0f1a4gu18-oF9Pm38-wBy4t-DlIgghOPigC1hXMpYwRqPYq5nqkKWpGBK0cDars4I6ZyhYKLNbXkwHDXm2BVgeDPTQ4x7v15SkhA-OBaSQ_gtHRd_DYVLFULj8lQHgTIbAGCGpyL0pzf6S0hvO3b28nCG-x4RpYLYMaILHCTRBM5QQqB-wNGeAew&__tn__=%2CO%2CP-R
Facebook,mprsdcdo,"MINDANAO WEATHER FORECAST #MINPRSD
ISSUED AT: 5:00 PM 08 September 2025
VALID UNTIL: 5:00 PM Tomorrow
SYNOPSIS: Easterlies affecting Mindanao.
TC Information
TROPICAL CYCLONE OUTSIDE PAR AS OF 3:00 PM TODAY
SEVERE TROPICAL STORM TAPAH (FORMERLY ""LANNIE"")
LOCATION: 1095 KM WEST NORTHWEST OF EXTREME NORTHERN LUZON (23.0°N, 111.5°E)
MAXIMUM SUSTAINED WINDS: 110 KM/H NEAR THE CENTER
GUSTINESS: UP TO 185 KM/H
MOVEMENT: NORTH NORTHWESTWARD AT 30 KM/H
FORECAST:
CARAGA region will have cloudy skies with scattered rains and thunderstorm due to Easterlies. Possible flash floods and landslide due to moderate to at times heavy rains. Rest of Mindanao will be partly cloudy to cloudy with isolated rainshowers and/or thunderstorms due to Easterlies. Light to moderate winds from east to northeast with slight to moderate seas (0.6 to 1.5 meters).
KAUGALINGONG DAYALEKTO:
Ang rehiyon sa CARAGA makasinati sa mapanganuron nga kalangitan inubanan sa katag katag nga pag-ulan, kilat ug pagpanalugdog tungod sa Easterlies. Posible ang pagbaha o pagdahili sa yuta tungod sa kasarangan ngadto na sa usahay nga mga pag-ulan. Ang ubang dapit sa Mindanao makasinati sa panalagsang pagdag-um ngadto na sa mapanganuron nga kalangitan inubanan sa pat-ak pat-ak nga pag-ulan, kilat ug pagpanalugdog tungod sa Easterlies. Hinay ngadto sa kasarangan nga hangin ang magagikan sa silangan ngadto sa amihanang silangang direksyon ug ang kadagatan hapsay ngadto sa kasarangan ang pagbalud (0.6 to 1.5 meters).
OVER LAGUINDINGAN UPPER AIR AND SYNOPTIC STATION, MISAMIS ORIENTAL
Maximum Temperature: 09:00 AM Today --- 27.2 °C
Minimum Temperature: 12:00 NOON Today --- 24.0 °C
Maximum Relative Humidity: 12:00 NOON Today --- 97 %
Minimum Relative Humidity: 08:00 AM Today -- 81 %
ASTRONOMICAL INFORMATION OVER EL SALVADOR CITY
Sunset Today : 05:46 PM
Sunrise Tomorrow: 05:33 AM
Moonrise Today : 06:13 PM
Moonset Tomorrow : 06:36 AM
For more information and queries, please call at telephone number (088) 555-0485 local 102
Mindanao PRSD Website: https://www.pagasa.dost.gov.ph/regional-forecast/minprsd
Mindanao PRSD Facebook Account: https://www.facebook.com/mprsdcdo
Facebook Group: https://www.facebook.com/groups/MINDANAO.PRSD
www.pagasa.dost.gov.ph MINDANAO WEATHER FORECAST #MINPRSD ISSUED AT: 5:00 PM 08 September 2025 VALID UNTIL: 5:00 PM Tomorrow SYNOPSIS: Easterlies affecting Mindanao. TC Information TROPICAL CYCLONE OUTSIDE PAR AS OF 3:00 PM TODAY SEVERE TROPICAL STORM TAPAH (FORMERLY ""LANNIE"") LOCATION: 1095 KM WEST NORTHWEST OF EXTREME NORTHERN LUZON (23.0°N, 111.5°E) MAXIMUM SUSTAINED WINDS: 110 KM/H NEAR THE CENTER GUSTINESS: UP TO 185 KM/H MOVEMENT: NORTH NORTHWESTWARD AT 30 KM/H FORECAST: CARAGA region will have cloudy skies with scattered rains and thunderstorm due to Easterlies. Possible flash floods and landslide due to moderate to at times heavy rains. Rest of Mindanao will be partly cloudy to cloudy with isolated rainshowers and/or thunderstorms due to Easterlies. Light to moderate winds from east to northeast with slight to moderate seas (0.6 to 1.5 meters). KAUGALINGONG DAYALEKTO: Ang rehiyon sa CARAGA makasinati sa mapanganuron nga kalangitan inubanan sa katag katag nga pag-ulan, kilat ug pagpanalugdog tungod sa Easterlies. Posible ang pagbaha o pagdahili sa yuta tungod sa kasarangan ngadto na sa usahay nga mga pag-ulan. Ang ubang dapit sa Mindanao makasinati sa panalagsang pagdag-um ngadto na sa mapanganuron nga kalangitan inubanan sa pat-ak pat-ak nga pag-ulan, kilat ug pagpanalugdog tungod sa Easterlies. Hinay ngadto sa kasarangan nga hangin ang magagikan sa silangan ngadto sa amihanang silangang direksyon ug ang kadagatan hapsay ngadto sa kasarangan ang pagbalud (0.6 to 1.5 meters). OVER LAGUINDINGAN UPPER AIR AND SYNOPTIC STATION, MISAMIS ORIENTAL Maximum Temperature: 09:00 AM Today --- 27.2 °C Minimum Temperature: 12:00 NOON Today --- 24.0 °C Maximum Relative Humidity: 12:00 NOON Today --- 97 % Minimum Relative Humidity: 08:00 AM Today -- 81 % ASTRONOMICAL INFORMATION OVER EL SALVADOR CITY Sunset Today : 05:46 PM Sunrise Tomorrow: 05:33 AM Moonrise Today : 06:13 PM Moonset Tomorrow : 06:36 AM For more information and queries, please call at telephone number (088) 555-0485 local 102 Mindanao PRSD Website: https://www.pagasa.dost.gov.ph/regional-forecast/minprsd Mindanao PRSD Facebook Account: https://www.facebook.com/mprsdcdo Facebook Group: https://www.facebook.com/groups/MINDANAO.PRSD www.pagasa.dost.gov.ph",Unknown,2025-09-08 17:00,Unknown,https://www.facebook.com/mprsdcdo/
Facebook,#EarthquakePH,"#EarthquakePH #EarthquakeDavaoOccidental
Earthquake Information No.1
Date and Time: 08 September 2025 - 04:23 PM
Magnitude = 2.6
Depth = 023 km
Location = 06.48°N, 125.86°E - 029 km N 75° E of Malita (Davao Occidental)
https://earthquake.phivolcs.dost.gov.ph/.../2025_0908... #EarthquakePH #EarthquakeDavaoOccidental Earthquake Information No.1 Date and Time: 08 September 2025 - 04:23 PM Magnitude = 2.6 Depth = 023 km Location = 06.48°N, 125.86°E - 029 km N 75° E of Malita (Davao Occidental) https://earthquake.phivolcs.dost.gov.ph/.../2025_0908...",Unknown,2025-09-08 17:00,Unknown,https://www.facebook.com/PHIVOLCS/posts/pfbid02A2rQiGedZrk34Lmu1PoNvtSxy5Pw8zSzf8rgQiLCYErSrvUvn7rqfm4LMGi6rtTol?__cft__[0]=AZXTbQrpWF_DC_kkrxUCbwFKMF0w6FY9-4qdmD9c32bxHFMn8baQeqDlpUdyF1e2JALJ_Z6lGTppscfHZTSQnCOyWSqVRO5V9Q9n77qFyYL3p5TMldRzvGnOTzFPY3dzg4VsRP5dBD7P5TNmBB2YveCFr97TJhYWXaZVLL20qkZeVC8vtvc3nPzZk04eNDby8pc&__tn__=%2CO%2CP-R
Facebook,#FireAlert,"Fire Alert Brgy 23-C Purok 4-B isla verde at the point 2:47Am 08 Sept. 2025
#highlighteveryone
#FireAlert
#DavaoCity Fire Alert Brgy 23-C Purok 4-B isla verde at the point 2:47Am 08 Sept. 2025 #highlighteveryone #FireAlert #DavaoCity",Unknown,2025-09-08 17:00,Unknown,https://www.facebook.com/hashtag/FireAlert
Facebook,abscbnNEWS,"WATCH: DPWH Secretary Vince Dizon says he will leave talks of congressional insertions and lawmakers involved to the independent commission to be formed by Malacañang.
That’s as he cites the nearly 100 reported ghost or substandard flood control projects he needs to focus on. | via Andrea Taguines, ABS-CBN News WATCH: DPWH Secretary Vince Dizon says he will leave talks of congressional insertions and lawmakers involved to the independent commission to be formed by Malacañang. That’s as he cites the nearly 100 reported ghost or substandard flood control projects he needs to focus on. | via Andrea Taguines, ABS-CBN News Ban all Those involve said GHOST at SUB STANDARD",Unknown,2025-09-08 17:30,Unknown,https://www.facebook.com/abscbnNEWS/
Facebook,BFPRHQ11,"BFP 11 FLAG RAISING CEREMONY HIGHLIGHTS INTEGRITY AND INNOVATION | The Bureau of Fire Protection Region 11 held its flag-raising ceremony today with FINSP JERICK GOROSPE RIQUELMAN as the Troop Information and Education Speaker, attended by firefighters from the Regional Headquarters and Davao City Fire District (DCFD).
In his message, FINSP RIQUELMAN, a licensed civil engineer and firefighter, emphasized that both engineering and firefighting share the same mission—to protect lives and build safer communities. He stressed that while tradition instills discipline, innovation brings progress, especially in addressing modern challenges such as high-rise fires, urban disasters, and climate change.
He also reminded everyone that “a public office is a public trust,” underscoring the importance of integrity and accountability in public service. Highlighting the Honor Code, he called on BFP personnel to embrace innovation with honesty, responsibility, and service at the core. BFP 11 FLAG RAISING CEREMONY HIGHLIGHTS INTEGRITY AND INNOVATION | The Bureau of Fire Protection Region 11 held its flag-raising ceremony today with FINSP JERICK GOROSPE RIQUELMAN as the Troop Information and Education Speaker, attended by firefighters from the Regional Headquarters and Davao City Fire District (DCFD). In his message, FINSP RIQUELMAN, a licensed civil engineer and firefighter, emphasized that both engineering and firefighting share the same mission—to protect lives and build safer communities. He stressed that while tradition instills discipline, innovation brings progress, especially in addressing modern challenges such as high-rise fires, urban disasters, and climate change. He also reminded everyone that “a public office is a public trust,” underscoring the importance of integrity and accountability in public service. Highlighting the Honor Code, he called on BFP personnel to embrace innovation with honesty, responsibility, and service at the core.",Unknown,2025-09-08 17:30,Unknown,https://www.facebook.com/BFPRHQ11/posts/pfbid0224Zms9DXwVzgsWMJ1zwKuPE4yTCECKgC7spKkRfKn4q31vgAM8eSR2pseSTUPdDAl?__cft__[0]=AZUg92IBFYP3ALFmU8GxG33PPx2N5HmavF0_P-dN8iUYpGMpdl0rF9-d9SaUIC4LzkY7eN-ia9xJy2liHLKzGV3OBs7AzGh1sDkLHByFVevh4cIvu3hmUoMbdgZUEjDcSNCzOvvonckY2ST_-HWAlac6oDKj0_mcHRlLL00f13tIfFBfEpDuqd_NBtVKWhI9SyQmDvn8JArSjXcW1E4LeDyH&__tn__=%2CO%2CP-R
Facebook,civildefensedavao,"Rainfall Advisory No. 5  #MINPRSD
Weather System: Easterlies 
Issued at 05:00 PM 08 September 2025
Light to Moderate rains are expected over Davao De Oro(Pantukan, Mabini, Maragusan, NewBataan), Davao Oriental(Boston, Cateel, Baganga), Davao Occidental (SantaMaria), within the next 1-2 hours.
Moderate to occasionally heavy rains affecting Davao City, Davao De Oro(Mawab, Nabunturan, Compostela, Montevista, Monkayo, Laak, Maco), DavaoDelSur, Davao Del Norte, which may persist within 2-3 hours and may affect nearby areas.
The public and the Disaster Risk Reduction and Management Offices concerned are advised to MONITOR the weather condition and watch for the next warning to be issued at 08:00 PM Today.  Source: Mindanao PRSD Rainfall Advisory No. 5  #MINPRSD Weather System: Easterlies Issued at 05:00 PM 08 September 2025 Light to Moderate rains are expected over Davao De Oro(Pantukan, Mabini, Maragusan, NewBataan), Davao Oriental(Boston, Cateel, Baganga), Davao Occidental (SantaMaria), within the next 1-2 hours. Moderate to occasionally heavy rains affecting Davao City, Davao De Oro(Mawab, Nabunturan, Compostela, Montevista, Monkayo, Laak, Maco), DavaoDelSur, Davao Del Norte, which may persist within 2-3 hours and may affect nearby areas. The public and the Disaster Risk Reduction and Management Offices concerned are advised to MONITOR the weather condition and watch for the next warning to be issued at 08:00 PM Today.  Source: Mindanao PRSD",Unknown,2025-09-08 17:30,Unknown,https://www.facebook.com/civildefensedavao/posts/pfbid0314MbMu3Vgms7nyLN4xSudbkpBtGiCcB1PUnLmVAKTTQwDCikV6wZLjQQ7Ef927fRl?__cft__[0]=AZWWkwdnzWENeDEiO3ZE3LDbB58N1KMj7wEkd8NKY6QTvO8g14DLPWTpKAO-OHlkB6nUI7wp1l7zRlfdeTz9Nu8Tp7tQXlj1jaPIYqJrv4zCYSdsMEhqiaXdC4iE0j26IhSImUOgfvA0AslI19-Ovh4kMTRtG6zt805j7PhEt8azm66vbN8YYglKI7EWCOvK2fo&__tn__=%2CO%2CP-R
Facebook,pagasa.dost.gov.ph,"General Flood Advisories 
Issued @6PM, 08 September 2025
Region 4A (CALABARZON) GFA#2
Region 4B (MIMAROPA) GFA#2
Region 5 (Bicol Region) GFA#1
Region 7 (Central Visayas) GFA#2
Region 8 (Eastern Visayas) GFA#2
Region 13 (CARAGA) GFA#2
BARMM GFA#2 General Flood Advisories Issued @6PM, 08 September 2025 Region 4A (CALABARZON) GFA#2 Region 4B (MIMAROPA) GFA#2 Region 5 (Bicol Region) GFA#1 Region 7 (Central Visayas) GFA#2 Region 8 (Eastern Visayas) GFA#2 Region 13 (CARAGA) GFA#2 BARMM GFA#2",Unknown,2025-09-08 17:30,Unknown,https://www.facebook.com/PAGASA.DOST.GOV.PH/posts/pfbid02kTS19SiN28ryuboJdgvynbevB5U6UmQdz2nRfNndW46eXExPDSRr2Mv7MJWP5G2Sl?__cft__[0]=AZUP3PKIp2ioeaiTaJFi_9h295sqHFQ4kLQJ2br0etODwcBj9JToLUi_RUJymsadAkZV6Ys0Ye7I8mslEPcXHbe3rjNk98ZN5jG9PeTNnyrmOkXkBx_gRJ0JuDCWyllFZ87Ov_KnklbSq6NcRO9EfPL2DvKYWUp8VG9efrfocLCzMlDqhjTAHFKEa4JN76jTVs8&__tn__=%2CO%2CP-R
Facebook,PHIVOLCS,"#EarthquakePH #EarthquakeAurora
#iFelt_AuroraEarthquake
Earthquake Information No.1
Date and Time: 08 September 2025 - 04:55 PM
Magnitude = 3.6
Depth = 015 km
Location = 16.33°N, 122.14°E - 006 km N 17° E of Casiguran (Aurora)
Instrumental Intensity: 
Intensity II - Casiguran, AURORA
https://earthquake.phivolcs.dost.gov.ph/.../2025_0908... #EarthquakePH #EarthquakeAurora #iFelt_AuroraEarthquake Earthquake Information No.1 Date and Time: 08 September 2025 - 04:55 PM Magnitude = 3.6 Depth = 015 km Location = 16.33°N, 122.14°E - 006 km N 17° E of Casiguran (Aurora) Instrumental Intensity: Intensity II - Casiguran, AURORA https://earthquake.phivolcs.dost.gov.ph/.../2025_0908... Ingat",Unknown,2025-09-08 17:30,Unknown,https://www.facebook.com/PHIVOLCS/posts/pfbid02MeTfrKrXkUERx8dw1xB7mD5JjdV9e3JtPWMhBcWSoikrP1vhRFVFxTYjvmPdMPXwl?__cft__[0]=AZX7sgj1XAwhh_5QF12qb6qcuUdykMyCdRH0PrbHS6SoIEJ-0OMort6_QLpkipXaMBEsEWpo2-sODGP16j9HzQt_4aWZYPEmQo8sXew_aFO9ilciid1rVZyhbWY02z71I3d5pLAxVcXyexe7seVl6Lr3DE_NGGsFahtXaNxKnnoYyp8T-hIkkiKhmiEiiIg8AE4&__tn__=%2CO%2CP-R
Facebook,rapplerdotcom,"During the Senate probe on Monday, September 6, spouses Curlee and Sarah Discaya tagged several lawmakers and DPWH engineers as having demanded  alleged kickbacks tied to flood control projects.
Rappler multimedia reporter James Patrick Cruz recaps the third Senate hearing on anomalous flood control projects. Watch here: During the Senate probe on Monday, September 6, spouses Curlee and Sarah Discaya tagged several lawmakers and DPWH engineers as having demanded  alleged kickbacks tied to flood control projects. Rappler multimedia reporter James Patrick Cruz recaps the third Senate hearing on anomalous flood control projects. Watch here:",Unknown,2025-09-08 17:30,Unknown,https://www.facebook.com/rapplerdotcom/posts/pfbid0k6gYSvaFDjyUgusU4ySNKnaYGEuA6bC9fAx2qMQVDJXdo7xFq3bnxnTTZgcuSt57l?__cft__[0]=AZXcrjtRrM9tL2Wil1LTFEkMCEIZci4CAKUBPV99dz3lV5vFMrZZRfSJ5eZVKZumXOC8F18K_YH-2pnYyyjHPL8RYSIhXF8SUP10pfcZBE2BjraPQyJAvBuFlEbYNc0oQ0fp1HH91nS7xL-jxYoZGHKhr30s59DZiP1wfMF0QlO_5966VuTHL_XnOXZAuic_9EQ&__tn__=%2CO%2CP-R
Facebook,mprsdcdo,"Rainfall Advisory No. 5  #MINPRSD
Weather System: Easterlies 
Issued at 05:00 PM 08 September 2025
Light to Moderate rains are expected over #Sulu, #Bukidnon(Sumilao, ImpasugOng, Baungon, Libona, ManoloFortich, Malitbog), #DavaoDeOro(Pantukan, Mabini, Maragusan, NewBataan), #MisamisOriental(Balingasag, Kinoguitan, Salay, Lagonglong, Sugbongcogon, Binuangan, Claveria, GingoogCity), #DavaoOriental(Boston, Cateel, Baganga), #LanaoDelSur(LumbacaUnayan, SultanDumalondong, Tubaran, Lumbatan, Lumbayanague, Bayang, Pagayawan, Binidayan, Ganassi, Masiu, Pualas, PoonaBayabao, Tamparan, Taraka, Madamba, BacolodKalawi, Mulondo, Tugaya, Balindong, Madalum, BuadiposoBuntong, Marantao, DitsaanRamain, Bubong, Piagapo, MarawiCity, Saguiaran, Kapai, TagoloanII), #LanaoDelNorte(Lala, Kapatagan, SultanNagaDimaporo, Sapad, Nunungan), #Sarangani(Maitum, Kiamba, Maasim, Malungon), #SouthCotabato(T'Boli, Tupi, Tampakan), #DavaoOccidental(SantaMaria), #ZamboangaDelNorte, #MisamisOccidental, #Camiguin, #AgusanDelSur(Sibagat), #AgusanDelNorte(CityOfCabadbaran, RemediosT.Romualdez, ButuanCity), #SurigaoDelSur(SanMiguel, Carmen, Lanuza, Lingig and CityOfBislig) within the next 1-2 hours.
Moderate to occasionally heavy rains affecting #ZamboangaCity, #Basilan, #TawiTawi, #CotabatoCity, #NorthCotabato, #Bukidnon(Damulog, Kibawe, Kadingilan, Dangcagan, Kitaotao, DonCarlos, Quezon, Maramag, Kalilangan, Pangantucan, SanFernando, CityOfValencia, Cabanglasan, Lantapan, CityOfMalaybalay, Talakag), #DavaoCity, #DavaoDeOro(Mawab, Nabunturan, Compostela, Montevista, Monkayo, Laak, Maco), #SultanKudarat, #DavaoDelSur, #AgusanDelSur(Loreto, Veruela, SantaJosefa, Trento, Bunawan), #MaguindanaoDelNorte, #MaguindanaoDelSur, #LanaoDelSur(Kapatagan, Balabagan, Marogong, Malabang, Wao, Picong, Calanogas, Butig, LumbaBayabao, Bumbaran, Maguing), #DavaoDelNorte, #SouthCotabato(Norala, SantoNiño, Tantangan, CityOfKoronadal, Banga, LakeSebu, Surallah), #ZamboangaSibugay and #ZamboangaDelSur which may persist within 2-3 hours and may affect nearby areas.
The public and the Disaster Risk Reduction and Management Offices concerned are advised to MONITOR the weather condition and watch for the next warning to be issued at 08:00 PM Today. Rainfall Advisory No. 5  #MINPRSD Weather System: Easterlies Issued at 05:00 PM 08 September 2025 Light to Moderate rains are expected over #Sulu, #Bukidnon(Sumilao, ImpasugOng, Baungon, Libona, ManoloFortich, Malitbog), #DavaoDeOro(Pantukan, Mabini, Maragusan, NewBataan), #MisamisOriental(Balingasag, Kinoguitan, Salay, Lagonglong, Sugbongcogon, Binuangan, Claveria, GingoogCity), #DavaoOriental(Boston, Cateel, Baganga), #LanaoDelSur(LumbacaUnayan, SultanDumalondong, Tubaran, Lumbatan, Lumbayanague, Bayang, Pagayawan, Binidayan, Ganassi, Masiu, Pualas, PoonaBayabao, Tamparan, Taraka, Madamba, BacolodKalawi, Mulondo, Tugaya, Balindong, Madalum, BuadiposoBuntong, Marantao, DitsaanRamain, Bubong, Piagapo, MarawiCity, Saguiaran, Kapai, TagoloanII), #LanaoDelNorte(Lala, Kapatagan, SultanNagaDimaporo, Sapad, Nunungan), #Sarangani(Maitum, Kiamba, Maasim, Malungon), #SouthCotabato(T'Boli, Tupi, Tampakan), #DavaoOccidental(SantaMaria), #ZamboangaDelNorte, #MisamisOccidental, #Camiguin, #AgusanDelSur(Sibagat), #AgusanDelNorte(CityOfCabadbaran, RemediosT.Romualdez, ButuanCity), #SurigaoDelSur(SanMiguel, Carmen, Lanuza, Lingig and CityOfBislig) within the next 1-2 hours. Moderate to occasionally heavy rains affecting #ZamboangaCity, #Basilan, #TawiTawi, #CotabatoCity, #NorthCotabato, #Bukidnon(Damulog, Kibawe, Kadingilan, Dangcagan, Kitaotao, DonCarlos, Quezon, Maramag, Kalilangan, Pangantucan, SanFernando, CityOfValencia, Cabanglasan, Lantapan, CityOfMalaybalay, Talakag), #DavaoCity, #DavaoDeOro(Mawab, Nabunturan, Compostela, Montevista, Monkayo, Laak, Maco), #SultanKudarat, #DavaoDelSur, #AgusanDelSur(Loreto, Veruela, SantaJosefa, Trento, Bunawan), #MaguindanaoDelNorte, #MaguindanaoDelSur, #LanaoDelSur(Kapatagan, Balabagan, Marogong, Malabang, Wao, Picong, Calanogas, Butig, LumbaBayabao, Bumbaran, Maguing), #DavaoDelNorte, #SouthCotabato(Norala, SantoNiño, Tantangan, CityOfKoronadal, Banga, LakeSebu, Surallah), #ZamboangaSibugay and #ZamboangaDelSur which may persist within 2-3 hours and may affect nearby areas. The public and the Disaster Risk Reduction and Management Offices concerned are advised to MONITOR the weather condition and watch for the next warning to be issued at 08:00 PM Today.",Unknown,2025-09-08 17:30,Unknown,https://www.facebook.com/mprsdcdo/posts/pfbid02GUgL417BNoDmeefqc43ffYzZMZKaQaWwbVbZmwkSrJ8uLE9o95cYMoUWwSzMDfyQl?__cft__[0]=AZVUeBpWRPRKIjGNkElZord6mD2PybxFgq6hV6cihXS6bOybWdf80Li0VsqkTz5CaZZgegLzEHcMFIHSAEnD4IQXHj1GYk-eWFtMGJCdC4Pp6oLs096NxI8vR0sSFgYuRHDVOEdoghPietQdjVKKhayhA6KD-QdOlxZ7r1QqoDFE8Yj6xqyUVgqvkFrdHHcNrXY&__tn__=%2CO%2CP-R
Facebook,#LandslideAlert,"Landslide Temporarily Closes""Likuan sa Bauhugan, Dimiao Road.
Nakakalungkot Naman oh 
 Ang maganda naming kalsada sa Likuan, Dimiao karon dili muna maagian tungod sa landslide. Ang lupa gikan sa bundok mibagsak ug nakabara sa dalan.
Para sa kaluwasan sa tanan, sa mga motorista ug biyahero, please take alternative routes muna samtang wala pa na-clear ang kalsada. Amping kanunay sa inyong byahe! 
#DimiaoUpdate #RoadClosure #StaySafe #LandslideAlert #AlternativeRoute Landslide Temporarily Closes""Likuan sa Bauhugan, Dimiao Road. Nakakalungkot Naman oh 
 Ang maganda naming kalsada sa Likuan, Dimiao karon dili muna maagian tungod sa landslide. Ang lupa gikan sa bundok mibagsak ug nakabara sa dalan. Para sa kaluwasan sa tanan, sa mga motorista ug biyahero, please take alternative routes muna samtang wala pa na-clear ang kalsada. Amping kanunay sa inyong byahe! #DimiaoUpdate #RoadClosure #StaySafe #LandslideAlert #AlternativeRoute",Unknown,2025-09-08 17:30,Unknown,https://www.facebook.com/maloucagalitan.balighot.5/posts/pfbid02cmdrY9tLR3sdWBbPyKs219FfBRRS8b1BHsJPG8Gh7Rwi4EfjrKH6Mza5GEB8fZwXl?__cft__[0]=AZVw1AuAyLcIULg63S673G0XKKC_N3Pgj68MeaDN-Cl95pzVHU7A5tIDge0ACudXD8zZFVZ6lz7C59SPSd3Vo47F0Tacalg6w9VeudWw4m2HcSlqhXq-uts71vp7BPpObk-jLSuzb4bI9cO9tludOhgwRgi3BSLi2idh76y_6yd8YAQYxOqabrM6c7jpETtdjvg&__tn__=%2CO%2CP-R
Facebook,abscbnNEWS,"WATCH: Alas Pilipinas Men's head coach Angiolino Frigoni says he's ""happy"" with how the national team trained, and they ""did everything possible.""
They held a three-country training camp in Europe ahead of the #MWCH2025. #MWCH | via Kennedy Caacbay, ABS-CBN News WATCH: Alas Pilipinas Men's head coach Angiolino Frigoni says he's ""happy"" with how the national team trained, and they ""did everything possible."" They held a three-country training camp in Europe ahead of the #MWCH2025. #MWCH | via Kennedy Caacbay, ABS-CBN News",Unknown,2025-09-08 18:00,Unknown,https://www.facebook.com/abscbnNEWS/
Facebook,DavaoDRRMO,"𝐂𝐃𝐑𝐑𝐌𝐎-𝐎𝐏𝐂𝐄𝐍 𝐖𝐄𝐀𝐓𝐇𝐄𝐑 𝐔𝐏𝐃𝐀𝐓𝐄:
As of 05:28 PM | September 08, 2025
𝐖𝐞𝐚𝐭𝐡𝐞𝐫 𝐒𝐲𝐬𝐭𝐞𝐦: 𝙀𝙖𝙨𝙩𝙚𝙧𝙡𝙞𝙚𝙨
Reported rainfall within the areas of Marilog, Baguio, and Calinan Districts has stopped.
Light rains are being experienced in some areas of Toril District, while other areas of Davao City are experiencing partly cloudy to cloudy skies.
All river channels are monitored at 𝐂𝐎𝐃𝐄 𝐆𝐑𝐄𝐄𝐍 (𝘚𝘢𝘧𝘦 𝘓𝘦𝘷𝘦𝘭).
𝐂𝐎𝐀𝐒𝐓𝐀𝐋 𝐒𝐓𝐀𝐓𝐔𝐒:
> Slight seas
> High tide 
#𝗪𝗲𝗮𝘁𝗵𝗲𝗿𝗨𝗽𝗱𝗮𝘁𝗲
#𝗗𝗮𝘃𝗮𝗼𝗖𝗶𝘁𝘆𝗗𝗥𝗥𝗠𝗢 𝐂𝐃𝐑𝐑𝐌𝐎-𝐎𝐏𝐂𝐄𝐍 𝐖𝐄𝐀𝐓𝐇𝐄𝐑 𝐔𝐏𝐃𝐀𝐓𝐄: As of 05:28 PM | September 08, 2025 𝐖𝐞𝐚𝐭𝐡𝐞𝐫 𝐒𝐲𝐬𝐭𝐞𝐦: 𝙀𝙖𝙨𝙩𝙚𝙧𝙡𝙞𝙚𝙨 Reported rainfall within the areas of Marilog, Baguio, and Calinan Districts has stopped. Light rains are being experienced in some areas of Toril District, while other areas of Davao City are experiencing partly cloudy to cloudy skies. All river channels are monitored at 𝐂𝐎𝐃𝐄 𝐆𝐑𝐄𝐄𝐍 (𝘚𝘢𝘧𝘦 𝘓𝘦𝘷𝘦𝘭). 𝐂𝐎𝐀𝐒𝐓𝐀𝐋 𝐒𝐓𝐀𝐓𝐔𝐒: > Slight seas > High tide #𝗪𝗲𝗮𝘁𝗵𝗲𝗿𝗨𝗽𝗱𝗮𝘁𝗲 #𝗗𝗮𝘃𝗮𝗼𝗖𝗶𝘁𝘆𝗗𝗥𝗥𝗠𝗢",Unknown,2025-09-08 18:00,Unknown,https://www.facebook.com/DavaoDRRMO/posts/1222391189925195?__cft__[0]=AZUCQh_ONQZd3Cj3lm3O5abLZBKhNshFCTLW1OoodMvadEj5xFR6hll-4dOXndfkKhxArHtZCRdlIs5VKgdgaxGKktW3YMjQ_aY-ZvauKThIq8MLCUIOTPx0Y8-dDD4Wgbh9JwPnfBK9dsYcoTu7evP77KwuUDvepK1a9Y6_1-JlugEKtwaD3yBj4iWosr7yTHE&__tn__=%2CO%2CP-R
Facebook,manilabulletin,"If proven that lawmakers and Department of Public Works and Highways (DPWH) officials allegedly involved in the flood control anomalies indeed demanded kickbacks from projects, President Marcos will not let it slide. If proven that lawmakers and Department of Public Works and Highways (DPWH) officials allegedly involved in the flood control anomalies indeed demanded kickbacks from projects, President Marcos will not let it slide.",Unknown,2025-09-08 18:00,Unknown,https://www.facebook.com/ManilaBulletin/posts/1237835135051357?__cft__[0]=AZWZl7Qb07kUSTlCNDQnJojO0C6O7sO1_7O0USd6_ubNLBzG_KBIqcLQ6Q1I-Gc7fDN5tIsUlIU5cmsy7oWGwDPRsos2OdZeFMM6lWCs729izEDrUks6Q5vIwxrl4pf36qQ8LhgQfw6C31HIuVKS0pbZmyLhyc2Q7KbQw4WChLjoUUG7Cm-G3cWJHJUDVFTi7rc&__tn__=%2CO%2CP-R
Facebook,#EarthquakePH,"#EarthquakePH #EarthquakeDavaoOccidental
#iFelt_DavaoOccidentalEarthquake
Earthquake Information No.1
Date and Time: 18 January 2023 - 02:06 PM
Magnitude = 7.3
Depth = 064 km
Location = 02.69°N, 127.05°E - 352 km S 30° E of Sarangani (Davao Occidental)
Instrumental Intensities: 
Intensity II - Don Marcelino, Davao Occidental; Nabunturan, Davao de Oro; Glan and Kiamba, Sarangani; General Santos City, Tupi, Santo Niño, Koronadal City, and T'Boli, South Cotabato 
Intensity I - Kidapawan City, Cotabato; Maitum and Maasim, Sarangani; Tantangan, Lake Sebu, Tampakan, Suralla, and Norala, South Cotabato; Zamboanga City, Zamboanga del Sur
https://earthquake.phivolcs.dost.gov.ph/.../2023_0118... #EarthquakePH #EarthquakeDavaoOccidental #iFelt_DavaoOccidentalEarthquake Earthquake Information No.1 Date and Time: 18 January 2023 - 02:06 PM Magnitude = 7.3 Depth = 064 km Location = 02.69°N, 127.05°E - 352 km S 30° E of Sarangani (Davao Occidental) Instrumental Intensities: Intensity II - Don Marcelino, Davao Occidental; Nabunturan, Davao de Oro; Glan and Kiamba, Sarangani; General Santos City, Tupi, Santo Niño, Koronadal City, and T'Boli, South Cotabato Intensity I - Kidapawan City, Cotabato; Maitum and Maasim, Sarangani; Tantangan, Lake Sebu, Tampakan, Suralla, and Norala, South Cotabato; Zamboanga City, Zamboanga del Sur https://earthquake.phivolcs.dost.gov.ph/.../2023_0118...",Unknown,2025-09-08 18:00,Unknown,https://www.facebook.com/PHIVOLCS/posts/490782633245706?__cft__[0]=AZWpq2j4Sw1aZUKpAX4gCyK0zYuPS8hWB_pCEQqa2rYW1da5hXHS-bcKxC01Yhc4Opdr8d8irCyExMNHb4ILn-_x6smyfiv0mlTAePUxhMu_U3a3V7Kw0brgySb_wirZVdsJxEs2osH_4Q2KF7jWxjxmCZEVYdeTrBz9ONvh2EmanZi9sRW8APOeB04qx7NlVVY&__tn__=%2CO%2CP-R
Facebook,manilabulletin,"The Daily Rundown September 8 — 
1. Marcos: Flood control probe body to get full powers
READ: https://mb.com.ph/.../marcos-flood-control-probe-body-to...
2. Discayas name lawmakers, DPWH execs tied to alleged kickback scheme in flood control projects
READ: https://mb.com.ph/.../discayas-name-lawmakers-dpwh-execs...
3. 24 hours after arrival from US, ex-PCSO head Royina Garma leaves PH for Malaysia -- BI
READ: https://mb.com.ph/.../24-hours-after-arrival-from-us-ex...
4. Easterlies to bring rain showers, thunderstorms over parts of the Philippines
READ: https://mb.com.ph/.../easterlies-to-bring-rain-showers...
5. Pope Leo XIV canonizes Carlo Acutis, known as God's influencer
RELATED: https://mb.com.ph/.../pope-leo-xiv-to-declare-15-year-old... The Daily Rundown September 8 — 1. Marcos: Flood control probe body to get full powers READ: https://mb.com.ph/.../marcos-flood-control-probe-body-to... 2. Discayas name lawmakers, DPWH execs tied to alleged kickback scheme in flood control projects READ: https://mb.com.ph/.../discayas-name-lawmakers-dpwh-execs... 3. 24 hours after arrival from US, ex-PCSO head Royina Garma leaves PH for Malaysia -- BI READ: https://mb.com.ph/.../24-hours-after-arrival-from-us-ex... 4. Easterlies to bring rain showers, thunderstorms over parts of the Philippines READ: https://mb.com.ph/.../easterlies-to-bring-rain-showers... 5. Pope Leo XIV canonizes Carlo Acutis, known as God's influencer RELATED: https://mb.com.ph/.../pope-leo-xiv-to-declare-15-year-old...",Unknown,2025-09-08 18:30,Unknown,https://www.facebook.com/ManilaBulletin/
Facebook,pagasa.dost.gov.ph,"Building resilience together: DOST-PAGASA, BPSU signs MoA for the Bataan Abucay Doppler Radar Station
08 September 2025 | The DOST-PAGASA and Bataan Peninsula State University (BPSU) formalizes partnership for the establishment of the Bataan Abucay Doppler radar station through a memorandum of agreement (MoA) signing held at the Amihan Conference Room, PAGASA Central Office, Quezon City. With the funding support from the Office of the President, through the Office of Civil Defense (OCD)/National Disaster Risk Reduction and Management Council (NDRRMC), the Bataan Abucay Doppler Radar Station will significantly enhance accuracy of weather forecasts through real-time data enabling local governments to issue timely warnings to communities, and plan disaster responses effectively.
DOST-PAGASA Administrator Dr. Nathaniel T. Servando welcomed BPSU officials led by University President Dr. Ruby Santos-Matibag, Campus Director Dr. Walter Valdez, and Dean of Instruction Dr. Dharell Siano. “Through this significant agreement between our institutions, we not only strenghten our shared commitment to nation-building but also foster collaboration in research, innovation, and capacity-building”, DOST-PAGASA Administrator Nathaniel T. Servando said. Dr. Servando’s appreciation is also extended to the OCD for closely collaborating with DOST-PAGASA in ensuring that lives and welfare of the Filipino people are safeguarded during natural disasters. 
Dr. Marcelino Q. Villafuerte II, Deputy Administrator for R&D, also expressed his gratitude to the BPSU for the establishment of the synoptic station in Abucay, Bataan in 2021, “with this signing ceremony, our partnership begins again and we hope that it could futher enhance our collaboration, as we establish our radar station, for students to potentially use our datasets.”
BPSU President Dr. Santos-Matibag highlighted that the signing ceremony is more than just a formal partnership, but a celebration of shared commitment to scientific process and public safety of all Filipinos. She also said that Bataeños are used to warnings pertaining to weather hazards, and this agreement highlights the university’s dedication to supporting research and innovation that address community needs, especially in DRR.
National Capital Region-PAGASA Regional Services Division (NCR-PRSD) Chief Engr. Lorenzo A. Moron thanked BPSU President Dr. Santos-Matibag and all involve, emphasizing that the ceremony today is more than technological advancement, but it also represents our promise to be better stewards of public safety. Other DOST-PAGASA Executive Staff members in attendance were Engr. Juanito Galang (Chief of Weather Division), Ms. Thelma Cinco (Chief of Climatology and Agrometeorology Division), Mr. Michael Bala (OIC of Research & Development and Training Division), and Mr. Oskar Cruz (OIC of HydroMeteorology Division). 
The PAGASA-BPSU Doppler radar station is expected to become a vital tool in strengthening the Philippines’ disaster preparedness, providing more accurate forecasts and timely warnings for the protection of communities across the nation.
#OneDOST4U
#SolutionsAndOpportunitiesforAll Building resilience together: DOST-PAGASA, BPSU signs MoA for the Bataan Abucay Doppler Radar Station 08 September 2025 | The DOST-PAGASA and Bataan Peninsula State University (BPSU) formalizes partnership for the establishment of the Bataan Abucay Doppler radar station through a memorandum of agreement (MoA) signing held at the Amihan Conference Room, PAGASA Central Office, Quezon City. With the funding support from the Office of the President, through the Office of Civil Defense (OCD)/National Disaster Risk Reduction and Management Council (NDRRMC), the Bataan Abucay Doppler Radar Station will significantly enhance accuracy of weather forecasts through real-time data enabling local governments to issue timely warnings to communities, and plan disaster responses effectively. DOST-PAGASA Administrator Dr. Nathaniel T. Servando welcomed BPSU officials led by University President Dr. Ruby Santos-Matibag, Campus Director Dr. Walter Valdez, and Dean of Instruction Dr. Dharell Siano. “Through this significant agreement between our institutions, we not only strenghten our shared commitment to nation-building but also foster collaboration in research, innovation, and capacity-building”, DOST-PAGASA Administrator Nathaniel T. Servando said. Dr. Servando’s appreciation is also extended to the OCD for closely collaborating with DOST-PAGASA in ensuring that lives and welfare of the Filipino people are safeguarded during natural disasters. Dr. Marcelino Q. Villafuerte II, Deputy Administrator for R&D, also expressed his gratitude to the BPSU for the establishment of the synoptic station in Abucay, Bataan in 2021, “with this signing ceremony, our partnership begins again and we hope that it could futher enhance our collaboration, as we establish our radar station, for students to potentially use our datasets.” BPSU Pres",Unknown,2025-09-08 18:30,Unknown,https://www.facebook.com/PAGASA.DOST.GOV.PH/posts/pfbid0Lf1vXi8926rkSo53AjCt16MWMz55KSfNmxoXP2yqndWDapjkq6GXz9JQumB8DJAvl?__cft__[0]=AZVXojCVLmtXik5AHhHBO8OXw1MTgkB-l5I3Txoa_xSOw_5Zxr-6QksUdMbJsc-v09EEIc3HiPyoiE2uFFTSaR53OfJQYM6cfzTWqiWssgWXwiq6v7EzWaKH_xGO5cKDUx3lBFnY_DZ5LgLylmTjDsxb1C3kdJtt1pB24PjiURVwKJmFsU8fOedDaRWHPX5pf_c&__tn__=%2CO%2CP-R
Facebook,#EarthquakePH,"#EarthquakePH #EarthquakeAurora
#iFelt_AuroraEarthquake
Earthquake Information No.1
Date and Time: 08 September 2025 - 04:55 PM
Magnitude = 3.6
Depth = 015 km
Location = 16.33°N, 122.14°E - 006 km N 17° E of Casiguran (Aurora)
Instrumental Intensity: 
Intensity II - Casiguran, AURORA
https://earthquake.phivolcs.dost.gov.ph/.../2025_0908... #EarthquakePH #EarthquakeAurora #iFelt_AuroraEarthquake Earthquake Information No.1 Date and Time: 08 September 2025 - 04:55 PM Magnitude = 3.6 Depth = 015 km Location = 16.33°N, 122.14°E - 006 km N 17° E of Casiguran (Aurora) Instrumental Intensity: Intensity II - Casiguran, AURORA https://earthquake.phivolcs.dost.gov.ph/.../2025_0908...",Unknown,2025-09-08 18:30,Unknown,https://www.facebook.com/PHIVOLCS/posts/pfbid02MeTfrKrXkUERx8dw1xB7mD5JjdV9e3JtPWMhBcWSoikrP1vhRFVFxTYjvmPdMPXwl?__cft__[0]=AZXcHsUvdB2VSganqEwOM99jk8w2BYjBQUyEgvMvNTrFYUDVKEAlwmcQ_mHWZp-3nCl2mhdaNsV_rbQDtaL3YrW1QwaH03rMdMu5mJwkibuOAUyT-FfyZSi57BvggcEECjk8yzEfsSNIOBa3GiYPHQqTo_-R0MopfuxYPcqu9cxDKNy61D1Yk1Ttym3xzheK6YE&__tn__=%2CO%2CP-R
Facebook,DavaoDRRMO,"𝐂𝐃𝐑𝐑𝐌𝐎-𝐎𝐏𝐂𝐄𝐍 𝐖𝐄𝐀𝐓𝐇𝐄𝐑 𝐔𝐏𝐃𝐀𝐓𝐄:
As of 06:25 PM | September 08, 2025
𝐖𝐞𝐚𝐭𝐡𝐞𝐫 𝐒𝐲𝐬𝐭𝐞𝐦: 𝙀𝙖𝙨𝙩𝙚𝙧𝙡𝙞𝙚𝙨
Light to moderate rains are being experienced in some areas of Toril, Tugbok, and Calinan Districts, while other areas of Davao City are experiencing partly cloudy to cloudy skies.
All river channels are monitored at 𝐂𝐎𝐃𝐄 𝐆𝐑𝐄𝐄𝐍 (𝘚𝘢𝘧𝘦 𝘓𝘦𝘷𝘦𝘭).
𝐂𝐎𝐀𝐒𝐓𝐀𝐋 𝐒𝐓𝐀𝐓𝐔𝐒:
> Slight seas
> Going low tide 
#𝗪𝗲𝗮𝘁𝗵𝗲𝗿𝗨𝗽𝗱𝗮𝘁𝗲
#𝗗𝗮𝘃𝗮𝗼𝗖𝗶𝘁𝘆𝗗𝗥𝗥𝗠𝗢 𝐂𝐃𝐑𝐑𝐌𝐎-𝐎𝐏𝐂𝐄𝐍 𝐖𝐄𝐀𝐓𝐇𝐄𝐑 𝐔𝐏𝐃𝐀𝐓𝐄: As of 06:25 PM | September 08, 2025 𝐖𝐞𝐚𝐭𝐡𝐞𝐫 𝐒𝐲𝐬𝐭𝐞𝐦: 𝙀𝙖𝙨𝙩𝙚𝙧𝙡𝙞𝙚𝙨 Light to moderate rains are being experienced in some areas of Toril, Tugbok, and Calinan Districts, while other areas of Davao City are experiencing partly cloudy to cloudy skies. All river channels are monitored at 𝐂𝐎𝐃𝐄 𝐆𝐑𝐄𝐄𝐍 (𝘚𝘢𝘧𝘦 𝘓𝘦𝘷𝘦𝘭). 𝐂𝐎𝐀𝐒𝐓𝐀𝐋 𝐒𝐓𝐀𝐓𝐔𝐒: > Slight seas > Going low tide #𝗪𝗲𝗮𝘁𝗵𝗲𝗿𝗨𝗽𝗱𝗮𝘁𝗲 #𝗗𝗮𝘃𝗮𝗼𝗖𝗶𝘁𝘆𝗗𝗥𝗥𝗠𝗢",Unknown,2025-09-08 19:00,Unknown,https://www.facebook.com/DavaoDRRMO/posts/pfbid02VXitDfHnzbdFfYAxq62Wru6JgrS74eNm2W536HUDS8nLLP9tioA9AoobtapgmRy7l?__cft__[0]=AZV5T318Jt4otonUhFd_pJMaxsWhvpeZjWGtgP3c0Y9jItVPVi1gC1gN1yXuzyHr22I4mDXg2q-NhquWEHuSq69Chotq7Kz_SUCyp2r1UgLJjejbMxfPm0R0tGOyvJjhMn1eoaiPc9dfpq4ZR94ME0UL6n1vFjxoX-EJ_YXPbwSoYMN1o3UU0M_gHvJWfgoHkqs&__tn__=%2CO%2CP-R
Facebook,NDRRMC,"PAALALA | Mga Dapat Gawin Pagkatapos ng Volcanic Eruption #PanatagAngMayAlam
Matapos ang volcanic eruption, ano nga ba ang dapat nating gawin?
Let @Dingdong Dantes answer that for you! Makinig sa mga dapat gawin pagkatapos ng pagputok ng bulkan.
I-search ang #PanatagAngMayAlam sa Youtube at Facebook para sa ibang pang tips laban sa sakuna. Maging ligtas, maging #PanatagPilipinas
#NDRRMC
#BawatSegundoMahalaga
#KanlaonVolcano PAALALA | Mga Dapat Gawin Pagkatapos ng Volcanic Eruption #PanatagAngMayAlam Matapos ang volcanic eruption, ano nga ba ang dapat nating gawin? Let @Dingdong Dantes answer that for you! Makinig sa mga dapat gawin pagkatapos ng pagputok ng bulkan. I-search ang #PanatagAngMayAlam sa Youtube at Facebook para sa ibang pang tips laban sa sakuna. Maging ligtas, maging #PanatagPilipinas #NDRRMC #BawatSegundoMahalaga #KanlaonVolcano PAANOORIN | Mga Dapat Gawin Pagkatapos ng Volcanic Eruption #PanatagAngMayAlam
Matapos ang volcanic eruption, ano nga ba ang dapat nating gawin? 
Let @Dingdong… See more PAANOORIN | Mga Dapat Gawin Pagkatapos ng Volcanic Eruption #PanatagAngMayAlam
Matapos ang volcanic eruption, ano nga ba ang dapat nating gawin? 
Let @Dingdong… See more PAANOORIN | Mga Dapat Gawin Pagkatapos ng Volcanic Eruption #PanatagAngMayAlam Matapos ang volcanic eruption, ano nga ba ang dapat nating gawin? Let @Dingdong… See more",Unknown,2025-09-08 19:00,Unknown,https://www.facebook.com/NDRRMC/posts/pfbid02NA4EbFPTLbNHmB5Ls6p2ZjwVQ4M2mrEx781potczP3CppDMPQ2kezrSuQbjKwFyul?__cft__[0]=AZWSQ4FQ5brITTYpwyr_s1Y6wZ1yeS4nBjxI90_JzdohyiS8_JD_45kkmQbitxkKBEIqlSSKRBlBlRvxwhKjtVrjpdLT6Ptb4sX4q6V0RyEdbt1WYfoVa5LSkCMJZCL6KDhpQttWnkfwOpzGzpqeUBIr1Hlaxc7q8PxhNU19n_sRR-6yfJ6MA-dbwQvGU85V5ssVrIzJWDA0snF9NE9sfLm5heUD6friGJqhSOnqIVYQoGOS_sj8dHWYMqYCHnbr6UU&__tn__=%2CO%2CP-R
Facebook,rapplerdotcom,"Ungab calls 2025 budget 'mangled beyond recognition, most corrupt'
WATCH: During the House mega panel hearing on anomalous flood control projects on September 2, Davao City 3rd District Representative Isidro Ungab said the 2025 budget is ""the most corrupt budget ever passed in the history of Congress.""
Related story: https://www.rappler.com/.../clash-house-lawmakers-seek.../ Ungab calls 2025 budget 'mangled beyond recognition, most corrupt' WATCH: During the House mega panel hearing on anomalous flood control projects on September 2, Davao City 3rd District Representative Isidro Ungab said the 2025 budget is ""the most corrupt budget ever passed in the history of Congress."" Related story: https://www.rappler.com/.../clash-house-lawmakers-seek.../ Maari po ba humingi ng pabor .. bka pde po pafollow .. klangan ko po kse ng follower sa fb baka sakaling kumita po ako .. bedridden na po ako at di na po makapagtrabaho .. followback po ako bilang kapalit .. salamat po",Unknown,2025-09-08 19:00,Unknown,https://www.facebook.com/rapplerdotcom/
Facebook,sunstardavaonews,"REST IN PEACE, TIKTOK 
The rescue community is now grieving as Tiktok, a cherished rescue dog, is laid to rest at his wake. Born in 2022, Tiktok touched many lives with his playful spirit and gentle heart before his untimely passing this year.
Surrounded by flowers, framed photos, and candles, family and supporters came together to honor his short yet meaningful life. For many, Tiktok was more than just a dog—he was a symbol of hope, resilience, and unconditional love.
“Goodbyes are not forever. Run free, our beloved Tiktok.” | via SunStar Bacolod
 Miles Mijares Faulve
#AllYouNeedToKnow REST IN PEACE, TIKTOK The rescue community is now grieving as Tiktok, a cherished rescue dog, is laid to rest at his wake. Born in 2022, Tiktok touched many lives with his playful spirit and gentle heart before his untimely passing this year. Surrounded by flowers, framed photos, and candles, family and supporters came together to honor his short yet meaningful life. For many, Tiktok was more than just a dog—he was a symbol of hope, resilience, and unconditional love. “Goodbyes are not forever. Run free, our beloved Tiktok.” | via SunStar Bacolod Miles Mijares Faulve #AllYouNeedToKnow",Unknown,2025-09-08 19:00,Unknown,https://www.facebook.com/sunstardavaonews/posts/pfbid02RhUqeU3Xbu55WHgC35W5ggg5XWCcs3KAXy1y38mSzrkHxzF7uZdB2FyZZUzqAEPAl?__cft__[0]=AZU8zIKqA_K_v25tKlFyP6d68wboasFCM_gefVmoHazLvWu_2JueBNJNBghF-T2LZTv3pCmGxGa220YrT0JQjY-wA69WGsACOrMcLF-X9DuMF96yWDb4fYhtzsElPB4A3qWBBsXPrO4KJhGIhsQN3XfFDEMm6QYg72v7jYHdqIzyhubyudK0Nv0OrxeTAcUAK20&__tn__=%2CO%2CP-R
Facebook,stormchasersPH,"flood gave me you to show me what’s real Flood gave me you, To show me what to steal. Char",Unknown,2025-09-08 19:00,Unknown,https://www.facebook.com/stormchasersPH/posts/pfbid0ckmEwkkJRPJRchwnTdwsTr6M9xcwr6YYQCAe7NJHhd9AZGi4uA51B5cMLnsTeZjHl?__cft__[0]=AZU0ZR9IcQaXqLcJl0cOogzqwl6Wm_1cI1movtGtifx1umcN-lWypTkTjx84ZXipkPreYYRWPCZ5DHqamiJnElgr69JzM21zr0ohNCcL0Vn5FrEqk0P2foXCrkE7opSNLhb7udTFgGNGI3vIPYkt9_mtfVyKWN6_VYqi_G0gCGPaFKkDDAeys7LLhSzAKqyoMMo&__tn__=%2CO%2CP-R
Facebook,mprsdcdo,"https://www.facebook.com/share/p/1LpoRvomWq/ https://www.facebook.com/share/p/1LpoRvomWq/ General Flood Advisories 
Issued @6PM, 08 September 2025
Region 4A (CALABARZON) GFA#2
Region 4B (MIMAROPA) GFA#2
Region 5 (Bicol Region) GFA#1
Region 7 (Central Visayas) GFA#2
Region 8 (Eastern Visayas) GFA#2
Region 10 (Northern Mindanao) GFA#1
Region 13 (CARAGA) GFA#2
BARMM GFA#2 General Flood Advisories 
Issued @6PM, 08 September 2025
Region 4A (CALABARZON) GFA#2
Region 4B (MIMAROPA) GFA#2
Region 5 (Bicol Region) GFA#1
Region 7 (Central Visayas) GFA#2
Region 8 (Eastern Visayas) GFA#2
Region 10 (Northern Mindanao) GFA#1
Region 13 (CARAGA) GFA#2
BARMM GFA#2 General Flood Advisories Issued @6PM, 08 September 2025 Region 4A (CALABARZON) GFA#2 Region 4B (MIMAROPA) GFA#2 Region 5 (Bicol Region) GFA#1 Region 7 (Central Visayas) GFA#2 Region 8 (Eastern Visayas) GFA#2 Region 10 (Northern Mindanao) GFA#1 Region 13 (CARAGA) GFA#2 BARMM GFA#2",Unknown,2025-09-08 19:00,Unknown,https://www.facebook.com/mprsdcdo/posts/pfbid028Nrdntbdh2nB4Xe7U5JRhevohiXre7e3ZZ3Ae8FndFJUw2q22FDnT1JGiSaUEyjRl?__cft__[0]=AZX2s6P_B7rMc6K_RjGuQSRp0VmdgJIpY58LlWn8aJkJHWIrf1OiVu9DRYwCuXHC6BnELs71RU-x-x5-o7QK33ZXIUCNDX-_IDSAZTbeogssEj_6bwJmUWFEB2YD6qIEtSG8p_lHJZxm_Y6G5ezRDzBi5VB8I2JRh_SUYExEesYgqe7TRUlv6tAEKFr4aGwgfVWNPraJzZwEKR6wiiMdTSC8fgA-SUCZWXWzaZV-LZuGqA&__tn__=%2CO%2CP-R
Facebook,#BahaPH,"Along Dr A Santos Avenue Paranaque City
 #bahaph #magdamagnaulan Along Dr A Santos Avenue Paranaque City
 #bahaph #magdamagnaulan",Unknown,2025-09-08 19:00,Unknown,https://www.facebook.com/hashtag/BahaPH
Facebook,#EarthquakePH,"#EarthquakePH #EarthquakeMountainProvince
Earthquake Information No.1
Date and Time: 08 September 2025 - 06:10 PM
Magnitude = 2.7
Depth = 019 km
Location = 17.15°N, 121.50°E - 011 km S 73° E of Paracelis (Mountain Province)
https://earthquake.phivolcs.dost.gov.ph/.../2025_0908... #EarthquakePH #EarthquakeMountainProvince Earthquake Information No.1 Date and Time: 08 September 2025 - 06:10 PM Magnitude = 2.7 Depth = 019 km Location = 17.15°N, 121.50°E - 011 km S 73° E of Paracelis (Mountain Province) https://earthquake.phivolcs.dost.gov.ph/.../2025_0908...",Unknown,2025-09-08 19:00,Unknown,https://www.facebook.com/PHIVOLCS/posts/pfbid0yECrBMypaidze1iYvyqiY1ti89pGma2S3UT6PR2Q3d2uMZx4D6faLeYsff6Zakq5l?__cft__[0]=AZX5Z6BZPHO1aljASgBYFaTSKxdvcR30uJlXw7vhHgkYWgAR8jpgmhtPm0F3wRjJhZoipM9KAtJ0Cj0wFeKzGg9z_WOts_T-R6uyzNirU0o3eDqRDDUpTGBkVWyg2qPMvtZdAEbqODBjm55nFD3ermJui_qvqqd22kaKz0mZMaZqCh2HTWRgo8ZtCceJLgptaa4&__tn__=%2CO%2CP-R
Facebook,abscbnNEWS,"NO BUDGET FOR FLOOD CONTROL PROJECTS IN 2026
President Ferdinand Marcos, Jr. said flood control projects will no longer be funded under the 2026 budget.
“Dahil mayroon naman P350 billion for 2025 na hindi pa nauubos talaga. So, tuloy-tuloy pa ‘yung trabaho,” he added. ( 
: PCO) | via Harlene Delgado, ABS-CBN News NO BUDGET FOR FLOOD CONTROL PROJECTS IN 2026 President Ferdinand Marcos, Jr. said flood control projects will no longer be funded under the 2026 budget. “Dahil mayroon naman P350 billion for 2025 na hindi pa nauubos talaga. So, tuloy-tuloy pa ‘yung trabaho,” he added. ( 
: PCO) | via Harlene Delgado, ABS-CBN News",Unknown,2025-09-08 21:00,Unknown,https://www.facebook.com/abscbnNEWS/
Facebook,atenews,"IN PHOTOS
Progressive groups staged a mobilization in front of the Department of Public Works and Highways (DPWH) Region XI office to express their condemnation of anomalies and corruption in the agency's flood control projects, today, September 5.
Notable contractors involved in flood control projects in Davao City include RELY Construction and Supply Inc. managing 71 projects, Genesis88 Construction Inc. with 67 projects, ABU Construction with 32 projects, and Monolithic Construction & Concrete Products Inc. with 28 projects.
Thousands of Filipinos nationwide question the whereabouts and effectiveness of the funds and projects as severe flooding continues to afflict communities, despite the Marcos Jr. regime investing over P545 billion to 9,855 infrastructure projects. 
Picket rallies were similarly organized at various DPWH regional offices across the country, reinforcing the demand for government accountability for neglecting communities' access to functional and accessible public facilities.
Photos by Elliot Dimasuhid IN PHOTOS Progressive groups staged a mobilization in front of the Department of Public Works and Highways (DPWH) Region XI office to express their condemnation of anomalies and corruption in the agency's flood control projects, today, September 5. Notable contractors involved in flood control projects in Davao City include RELY Construction and Supply Inc. managing 71 projects, Genesis88 Construction Inc. with 67 projects, ABU Construction with 32 projects, and Monolithic Construction & Concrete Products Inc. with 28 projects. Thousands of Filipinos nationwide question the whereabouts and effectiveness of the funds and projects as severe flooding continues to afflict communities, despite the Marcos Jr. regime investing over P545 billion to 9,855 infrastructure projects. Picket rallies were similarly organized at various DPWH regional offices across the country, reinforcing the demand for government accountability for neglecting communities' access to functional and accessible public facilities. Photos by Elliot Dimasuhid HUHHHH unsay labot sa mga Duterte? Okay ra mo?",Unknown,2025-09-08 21:00,Unknown,https://www.facebook.com/atenews/posts/pfbid02VJ58oZb4njAXBZG2qqE59gDhaUgPeW9DhVaF8UHCbCp6wxGh8EpBtW5SmshfHTTdl?__cft__[0]=AZVq9mnJ1ibqdaY_ZYDadSfxSl62AbaIbIv2QPmTgbe0fTEtdLjf5HAgr6cvxuBN0JP-DXBuC2lSLXAJNaHzg5_-okptdEXv6S6A5jEbmzKswg1luX6zSgkck4MK0U6lICQLjy1zJLb6k345tAq5DurBzeoPyi1lvCjlryn3chY_cvJ5yIgzeE7cIWA6i9v4VBw&__tn__=%2CO%2CP-R
Facebook,civildefensedavao,"Rainfall Advisory No. 6  #MINPRSD
Weather System: Easterlies 
Issued at 08:00 PM 08 September 2025
Light to Moderate rains are expected over Davao DeOro(Laak), Davao Del Norte(Kapalong, Talaingod), within the next 1-2 hours.
The public and the Disaster Risk Reduction and Management Offices concerned are advised to MONITOR the weather condition and watch for the next warning to be issued at 11:00 PM Today.
Source: Mindanao PRSD Rainfall Advisory No. 6  #MINPRSD Weather System: Easterlies Issued at 08:00 PM 08 September 2025 Light to Moderate rains are expected over Davao DeOro(Laak), Davao Del Norte(Kapalong, Talaingod), within the next 1-2 hours. The public and the Disaster Risk Reduction and Management Offices concerned are advised to MONITOR the weather condition and watch for the next warning to be issued at 11:00 PM Today. Source: Mindanao PRSD",Unknown,2025-09-08 21:00,Unknown,https://www.facebook.com/civildefensedavao/posts/pfbid02kyTuRBGPKZK4rncs1m5M1PPRU9xWjnkWDjGWaxDZLTYQ9LQ18k8afWBy4H6867Fql?__cft__[0]=AZV2rQifFC4HXmi4RTinF4WOQgHEvQNtUPHM1LxxoWc86VREwVYQHkHo0f187d_XMJsGCyDcFUzcS3HWMkyLiFewEQ8WJj7LjHyvOQaslSuisvkYEJjrTy29I-kNpszoY4tC88IIgsr5gcAoY3XEOTckXELijfusE35avpKk-b1KdHZOPZ6W4hl2NS0Z5gAHOk8&__tn__=%2CO%2CP-R
Facebook,PHIVOLCS,"#EarthquakePH #EarthquakeDavaoOriental
Earthquake Information No.1
Date and Time: 08 September 2025 - 08:26 PM
Magnitude = 1.8
Depth = 033 km
Location = 06.40°N, 126.93°E - 089 km S 36° E of Tarragona (Davao Oriental)
https://earthquake.phivolcs.dost.gov.ph/.../2025_0908... #EarthquakePH #EarthquakeDavaoOriental Earthquake Information No.1 Date and Time: 08 September 2025 - 08:26 PM Magnitude = 1.8 Depth = 033 km Location = 06.40°N, 126.93°E - 089 km S 36° E of Tarragona (Davao Oriental) https://earthquake.phivolcs.dost.gov.ph/.../2025_0908...",Unknown,2025-09-08 21:00,Unknown,https://www.facebook.com/PHIVOLCS/posts/pfbid0hg8UDKsQFS3HeYgftDrWaVQyhyGCshYqwb8PKKhfyo8J4XmQSdKWMuqXSdJXScNcl?__cft__[0]=AZUpkOrOzkM_sm6mAubj2sfFlD-z48eT88-ncF8vH5mzeQFx9SnO3h50UPoUNwNssQuQ97e-dsM0udHWxTSQEswAIDs8X0y1U-hSvKsoKaidkaxvTSLcU1oNPmYRHSuGD1x8C7A8uxbvvxNMrMMR63EHHoIP-yKeAav9kuIJOuA2qOou60ifcaBBcA5EPVtvaQ4&__tn__=%2CO%2CP-R
Facebook,rapplerdotcom,"The environment department is asking for P2 billion more than its allocation in 2025 The environment department is asking for P2 billion more than its allocation in 2025 Paki pila na itong agency na ito, connected din yan sa flood control. Walang flooding Kung inaayos ang trabaho",Unknown,2025-09-08 21:00,Unknown,https://www.facebook.com/rapplerdotcom/posts/pfbid02SB12gJbdiCcLHejycZ4tJbYLoGxMwdEkGtsRyzuagfXu9Nwvc8XK7DhVDQzrCrmRl?__cft__[0]=AZV1qVfnWfVRAgL_m8M71a3Vj6RmN1seKAbmzSNAUEBK2lpb33etO0jc3hUKOhCw8uOwiT6K5JubHIF_eR70_uTchLbwDsNVQXMFCdC7wsBDQCem1idUdf6MYqN82bB7OH5sMb_PfdbUHHi2ATJMlXc4We8FB9xIKJSsY8WabL7ecR6zOnL0aQ0TfPRme9bh8S4&__tn__=%2CO%2CP-R
Facebook,rapplerdotcom,"Paki pila na itong agency na ito, connected din yan sa flood control. Walang flooding Kung inaayos ang trabaho",Unknown,2025-09-08 21:00,Unknown,https://www.facebook.com/rapplerdotcom/posts/pfbid02SB12gJbdiCcLHejycZ4tJbYLoGxMwdEkGtsRyzuagfXu9Nwvc8XK7DhVDQzrCrmRl?comment_id=3670814049881831&__cft__[0]=AZV1qVfnWfVRAgL_m8M71a3Vj6RmN1seKAbmzSNAUEBK2lpb33etO0jc3hUKOhCw8uOwiT6K5JubHIF_eR70_uTchLbwDsNVQXMFCdC7wsBDQCem1idUdf6MYqN82bB7OH5sMb_PfdbUHHi2ATJMlXc4We8FB9xIKJSsY8WabL7ecR6zOnL0aQ0TfPRme9bh8S4&__tn__=R-R
Facebook,sunstardavaonews,"REP. GARBIN APOLOGIZES AFTER CURSING ON LIVE INTERVIEW 
Ako Bicol Party-list Representative Alfredo Garbin Jr. apologized on Monday, September 8, 2025, after a curse word was caught on air during his interview on One Balita Pilipinas.
Garbin explained that he thought the broadcast had already ended when he stumbled while walking, nearly dropped his phone, and blurted out the word.
Earlier in the interview, Garbin said fellow Ako Bicol Representative Zaldy Co is ready to address allegations linking him and his company, Sunwest Construction, to irregularities in flood control projects. Co was mentioned by Curlee Discaya as among those who allegedly received bribes.
Garbin assured he will be more mindful of his words as a public servant and apologized to viewers who may have been offended.
 Alfredo Garbin / Facebook 
#AllYouNeedToKnow REP. GARBIN APOLOGIZES AFTER CURSING ON LIVE INTERVIEW Ako Bicol Party-list Representative Alfredo Garbin Jr. apologized on Monday, September 8, 2025, after a curse word was caught on air during his interview on One Balita Pilipinas. Garbin explained that he thought the broadcast had already ended when he stumbled while walking, nearly dropped his phone, and blurted out the word. Earlier in the interview, Garbin said fellow Ako Bicol Representative Zaldy Co is ready to address allegations linking him and his company, Sunwest Construction, to irregularities in flood control projects. Co was mentioned by Curlee Discaya as among those who allegedly received bribes. Garbin assured he will be more mindful of his words as a public servant and apologized to viewers who may have been offended. Alfredo Garbin / Facebook #AllYouNeedToKnow",Unknown,2025-09-08 21:00,Unknown,https://www.facebook.com/sunstardavaonews/posts/pfbid02pzr333VfQgGEgdQuGDo7NuCLKqvefGfLeKEGxDwWNFsxtNBU9bBEWHsSQ31CzXEFl?__cft__[0]=AZVEUZUv-zYzYaNMTMPj51IVud0Xytej9cmJTYH-zWbhsIGh9TN7yfRQyP1pjFI5Wb4_vEqrfOxhdCvuPhudQJF-sGQbhiQP2AzFIeteN1ciOUx-VqH4buUwWPbkWoy7ax1Se0_qqfCy0HtEBcSKyJCbh0-TVc2nzGm2Xy01yTG0AZs3a7-yyXmLGlK93aSx8U8&__tn__=%2CO%2CP-R
Facebook,weather.davao,"24-HOUR LOCALIZED WEATHER FORECAST FOR DAVAO REGION
Issued at:   4:00 PM SEPTEMBER 08, 2025 
Valid Until: 4:00 PM Tomorrow
SYNOPSIS: 
Easterlies affecting Southern Luzon, Visayas and Mindanao. Easterlies affecting DAVAO REGION.
FORECAST:
DAVAO REGION will experience partly cloudy to cloudy skies with isolated rainshowers or thunderstorms due to Easterlies. Possible flash floods or landslides during severe thunderstorms.  Light to moderate winds coming from East to Northeast  will prevail and the coastal waters will be  slight to moderate (0.6  to 1.5 meters WAVE HEIGHT)
KAUGALINGONG PINULUNGAN:
Ang Dakbayan sa Davao ug ubang dapit sa Davao Region makasinati ug panalagsang pagdag-ug  ngadto sa madag-umon nga  kalangitan inubanan sa pat-ak pat-ak nga pag-ulan, kilat ug  dalugdog tungod sa Easterlies. Posible ang pagbaha ug pagdahili sa yuta kung adunay masinati nga kusog nga mga pag-ulan. Hinay ngadto sa Kasarangan nga  huyop sa hangin nga magagikan sa Sidlakan ngadto sa Amihanang Sidlakan nga direksyon ang mopasulabi, ug ang kadagatan hinay ngadto sa kasarangan and pagbalud (0.6 to 1.5 meters WAVE HEIGHT)
OVER DAVAO CITY:
Temperatura Ugma:        24˚C to 32˚C
Sunset (salop) Karon:     5:45 PM
Sunrise (Sidlak) Ugma:   5:33 AM
For more information and queries, please call telephone for local number (082)234-0890 and (088)555-0485 for regional or log on to  bagong.pagasa.dost.gov.ph…/regional…/Mindanao-prsd or join our Facebook Group at Mindanao PRSD (Regional Office) or PAGASA DAVAO 24-HOUR LOCALIZED WEATHER FORECAST FOR DAVAO REGION Issued at:   4:00 PM SEPTEMBER 08, 2025 Valid Until: 4:00 PM Tomorrow SYNOPSIS: Easterlies affecting Southern Luzon, Visayas and Mindanao. Easterlies affecting DAVAO REGION. FORECAST: DAVAO REGION will experience partly cloudy to cloudy skies with isolated rainshowers or thunderstorms due to Easterlies. Possible flash floods or landslides during severe thunderstorms.  Light to moderate winds coming from East to Northeast  will prevail and the coastal waters will be  slight to moderate (0.6  to 1.5 meters WAVE HEIGHT) KAUGALINGONG PINULUNGAN: Ang Dakbayan sa Davao ug ubang dapit sa Davao Region makasinati ug panalagsang pagdag-ug  ngadto sa madag-umon nga  kalangitan inubanan sa pat-ak pat-ak nga pag-ulan, kilat ug  dalugdog tungod sa Easterlies. Posible ang pagbaha ug pagdahili sa yuta kung adunay masinati nga kusog nga mga pag-ulan. Hinay ngadto sa Kasarangan nga  huyop sa hangin nga magagikan sa Sidlakan ngadto sa Amihanang Sidlakan nga direksyon ang mopasulabi, ug ang kadagatan hinay ngadto sa kasarangan and pagbalud (0.6 to 1.5 meters WAVE HEIGHT) OVER DAVAO CITY: Temperatura Ugma:        24˚C to 32˚C Sunset (salop) Karon:     5:45 PM Sunrise (Sidlak) Ugma:   5:33 AM For more information and queries, please call telephone for local number (082)234-0890 and (088)555-0485 for regional or log on to  bagong.pagasa.dost.gov.ph…/regional…/Mindanao-prsd or join our Facebook Group at Mindanao PRSD (Regional Office) or PAGASA DAVAO",Unknown,2025-09-08 21:00,Unknown,https://www.facebook.com/weather.davao/posts/pfbid0ZhBq4yuf41MDTAShmonorRMir65ZSrSJfdZ8r8QcxYayUwjq4NRAJ1a5qym3Fzcnl?__cft__[0]=AZXTzGF_x-buF5MQeVyZ3Egnh61FyMwhmyACb_aGsMDNtlOkjLtdpJGaYvIS_Egf3KmTc8dZ5FgwMC47Dh89AmEp2fAueZsJXK07nUpVKZC_cBISr42ydbTVS8xf3i8Da_3Hx4FdTTtV0VPOsoxXOJqGOeEAa106Y6uyaP9xFz88QD4JZjhIxOvVnEJRfFVJtFQ&__tn__=%2CO%2CP-R
Facebook,mprsdcdo,"Rainfall Advisory No. 6  #MINPRSD
Weather System: Easterlies 
Issued at 08:00 PM 08 September 2025
Light to Moderate rains are expected over #Bukidnon(Malitbog, Quezon, DonCarlos, Kitaotao, SanFernando, Cabanglasan, Kadingilan, Dangcagan), #LanaoDelSur(Bumbaran, LumbaBayabao, Wao, Kapai, DitsaanRamain, BuadiposoBuntong, Mulondo, Taraka, PoonaBayabao, Tamparan, Masiu, Butig), #MisamisOriental(Claveria, Tagoloan, Villanueva, Jasaan, Lugait, Opol, Manticao), #SultanKudarat(Palimbang, Kalamansig, Sen.NinoyAquino, Bagumbayan, Isulan, Lebak, Esperanza, Lambayong, PresidentQuirino, CityOfTacurong), #MaguindanaoDelSur(SouthUpi, Ampatuan, DatuSalibo, DatuAnggalMidtimbang, Guindulungan, DatuSaudiAmpatuan, ShariffAguak, DatuUnsay, DatuHofferAmpatuan, Talayan, RajahBuayan, SultanSaBarongis, DatuPiang, Mamasapano, ShariffSaydonaMustapha, DatuAbdullahSangki, DatuPaglas, Paglat, Pandag, Gen.S.K.Pendatun, Pagalungan, Pagagawan), #MaguindanaoDelNorte(Upi, DatuBlahT.Sinsuat, DatuOdinSinsuat, Kabuntalan, Talitay), #CotabatoCity, #NorthCotabato(M'Lang, Tulunan, Pikit), #DavaoDeOro(Laak), #DavaoDelNorte(Kapalong, Talaingod), #SurigaoDelNorte(SurigaoCity, SanFrancisco), #ZamboangaCity, #Sulu, #TawiTawi, #LanaoDelNorte(Pantar, Tagoloan, Baloi, Linamon and Matungao) within the next 1-2 hours.
Moderate to occasionally heavy rains affecting #Bukidnon(CityOfMalaybalay, ImpasugOng, Sumilao, ManoloFortich, Libona, Baungon, Talakag, Kalilangan, Pangantucan, Lantapan, CityOfValencia, Maramag), #SurigaoDelSur(Lanuza, Cortes), #MisamisOriental(CagayanDeOroCity), #LanaoDelNorte(IliganCity), #LanaoDelSur(TagoloanII, Bubong, Maguing), #AgusanDelSur(SanLuis and LaPaz) which may persist within 2-3 hours and may affect nearby areas.
The public and the Disaster Risk Reduction and Management Offices concerned are advised to MONITOR the weather condition and watch for the next warning to be issued at 11:00 PM Today. Rainfall Advisory No. 6  #MINPRSD Weather System: Easterlies Issued at 08:00 PM 08 September 2025 Light to Moderate rains are expected over #Bukidnon(Malitbog, Quezon, DonCarlos, Kitaotao, SanFernando, Cabanglasan, Kadingilan, Dangcagan), #LanaoDelSur(Bumbaran, LumbaBayabao, Wao, Kapai, DitsaanRamain, BuadiposoBuntong, Mulondo, Taraka, PoonaBayabao, Tamparan, Masiu, Butig), #MisamisOriental(Claveria, Tagoloan, Villanueva, Jasaan, Lugait, Opol, Manticao), #SultanKudarat(Palimbang, Kalamansig, Sen.NinoyAquino, Bagumbayan, Isulan, Lebak, Esperanza, Lambayong, PresidentQuirino, CityOfTacurong), #MaguindanaoDelSur(SouthUpi, Ampatuan, DatuSalibo, DatuAnggalMidtimbang, Guindulungan, DatuSaudiAmpatuan, ShariffAguak, DatuUnsay, DatuHofferAmpatuan, Talayan, RajahBuayan, SultanSaBarongis, DatuPiang, Mamasapano, ShariffSaydonaMustapha, DatuAbdullahSangki, DatuPaglas, Paglat, Pandag, Gen.S.K.Pendatun, Pagalungan, Pagagawan), #MaguindanaoDelNorte(Upi, DatuBlahT.Sinsuat, DatuOdinSinsuat, Kabuntalan, Talitay), #CotabatoCity, #NorthCotabato(M'Lang, Tulunan, Pikit), #DavaoDeOro(Laak), #DavaoDelNorte(Kapalong, Talaingod), #SurigaoDelNorte(SurigaoCity, SanFrancisco), #ZamboangaCity, #Sulu, #TawiTawi, #LanaoDelNorte(Pantar, Tagoloan, Baloi, Linamon and Matungao) within the next 1-2 hours. Moderate to occasionally heavy rains affecting #Bukidnon(CityOfMalaybalay, ImpasugOng, Sumilao, ManoloFortich, Libona, Baungon, Talakag, Kalilangan, Pangantucan, Lantapan, CityOfValencia, Maramag), #SurigaoDelSur(Lanuza, Cortes), #MisamisOriental(CagayanDeOroCity), #LanaoDelNorte(IliganCity), #LanaoDelSur(TagoloanII, Bubong, Maguing), #AgusanDelSur(SanLuis and LaPaz) which may persist within 2-3 hours and may affect nearby areas. The public and the Disaster Risk Reduction and Management Offices concerned are advised to MONITOR the weather condition and watch for the next warning to be issued at 11:00 PM Today. Salamat Po sa update",Unknown,2025-09-08 21:00,Unknown,https://www.facebook.com/mprsdcdo/posts/pfbid0GgN9UumE9DroqAwdgmXsVG2xT49icbRir3TwGGaj7pR7c1itA3KsmVH134rb1jy9l?__cft__[0]=AZUz8rawJFECmAw_6FWDwdcoObiwalgAk82EcB_8uNvCVFwQVC03QADr-sTTBimryGSpU4X0a86Py58bTRk_L5Zl-BeLLRHI5Q1Vyjf7yvYGsZThiX4GElz2a1vsn5nxNzJnyoUcRjRUrrnHeTWZskWJMkcme4Be7NgazdYKfz2e4YlyI42XWeGKGOXCDHKp5JA&__tn__=%2CO%2CP-R
Facebook,#EarthquakePH,"#EarthquakePH #EarthquakeCamarinesNorte
#iFelt_CamarinesNorteEarthquake
Earthquake Information No.1
Date and Time: 17 January 2023 - 05:57 AM
Magnitude = 5.3
Depth = 010 km
Location = 14.42°N, 122.99°E - 008 km S 37° E of Tinaga Island (Vinzons) (Camarines Norte)
Reported Intensities:
Instrumental Intensities:
Intensity V - Daet, Camarines Norte
Intensity III - Jose Panganiban, Camarines Norte; Ragay, Iriga City, Camarines Sur; San Roque, Northern Samar; 
Intensity II - Pili, Pasacao, Camarines Sur; Infanta, Gumaca, Mauban, Guinayangan, Mulanay, Alabat, Quezon
Intensity I - Pulilan, Bulacan; Pasig City, Marikina City, Metro Manila; Calauag, Quezon; Taytay, Rizal;
This is an automatic solution.
https://earthquake.phivolcs.dost.gov.ph/.../2023_0116... #EarthquakePH #EarthquakeCamarinesNorte #iFelt_CamarinesNorteEarthquake Earthquake Information No.1 Date and Time: 17 January 2023 - 05:57 AM Magnitude = 5.3 Depth = 010 km Location = 14.42°N, 122.99°E - 008 km S 37° E of Tinaga Island (Vinzons) (Camarines Norte) Reported Intensities: Instrumental Intensities: Intensity V - Daet, Camarines Norte Intensity III - Jose Panganiban, Camarines Norte; Ragay, Iriga City, Camarines Sur; San Roque, Northern Samar; Intensity II - Pili, Pasacao, Camarines Sur; Infanta, Gumaca, Mauban, Guinayangan, Mulanay, Alabat, Quezon Intensity I - Pulilan, Bulacan; Pasig City, Marikina City, Metro Manila; Calauag, Quezon; Taytay, Rizal; This is an automatic solution. https://earthquake.phivolcs.dost.gov.ph/.../2023_0116...",Unknown,2025-09-08 21:00,Unknown,https://www.facebook.com/PHIVOLCS/posts/pfbid0dhofsu8iKQGV2XKQv1xBbpKvXADCLwSEHDJiHbYnSV99sr1nruQrJawvWAdjKd52l?__cft__[0]=AZW6QXz-YBTxoTCMKV5NsVYJG15a2kKWoKw7-Lx3TLes0tnhlrd6Ds4FAY1kNEYvyBzDo6AwOzmYHanziYRXb0mrgow6NKZgWmrYlcMZA6fs_IpBoPFhfNqgAKEuQECc6LV1W_0_fWhh_Ieg0arsk5wh5kUOEmStRL9476WkXFvObnlGdt6SeQXhguuuQjhFfg4&__tn__=%2CO%2CP-R
Facebook,#FloodAlert,"ਮੱਝਾਂ ਨੂੰ ਬਚਾਉਂਦਾ ਡੁੱਬ ਗਿਆ ਨੌਜਵਾਨ, ਰੋ-ਰੋ ਪੂਰੇ ਟੱਬਰ ਦਾ ਹੋਇਆ ਬੁਰਾ-ਹਾਲ
#jalalabadnews #livingindianews #punjabfloods #Floodalert #Rescue #incident #punjabnews #fazilka ਮੱਝਾਂ ਨੂੰ ਬਚਾਉਂਦਾ ਡੁੱਬ ਗਿਆ ਨੌਜਵਾਨ, ਰੋ-ਰੋ ਪੂਰੇ ਟੱਬਰ ਦਾ ਹੋਇਆ ਬੁਰਾ-ਹਾਲ #jalalabadnews #livingindianews #punjabfloods #Floodalert #Rescue #incident #punjabnews #fazilka ਵਾਹਿਗੁਰੂ ਜੀ Waheguru ji Waheguru ji",Unknown,2025-09-08 21:00,Unknown,https://www.facebook.com/hashtag/FloodAlert
Facebook,atenews,"BREAKING: Senator Chiz Escudero has been ousted from his position as the Senate President following his connections to the Centerways Construction and Development Inc., a contractor involved in anomalous flood control projects and identified as his top campaign donor.
Escudero's term as Senate President in the 20th Congress was also marked by controversy due to the upper chamber's prolonged postponements in proceeding with the impeachment trial of Vice President Sara Duterte.
Senate Minority Leader Tito Sotto III will replace Escudero as the Senate President after 15 out of 24 senators signed a resolution backing Sotto's return to the position.
Along with Sotto's reinstatement, Sen. Migz Zubiri will be the new Senate Majority Leader, while Sen. Ping Lacson will be the incoming Senate President Pro Tempore.
Read more here:
https://newsinfo.inquirer.net/.../sotto-confirms-he-is...#
https://www.rappler.com/.../delay-impeachment-trial-not.../
https://www.philstar.com/.../top-flood-contractor.../amp/ BREAKING: Senator Chiz Escudero has been ousted from his position as the Senate President following his connections to the Centerways Construction and Development Inc., a contractor involved in anomalous flood control projects and identified as his top campaign donor. Escudero's term as Senate President in the 20th Congress was also marked by controversy due to the upper chamber's prolonged postponements in proceeding with the impeachment trial of Vice President Sara Duterte. Senate Minority Leader Tito Sotto III will replace Escudero as the Senate President after 15 out of 24 senators signed a resolution backing Sotto's return to the position. Along with Sotto's reinstatement, Sen. Migz Zubiri will be the new Senate Majority Leader, while Sen. Ping Lacson will be the incoming Senate President Pro Tempore. Read more here: https://newsinfo.inquirer.net/.../sotto-confirms-he-is...# https://www.rappler.com/.../delay-impeachment-trial-not.../ https://www.philstar.com/.../top-flood-contractor.../amp/",Unknown,2025-09-08 21:30,Unknown,https://www.facebook.com/atenews/posts/pfbid07DoWDg6B6sCpFBfeaytJvLDhvYB1FdaMmNAQcb3oPkeozZvYx3P2T1tpJHsQXhpol?__cft__[0]=AZVrHDQ3b5hWQFToHJI0LyYI2H_ARwrMZpRLuITIjyMNaQ8uyrpbNbAHbqepTr-X-3TLhx7uhx2dxG_qiCP3Quj_TJTQYcg6zm6n9KwKrgekgmQ4SafygZmTj8K0hrYJXqqaOa4oTYv6lLidO4SbCNJWJV5yUC8TfU2ZOmD01rxDRWMDPzvT5-l8gWS8XGftHjw&__tn__=%2CO%2CP-R
Facebook,DavaoDRRMO,"𝐂𝐃𝐑𝐑𝐌𝐎-𝐎𝐏𝐂𝐄𝐍 𝐖𝐄𝐀𝐓𝐇𝐄𝐑 𝐔𝐏𝐃𝐀𝐓𝐄:
As of 08:03 PM | September 08, 2025
𝐖𝐞𝐚𝐭𝐡𝐞𝐫 𝐒𝐲𝐬𝐭𝐞𝐦: 𝙀𝙖𝙨𝙩𝙚𝙧𝙡𝙞𝙚𝙨
Light rains are being experienced in some areas of Calinan, Marilog, and Toril Districts, while other areas of Davao City are experiencing cloudy skies.
All river channels are monitored at 𝐂𝐎𝐃𝐄 𝐆𝐑𝐄𝐄𝐍 (𝘚𝘢𝘧𝘦 𝘓𝘦𝘷𝘦𝘭).
𝐂𝐎𝐀𝐒𝐓𝐀𝐋 𝐒𝐓𝐀𝐓𝐔𝐒:
> Slight seas
> Low tide 
#𝗪𝗲𝗮𝘁𝗵𝗲𝗿𝗨𝗽𝗱𝗮𝘁𝗲
#𝗗𝗮𝘃𝗮𝗼𝗖𝗶𝘁𝘆𝗗𝗥𝗥𝗠𝗢 𝐂𝐃𝐑𝐑𝐌𝐎-𝐎𝐏𝐂𝐄𝐍 𝐖𝐄𝐀𝐓𝐇𝐄𝐑 𝐔𝐏𝐃𝐀𝐓𝐄: As of 08:03 PM | September 08, 2025 𝐖𝐞𝐚𝐭𝐡𝐞𝐫 𝐒𝐲𝐬𝐭𝐞𝐦: 𝙀𝙖𝙨𝙩𝙚𝙧𝙡𝙞𝙚𝙨 Light rains are being experienced in some areas of Calinan, Marilog, and Toril Districts, while other areas of Davao City are experiencing cloudy skies. All river channels are monitored at 𝐂𝐎𝐃𝐄 𝐆𝐑𝐄𝐄𝐍 (𝘚𝘢𝘧𝘦 𝘓𝘦𝘷𝘦𝘭). 𝐂𝐎𝐀𝐒𝐓𝐀𝐋 𝐒𝐓𝐀𝐓𝐔𝐒: > Slight seas > Low tide #𝗪𝗲𝗮𝘁𝗵𝗲𝗿𝗨𝗽𝗱𝗮𝘁𝗲 #𝗗𝗮𝘃𝗮𝗼𝗖𝗶𝘁𝘆𝗗𝗥𝗥𝗠𝗢 Medyo lumakas na ulan dito matina aplaya....",Unknown,2025-09-08 21:30,Unknown,https://www.facebook.com/DavaoDRRMO/posts/pfbid0g1NMcXXysmiPu8zhhzDwbz5JaVMEJgQ5VLTF87fsnkqctZXsxTLsv1r3un2RyYrQl?__cft__[0]=AZUFSSFkme8not4YV7v-6hHjzVDZosJtgRpip1t5LNF21cC_gfZu5xbn_9J5UB2GdSLaTEDCObV0OMyWgPaHHUMUx9Y3Sly4qOTCdmhoz-lkmhLqAyWpvB7p4FfBgdPHWnW0SWb2rFz9tHUXb-ns5jZHxBz1DRgU0X9j65z3pASlX41nERDuyivZgLKpsWc8oiY&__tn__=%2CO%2CP-R
Facebook,inquirerdotnet,"'BAKIT ANG SENATE PRESIDENT ANG PINALITAN?'
Sen. Ronald “Bato” Dela Rosa criticized the ouster of former Senate President Francis “Chiz” Escudero, arguing that the alleged corruption involving ghost flood control projects lies within the House of Representatives instead of the Senate.
READ RELATED STORY: https://inqnews.net/94z6qG 'BAKIT ANG SENATE PRESIDENT ANG PINALITAN?' Sen. Ronald “Bato” Dela Rosa criticized the ouster of former Senate President Francis “Chiz” Escudero, arguing that the alleged corruption involving ghost flood control projects lies within the House of Representatives instead of the Senate. READ RELATED STORY: https://inqnews.net/94z6qG Pano madami mabubuking, dapat si speaner ang pinalitan.",Unknown,2025-09-08 21:30,Unknown,https://www.facebook.com/inquirerdotnet/posts/pfbid02Ed78Z9456DJJQ2zHzuF3bvA22qnHPcV5QiD5biCpikpPP6vVfWtCHTcgVqhnpxT7l?__cft__[0]=AZU3vX3UVnc3UNAUALtnGr3FUEoZcjBulNzXk9nqEiqWhWJSWbQY6jKqY-82pDWJ-t2TB2qaKv_KUPbOZYvjZXF6TpQqWyHhiZg0rK8E1ycSwV9tdAea-wI6_t_WATJmlcV6RWKawzdN6bKt2g5UMOTrDpDKN14ZoNhjdUJ9TZinxE-ko0mmEHQLRSMNa-86STc&__tn__=%2CO%2CP-R
Facebook,manilabulletin,"MUST-WATCH: The incomparable Cecile Licad takes the stage with the Philippine Philharmonic Orchestra under Maestro Grzegorz Nowak at the iconic Metropolitan Theater on September 34, 2025.
Presented by Rustan’s, “The Pianist’s Pianist” is more than a concert, it’s a tribute to Filipino artistry and to the late Zenaida “Nedy” Tantoco’s legacy of championing culture and music. 
Proceeds will go to the Philippine Philharmonic Orchestra Society, Inc.
#ManilaBulletinLifestyle #CecileLicad MUST-WATCH: The incomparable Cecile Licad takes the stage with the Philippine Philharmonic Orchestra under Maestro Grzegorz Nowak at the iconic Metropolitan Theater on September 34, 2025.
Presented by Rustan’s, “The Pianist’s Pianist” is more than a concert, it’s a tribute to Filipino artistry and to the late Zenaida “Nedy” Tantoco’s legacy of championing culture and music. 
Proceeds will go to the Philippine Philharmonic Orchestra Society, Inc.
#ManilaBulletinLifestyle #CecileLicad MUST-WATCH: The incomparable Cecile Licad takes the stage with the Philippine Philharmonic Orchestra under Maestro Grzegorz Nowak at the iconic Metropolitan Theater on September 34, 2025. Presented by Rustan’s, “The Pianist’s Pianist” is more than a concert, it’s a tribute to Filipino artistry and to the late Zenaida “Nedy” Tantoco’s legacy of championing culture and music. Proceeds will go to the Philippine Philharmonic Orchestra Society, Inc. #ManilaBulletinLifestyle #CecileLicad",Unknown,2025-09-08 21:30,Unknown,https://www.facebook.com/ManilaBulletin/posts/pfbid02GYwMyuYPaqpmbEpMBPCmxV1wLpRa3ApdTXebySPj4kvx4xUsjWqdyAV6UmDvP3Nwl?__cft__[0]=AZXAYndsw0rxXunvh6j5RWqtDZ2zusFgP56trQyrrsezP3MSeh2Jq_zxM7MCf6hf1OcuShkfzIC8dmflhn8rHBnRJAA5b4nvp8JjrJaySeBc2h4VniJIleh3uHPECLZJT9RyGRJv2iEwCafpa0-HGdGk8d8al-dOhxhUfOWbtM7HCxUiluzEIy49fr-dVt9fKier4oFynWgQs5Ozx5ulw_icZNU0lxtY-XJ6HOUeIKczaA&__tn__=%2CO%2CP-R
Facebook,pagasa.dost.gov.ph,"Building resilience together: DOST-PAGASA, BPSU sign MoA for the Bataan Abucay Doppler Radar Station
08 September 2025 | The DOST-PAGASA and Bataan Peninsula State University (BPSU) formalizes partnership for the establishment of the Bataan Abucay Doppler radar station through a memorandum of agreement (MoA) signing held at the Amihan Conference Room, PAGASA Central Office, Quezon City. With the funding support from the Office of the President, through the Office of Civil Defense (OCD)/National Disaster Risk Reduction and Management Council (NDRRMC), the Bataan Abucay Doppler Radar Station will significantly enhance accuracy of weather forecasts through real-time data enabling local governments to issue timely warnings to communities, and plan disaster responses effectively.
DOST-PAGASA Administrator Dr. Nathaniel T. Servando welcomed BPSU officials led by University President Dr. Ruby Santos-Matibag, Campus Director Dr. Walter Valdez, and Dean of Instruction Dr. Dharell Siano. “Through this significant agreement between our institutions, we not only strenghten our shared commitment to nation-building but also foster collaboration in research, innovation, and capacity-building”, DOST-PAGASA Administrator Nathaniel T. Servando said. Dr. Servando’s appreciation is also extended to the OCD for closely collaborating with DOST-PAGASA in ensuring that lives and welfare of the Filipino people are safeguarded during natural disasters. 
Dr. Marcelino Q. Villafuerte II, Deputy Administrator for R&D, also expressed his gratitude to the BPSU for the establishment of the synoptic station in Abucay, Bataan in 2021, “with this signing ceremony, our partnership begins again and we hope that it could futher enhance our collaboration, as we establish our radar station, for students to potentially use our datasets.”
BPSU President Dr. Santos-Matibag highlighted that the signing ceremony is more than just a formal partnership, but a celebration of shared commitment to scientific process and public safety of all Filipinos. She also said that Bataeños are used to warnings pertaining to weather hazards, and this agreement highlights the university’s dedication to supporting research and innovation that address community needs, especially in DRR.
National Capital Region-PAGASA Regional Services Division (NCR-PRSD) Chief Engr. Lorenzo A. Moron thanked BPSU President Dr. Santos-Matibag and all involve, emphasizing that the ceremony today is more than technological advancement, but it also represents our promise to be better stewards of public safety. Other DOST-PAGASA Executive Staff members in attendance were Engr. Juanito Galang (Chief of Weather Division), Ms. Thelma Cinco (Chief of Climatology and Agrometeorology Division), Mr. Michael Bala (OIC of Research & Development and Training Division), and Mr. Oskar Cruz (OIC of HydroMeteorology Division). 
The PAGASA-BPSU Doppler radar station is expected to become a vital tool in strengthening the Philippines’ disaster preparedness, providing more accurate forecasts and timely warnings for the protection of communities across the nation.
#OneDOST4U
#SolutionsAndOpportunitiesforAll Building resilience together: DOST-PAGASA, BPSU sign MoA for the Bataan Abucay Doppler Radar Station 08 September 2025 | The DOST-PAGASA and Bataan Peninsula State University (BPSU) formalizes partnership for the establishment of the Bataan Abucay Doppler radar station through a memorandum of agreement (MoA) signing held at the Amihan Conference Room, PAGASA Central Office, Quezon City. With the funding support from the Office of the President, through the Office of Civil Defense (OCD)/National Disaster Risk Reduction and Management Council (NDRRMC), the Bataan Abucay Doppler Radar Station will significantly enhance accuracy of weather forecasts through real-time data enabling local governments to issue timely warnings to communities, and plan disaster responses effectively. DOST-PAGASA Administrator Dr. Nathaniel T. Servando welcomed BPSU officials led by University President Dr. Ruby Santos-Matibag, Campus Director Dr. Walter Valdez, and Dean of Instruction Dr. Dharell Siano. “Through this significant agreement between our institutions, we not only strenghten our shared commitment to nation-building but also foster collaboration in research, innovation, and capacity-building”, DOST-PAGASA Administrator Nathaniel T. Servando said. Dr. Servando’s appreciation is also extended to the OCD for closely collaborating with DOST-PAGASA in ensuring that lives and welfare of the Filipino people are safeguarded during natural disasters. Dr. Marcelino Q. Villafuerte II, Deputy Administrator for R&D, also expressed his gratitude to the BPSU for the establishment of the synoptic station in Abucay, Bataan in 2021, “with this signing ceremony, our partnership begins again and we hope that it could futher enhance our collaboration, as we establish our radar station, for students to potentially use our datasets.” BPSU Presid",Unknown,2025-09-08 21:30,Unknown,https://www.facebook.com/PAGASA.DOST.GOV.PH/posts/pfbid0Lf1vXi8926rkSo53AjCt16MWMz55KSfNmxoXP2yqndWDapjkq6GXz9JQumB8DJAvl?__cft__[0]=AZUJ4YJKCZGgrzERa6ClVGcUeQoMsK5ASWP7dRawmGy7uav-qqdvtUG1_deKwD6FlmFVPHZ_CQyhqqaX-b8PCSjDlOT7cmrMccm4zTFN1R8bc5yOk2G0-YBzcyeCCpt727GZloURgvquFiQtqg7GSkSk4wqAVpZnkV-oTFidXiekcemCDCiFRNSGKR-OexKWB2k&__tn__=%2CO%2CP-R
Facebook,PhilstarNews,"US President Donald Trump said Sunday he was issuing a ""last warning"" to Hamas, saying the Palestinian militant group must accept a deal to release hostages in Gaza. US President Donald Trump said Sunday he was issuing a ""last warning"" to Hamas, saying the Palestinian militant group must accept a deal to release hostages in Gaza. 2year na ang mga walang hiya, the best army na pumatay ng mga bata at civilians. Kinampihan pa ng gobyerno natin at ng mga obob 0202. Sayang ang tax money na binigay sa arms trade NG Israekl smartmatik pa more. 8billion peso daw",Unknown,2025-09-08 21:30,Unknown,https://www.facebook.com/philstarnews/posts/pfbid0zzKK6rf6c7N5dPGBQ1M4uBw1NmVjgHfzRfMBNSuMgWuBN53BpBF7oJhSrqGpoKAEl?__cft__[0]=AZWdu1dxfRLEtfTRiADLu_98rjikmqeV4vuMj8wtCvDVq51-52RNWssVgxX0l-4ocF0SCKOryPCAf2WLNV9E0RJrPm30vHHrqGz8IXHYzSX1D892RRzefoLGT1mQNmLBm8QD8FiDboM4dtyPt8LaZJYIgwIP8zMiZFZZFUwjcCIIrJpdhf1NBg2BPMDxt0jQYhI&__tn__=%2CO%2CP-R
Facebook,sunstardavaonews,"When you flip through a glossy magazine or scroll through social media, you’ll likely spot a common symbol everywhere, H&M, Tiffany & Co., Dolce & Gabbana, Marks & Spencer and Johnson & Johnson. When you flip through a glossy magazine or scroll through social media, you’ll likely spot a common symbol everywhere, H&M, Tiffany & Co., Dolce & Gabbana, Marks & Spencer and Johnson & Johnson. Ano ba kayo SunStar Davao. Kung anu-anong ibinabalita niyo. Dapat focus lang tayo parati sa flood control project. Di ba mga dds?",Unknown,2025-09-08 21:30,Unknown,https://www.facebook.com/sunstardavaonews/posts/pfbid04nNjVDi2s3eQd9hM3eySFPQhmm86wbpv9JQEDrbFkCZ7ivRj9H1xJS5DLRRejPCel?__cft__[0]=AZW6j320xECt5941TPaaccTRSBdayVuz1EHiCK48QaWdBU7LqBoiVe7JtCiPbWApM8EUcgZYkfru9uAqhdxKu6sHihbpDGWYnFGN7c_R03QprXv_KuqODZxwtXgrfJhYy-rsX1arMv9_axxHQ6i2scqoMtaPss4vbB5jV2Nd97DQQd1IjR8rJNmI6E20hYECzUE&__tn__=%2CO%2CP-R
Facebook,sunstardavaonews,Ano ba kayo SunStar Davao. Kung anu-anong ibinabalita niyo. Dapat focus lang tayo parati sa flood control project. Di ba mga dds?,Unknown,2025-09-08 21:30,Unknown,https://www.facebook.com/sunstardavaonews/posts/pfbid04nNjVDi2s3eQd9hM3eySFPQhmm86wbpv9JQEDrbFkCZ7ivRj9H1xJS5DLRRejPCel?comment_id=1807909179932911&__cft__[0]=AZW6j320xECt5941TPaaccTRSBdayVuz1EHiCK48QaWdBU7LqBoiVe7JtCiPbWApM8EUcgZYkfru9uAqhdxKu6sHihbpDGWYnFGN7c_R03QprXv_KuqODZxwtXgrfJhYy-rsX1arMv9_axxHQ6i2scqoMtaPss4vbB5jV2Nd97DQQd1IjR8rJNmI6E20hYECzUE&__tn__=R-R
Facebook,stormchasersPH,"RUMARAGASANG BAHA SA LA TRINIDAD, BENGUET 
Nagngangalit na pagragasa ng baha ang naranasan sa Lower Bayabas, Pico, La Trinidad, #Benguet nitong Lunes ng hapon, September 8, kasabay ng malakas na buhos ng ulan.
May drainage umano sa lugar ngunit maliit ang kapasidad nito sa mataas na baha.
 JH Ukay Ukay RUMARAGASANG BAHA SA LA TRINIDAD, BENGUET Nagngangalit na pagragasa ng baha ang naranasan sa Lower Bayabas, Pico, La Trinidad, #Benguet nitong Lunes ng hapon, September 8, kasabay ng malakas na buhos ng ulan. May drainage umano sa lugar ngunit maliit ang kapasidad nito sa mataas na baha. JH Ukay Ukay Sometimes it's not the flood control systems that aren't working. It's really the humans settling in places where nature doesn't permit man-made structures. Aj Bisda correct ka jn
imbes nalawa jy pagayusan ti danum Awan in..may sapay pinulatanda dgiti abut nga dgita Kt naeranta nga pagtennagan ti danum..",Unknown,2025-09-08 21:30,Unknown,https://www.facebook.com/stormchasersPH/
Facebook,#FireAlert,"Alhoabar sonog sa porok 4 miniforest barangay 23-c, boulevard Davao city pasado alas 2 kadlawon September 8 2025 
#sonog#firealert
#boulevard
#brngy23c
#DVODAVAOCity Alhoabar sonog sa porok 4 miniforest barangay 23-c, boulevard Davao city pasado alas 2 kadlawon September 8 2025 #sonog#firealert #boulevard #brngy23c #DVODAVAOCity",Unknown,2025-09-08 21:30,Unknown,https://www.facebook.com/hashtag/FireAlert
Facebook,#FireandRescuePH,"HINDI NA KINAYA, DAHIL SA LAKAS NG SUNOG SA QUEZON CITY
   DOBLE, INGAT POH TALAGA TAYO NGAYON DAHIL SA SOBRANG INIT AT PAIBA IBA YUNG KLIMA NG PANAHON NGAYON
  #firealert
  #highlightseveryone
  #firealarm
  #fypviralvideos
  #forawareness
  #fireandrescueph
  #alarmapilipinas HINDI NA KINAYA, DAHIL SA LAKAS NG SUNOG SA QUEZON CITY DOBLE, INGAT POH TALAGA TAYO NGAYON DAHIL SA SOBRANG INIT AT PAIBA IBA YUNG KLIMA NG PANAHON NGAYON #firealert #highlightseveryone #firealarm #fypviralvideos #forawareness #fireandrescueph #alarmapilipinas",Unknown,2025-09-08 21:30,Unknown,https://www.facebook.com/hashtag/FireandRescuePH
Facebook,#FloodAlert,"CLASS SUSPENSION ALERT | Martes, Setyembre 9, 2025
Nag-anunsyo ang iba’t ibang lokal na pamahalaan sa Luzon, Visayas, at Mindanao ng suspensyon ng klase bukas, Martes, Setyembre 9, 2025, bunsod ng sama ng panahon at posibleng pagbaha dulot ng tuloy-tuloy na pag-ulan.
 Listahan ng mga lugar na may walang pasok (all levels, public and private):
– Metro Manila (ilang lungsod)
– Luzon (Bulacan, Pampanga, Rizal, Laguna, Cavite at iba pa)
– Visayas (Cebu City, Iloilo City, Tacloban, atbp.)
– Mindanao (Davao City, Cagayan de Oro, Cotabato City, South Cotabato, Sultan Kudarat, atbp.)
 Kumpletong listahan dito: https://tinyurl.com/malacanang-govph-suspension
 Ayon sa PAGASA, ilang rehiyon ang patuloy na makararanas ng malalakas na pag-ulan at thunderstorm na maaaring magdulot ng flash floods at landslides.
 Detalye ng apektadong lugar: https://tinyurl.com/malacanang-govph-suspension
 Paalala: Magsubaybay sa mga opisyal na abiso ng inyong LGU at ng Department of Education para sa pinakabagong update.
#WalangPasok #WeatherUpdate #ClassSuspension #PHWeather #SuspensionOfClasses #DepEd #CHED #LGUAdvisory #RainySeasonPH #FloodAlert #StormWatchPH #BagyoPH #LPA #Habagat #PAGASA #WeatherPatrol #EmergencyUpdate CLASS SUSPENSION ALERT | Martes, Setyembre 9, 2025 Nag-anunsyo ang iba’t ibang lokal na pamahalaan sa Luzon, Visayas, at Mindanao ng suspensyon ng klase bukas, Martes, Setyembre 9, 2025, bunsod ng sama ng panahon at posibleng pagbaha dulot ng tuloy-tuloy na pag-ulan. Listahan ng mga lugar na may walang pasok (all levels, public and private): – Metro Manila (ilang lungsod) – Luzon (Bulacan, Pampanga, Rizal, Laguna, Cavite at iba pa) – Visayas (Cebu City, Iloilo City, Tacloban, atbp.) – Mindanao (Davao City, Cagayan de Oro, Cotabato City, South Cotabato, Sultan Kudarat, atbp.) Kumpletong listahan dito: https://tinyurl.com/malacanang-govph-suspension Ayon sa PAGASA, ilang rehiyon ang patuloy na makararanas ng malalakas na pag-ulan at thunderstorm na maaaring magdulot ng flash floods at landslides. Detalye ng apektadong lugar: https://tinyurl.com/malacanang-govph-suspension Paalala: Magsubaybay sa mga opisyal na abiso ng inyong LGU at ng Department of Education para sa pinakabagong update. #WalangPasok #WeatherUpdate #ClassSuspension #PHWeather #SuspensionOfClasses #DepEd #CHED #LGUAdvisory #RainySeasonPH #FloodAlert #StormWatchPH #BagyoPH #LPA #Habagat #PAGASA #WeatherPatrol #EmergencyUpdate",Unknown,2025-09-08 21:30,Unknown,https://www.facebook.com/hashtag/FloodAlert
Facebook,abscbnNEWS,"WATCH: President Ferdinand Marcos, Jr. said it is the “prerogative” of both chambers of Congress to conduct a probe into flood control anomalies despite some lawmakers being tagged in the controversy.
“Ipatuloy natin. At kahit papaano pagka may masusing imbestigasyon, kahit papaano mayroon tayong makukuha din diyan. So, baka makatulong din,” Marcos Jr. noted. 
Asked if the lawmakers accused of involvement should inhibit from the probe, Marcos Jr. replied, “Eh wala namang aamin na may kaugnayan sila eh, hindi ba? Kahit sino. So, hindi sila mag-i-inhibit. So, kahit sabihin mo… At saka wala namang power ang executive sa legislature eh.” (
: PCO) | via Harlene Delgado, ABS-CBN News WATCH: President Ferdinand Marcos, Jr. said it is the “prerogative” of both chambers of Congress to conduct a probe into flood control anomalies despite some lawmakers being tagged in the controversy. “Ipatuloy natin. At kahit papaano pagka may masusing imbestigasyon, kahit papaano mayroon tayong makukuha din diyan. So, baka makatulong din,” Marcos Jr. noted. Asked if the lawmakers accused of involvement should inhibit from the probe, Marcos Jr. replied, “Eh wala namang aamin na may kaugnayan sila eh, hindi ba? Kahit sino. So, hindi sila mag-i-inhibit. So, kahit sabihin mo… At saka wala namang power ang executive sa legislature eh.” (
: PCO) | via Harlene Delgado, ABS-CBN News This is what the VP said in one of her interviews, ""may niluluto"" behind all these.",Unknown,2025-09-08 22:00,Unknown,https://www.facebook.com/abscbnNEWS/
Facebook,pagasa.dost.gov.ph,"As of 8:00 PM today, 08 September 2025, Severe Tropical Cyclone ""TAPAH"" (formerly ""LANNIE"") has weakened into a Tropical Storm as is still being monitored outside the Philippine Area of Responsibility (PAR).
All are advised to monitor updates from DOST-PAGASA. As of 8:00 PM today, 08 September 2025, Severe Tropical Cyclone ""TAPAH"" (formerly ""LANNIE"") has weakened into a Tropical Storm as is still being monitored outside the Philippine Area of Responsibility (PAR). All are advised to monitor updates from DOST-PAGASA. Una HAHA",Unknown,2025-09-08 22:00,Unknown,https://www.facebook.com/PAGASA.DOST.GOV.PH/posts/pfbid0nqh9FF7CmMgHB7gvoFW3noGypzTW1h6GNxNNkU96V8mRro1ysqrigsAHFtfJ4iNel?__cft__[0]=AZVOk0n903xiH7aOYt3asIrzyprD4UQyc1qFwpI8Q9_D48w2eyWozkQHy1TMac9hwYkAgA1uitPmcbvkDDHJ8Ci4TosN5z-JjQL3wpn0CET6yTt_uW2QgqRHcdUoRkYecyJQnrw0lUcjUh45MvnCDHKYJSup3QGsDC7syHG5Dirpnr7i-LQ7U7TzrYu7eHiqkCY&__tn__=%2CO%2CP-R
Facebook,PHIVOLCS,"#EarthquakePH #EarthquakeDavaoOccidental
#iFelt_DavaoOccidentalEarthquake
Earthquake Information No.1
Date and Time: 08 September 2025 - 08:51 PM
Magnitude = 4.8
Depth = 163 km
Location = 05.68°N, 125.98°E - 045 km S 55° E of Jose Abad Santos (Davao Occidental)
Instrumental Intensities:
Intensity III - Malungon, SARANGANI
Intensity II - Alabel, SARANGANI
Intensity I - CITY OF GENERAL SANTOS; Matanao and City of Digos, DAVAO DEL SUR; Polomolok and Tupi, SOUTH COTABATO
https://earthquake.phivolcs.dost.gov.ph/.../2025_0908... #EarthquakePH #EarthquakeDavaoOccidental #iFelt_DavaoOccidentalEarthquake Earthquake Information No.1 Date and Time: 08 September 2025 - 08:51 PM Magnitude = 4.8 Depth = 163 km Location = 05.68°N, 125.98°E - 045 km S 55° E of Jose Abad Santos (Davao Occidental) Instrumental Intensities: Intensity III - Malungon, SARANGANI Intensity II - Alabel, SARANGANI Intensity I - CITY OF GENERAL SANTOS; Matanao and City of Digos, DAVAO DEL SUR; Polomolok and Tupi, SOUTH COTABATO https://earthquake.phivolcs.dost.gov.ph/.../2025_0908... Felt slightly here in my location (Makilala). Sandali lang din.",Unknown,2025-09-08 22:00,Unknown,https://www.facebook.com/PHIVOLCS/posts/pfbid0Vcrg7eJTuAGUNkUDNgGeFq3Uwh7bGJKn84ZHQiE87bcAekNTM1E5MHhU66wwpbFol?__cft__[0]=AZVO8pAthbMQQSLtxGpTFyweDLOQ4cpLXq4Nf7m-aGO729kC8i4JZyISIJe3QqjPIReLiIsWZAjFZdECu-51kXnx67osdDJVGmhR68PQ4AzXNFoNQsSdyvXRkHid5-yeBjubMR9I-YTbNjtSVMV59ZBfuv3hhL1l__bTGnbNPuV_wUDgPdiLK9seSNVCZ3TbU4c&__tn__=%2CO%2CP-R
Facebook,stormchasersPH,"RUMARAGASANG BAHA SA LA TRINIDAD, BENGUET 
Nagngangalit na pagragasa ng baha ang naranasan sa Lower Bayabas, Pico, La Trinidad, #Benguet nitong Lunes ng hapon, September 8, kasabay ng malakas na buhos ng ulan.
May drainage umano sa lugar ngunit maliit ang kapasidad nito sa mataas na baha.
 JH Ukay Ukay RUMARAGASANG BAHA SA LA TRINIDAD, BENGUET Nagngangalit na pagragasa ng baha ang naranasan sa Lower Bayabas, Pico, La Trinidad, #Benguet nitong Lunes ng hapon, September 8, kasabay ng malakas na buhos ng ulan. May drainage umano sa lugar ngunit maliit ang kapasidad nito sa mataas na baha. JH Ukay Ukay Sometimes it's not the flood control systems that aren't working. It's really the humans settling in places where nature doesn't permit man-made structures.",Unknown,2025-09-08 22:00,Unknown,https://www.facebook.com/stormchasersPH/
Facebook,stormchasersPH,Sometimes it's not the flood control systems that aren't working. It's really the humans settling in places where nature doesn't permit man-made structures.,Unknown,2025-09-08 22:00,Unknown,https://www.facebook.com/stormchasersPH/
Facebook,#BahaPH,"PANOORIN: Nagmistulang swimming pool ang M. Naval Street sa Navotas dahil sa abot-baywang na baha ngayong Hulyo 24.
Nagtampisaw ang ilang kabataan sa kalsada, na hindi na madaanan ng mga sasakyan dahil sa panganib ng mataas na tubig-baha. | via Edison Domingo
#NET25NewsandInformation #Navotas #BahaPH #Habagat #Flooding #WeatherUpdate PANOORIN: Nagmistulang swimming pool ang M. Naval Street sa Navotas dahil sa abot-baywang na baha ngayong Hulyo 24. Nagtampisaw ang ilang kabataan sa kalsada, na hindi na madaanan ng mga sasakyan dahil sa panganib ng mataas na tubig-baha. | via Edison Domingo #NET25NewsandInformation #Navotas #BahaPH #Habagat #Flooding #WeatherUpdate",Unknown,2025-09-08 22:00,Unknown,https://www.facebook.com/hashtag/BahaPH
Facebook,#FireAlert,"𝗔𝗙𝗧𝗘𝗥𝗠𝗔𝗧𝗛 𝗦𝗔 𝗦𝗨𝗡𝗢𝗚 𝗦𝗔 𝗕𝗥𝗚𝗬. 𝟮𝟯-𝗖 𝗕𝗢𝗨𝗟𝗘𝗩𝗔𝗥𝗗 
LOOK: Ubay-ubay ka mga panimalay ang naugdaw human sa nahitabong sunog sa Purok 4, Miniforest, Brgy. 23-C, Boulevard, Davao City pasado alas-2 kaganihang kadlawon, Setyembre 8, 2025.
Sa karon, padayun ang imbestigasyon sa kabomberohan sa hinungdan, lakip ang kantidad sa danyos sa sunog. 
#Sunog #FireAlert #boulevard #Barangay23C #DVO #Davao  #DavaoCity #DavaoUpdates 𝗔𝗙𝗧𝗘𝗥𝗠𝗔𝗧𝗛 𝗦𝗔 𝗦𝗨𝗡𝗢𝗚 𝗦𝗔 𝗕𝗥𝗚𝗬. 𝟮𝟯-𝗖 𝗕𝗢𝗨𝗟𝗘𝗩𝗔𝗥𝗗 LOOK: Ubay-ubay ka mga panimalay ang naugdaw human sa nahitabong sunog sa Purok 4, Miniforest, Brgy. 23-C, Boulevard, Davao City pasado alas-2 kaganihang kadlawon, Setyembre 8, 2025. Sa karon, padayun ang imbestigasyon sa kabomberohan sa hinungdan, lakip ang kantidad sa danyos sa sunog. #Sunog #FireAlert #boulevard #Barangay23C #DVO #Davao  #DavaoCity #DavaoUpdates",Unknown,2025-09-08 22:00,Unknown,https://www.facebook.com/DavaoDevUpdates/posts/pfbid02ZpirSyj3Wu7peTQ1UrK2Bb1GhnzCytejp4bMkvZfUmdzQPJcbaGqhNNdFoybYjLal?__cft__[0]=AZWZJNTTJ09zyOH1JcpRqjknRyapUgJLidWyObylJk06TPlDfgsI-a3gwSkcCmu5NQ800akCY5HgzAmrc2fOOKbew3ebpeC_iIqfR-Rh10rff8H3-qOb4j9CGpYAdFjO8M_3huFvLGu2wDLUZ5MXrhSXiFRGfGZuXsQKj0iwptfz9zG9kNH22_uNyeIykZzveQk&__tn__=%2CO%2CP-R
Facebook,civildefensedavao,"Earthquake Information No.1
Date and Time: 08 September 2025 - 08:51 PM
Magnitude = 4.8
Depth = 163 km
Location = 05.68°N, 125.98°E - 045 km S 55° E of Jose Abad Santos (Davao Occidental)
Instrumental Intensities:
Intensity III - Malungon, SARANGANI
Intensity II - Alabel, SARANGANI
Intensity I - CITY OF GENERAL SANTOS; Matanao and City of Digos, DAVAO DEL SUR; Polomolok and Tupi, SOUTH COTABATO
Source: PHIVOLCS Earthquake Information No.1 Date and Time: 08 September 2025 - 08:51 PM Magnitude = 4.8 Depth = 163 km Location = 05.68°N, 125.98°E - 045 km S 55° E of Jose Abad Santos (Davao Occidental) Instrumental Intensities: Intensity III - Malungon, SARANGANI Intensity II - Alabel, SARANGANI Intensity I - CITY OF GENERAL SANTOS; Matanao and City of Digos, DAVAO DEL SUR; Polomolok and Tupi, SOUTH COTABATO Source: PHIVOLCS",Unknown,2025-09-08 22:30,Unknown,https://www.facebook.com/civildefensedavao/posts/pfbid02FXkEW4UYQTnAJ5MsMWN6Wd2XX8ukgeAnVQzGhSJNEpPsfTGXTkcpC3WK9Gwhqvool?__cft__[0]=AZWkkMPdkL96CaUH7eHFbNa2SRpyIp5wKEJYIsaAzwml8RjdM9LQfYucdDt4VEIGBinYa86dhcDdYZY-NkHBNtJ39qbOIBPShp9EaDMrw4Bae_7xtS3zdesw0PL1oX-mWW1iHG4XKf9y8vBj97XYZH0Yxzya6Nx0X_QiDJ31_TPFuI32Zhr9vo-aYUzKyMFej3A&__tn__=%2CO%2CP-R
Facebook,DavaoDRRMO,"𝐂𝐃𝐑𝐑𝐌𝐎-𝐎𝐏𝐂𝐄𝐍 𝐖𝐄𝐀𝐓𝐇𝐄𝐑 𝐔𝐏𝐃𝐀𝐓𝐄:
As of 09:52 PM | September 08, 2025
𝐖𝐞𝐚𝐭𝐡𝐞𝐫 𝐒𝐲𝐬𝐭𝐞𝐦: 𝙀𝙖𝙨𝙩𝙚𝙧𝙡𝙞𝙚𝙨
Reported rainfall within the areas of Calinan, Marilog, and Toril Districts has stopped.
Areas within Davao City are experiencing partly cloudy to cloudy skies.
All river channels are monitored at 𝐂𝐎𝐃𝐄 𝐆𝐑𝐄𝐄𝐍 (𝘚𝘢𝘧𝘦 𝘓𝘦𝘷𝘦𝘭).
𝐂𝐎𝐀𝐒𝐓𝐀𝐋 𝐒𝐓𝐀𝐓𝐔𝐒:
> Calm seas
> Low tide 
#𝗪𝗲𝗮𝘁𝗵𝗲𝗿𝗨𝗽𝗱𝗮𝘁𝗲
#𝗗𝗮𝘃𝗮𝗼𝗖𝗶𝘁𝘆𝗗𝗥𝗥𝗠𝗢 𝐂𝐃𝐑𝐑𝐌𝐎-𝐎𝐏𝐂𝐄𝐍 𝐖𝐄𝐀𝐓𝐇𝐄𝐑 𝐔𝐏𝐃𝐀𝐓𝐄: As of 09:52 PM | September 08, 2025 𝐖𝐞𝐚𝐭𝐡𝐞𝐫 𝐒𝐲𝐬𝐭𝐞𝐦: 𝙀𝙖𝙨𝙩𝙚𝙧𝙡𝙞𝙚𝙨 Reported rainfall within the areas of Calinan, Marilog, and Toril Districts has stopped. Areas within Davao City are experiencing partly cloudy to cloudy skies. All river channels are monitored at 𝐂𝐎𝐃𝐄 𝐆𝐑𝐄𝐄𝐍 (𝘚𝘢𝘧𝘦 𝘓𝘦𝘷𝘦𝘭). 𝐂𝐎𝐀𝐒𝐓𝐀𝐋 𝐒𝐓𝐀𝐓𝐔𝐒: > Calm seas > Low tide #𝗪𝗲𝗮𝘁𝗵𝗲𝗿𝗨𝗽𝗱𝗮𝘁𝗲 #𝗗𝗮𝘃𝗮𝗼𝗖𝗶𝘁𝘆𝗗𝗥𝗥𝗠𝗢",Unknown,2025-09-08 22:30,Unknown,https://www.facebook.com/DavaoDRRMO/posts/pfbid0AT6djFTfFwZnCuyg6bAMY2ZdV3PE8wTvHW6PNCrK7yNNp8MqFcRpuEeuZDYa799Wl?__cft__[0]=AZXMbpZEAl7IP-JDF69fub4t7wi-ON8hG59fZYepi-5fhM5AVopyH4PR4YYmIYw9n79I7zD-5cg8upl9JFgPv2bqdhZnumjsnXNWb4DpkGrharmsjz1UrKEuMV_Hwk5Geek_cRUgcdpAsB47aitcJqg1OUZyaMKiPRwuOmj5LDFR0olzIGgTbiahrJ29PRhIjpM&__tn__=%2CO%2CP-R
Facebook,inquirerdotnet,NBI rescues 5 minors from online sexual abuse by parents in Leyte NBI rescues 5 minors from online sexual abuse by parents in Leyte,Unknown,2025-09-08 22:30,Unknown,https://www.facebook.com/inquirerdotnet/posts/pfbid02nLkXLKCmKJCevH94sc9mc2FvrNazw5F1SmVbmV96zPd47HC5kCVoaUpAvbxsNCjQl?__cft__[0]=AZU0n5rC-SSo0GWaL_NUjaRT9YsHrqW4stjG2qSyGuD8Z2EFjQN-aMmCxx0NnwY5mRyhA41L1WCcaA9_HHhyCAGdFyqT5Xl10m61Uj_0hARmmHFLeHQ5Csp8AXz1XmyNbcyUHv8K8KuIMNLMn8H8aYL4AuoUo0apxAGV2bKk0EfAFadC7nEzLFXq0zExJ3FtCj4&__tn__=%2CO%2CP-R
Facebook,NDRRMC,"DISASTER PREPAREDNESS UPDATE | Building resilience together: DOST-PAGASA, BPSU sign MoA for the Bataan Abucay Doppler Radar Station
08 September 2025 | The DOST-PAGASA and Bataan Peninsula State University (BPSU) formalizes partnership for the establishment of the Bataan Abucay Doppler radar station through a memorandum of agreement (MoA) signing held at the Amihan Conference Room, PAGASA Central Office, Quezon City. With the funding support from the Office of the President, through the Office of Civil Defense (OCD)/National Disaster Risk Reduction and Management Council (NDRRMC), the Bataan Abucay Doppler Radar Station will significantly enhance accuracy of weather forecasts through real-time data enabling local governments to issue timely warnings to communities, and plan disaster responses effectively.
Source: DOST-PAGASA
#NDRRMC
#BawatSegundoMahalaga DISASTER PREPAREDNESS UPDATE | Building resilience together: DOST-PAGASA, BPSU sign MoA for the Bataan Abucay Doppler Radar Station 08 September 2025 | The DOST-PAGASA and Bataan Peninsula State University (BPSU) formalizes partnership for the establishment of the Bataan Abucay Doppler radar station through a memorandum of agreement (MoA) signing held at the Amihan Conference Room, PAGASA Central Office, Quezon City. With the funding support from the Office of the President, through the Office of Civil Defense (OCD)/National Disaster Risk Reduction and Management Council (NDRRMC), the Bataan Abucay Doppler Radar Station will significantly enhance accuracy of weather forecasts through real-time data enabling local governments to issue timely warnings to communities, and plan disaster responses effectively. Source: DOST-PAGASA #NDRRMC #BawatSegundoMahalaga Building resilience together: DOST-PAGASA, BPSU sign MoA for the Bataan Abucay Doppler Radar Station
08 September 2025 | The DOST-PAGASA and Bataan Peninsula S… See more Building resilience together: DOST-PAGASA, BPSU sign MoA for the Bataan Abucay Doppler Radar Station
08 September 2025 | The DOST-PAGASA and Bataan Peninsula S… See more Building resilience together: DOST-PAGASA, BPSU sign MoA for the Bataan Abucay Doppler Radar Station 08 September 2025 | The DOST-PAGASA and Bataan Peninsula S… See more",Unknown,2025-09-08 22:30,Unknown,https://www.facebook.com/NDRRMC/posts/pfbid05Zv7Yy59qKA54bhbr2UaRtUg2H4yyCpmxuoLDjJvrPZKXMo12ipyAT7B2prU4qRkl?__cft__[0]=AZVIYYfquZuEdNkVu3S99QpfdFe3YfvfQyh3Och3rAOWCZNlYt1vSDztfFv7ilB1u_kIkBfYeMGFlPlQFTx6GotiWO9bf4qdWCqzrGH4sX9zbIHMrQG28aClcYQB_03uGF6SreqRUINgFBV-os04oGrVEFEXPu0FI-qgT-4MUS81XZT81IrNVOUKpzTEOdYyatXYsrdyj6iCw5dBlOvY4WY9PemvvAYe15NOdAmRvj_wiw&__tn__=%2CO%2CP-R
Facebook,pagasa.dost.gov.ph,"As of 8:00 PM today, 08 September 2025, Severe Tropical Cyclone ""TAPAH"" (formerly ""LANNIE"") has weakened into a Tropical Storm as is still being monitored outside the Philippine Area of Responsibility (PAR).
All are advised to monitor updates from DOST-PAGASA. As of 8:00 PM today, 08 September 2025, Severe Tropical Cyclone ""TAPAH"" (formerly ""LANNIE"") has weakened into a Tropical Storm as is still being monitored outside the Philippine Area of Responsibility (PAR). All are advised to monitor updates from DOST-PAGASA. Keep safe",Unknown,2025-09-08 22:30,Unknown,https://www.facebook.com/PAGASA.DOST.GOV.PH/posts/pfbid0nqh9FF7CmMgHB7gvoFW3noGypzTW1h6GNxNNkU96V8mRro1ysqrigsAHFtfJ4iNel?__cft__[0]=AZWTp0m3EIKS0d69m13Am8_uZdnuVg1Hqi3mUuTQa0ZhQuZstkfnNqKdwfrI7Aw2v_2UjSooed4JtIT-QnMmzZR3EC8KmpjLnCSdNP3j6Hn6Ca-x5wjYKNlo0M33RvJhBsLpSl3kn-O65RH0uHB4iaqDBj29bZ6q0f15U7pxQ7JxrqWV4I7c1UM4chLoneGnDRI&__tn__=%2CO%2CP-R
Facebook,PHIVOLCS,"#EarthquakePH #EarthquakePangasinan
Earthquake Information No.1
Date and Time: 08 September 2025 - 09:03 PM
Magnitude = 2.7
Depth = 033 km
Location = 17.17°N, 119.00°E - 128 km N 48° W of Bolinao (Pangasinan)
https://earthquake.phivolcs.dost.gov.ph/.../2025_0908... #EarthquakePH #EarthquakePangasinan Earthquake Information No.1 Date and Time: 08 September 2025 - 09:03 PM Magnitude = 2.7 Depth = 033 km Location = 17.17°N, 119.00°E - 128 km N 48° W of Bolinao (Pangasinan) https://earthquake.phivolcs.dost.gov.ph/.../2025_0908...",Unknown,2025-09-08 22:30,Unknown,https://www.facebook.com/PHIVOLCS/posts/pfbid0Yfzhb8qoski6xeq17MJ5h2SjkxkKgE3cTXPdH3sKJ3WU3aqTdpsDMuvaP1ohfJQ3l?__cft__[0]=AZWil0OJ5MW3kA8uT1OnJqn2JQQ4lfwSTy3X73Lr08803JkATGaVwXBZjmble128pptg-96R8oAjLDO0wsR4C_Ttzdyp-krTP66cgo8oJ3LP3PmjBvuDNIQ9SPBAPXhB-xKwzgUniSuqNap-iyTNdcMwpAeKoQVFGeqJwMNOVYU7dL4vvhptaDCV1UWms759ocY&__tn__=%2CO%2CP-R
Facebook,#BahaPH,"PANUORIN: ""SAFE KA NA,"" says Curlee Discaya after an inquiry from Sen. Jinggoy Estrada if any senators were involved in the anomalous PH flood control projects during the Senate blue ribbon committee hearing being held today, Sept. 8.
#DitoSaPilipinas #DSP #CurleeDiscaya #Discaya #SarahDiscaya #FloodControlPH #BahaPH #DPWH #InfraPH #ViralPH #FloodControlHearing #WawaoBuilders #MarkAllanArevalo #RomanRomulo #ZaldyCo #MartinRomualdez #ViralPH #JinggoyEstrada #SenatePH PANUORIN: ""SAFE KA NA,"" says Curlee Discaya after an inquiry from Sen. Jinggoy Estrada if any senators were involved in the anomalous PH flood control projects during the Senate blue ribbon committee hearing being held today, Sept. 8. #DitoSaPilipinas #DSP #CurleeDiscaya #Discaya #SarahDiscaya #FloodControlPH #BahaPH #DPWH #InfraPH #ViralPH #FloodControlHearing #WawaoBuilders #MarkAllanArevalo #RomanRomulo #ZaldyCo #MartinRomualdez #ViralPH #JinggoyEstrada #SenatePH",Unknown,2025-09-08 22:30,Unknown,https://www.facebook.com/hashtag/BahaPH
Facebook,#EarthquakePH,"#EarthquakePH #EarthquakeDavaoOccidental
#iFelt_DavaoOccidentalEarthquake
Earthquake Information No.1
Date and Time: 08 September 2025 - 08:51 PM
Magnitude = 4.8
Depth = 163 km
Location = 05.68°N, 125.98°E - 045 km S 55° E of Jose Abad Santos (Davao Occidental)
Instrumental Intensities:
Intensity III - Malungon, SARANGANI
Intensity II - Alabel, SARANGANI
Intensity I - CITY OF GENERAL SANTOS; Matanao and City of Digos, DAVAO DEL SUR; Polomolok and Tupi, SOUTH COTABATO
https://earthquake.phivolcs.dost.gov.ph/.../2025_0908... #EarthquakePH #EarthquakeDavaoOccidental #iFelt_DavaoOccidentalEarthquake Earthquake Information No.1 Date and Time: 08 September 2025 - 08:51 PM Magnitude = 4.8 Depth = 163 km Location = 05.68°N, 125.98°E - 045 km S 55° E of Jose Abad Santos (Davao Occidental) Instrumental Intensities: Intensity III - Malungon, SARANGANI Intensity II - Alabel, SARANGANI Intensity I - CITY OF GENERAL SANTOS; Matanao and City of Digos, DAVAO DEL SUR; Polomolok and Tupi, SOUTH COTABATO https://earthquake.phivolcs.dost.gov.ph/.../2025_0908...",Unknown,2025-09-08 22:30,Unknown,https://www.facebook.com/PHIVOLCS/posts/pfbid0Vcrg7eJTuAGUNkUDNgGeFq3Uwh7bGJKn84ZHQiE87bcAekNTM1E5MHhU66wwpbFol?__cft__[0]=AZVeeRHzQs_bIjsjuB1hvfKCTRemsCYbyMp9GdvMAjmDURugV4RtlEvPXfVkgr20BWqVGxNAd8mwTB_v-wwSIB8j8AjAN_eDH1Zbv_AS7PwlKAzKqyRJbyNtztHWbd9Mxh0ljzsW1tRmVKfRgptEHKgb03N2H8ufIYOe3IuEhOxgZlYHl_Bb2FYCJZ-ycu33nKs&__tn__=%2CO%2CP-R
Facebook,#RescuePH,"LOOK: The heroic and bravery act of Jericho Rosales from Ondoy (2009) to Ulysses (2020).
Salute and respect to you, Mr. Echo 
#RescuePH
: ctto LOOK: The heroic and bravery act of Jericho Rosales from Ondoy (2009) to Ulysses (2020). Salute and respect to you, Mr. Echo #RescuePH : ctto",Unknown,2025-09-08 22:30,Unknown,https://www.facebook.com/kowalerts/posts/pfbid02Ps7Lo4w3NK5cDKJoiarNMJpYQdHb8uFkyXMrHyG5SMfkLRf7DNieHt4MU7Y9XZGHl?__cft__[0]=AZWAaTGhPYl1zicae-3T7TmLJeFcDOlOsgH8MEWEocl8XJbCn1wkbrA7Z-FRkA70SNgJE4hCU2IP-eydnxARO2cURlBTzimyVIA4hlx8XHO2Il61R3ptDoH5HwIky2XOlk6qc3kDoiJgrsv9x_7L2hiuZCunwYlSa7RHBYvu-bGr82bTc0sP5eO4H-BMhUz1Ppo&__tn__=%2CO%2CP-R
Facebook,#tsunamialert,"Tsunami Just Hit!
It’s happening, guys. The 8.7 earthquake in Russia isn't just talk. 
 Tsunami waves are hitting Hawaii, Alaska, and the West Coast of the US as we speak.
If you’ve got any friends or family over there, check in on them NOW. 
No time to waste. 
Get them to high ground, this is no drill. And if you’re still sitting here on your couch sipping your coffee, you might wanna think twice about how chill you’re being. 
For those of us still on solid ground here in SA, let’s keep the thoughts and prayers coming. And remember when the world shakes, it’s not always about us, but don’t be the person who ignored the signs.
 We’re not just watching a global headline... this is a real-life disaster unfolding. So, if you're in those affected areas, act fast. And if you’re safe, stay informed and ready to help.
#TsunamiAlert #EarthquakeImpact #GlobalDisaster #BeSafe #SouthAfricaKnowsWhatItFeelsLike Tsunami Just Hit! It’s happening, guys. The 8.7 earthquake in Russia isn't just talk. Tsunami waves are hitting Hawaii, Alaska, and the West Coast of the US as we speak. If you’ve got any friends or family over there, check in on them NOW. No time to waste. Get them to high ground, this is no drill. And if you’re still sitting here on your couch sipping your coffee, you might wanna think twice about how chill you’re being. For those of us still on solid ground here in SA, let’s keep the thoughts and prayers coming. And remember when the world shakes, it’s not always about us, but don’t be the person who ignored the signs. We’re not just watching a global headline... this is a real-life disaster unfolding. So, if you're in those affected areas, act fast. And if you’re safe, stay informed and ready to help. #TsunamiAlert #EarthquakeImpact #GlobalDisaster #BeSafe #SouthAfricaKnowsWhatItFeelsLike",Unknown,2025-09-08 22:30,Unknown,https://www.facebook.com/hashtag/tsunamialert
Facebook,manilabulletin,WATCH: President Marcos does not see any lawmaker inhibiting from the ongoing investigations of flood control anomalies as he believes that no politician—either from the House of Representatives or Senate—would admit their involvement in the flood control mess. (Video courtesy of PCO | FB) WATCH: President Marcos does not see any lawmaker inhibiting from the ongoing investigations of flood control anomalies as he believes that no politician—either from the House of Representatives or Senate—would admit their involvement in the flood control mess. (Video courtesy of PCO | FB),Unknown,2025-09-09 11:36,Unknown,https://www.facebook.com/ManilaBulletin/
Facebook,rapplerdotcom,"WATCH: The House of Representatives’ so-called mega panel resumes its investigation into anomalous flood control projects on Tuesday, September 9.
The panel, also called “infra comm,” is composed of the committees on public accounts, public works and highways, and good government and accountability.
The House resumed its probe just a day after top flood control contractors Sarah and Curlee Discaya admitted before the Senate blue ribbon committee that they gave kickbacks to several congressmen and government officials.
Sarah and other top flood control contractors are expected to appear before the panel after being subpoenaed.
House Majority Leader Sandro Marcos earlier said the House does not have the credibility to investigate anomalies related to flood control projects. WATCH: The House of Representatives’ so-called mega panel resumes its investigation into anomalous flood control projects on Tuesday, September 9. The panel, also called “infra comm,” is composed of the committees on public accounts, public works and highways, and good government and accountability. The House resumed its probe just a day after top flood control contractors Sarah and Curlee Discaya admitted before the Senate blue ribbon committee that they gave kickbacks to several congressmen and government officials. Sarah and other top flood control contractors are expected to appear before the panel after being subpoenaed. House Majority Leader Sandro Marcos earlier said the House does not have the credibility to investigate anomalies related to flood control projects. sabay tingin sa Mistermind",Unknown,2025-09-09 11:36,Unknown,https://www.facebook.com/rapplerdotcom/posts/pfbid0vGXXr1BD2TaPMEXzjR74Kfm8BkqBaJT8nbvYnJF2txNwSyQaV8Bt3r2qDf4GfAjdl?__cft__[0]=AZVdPr5hSFWKb1R9x-zOWg8FrgcwPS92HgqyTfl2LDxxpp2pCmTwnHUDDgQnN9hNY0ULkXoDZoGOUyFPGTq-KHGwUJTDM4ytpU3xyjbheIY5JiiobO1knoc70qdslH0gBRJHgI5IRu0vUeRaMNavGisHJzDpjtdfik4kO0wZhVnNlS70PkI1yN8FNO4GxPfUe2E&__tn__=%2CO%2CP-R
Facebook,UNTVNewsRescue,"Nais ni Pangulong Ferdinand Marcos Jr. na may mapanagot sa isyu ng korapsyon sa flood control projects ng gobyerno.
Inianunsyo naman ni PBBM na wala nang ibibigay na pondo para sa flood projects sa taong 2026. Nais ni Pangulong Ferdinand Marcos Jr. na may mapanagot sa isyu ng korapsyon sa flood control projects ng gobyerno. Inianunsyo naman ni PBBM na wala nang ibibigay na pondo para sa flood projects sa taong 2026. Pano m pananagutin c zaldy co at pinsan m tambi",Unknown,2025-09-09 11:36,Unknown,https://www.facebook.com/UNTVNewsRescue/posts/pfbid08S8kBRn8pCdZcmB8JdKD88kYweYxpM47MzcR2BNxQmXPBRmGh4YEKrN2rCQuqgVUl?__cft__[0]=AZVqoyT-qTbfkiGYRC8Z7yeln6LNMa8q32c2KKNZuofO-h7xldxkoqxl9as2yRkH6EcXfuTc2jHgtlGWrjYZo9COxNBVysF0dGvz62A7hnuZVSmZuEeKZR-8oCuDhPbx5HfL--S2FdOB6Pmx9cUMjJJhknHpCjzRSwmqCnYMIjXFWzPRVd-PwV5cSoWNv2d_vbA&__tn__=%2CO%2CP-R
Facebook,#RescuePH,"#MAGATDAM Critical Level
#Cagayan and #Isabela experiencing massive floodings & most areas are now submerged in water. Some people are not yet rescued or reached. We do not have enough resources. Water is still rising. 
We need media coverage and assistance so more people would know and help.  
A lot of people are dying because they drowned waiting for rescuers. They don't have electricity, nothing...families are sleeping on the top of their roofs
#CagayanValleyNeedsHelp 
#IsabelaNeedsHelp 
#RescuePH #MAGATDAM Critical Level #Cagayan and #Isabela experiencing massive floodings & most areas are now submerged in water. Some people are not yet rescued or reached. We do not have enough resources. Water is still rising. We need media coverage and assistance so more people would know and help. A lot of people are dying because they drowned waiting for rescuers. They don't have electricity, nothing...families are sleeping on the top of their roofs #CagayanValleyNeedsHelp #IsabelaNeedsHelp #RescuePH",Unknown,2025-09-09 11:36,Unknown,https://www.facebook.com/1KGMorlifeBarleyGrass/posts/pfbid02tg2PhtNqRUcffxFEAfyCtCHaCYXvudqit7Ar1zFhq83eifWd7hrThrQyJH5bGqd3l?__cft__[0]=AZUdH5ZMuk6lBRHWJNGVXCssulQTpEtSn8HNvbJnUoq04c1rsFrLAr6--EJAlYYO3h7q3EtLbpHJ44h4CusPw26YwsOmUAKjmjY46R7RCyVuOE4WlIxrduD4H26yJzcyjz2AecuUwXUKDFIvIQyKA1WaQZh5HIMNh30R16WKPxxxxry8P1252vGnpl_7yz4zD0g&__tn__=%2CO%2CP-R
Facebook,abscbnNEWS,"Estrada, Villanueva idinawit sa umano'y anomalya sa flood control projects Estrada, Villanueva idinawit sa umano'y anomalya sa flood control projects He's not safe after all! Hindi rin gumana ang best actor performance nung isa",Unknown,2025-09-09 12:30,Unknown,https://www.facebook.com/abscbnNEWS/
Facebook,inquirerdotnet,"Here's a quick roundup of today's top stories:
Ex-Bulacan deputy engineer says senators involved in infra issues
Read more: https://inqnews.net/SenatorsInvolved
‘Not safe’: Estrada dumped P355-M infra deals in Bulacan – ex-DPWH engr
Read more: https://inqnews.net/EstradaNotSafe
Marcos: Zero budget for DPWH flood control projects in 2026
Read more: https://inqnews.net/ZeroBudgetFloodControl
Not fit to stand trial? ICC postpones Duterte confirmation hearing
Read more: https://inqnews.net/NotFitForTrial
Victims express disappointment over delay of ICC confirmation hearing
Read more: https://inqnews.net/VictimsDisappointed Here's a quick roundup of today's top stories: Ex-Bulacan deputy engineer says senators involved in infra issues Read more: https://inqnews.net/SenatorsInvolved ‘Not safe’: Estrada dumped P355-M infra deals in Bulacan – ex-DPWH engr Read more: https://inqnews.net/EstradaNotSafe Marcos: Zero budget for DPWH flood control projects in 2026 Read more: https://inqnews.net/ZeroBudgetFloodControl Not fit to stand trial? ICC postpones Duterte confirmation hearing Read more: https://inqnews.net/NotFitForTrial Victims express disappointment over delay of ICC confirmation hearing Read more: https://inqnews.net/VictimsDisappointed",Unknown,2025-09-09 12:30,Unknown,https://www.facebook.com/inquirerdotnet/
Facebook,manilabulletin,"Senator Jinggoy Estrada has denied former District Engineer Brice Hernandez's accusation that he was involved in anomalous flood control projects. Senator Jinggoy Estrada has denied former District Engineer Brice Hernandez's accusation that he was involved in anomalous flood control projects. Itinanggi ni Senador Jinggoy Estrada ang akusasyon ni dating Discrict Engineer Brice Hernandez na sangkot umano siya sa#balita malyang flood control projects. 
Maki-Balita: https://balita.mb.com.ph/2025/09/09/sen-estrada-hinamon-si-engr-hernandez-let-us-take-a-lie-detector-test-before-the-public/
#Balita Itinanggi ni Senador Jinggoy Estrada ang akusasyon ni dating Discrict Engineer Brice Hernandez na sangkot umano siya sa#balita malyang flood control projects. 
Maki-Balita: https://balita.mb.com.ph/2025/09/09/sen-estrada-hinamon-si-engr-hernandez-let-us-take-a-lie-detector-test-before-the-public/
#Balita Itinanggi ni Senador Jinggoy Estrada ang akusasyon ni dating Discrict Engineer Brice Hernandez na sangkot umano siya sa#balita malyang flood control projects. Maki-Balita: https://balita.mb.com.ph/2025/09/09/sen-estrada-hinamon-si-engr-hernandez-let-us-take-a-lie-detector-test-before-the-public/ #Balita",Unknown,2025-09-09 12:30,Unknown,https://www.facebook.com/ManilaBulletin/posts/pfbid0NRnSctcGJCSKvYvQMuNUw1LeWfJvGbX3ypfrBq8d7sbxrSWPW1SDr2t9SzkDbdxql?__cft__[0]=AZXVPwLpIs1EQCF8jf7ZtDRP9rKuEFGFQiX4_wIv75_lnRml4LP2GBhTgyx5AhpH44f2x6V5krIrFwPxE9ZYEAYeWqEK4F5d0L065aSbqRZ6RfncnuCfXZMKiMBgJ-GMF6adleygnTAIGxxLhV2Qms5I_caad-NACVpEx0EW5fU-5m6PfXvGt6fBzqk8gwcuwnzm2_NILDFppKJqZwlZ2xC7kOhB9cAyn8lGGA6BbdIH4w&__tn__=%2CO%2CP-R
Facebook,PhilstarNews,"""SAFE KA NA?""
Nagkapalitan ng biruan at tensyon sa Senate flood control probe matapos tanungin ni Sen. Jinggoy Estrada si Curlee Discaya kung may senador din sa listahan ng umano’y pinadalhan nila ng kickback.  
Nang sinagot ni Discaya na walang Senador sa listahan, dito nag biro si Sen. Rodante Marcoleta ng “safe ka na"" kay Estrada bagay na ikinasama ng loob ni Estrada. 
Hiniling din niyang istrike sa record ang biro ni Marcoleta.
Video by the Senate of the Philippines ""SAFE KA NA?"" Nagkapalitan ng biruan at tensyon sa Senate flood control probe matapos tanungin ni Sen. Jinggoy Estrada si Curlee Discaya kung may senador din sa listahan ng umano’y pinadalhan nila ng kickback. Nang sinagot ni Discaya na walang Senador sa listahan, dito nag biro si Sen. Rodante Marcoleta ng “safe ka na"" kay Estrada bagay na ikinasama ng loob ni Estrada. Hiniling din niyang istrike sa record ang biro ni Marcoleta. Video by the Senate of the Philippines 2 strikes n ni Junggoy yan ,safe parin .",Unknown,2025-09-09 12:30,Unknown,https://www.facebook.com/philstarnews/
Facebook,UNTVNewsRescue,"Sa loob ng 48 oras o dalawang araw ay ilalabas na ni Pangulong Ferdinand Marcos Jr. ang magiging komposisyon at kapangyarihan ng binubuong independent commission para mag-imbestiga sa anomalya sa mga flood control project ng gobyerno.
Sa press briefing ng pangulo sa Cambodia, sinabi niya na may detalye na ng magiging kapangyarihan ng independent body at kung sinu-sino ang magiging miyembro nito. Sa loob ng 48 oras o dalawang araw ay ilalabas na ni Pangulong Ferdinand Marcos Jr. ang magiging komposisyon at kapangyarihan ng binubuong independent commission para mag-imbestiga sa anomalya sa mga flood control project ng gobyerno. Sa press briefing ng pangulo sa Cambodia, sinabi niya na may detalye na ng magiging kapangyarihan ng independent body at kung sinu-sino ang magiging miyembro nito. White washing ang trabaho ng komite ni ngagba",Unknown,2025-09-09 12:30,Unknown,https://www.facebook.com/UNTVNewsRescue/posts/pfbid06W5trj4U9VHkzRr2mLDmxG5AhNT7f9XutJW5Hk58YTHRo751HpQwXHNzNmqUQ4HAl?__cft__[0]=AZXpKasPm5fqH4NuAh1O9sbkSNQpepawhr-TTFsdECdLloSaWX_eNkoEzoEvJYYTDVgsBOKct31RMRECRM5oCavRcpaQRnXzwKZQubZrE5JbnV7iyRgcuIp1Xl4hzBFJk-Ni-QmRyIo8HE4JHlaScy_jx1iEV0JIK-xD5AUpspZaFQK6QvFskIDKC8_pSrwAVbs&__tn__=%2CO%2CP-R
Facebook,#EarthquakeAlert,"#EarthquakeAlert
A strong earthquake rocked Davao City on Friday afternoon, November 17, 2023.
More details to follow. 
Keep safe, everyone. 
#AllYouNeedToKnow #EarthquakeAlert A strong earthquake rocked Davao City on Friday afternoon, November 17, 2023. More details to follow. Keep safe, everyone. #AllYouNeedToKnow",Unknown,2025-09-09 12:30,Unknown,https://www.facebook.com/sunstardavaonews/posts/pfbid0sJ5rPzT58WwZb4BDen3L6JtVEaBwUAADSg62ZYp4WtmgkwkxXJS9YBDAFkfQ17g3l?__cft__[0]=AZXFTHWiYANflGHM_Sx8h5sGCL6-XzfZs1APt2uS4GxGpt4hKPSPxg-xwzH-R4d_IpvCBkyLV2-Ew2F53JoCVPwULzasa3QyySD2oM2UIp-OUr-zqw8gGHFuiBXhJqKxThGvPjgUdYBksQZWr_asZYHIikCGTvQ2Lpen_2xHc2jL5aIdvHM-mpEodzaS5voOCxI&__tn__=%2CO%2CP-R
Facebook,#FireAlert,"𝗦𝗨𝗡𝗢𝗚 𝗦𝗔 𝗕𝗥𝗚𝗬. 𝟮𝟯-𝗖 𝗕𝗢𝗨𝗟𝗘𝗩𝗔𝗥𝗗 
BREAKING: Dakong sunog, miulbo sa Purok 4, Miniforest, Brgy. 23-C, Boulevard, Davao City pasado alas-2 sa kadlawon, Setyembre 8, 2025.
Padayun ang pag-responde karon sa mga kabomberohan sa lugar.
Dugang detalye, atangi!
#Sunog #FireAlert #boulevard #Barangay23C #DVO #Davao #DavaoCity #DavaoUpdates 𝗦𝗨𝗡𝗢𝗚 𝗦𝗔 𝗕𝗥𝗚𝗬. 𝟮𝟯-𝗖 𝗕𝗢𝗨𝗟𝗘𝗩𝗔𝗥𝗗 BREAKING: Dakong sunog, miulbo sa Purok 4, Miniforest, Brgy. 23-C, Boulevard, Davao City pasado alas-2 sa kadlawon, Setyembre 8, 2025. Padayun ang pag-responde karon sa mga kabomberohan sa lugar. Dugang detalye, atangi! #Sunog #FireAlert #boulevard #Barangay23C #DVO #Davao #DavaoCity #DavaoUpdates",Unknown,2025-09-09 12:30,Unknown,https://www.facebook.com/DavaoDevUpdates/posts/pfbid026MnQrsALKKkZH3o1fCXNUPg4zJ6hpeeE5eFtDUgsvjkLM3ai3eTq8myg2Lcr2kRcl?__cft__[0]=AZVtmnCijJ2c4J4XJfH34CXATE7zAheN30LMsEi6FgF2ol3FFt-Puk0xVPEx404tgUncFVvBinzojQ_opHFvWVi93pv_s2Dnm2pFSvPcAP0IjRdCewDkZc5T7sJ4TK53MZCIfoWbOi9og2ZdtYx_qjXfd5iEN9BSQOV43Nn98nV45q7P80Ei6cxUpe8OvQ2fXh8&__tn__=%2CO%2CP-R
Facebook,#StreetFloodAlert,"BAHA SA HARAP NG SM BACOOR, CAVITE
 As of this morning | Report from Ms. Mandy M. Tocmo
Patuloy ang pag-ulan sa Bacoor, Cavite, at lubog na sa baha ang harap ng SM Bacoor. Ilang residente ang lumilikas na, habang ilang motorista ay nagtutulak na ng kanilang mga motor, ang iba nama’y isinakay na sa kolong-kolong upang makatawid.
 Iwasan munang dumaan sa lugar na ito!
• Malamang lubog na ang kalsada
• Delikado at posibleng unpassable na ang daan
 “Huwag na pong sumubok pa. Mas mabuting umiwas habang mataas pa ang tubig.” – CCTO: Ms. Mandy M. Tocmo
 Mag-ingat tayong lahat. Panatilihing ligtas ang sarili at pamilya sa gitna ng patuloy na pag-ulan.
—
#BahaPH #SMBacoorUpdate #CaviteUpdate #UlanWatch #StreetFloodAlert #CommuteChronicles #RealTimeUlan #TagUlanSeason #WeatherUpdatePH #BasangBasaSaUlan BAHA SA HARAP NG SM BACOOR, CAVITE As of this morning | Report from Ms. Mandy M. Tocmo Patuloy ang pag-ulan sa Bacoor, Cavite, at lubog na sa baha ang harap ng SM Bacoor. Ilang residente ang lumilikas na, habang ilang motorista ay nagtutulak na ng kanilang mga motor, ang iba nama’y isinakay na sa kolong-kolong upang makatawid. Iwasan munang dumaan sa lugar na ito! • Malamang lubog na ang kalsada • Delikado at posibleng unpassable na ang daan “Huwag na pong sumubok pa. Mas mabuting umiwas habang mataas pa ang tubig.” – CCTO: Ms. Mandy M. Tocmo Mag-ingat tayong lahat. Panatilihing ligtas ang sarili at pamilya sa gitna ng patuloy na pag-ulan. — #BahaPH #SMBacoorUpdate #CaviteUpdate #UlanWatch #StreetFloodAlert #CommuteChronicles #RealTimeUlan #TagUlanSeason #WeatherUpdatePH #BasangBasaSaUlan",Unknown,2025-09-09 12:30,Unknown,https://www.facebook.com/hashtag/StreetFloodAlert
Facebook,BFPRHQ11,"BFP 11 FLAG RAISING CEREMONY HIGHLIGHTS INTEGRITY AND INNOVATION | The Bureau of Fire Protection Region 11 held its flag-raising ceremony today with FINSP JERICK GOROSPE RIQUELMAN as the Troop Information and Education Speaker, attended by firefighters from the Regional Headquarters and Davao City Fire District (DCFD).
In his message, FINSP RIQUELMAN, a licensed civil engineer and firefighter, emphasized that both engineering and firefighting share the same mission—to protect lives and build safer communities. He stressed that while tradition instills discipline, innovation brings progress, especially in addressing modern challenges such as high-rise fires, urban disasters, and climate change.
He also reminded everyone that “a public office is a public trust,” underscoring the importance of integrity and accountability in public service. Highlighting the Honor Code, he called on BFP personnel to embrace innovation with honesty, responsibility, and service at the core. BFP 11 FLAG RAISING CEREMONY HIGHLIGHTS INTEGRITY AND INNOVATION | The Bureau of Fire Protection Region 11 held its flag-raising ceremony today with FINSP JERICK GOROSPE RIQUELMAN as the Troop Information and Education Speaker, attended by firefighters from the Regional Headquarters and Davao City Fire District (DCFD). In his message, FINSP RIQUELMAN, a licensed civil engineer and firefighter, emphasized that both engineering and firefighting share the same mission—to protect lives and build safer communities. He stressed that while tradition instills discipline, innovation brings progress, especially in addressing modern challenges such as high-rise fires, urban disasters, and climate change. He also reminded everyone that “a public office is a public trust,” underscoring the importance of integrity and accountability in public service. Highlighting the Honor Code, he called on BFP personnel to embrace innovation with honesty, responsibility, and service at the core. Congrats!",Unknown,2025-09-09 13:00,Unknown,https://www.facebook.com/BFPRHQ11/posts/pfbid035v1V3p9MnpqxA1ssqdrjN98AYApuUePm6nKMjYfwxiaCpcvXzXs6rbzynfaytJYfl?__cft__[0]=AZXNI9RFfXHRr2EBnv69lANgAfrFxUlS1FTu_DZNIqUM40mHnDoHIKr0OTRAdFbuiwO1sfTpCqfI1GlehORP5hsTAWPSjQPETfbYl9Wo-1E5G-yUp-B0GU3OXwA-kfd07fiwkhYgN6jhd6zfiVFrIbR2RxxmUm3rZRAYqBY2VxV4JeV3Qj5L-993iL9x7ZE6MYvQHyo5VPiwNUrSLDgpU2b0&__tn__=%2CO%2CP-R
Facebook,DavaoDRRMO,"𝐂𝐃𝐑𝐑𝐌𝐎-𝐎𝐏𝐂𝐄𝐍 𝐏𝐔𝐁𝐋𝐈𝐂 𝐀𝐃𝐕𝐈𝐒𝐎𝐑𝐘:
September 09, 2025 | Tuesday
At exactly 12:00 noon today, the Davao City Disaster Risk Reduction and Management Office (CDRRMO) will conduct a CITYWIDE SIREN TESTING with all barangay sirens. 
The following CITYWIDE SIRENS will be triggered REMOTELY, these are located at barangays:
1. Marapangi
2. Talomo Proper (Salakot)
3. Matina Pangi
4. Tigatto (Jade Valley)
5. Bunawan Proper
6. Lasang
7. Bucana (Brgy. Hall Annex)
8. Tigatto (Bypass Road)
9. Bago Aplaya
10. Matina Crossing
Meanwhile, the CITYWIDE SIRENS below will be triggered MANUALLY:
1. Sirawan 
2. Lizada 
3. Talomo (Taal) 
4. Matina Aplaya 
5. Bucana
6. Maa
7. 39-D
8. 23-C
9. Panacan
10. Vicente Duterte
The 𝐬𝐢𝐫𝐞𝐧 in 𝘽𝙖𝙧𝙖𝙣𝙜𝙖𝙮 𝙇𝙖𝙥𝙪-𝙇𝙖𝙥𝙪 is still undergoing maintenance.
You will hear a ""𝐒𝐓𝐄𝐀𝐃𝐘-𝐓𝐎𝐍𝐄"" for the said testing. 𝐂𝐃𝐑𝐑𝐌𝐎-𝐎𝐏𝐂𝐄𝐍 𝐏𝐔𝐁𝐋𝐈𝐂 𝐀𝐃𝐕𝐈𝐒𝐎𝐑𝐘: September 09, 2025 | Tuesday At exactly 12:00 noon today, the Davao City Disaster Risk Reduction and Management Office (CDRRMO) will conduct a CITYWIDE SIREN TESTING with all barangay sirens. The following CITYWIDE SIRENS will be triggered REMOTELY, these are located at barangays: 1. Marapangi 2. Talomo Proper (Salakot) 3. Matina Pangi 4. Tigatto (Jade Valley) 5. Bunawan Proper 6. Lasang 7. Bucana (Brgy. Hall Annex) 8. Tigatto (Bypass Road) 9. Bago Aplaya 10. Matina Crossing Meanwhile, the CITYWIDE SIRENS below will be triggered MANUALLY: 1. Sirawan 2. Lizada 3. Talomo (Taal) 4. Matina Aplaya 5. Bucana 6. Maa 7. 39-D 8. 23-C 9. Panacan 10. Vicente Duterte The 𝐬𝐢𝐫𝐞𝐧 in 𝘽𝙖𝙧𝙖𝙣𝙜𝙖𝙮 𝙇𝙖𝙥𝙪-𝙇𝙖𝙥𝙪 is still undergoing maintenance. You will hear a ""𝐒𝐓𝐄𝐀𝐃𝐘-𝐓𝐎𝐍𝐄"" for the said testing.",Unknown,2025-09-09 13:00,Unknown,https://www.facebook.com/DavaoDRRMO/posts/pfbid0qUv1Kb11GhKfok94oZwnaZDxDkL2ACpQx5VBfGzoeDcNQAQUm96bnCji9K6xJt6Pl?__cft__[0]=AZWaoefy64hANbAt_hKdL8ncmsAArsXRssb3_Xg6CpUPu1G_dHn5gYq6ubgR8R84A2v5VIWKhFIAa37bEmOiQ1R8AtcwVHITolRY6zdw3iekuPx8D8fci7QA31vR_lYfnE38oWXWflxRQAGF5UaBzKLEpa7OqwEGrOLWHmE_fk1HXpNZBCMyJxUTkYvrPEP3Hwg&__tn__=%2CO%2CP-R
Facebook,NDRRMC,"Summary of 24-Hour Observation of Active Volcanoes Mt. Taal, Mayon, Bulusan and Kanlaon
09 September 2025
Source: Philippine Institute of Volcanology and Seismology (PHIVOLCS-DOST)
#NDRRMC
#BawatSegundoMahalaga Summary of 24-Hour Observation of Active Volcanoes Mt. Taal, Mayon, Bulusan and Kanlaon 09 September 2025 Source: Philippine Institute of Volcanology and Seismology (PHIVOLCS-DOST) #NDRRMC #BawatSegundoMahalaga",Unknown,2025-09-09 13:00,Unknown,https://www.facebook.com/NDRRMC/posts/pfbid0ikVKEHTpBmkSNa7YfPfT7SKmBgcaLbdjT12wjcD37bwHGfJE8DcBLRJuUHyNCT48l?__cft__[0]=AZUJEuLdDE0EnejU8rI296F-wJlsFSayFWdT5SGspIvQBGqO6DOEzfx4cCH2u4AxKWMjs5RSZkIy8r5hmvwjUb6fG6sIVQlLOMufUTpoqKPd9xV_9GW3-V7qeJt_XCP-vBBzCfzh_AGBj3C-xI692xPoNwccqE5ZJ4PzX7wHyZ8Hb24s26DG8TaYtiWdt1MuobM&__tn__=%2CO%2CP-R
Facebook,UNTVNewsRescue,"In a stunning turn of events, a Senate hearing on anomalous flood control projects has erupted into a political firestorm after a key contractor publicly accused several members of the House of Representatives of receiving massive kickbacks.
READ the article here: https://www.untvnews.com/.../its-all-lies-lawmakers-deny... In a stunning turn of events, a Senate hearing on anomalous flood control projects has erupted into a political firestorm after a key contractor publicly accused several members of the House of Representatives of receiving massive kickbacks. READ the article here: https://www.untvnews.com/.../its-all-lies-lawmakers-deny... WAG NA KAYONG MAGSINUNGALING ATTN... PNP NBI MILITARY...KILOS NA PROTEKTAHAN NAPO NINYO ANG TAONG BAYAN HULIHIN NAPO NINYO ANG MGA SANGKOT SA PAG PLUNDER NG YAMAN NG BANSANG ITO HILIHIN NAPO NINYO SILA",Unknown,2025-09-09 13:00,Unknown,https://www.facebook.com/UNTVNewsRescue/posts/pfbid035mASUdeiS3T7THxAYu82z6RyWkf4BT6L8co5ichFhyS48Ym3SBmC6kSz558eRzoal?__cft__[0]=AZVg1PhGaFT3ZeoDjabB_7tVDdtNb0Tlj--9yT8mo5qvI3XRJgEygwDtK4aUNwGj0CNPw9qIWSEpI2SQxylRoeEue9-in4sRlJ01dQiXBcA5kKWU5R0bcCGz6rH-exhNoV_vL5p2aokqsrbjPQmrh8eTUX_PcEsp4E7_y-E75ew6dzbuXggolBSmmqZQBU2quvc&__tn__=%2CO%2CP-R
Facebook,mprsdcdo,"MINDANAO WEATHER FORECAST #MINPRSD
ISSUED AT: 5:00 AM 0 September 2025
VALID UNTIL: 5:00 AM Tomorrow
SYNOPSIS: Easterlies affecting Mindanao.
TC Information
TROPICAL CYCLONE OUTSIDE PAR AS OF 3:00 AM TODAY
TROPICAL DEPRESSION TAPAH (FORMERLY ""LANNIE"")
LOCATION: 1250 KM WEST NORTHWEST OF EXTREME NORTHERN LUZON (23.0°N, 111.5°E)
MAXIMUM SUSTAINED WINDS: 55 KM/H NEAR THE CENTER
GUSTINESS: UP TO 90 KM/H
MOVEMENT: NORTHWESTWARD AT 15 KM/H
FORECAST:
Mindanao will be partly cloudy to cloudy with isolated rainshowers and/or thunderstorms due to Easterlies. Light to moderate winds from northeast to east with slight to moderate seas (0.6 to 1.5 meters).
KAUGALINGONG DAYALEKTO:
Ang Mindanao makasinati sa panalagsang pagdag-um ngadto na sa mapanganuron nga kalangitan inubanan sa pat-ak pat-ak nga pag-ulan, kilat ug pagpanalugdog tungod sa Easterlies. Hinay ngadto sa kasarangan nga hangin ang magagikan sa amihanang silangan ngadto sa silangang direksyon ug ang kadagatan hapsay ngadto sa kasarangan ang pagbalud (0.6 to 1.5 meters).
OVER LAGUINDINGAN UPPER AIR AND SYNOPTIC STATION, MISAMIS ORIENTAL
Maximum Temperature: 03:00 PM Yesterday --- 36.4 °C
Minimum Temperature: 12:00 NOON Yesterday --- 24.0 °C
Maximum Relative Humidity: 12:00 NOON Yesterday --- 97 %
Minimum Relative Humidity: 08:00 AM Yesterday -- 81 %
ASTRONOMICAL INFORMATION OVER EL SALVADOR CITY
Sunset Today : 05:46 PM
Sunrise Today: 05:33 AM
Moonrise Today : 06:13 PM
Moonset Today: 06:36 AM
For more information and queries, please call at telephone number (088) 555-0485 local 102
Mindanao PRSD Website: https://www.pagasa.dost.gov.ph/regional-forecast/minprsd
Mindanao PRSD Facebook Account: https://www.facebook.com/mprsdcdo
Facebook Group: https://www.facebook.com/groups/MINDANAO.PRSD
www.pagasa.dost.gov.ph MINDANAO WEATHER FORECAST #MINPRSD ISSUED AT: 5:00 AM 0 September 2025 VALID UNTIL: 5:00 AM Tomorrow SYNOPSIS: Easterlies affecting Mindanao. TC Information TROPICAL CYCLONE OUTSIDE PAR AS OF 3:00 AM TODAY TROPICAL DEPRESSION TAPAH (FORMERLY ""LANNIE"") LOCATION: 1250 KM WEST NORTHWEST OF EXTREME NORTHERN LUZON (23.0°N, 111.5°E) MAXIMUM SUSTAINED WINDS: 55 KM/H NEAR THE CENTER GUSTINESS: UP TO 90 KM/H MOVEMENT: NORTHWESTWARD AT 15 KM/H FORECAST: Mindanao will be partly cloudy to cloudy with isolated rainshowers and/or thunderstorms due to Easterlies. Light to moderate winds from northeast to east with slight to moderate seas (0.6 to 1.5 meters). KAUGALINGONG DAYALEKTO: Ang Mindanao makasinati sa panalagsang pagdag-um ngadto na sa mapanganuron nga kalangitan inubanan sa pat-ak pat-ak nga pag-ulan, kilat ug pagpanalugdog tungod sa Easterlies. Hinay ngadto sa kasarangan nga hangin ang magagikan sa amihanang silangan ngadto sa silangang direksyon ug ang kadagatan hapsay ngadto sa kasarangan ang pagbalud (0.6 to 1.5 meters). OVER LAGUINDINGAN UPPER AIR AND SYNOPTIC STATION, MISAMIS ORIENTAL Maximum Temperature: 03:00 PM Yesterday --- 36.4 °C Minimum Temperature: 12:00 NOON Yesterday --- 24.0 °C Maximum Relative Humidity: 12:00 NOON Yesterday --- 97 % Minimum Relative Humidity: 08:00 AM Yesterday -- 81 % ASTRONOMICAL INFORMATION OVER EL SALVADOR CITY Sunset Today : 05:46 PM Sunrise Today: 05:33 AM Moonrise Today : 06:13 PM Moonset Today: 06:36 AM For more information and queries, please call at telephone number (088) 555-0485 local 102 Mindanao PRSD Website: https://www.pagasa.dost.gov.ph/regional-forecast/minprsd Mindanao PRSD Facebook Account: https://www.facebook.com/mprsdcdo Facebook Group: https://www.facebook.com/groups/MINDANAO.PRSD www.pagasa.dost.gov.ph",Unknown,2025-09-09 13:00,Unknown,https://www.facebook.com/mprsdcdo/posts/pfbid02q2GQSuwqKKgsGR5P8ZenVYP3vFCnveoWPq2JavguDDZGEvjwK9xEKE4RFr3HjRT7l?__cft__[0]=AZU8PW9mZJ4c3fLHRj-qM35zXbG-ZUBBB4qfYRtclTetCdwSQOYNgJGLIaqSlyy84q2HbGr-5ZlKDdngx-ZJLTR9mh9oRhlrsrti0Xk69RHd2lceMZ_suiMpxz5RhkFGtv9xrF0hXNiBbDEgNSXB1OSufulqO-DvdZOvzYcftHfXLzn_Kd4B1VnIT064BRsELAI&__tn__=%2CO%2CP-R
Facebook,#BahaPH,"DI PALA SAFE 
Inilahad ni ex-DPWH Engr. Brice Ericson Hernandez na mayroong iilang senador na may kinalaman sa mga anomalyang nangyayari sa flood control projects na isinasagawa sa bansa nitong Martes, ika-9 ng Setyembre sa joint inquiry ng House of Representatives ukol sa naturang kontrobersiya.
#DitoSaPilipinas #BriceEricsonHernandez #DPWH #ViralPH #SenatePH #HousePH #FloodControlPH #BahaPH #DSP #InfraPH DI PALA SAFE Inilahad ni ex-DPWH Engr. Brice Ericson Hernandez na mayroong iilang senador na may kinalaman sa mga anomalyang nangyayari sa flood control projects na isinasagawa sa bansa nitong Martes, ika-9 ng Setyembre sa joint inquiry ng House of Representatives ukol sa naturang kontrobersiya. #DitoSaPilipinas #BriceEricsonHernandez #DPWH #ViralPH #SenatePH #HousePH #FloodControlPH #BahaPH #DSP #InfraPH",Unknown,2025-09-09 13:00,Unknown,https://www.facebook.com/hashtag/BahaPH
Facebook,#EarthquakeAlert,"#EarthquakeAlert | PILIPINAS WALAY HULGA SA TSUNAMI
Nagpagula og abiso ang DOST-PHIVOLCS pagkumpirma nga walay hulga sa tsunami ang nasud human nga miigo ang 6.8 magnitude nga linog sa Vanuatu Region, usa ka nasud sa southwestern Pacific Ocean. 
Sa datos, miigo ang linog sa maong nasud, alas 05:48 sa buntag, September 9, 2025 nga nagbaton og 010 kilometros nga gilawmon.
via | DOST-PHIVOLCS
#TatakRMN
#RMNGensan #EarthquakeAlert | PILIPINAS WALAY HULGA SA TSUNAMI Nagpagula og abiso ang DOST-PHIVOLCS pagkumpirma nga walay hulga sa tsunami ang nasud human nga miigo ang 6.8 magnitude nga linog sa Vanuatu Region, usa ka nasud sa southwestern Pacific Ocean. Sa datos, miigo ang linog sa maong nasud, alas 05:48 sa buntag, September 9, 2025 nga nagbaton og 010 kilometros nga gilawmon. via | DOST-PHIVOLCS #TatakRMN #RMNGensan",Unknown,2025-09-09 13:00,Unknown,https://www.facebook.com/RMNGensan927/posts/pfbid02JDf4Ajj6SjXW1aUVD22Rpvvip1wiUreEk1SuMMpuJSNHnRtaE6GKeM42qjkyVcxl?__cft__[0]=AZUxaqFO27cmnA_Bc6THxAFYX5XCmyyDg-a85iCNngRDmbxZxp0R-U8k1lw4UCNw2wb5s1OwNS7efsH6-fQ8GhDx1HYP0JFk3IyxHWQDujEuF-VSId_NdKrPRJrWwVXLlAdyfe_PZyFVUg0EndxcQBW9ok4F4GG-bMSERh3lx3NWALkxVlKwzaxy9DJejL2LIGI&__tn__=%2CO%2CP-R
Facebook,#EarthquakePH,"#EarthquakePH #EarthquakeIlocosSur
Earthquake Information No.1
Date and Time: 09 September 2025 - 11:31 AM
Magnitude = 3.0
Depth = 010 km
Location = 17.07°N, 120.35°E - 010 km S 82° W of Santa Cruz (Ilocos Sur)
https://earthquake.phivolcs.dost.gov.ph/.../2025_0909... #EarthquakePH #EarthquakeIlocosSur Earthquake Information No.1 Date and Time: 09 September 2025 - 11:31 AM Magnitude = 3.0 Depth = 010 km Location = 17.07°N, 120.35°E - 010 km S 82° W of Santa Cruz (Ilocos Sur) https://earthquake.phivolcs.dost.gov.ph/.../2025_0909...",Unknown,2025-09-09 13:00,Unknown,https://www.facebook.com/PHIVOLCS/posts/pfbid0FhaNRXJRPdLsd3HbhuAaGZGm19FcQvjkg4F3TSGp5AL6UNWAX5jkQvAYd21pcFjbl?__cft__[0]=AZXQ2q2Cxv93-nYStRHChGkfd6cWtwx4ox5HtYxnxadYN8HLIO9cgFijwFSE1om4OorxhnlmWwJloNUGx3ve_JmboTwwtjZrRMJtxUnkqGzxmqSWFPfc-S4H4oKDedVaUwE73zmqAAly1of-QQQ9Cuw-WwNsDgCYtA_Zpqy7dHLf2tqR0MX1iolRwE5numXUP0Y&__tn__=%2CO%2CP-R
Facebook,#FireAlert,"হটাৎ রাত ২টার দিকে বিদ্যাগঞ্জ বাজার Jn Nayem দের বাসায় খরির ঘরে আগুন লেগে য়ায় আলহামদুলিল্লাহ সকলের সাহায্যে আগুন নিভানো সম্ভব হয়েছে তা না হলে অনেক বড় বিপদ হতে পারত
 ""Fire Off, Life On 
 #StaySafe #FireAlert""
 ""আগুন নিভেছে 
 কিন্তু শিক্ষা চলমান 
 #SafetyFirst #BeAware""
 ""অসাবধানতার আগুন নয় 
 সচেতনতার আলো চাই 
 #StayAlert #LifeMatters""
 ""নিরাপত্তা মানে শান্তি 
 #SafeLife #FireFree""
 ""আগুন নিভলো, সাহস জিতলো 
 #BeStrong #StaySafe""
#গরিবেরফায়ারফাইটার হটাৎ রাত ২টার দিকে বিদ্যাগঞ্জ বাজার Jn Nayem দের বাসায় খরির ঘরে আগুন লেগে য়ায় আলহামদুলিল্লাহ সকলের সাহায্যে আগুন নিভানো সম্ভব হয়েছে তা না হলে অনেক বড় বিপদ হতে পারত ""Fire Off, Life On 
 #StaySafe #FireAlert"" ""আগুন নিভেছে 
 কিন্তু শিক্ষা চলমান 
 #SafetyFirst #BeAware"" ""অসাবধানতার আগুন নয় 
 সচেতনতার আলো চাই 
 #StayAlert #LifeMatters"" ""নিরাপত্তা মানে শান্তি 
 #SafeLife #FireFree"" ""আগুন নিভলো, সাহস জিতলো 
 #BeStrong #StaySafe"" #গরিবেরফায়ারফাইটার",Unknown,2025-09-09 13:00,Unknown,https://www.facebook.com/shajedul.aksh.3/posts/pfbid0viX3X1AU92gXdShEAV9H6Kmwi6abVvcrnMwdqQmo8GwLe4RSvdRAjegZdsH46kWdl?__cft__[0]=AZX9jAItFtg9QcjArWRdR6-VskgNUzTzMbDJJehMzNu9Ex1huLriIGEAQebcNl2syPvxNLbt7byPgtO2d6vAEpJxU4usbHuaBwSvCiJd-MWQ4fRNmAnM0Oi0-sKq9xwHpec5sEGb6PVRbnM3kwdJHZx0vuVulcULJMPaq3c1DnRrHf9qglxULzInAp3TVyadgvo&__tn__=%2CO%2CP-R
Facebook,#FireandRescuePH,"FIRE ALARM 
SEPT 08 2025
LOCATION:  Molave 8, Barangay Tayud Liloan, Cebu. 
Involved Residential
.
.
.
.
#zerothreetwobumbero 
#Txtfirephilippines 
#FireAlert 
#Firealarm 
#Residentialfire 
#Commercialfire
#FireAlertPH 
#Firealarmph 
#AlarmaPilipinas
#FireandRescuePH
#fyp FIRE ALARM 
SEPT 08 2025 LOCATION:  Molave 8, Barangay Tayud Liloan, Cebu. Involved Residential . . . . #zerothreetwobumbero #Txtfirephilippines #FireAlert #Firealarm #Residentialfire #Commercialfire #FireAlertPH #Firealarmph #AlarmaPilipinas #FireandRescuePH #fyp",Unknown,2025-09-09 13:00,Unknown,https://www.facebook.com/hashtag/FireandRescuePH
Facebook,#LandslidePH,"JUST IN.
Naitala ang pagguho ng lupa sa bahagi ng National Highway sa Barangay Laurel sa bayan ng Taysan, Batanga dahil sa patuloy na pagbuhos ng ulan. May ilang debris na kumalat sa kalsada na tinugunan naman ng mga otoridad.
Batay naman sa koordinasyon, passable pa rin ang lugar na patungo sa bayan ng Lobo. Pinag-iingat ang mga dadaang motorista kaugnay sa mga posible pang katulad na insidente sa lugar.
: Shared by Marivic Soriano
#PaengPH
#HumanitarianMission
#ArchdioceseOfLipa
#LandslidePH JUST IN. Naitala ang pagguho ng lupa sa bahagi ng National Highway sa Barangay Laurel sa bayan ng Taysan, Batanga dahil sa patuloy na pagbuhos ng ulan. May ilang debris na kumalat sa kalsada na tinugunan naman ng mga otoridad. Batay naman sa koordinasyon, passable pa rin ang lugar na patungo sa bayan ng Lobo. Pinag-iingat ang mga dadaang motorista kaugnay sa mga posible pang katulad na insidente sa lugar. : Shared by Marivic Soriano #PaengPH #HumanitarianMission #ArchdioceseOfLipa #LandslidePH",Unknown,2025-09-09 13:00,Unknown,https://www.facebook.com/LASACInc/posts/pfbid0no59VcdiKnohrLap7X2yW1UKL1Cfgj4UpJKRWHkx6WoPxkwmoECbz4ui2DPjjibpl?__cft__[0]=AZVjSwqa_Vmb6EKNjW4yJDlH3EQYA9xEifvUOWsBiK64wRfwMohlUuEZbOCvSXXhNNWqemEd7clAowV9Y5VT-zw0-1XUMTH7colS8NRboInh6wrQrVRtdGtxN8RRXFvBIxBFTquRSGWYfIzJ7lG-t0YwjLnEHgg5UzZ7nfGQRjxgpNFDeG8C6vfFXZdxVKBgRFI&__tn__=%2CO%2CP-R
Facebook,#RescuePH,"Sayang yung video eh HAHAHAHA
#rescueph Sayang yung video eh HAHAHAHA #rescueph",Unknown,2025-09-09 13:00,Unknown,https://www.facebook.com/hashtag/RescuePH
Facebook,#StreetFloodAlert,"Santo Cristo Bridge Traffic – hapon na naman, asahan niyo na ‘to everyday. 
 Kung may lakad kayo, huwag dito dumaan — laging mabigat ang daloy ng sasakyan. #CommuteChronicles #StreetFloodAlert #CebuUpdate"" Santo Cristo Bridge Traffic – hapon na naman, asahan niyo na ‘to everyday. 
 Kung may lakad kayo, huwag dito dumaan — laging mabigat ang daloy ng sasakyan. #CommuteChronicles #StreetFloodAlert #CebuUpdate""",Unknown,2025-09-09 13:00,Unknown,https://www.facebook.com/hashtag/StreetFloodAlert
Facebook,#tsunamialert,"#mdrrmocaramoran 
#TsunamiAlert #mdrrmocaramoran #TsunamiAlert",Unknown,2025-09-09 13:00,Unknown,https://www.facebook.com/jaymark.dayta/posts/pfbid0Z9BwLqQnsvNSwhoYq4JYTzdWu65RkLL13uScFqPCxeHRY5pQk6trJFpzpHijkXgKl?__cft__[0]=AZXi0piNZ0nuIAAtJuD-6Eg8fj7cQp6-BcfLd-kDBuZOH-FzvmHzcFoEvmQLOGCNa0AvLtyZdG7SL9Xn6q38VOqhwGb44tgVwA0iC9jYBtsloMYg6EZhh9x3KuKvtwntUXlknLBXuiUbYBbLNBV9FI_B&__tn__=%2CO%2CP-R
